# Blender 5.1.2
# www.blender.org
mtllib Bob.mtl
o M_Bob
v 0.088683 0.750250 0.000000
v 0.357710 0.574416 -0.000000
v 0.099861 0.733360 0.022042
v 0.121517 0.710560 0.041926
v 0.150761 0.684585 0.057706
v 0.200993 0.647349 0.067837
v 0.246561 0.616047 0.071328
v 0.284130 0.593010 0.067837
v 0.310641 0.580088 0.057706
v 0.332877 0.572416 0.041926
v 0.349096 0.570461 0.022042
v 0.096002 0.727455 0.017969
v 0.114176 0.699327 0.034178
v 0.140656 0.669124 0.047042
v 0.189114 0.629174 0.055302
v 0.234070 0.596937 0.058147
v 0.272251 0.574835 0.055301
v 0.300536 0.564628 0.047042
v 0.325536 0.561183 0.034178
v 0.345237 0.564556 0.017969
v 0.093137 0.723072 0.011728
v 0.108726 0.690990 0.022308
v 0.133156 0.657649 0.030705
v 0.180297 0.615684 0.036096
v 0.224800 0.582753 0.037953
v 0.263434 0.561345 0.036095
v 0.293036 0.553152 0.030705
v 0.320087 0.552846 0.022308
v 0.342372 0.560173 0.011728
v 0.091612 0.720739 0.004073
v 0.105827 0.686554 0.007748
v 0.129165 0.651543 0.010664
v 0.175605 0.608506 0.012536
v 0.219867 0.575206 0.013181
v 0.258743 0.554168 0.012536
v 0.289045 0.547047 0.010664
v 0.317187 0.548410 0.007748
v 0.340847 0.557840 0.004073
v 0.091612 0.720739 -0.004073
v 0.105827 0.686554 -0.007748
v 0.129165 0.651543 -0.010664
v 0.175605 0.608506 -0.012536
v 0.219867 0.575206 -0.013181
v 0.258743 0.554168 -0.012536
v 0.289045 0.547047 -0.010664
v 0.317187 0.548410 -0.007748
v 0.340847 0.557840 -0.004073
v 0.093137 0.723072 -0.011728
v 0.108726 0.690990 -0.022308
v 0.133156 0.657649 -0.030705
v 0.180297 0.615684 -0.036095
v 0.224800 0.582753 -0.037953
v 0.263434 0.561345 -0.036095
v 0.293036 0.553153 -0.030705
v 0.320087 0.552846 -0.022308
v 0.342372 0.560173 -0.011728
v 0.096002 0.727455 -0.017968
v 0.114176 0.699327 -0.034178
v 0.140656 0.669124 -0.047042
v 0.189114 0.629174 -0.055301
v 0.234070 0.596937 -0.058147
v 0.272251 0.574835 -0.055301
v 0.300536 0.564628 -0.047042
v 0.325536 0.561183 -0.034178
v 0.345237 0.564556 -0.017969
v 0.099861 0.733360 -0.022042
v 0.121517 0.710560 -0.041926
v 0.150761 0.684585 -0.057706
v 0.200993 0.647349 -0.067837
v 0.246561 0.616047 -0.071328
v 0.284130 0.593010 -0.067837
v 0.310641 0.580088 -0.057706
v 0.332877 0.572416 -0.041926
v 0.349096 0.570461 -0.022042
v 0.104251 0.740076 -0.023456
v 0.129866 0.723333 -0.044616
v 0.162252 0.702166 -0.061409
v 0.214501 0.668016 -0.072191
v 0.260764 0.637779 -0.075906
v 0.297638 0.613678 -0.072191
v 0.322132 0.597669 -0.061409
v 0.341226 0.585189 -0.044616
v 0.353485 0.577177 -0.023456
v 0.108640 0.746791 -0.022042
v 0.138215 0.736107 -0.041926
v 0.173743 0.719747 -0.057706
v 0.228009 0.688684 -0.067837
v 0.274968 0.659510 -0.071328
v 0.311147 0.634346 -0.067837
v 0.333623 0.615250 -0.057706
v 0.349575 0.597963 -0.041926
v 0.357875 0.583892 -0.022042
v 0.112499 0.752696 -0.017968
v 0.145556 0.747339 -0.034178
v 0.183848 0.735207 -0.047042
v 0.239888 0.706859 -0.055301
v 0.287458 0.678620 -0.058147
v 0.323026 0.652521 -0.055302
v 0.343727 0.630711 -0.047042
v 0.356916 0.609195 -0.034178
v 0.361734 0.589797 -0.017969
v 0.115364 0.757079 -0.011728
v 0.151005 0.755677 -0.022308
v 0.191348 0.746683 -0.030705
v 0.248705 0.720349 -0.036095
v 0.296729 0.692805 -0.037953
v 0.331843 0.666011 -0.036095
v 0.351228 0.642186 -0.030705
v 0.362366 0.617533 -0.022308
v 0.364599 0.594181 -0.011728
v 0.116889 0.759412 -0.004073
v 0.153905 0.760113 -0.007748
v 0.195339 0.752789 -0.010664
v 0.253397 0.727527 -0.012536
v 0.301662 0.700352 -0.013181
v 0.336534 0.673189 -0.012536
v 0.355218 0.648292 -0.010664
v 0.365265 0.621969 -0.007748
v 0.366123 0.596513 -0.004073
v 0.116889 0.759412 0.004073
v 0.153905 0.760113 0.007748
v 0.195339 0.752789 0.010664
v 0.253397 0.727527 0.012536
v 0.301662 0.700352 0.013181
v 0.336534 0.673189 0.012536
v 0.355218 0.648292 0.010664
v 0.365265 0.621969 0.007748
v 0.366123 0.596513 0.004073
v 0.115364 0.757079 0.011728
v 0.151005 0.755677 0.022308
v 0.191348 0.746683 0.030705
v 0.248705 0.720349 0.036095
v 0.296729 0.692805 0.037953
v 0.331843 0.666011 0.036095
v 0.351228 0.642186 0.030705
v 0.362366 0.617533 0.022308
v 0.364599 0.594181 0.011728
v 0.112499 0.752696 0.017969
v 0.145556 0.747339 0.034178
v 0.183848 0.735207 0.047042
v 0.239888 0.706859 0.055301
v 0.287458 0.678620 0.058147
v 0.323026 0.652521 0.055301
v 0.343727 0.630711 0.047042
v 0.356916 0.609195 0.034178
v 0.361734 0.589797 0.017969
v 0.108640 0.746791 0.022042
v 0.138215 0.736107 0.041926
v 0.173743 0.719747 0.057706
v 0.228009 0.688684 0.067837
v 0.274968 0.659510 0.071328
v 0.311147 0.634346 0.067837
v 0.333623 0.615250 0.057706
v 0.349575 0.597963 0.041926
v 0.357875 0.583892 0.022042
v 0.104251 0.740076 0.023456
v 0.129866 0.723333 0.044617
v 0.162252 0.702166 0.061409
v 0.214501 0.668016 0.072191
v 0.260764 0.637779 0.075906
v 0.297638 0.613678 0.072191
v 0.322132 0.597669 0.061409
v 0.341226 0.585189 0.044616
v 0.353485 0.577177 0.023456
v -0.088683 0.750250 0.000000
v -0.357710 0.574416 -0.000000
v -0.099861 0.733360 0.022042
v -0.121517 0.710560 0.041926
v -0.150761 0.684585 0.057706
v -0.200993 0.647349 0.067837
v -0.246561 0.616047 0.071328
v -0.284130 0.593010 0.067837
v -0.310641 0.580088 0.057706
v -0.332877 0.572416 0.041926
v -0.349096 0.570461 0.022042
v -0.096002 0.727455 0.017969
v -0.114176 0.699327 0.034178
v -0.140656 0.669124 0.047042
v -0.189114 0.629174 0.055302
v -0.234070 0.596937 0.058147
v -0.272251 0.574835 0.055301
v -0.300536 0.564628 0.047042
v -0.325536 0.561183 0.034178
v -0.345237 0.564556 0.017969
v -0.093137 0.723072 0.011728
v -0.108726 0.690990 0.022308
v -0.133156 0.657649 0.030705
v -0.180297 0.615684 0.036096
v -0.224800 0.582753 0.037953
v -0.263434 0.561345 0.036095
v -0.293036 0.553152 0.030705
v -0.320087 0.552846 0.022308
v -0.342372 0.560173 0.011728
v -0.091612 0.720739 0.004073
v -0.105827 0.686554 0.007748
v -0.129165 0.651543 0.010664
v -0.175605 0.608506 0.012536
v -0.219867 0.575206 0.013181
v -0.258743 0.554168 0.012536
v -0.289045 0.547047 0.010664
v -0.317187 0.548410 0.007748
v -0.340847 0.557840 0.004073
v -0.091612 0.720739 -0.004073
v -0.105827 0.686554 -0.007748
v -0.129165 0.651543 -0.010664
v -0.175605 0.608506 -0.012536
v -0.219867 0.575206 -0.013181
v -0.258743 0.554168 -0.012536
v -0.289045 0.547047 -0.010664
v -0.317187 0.548410 -0.007748
v -0.340847 0.557840 -0.004073
v -0.093137 0.723072 -0.011728
v -0.108726 0.690990 -0.022308
v -0.133156 0.657649 -0.030705
v -0.180297 0.615684 -0.036095
v -0.224800 0.582753 -0.037953
v -0.263434 0.561345 -0.036095
v -0.293036 0.553153 -0.030705
v -0.320087 0.552846 -0.022308
v -0.342372 0.560173 -0.011728
v -0.096002 0.727455 -0.017968
v -0.114176 0.699327 -0.034178
v -0.140656 0.669124 -0.047042
v -0.189114 0.629174 -0.055301
v -0.234070 0.596937 -0.058147
v -0.272251 0.574835 -0.055301
v -0.300536 0.564628 -0.047042
v -0.325536 0.561183 -0.034178
v -0.345237 0.564556 -0.017969
v -0.099861 0.733360 -0.022042
v -0.121517 0.710560 -0.041926
v -0.150761 0.684585 -0.057706
v -0.200993 0.647349 -0.067837
v -0.246561 0.616047 -0.071328
v -0.284130 0.593010 -0.067837
v -0.310641 0.580088 -0.057706
v -0.332877 0.572416 -0.041926
v -0.349096 0.570461 -0.022042
v -0.104251 0.740076 -0.023456
v -0.129866 0.723333 -0.044616
v -0.162252 0.702166 -0.061409
v -0.214501 0.668016 -0.072191
v -0.260764 0.637779 -0.075906
v -0.297638 0.613678 -0.072191
v -0.322132 0.597669 -0.061409
v -0.341226 0.585189 -0.044616
v -0.353485 0.577177 -0.023456
v -0.108640 0.746791 -0.022042
v -0.138215 0.736107 -0.041926
v -0.173743 0.719747 -0.057706
v -0.228009 0.688684 -0.067837
v -0.274968 0.659510 -0.071328
v -0.311147 0.634346 -0.067837
v -0.333623 0.615250 -0.057706
v -0.349575 0.597963 -0.041926
v -0.357875 0.583892 -0.022042
v -0.112499 0.752696 -0.017968
v -0.145556 0.747339 -0.034178
v -0.183848 0.735207 -0.047042
v -0.239888 0.706859 -0.055301
v -0.287458 0.678620 -0.058147
v -0.323026 0.652521 -0.055302
v -0.343727 0.630711 -0.047042
v -0.356916 0.609195 -0.034178
v -0.361734 0.589797 -0.017969
v -0.115364 0.757079 -0.011728
v -0.151005 0.755677 -0.022308
v -0.191348 0.746683 -0.030705
v -0.248705 0.720349 -0.036095
v -0.296729 0.692805 -0.037953
v -0.331843 0.666011 -0.036095
v -0.351228 0.642186 -0.030705
v -0.362366 0.617533 -0.022308
v -0.364599 0.594181 -0.011728
v -0.116889 0.759412 -0.004073
v -0.153905 0.760113 -0.007748
v -0.195339 0.752789 -0.010664
v -0.253397 0.727527 -0.012536
v -0.301662 0.700352 -0.013181
v -0.336534 0.673189 -0.012536
v -0.355218 0.648292 -0.010664
v -0.365265 0.621969 -0.007748
v -0.366123 0.596513 -0.004073
v -0.116889 0.759412 0.004073
v -0.153905 0.760113 0.007748
v -0.195339 0.752789 0.010664
v -0.253397 0.727527 0.012536
v -0.301662 0.700352 0.013181
v -0.336534 0.673189 0.012536
v -0.355218 0.648292 0.010664
v -0.365265 0.621969 0.007748
v -0.366123 0.596513 0.004073
v -0.115364 0.757079 0.011728
v -0.151005 0.755677 0.022308
v -0.191348 0.746683 0.030705
v -0.248705 0.720349 0.036095
v -0.296729 0.692805 0.037953
v -0.331843 0.666011 0.036095
v -0.351228 0.642186 0.030705
v -0.362366 0.617533 0.022308
v -0.364599 0.594181 0.011728
v -0.112499 0.752696 0.017969
v -0.145556 0.747339 0.034178
v -0.183848 0.735207 0.047042
v -0.239888 0.706859 0.055301
v -0.287458 0.678620 0.058147
v -0.323026 0.652521 0.055301
v -0.343727 0.630711 0.047042
v -0.356916 0.609195 0.034178
v -0.361734 0.589797 0.017969
v -0.108640 0.746791 0.022042
v -0.138215 0.736107 0.041926
v -0.173743 0.719747 0.057706
v -0.228009 0.688684 0.067837
v -0.274968 0.659510 0.071328
v -0.311147 0.634346 0.067837
v -0.333623 0.615250 0.057706
v -0.349575 0.597963 0.041926
v -0.357875 0.583892 0.022042
v -0.104251 0.740076 0.023456
v -0.129866 0.723333 0.044617
v -0.162252 0.702166 0.061409
v -0.214501 0.668016 0.072191
v -0.260764 0.637779 0.075906
v -0.297638 0.613678 0.072191
v -0.322132 0.597669 0.061409
v -0.341226 0.585189 0.044616
v -0.353485 0.577177 0.023456
v 0.000000 1.067042 0.000000
v 0.000000 0.738831 0.000000
v 0.017344 1.059011 -0.047653
v 0.032991 1.035701 -0.090642
v 0.045408 0.999396 -0.124757
v 0.053380 0.953648 -0.146661
v 0.056127 0.902937 -0.154209
v 0.053380 0.852226 -0.146661
v 0.045408 0.806478 -0.124757
v 0.032991 0.770173 -0.090642
v 0.017344 0.746863 -0.047653
v 0.032597 1.059011 -0.038847
v 0.062003 1.035701 -0.073892
v 0.085339 0.999396 -0.101703
v 0.100322 0.953648 -0.119559
v 0.105485 0.902937 -0.125712
v 0.100322 0.852226 -0.119559
v 0.085339 0.806478 -0.101703
v 0.062003 0.770173 -0.073892
v 0.032597 0.746863 -0.038847
v 0.043917 1.059011 -0.025356
v 0.083536 1.035701 -0.048229
v 0.114977 0.999396 -0.066382
v 0.135164 0.953648 -0.078037
v 0.142120 0.902937 -0.082053
v 0.135164 0.852226 -0.078037
v 0.114977 0.806478 -0.066382
v 0.083536 0.770173 -0.048229
v 0.043917 0.746863 -0.025356
v 0.049941 1.059011 -0.008806
v 0.094993 1.035701 -0.016750
v 0.130747 0.999396 -0.023054
v 0.153702 0.953648 -0.027102
v 0.161612 0.902937 -0.028497
v 0.153702 0.852226 -0.027102
v 0.130747 0.806478 -0.023054
v 0.094993 0.770173 -0.016750
v 0.049941 0.746863 -0.008806
v 0.049941 1.059011 0.008806
v 0.094993 1.035701 0.016750
v 0.130747 0.999396 0.023054
v 0.153702 0.953648 0.027102
v 0.161612 0.902937 0.028497
v 0.153702 0.852226 0.027102
v 0.130747 0.806478 0.023054
v 0.094993 0.770173 0.016750
v 0.049941 0.746863 0.008806
v 0.043917 1.059011 0.025356
v 0.083536 1.035701 0.048229
v 0.114977 0.999396 0.066382
v 0.135164 0.953648 0.078037
v 0.142120 0.902937 0.082053
v 0.135164 0.852226 0.078037
v 0.114977 0.806478 0.066382
v 0.083536 0.770173 0.048229
v 0.043917 0.746863 0.025356
v 0.032597 1.059011 0.038847
v 0.062003 1.035701 0.073892
v 0.085339 0.999396 0.101703
v 0.100322 0.953648 0.119559
v 0.105485 0.902937 0.125712
v 0.100322 0.852226 0.119559
v 0.085339 0.806478 0.101703
v 0.062003 0.770173 0.073892
v 0.032597 0.746863 0.038847
v 0.017344 1.059011 0.047653
v 0.032991 1.035701 0.090642
v 0.045408 0.999396 0.124757
v 0.053380 0.953648 0.146661
v 0.056127 0.902937 0.154209
v 0.053380 0.852226 0.146661
v 0.045408 0.806478 0.124757
v 0.032991 0.770173 0.090642
v 0.017344 0.746863 0.047653
v 0.000000 1.059011 0.050711
v 0.000000 1.035701 0.096459
v 0.000000 0.999396 0.132764
v 0.000000 0.953648 0.156074
v 0.000000 0.902937 0.164105
v 0.000000 0.852226 0.156074
v 0.000000 0.806478 0.132764
v 0.000000 0.770173 0.096459
v 0.000000 0.746863 0.050711
v -0.017344 1.059011 0.047653
v -0.032991 1.035701 0.090642
v -0.045408 0.999396 0.124757
v -0.053380 0.953648 0.146661
v -0.056127 0.902937 0.154209
v -0.053380 0.852226 0.146661
v -0.045408 0.806478 0.124757
v -0.032991 0.770173 0.090642
v -0.017344 0.746863 0.047653
v -0.032597 1.059011 0.038847
v -0.062002 1.035701 0.073892
v -0.085339 0.999396 0.101703
v -0.100322 0.953648 0.119559
v -0.105485 0.902937 0.125712
v -0.100322 0.852226 0.119559
v -0.085339 0.806478 0.101703
v -0.062002 0.770173 0.073892
v -0.032597 0.746863 0.038847
v -0.043917 1.059011 0.025356
v -0.083536 1.035701 0.048229
v -0.114977 0.999396 0.066382
v -0.135164 0.953648 0.078037
v -0.142119 0.902937 0.082053
v -0.135164 0.852226 0.078037
v -0.114977 0.806478 0.066382
v -0.083536 0.770173 0.048229
v -0.043917 0.746863 0.025356
v -0.049941 1.059011 0.008806
v -0.094993 1.035701 0.016750
v -0.130747 0.999396 0.023054
v -0.153702 0.953648 0.027102
v -0.161612 0.902937 0.028497
v -0.153702 0.852226 0.027102
v -0.130747 0.806478 0.023054
v -0.094993 0.770173 0.016750
v -0.049941 0.746863 0.008806
v -0.049941 1.059011 -0.008806
v -0.094993 1.035701 -0.016750
v -0.130747 0.999396 -0.023054
v -0.153702 0.953648 -0.027102
v -0.161612 0.902937 -0.028497
v -0.153702 0.852226 -0.027102
v -0.130747 0.806478 -0.023054
v -0.094993 0.770173 -0.016750
v -0.049941 0.746863 -0.008806
v -0.043917 1.059011 -0.025356
v -0.083536 1.035701 -0.048229
v -0.114977 0.999396 -0.066382
v -0.135164 0.953648 -0.078037
v -0.142120 0.902937 -0.082053
v -0.135164 0.852226 -0.078037
v -0.114977 0.806478 -0.066382
v -0.083536 0.770173 -0.048229
v -0.043917 0.746863 -0.025356
v -0.032597 1.059011 -0.038847
v -0.062003 1.035701 -0.073892
v -0.085339 0.999396 -0.101703
v -0.100322 0.953648 -0.119559
v -0.105485 0.902937 -0.125712
v -0.100322 0.852226 -0.119559
v -0.085339 0.806478 -0.101703
v -0.062003 0.770173 -0.073892
v -0.032597 0.746863 -0.038847
v -0.017344 1.059011 -0.047653
v -0.032991 1.035701 -0.090642
v -0.045408 0.999396 -0.124757
v -0.053380 0.953648 -0.146661
v -0.056127 0.902937 -0.154209
v -0.053380 0.852226 -0.146661
v -0.045408 0.806478 -0.124757
v -0.032991 0.770173 -0.090642
v -0.017344 0.746863 -0.047653
v -0.000000 1.059011 -0.050711
v -0.000000 1.035701 -0.096459
v -0.000000 0.999396 -0.132764
v -0.000000 0.953648 -0.156074
v -0.000000 0.902937 -0.164105
v -0.000000 0.852226 -0.156074
v -0.000000 0.806478 -0.132764
v -0.000000 0.770173 -0.096459
v -0.000000 0.746863 -0.050711
v 0.000000 0.827406 0.000000
v 0.000000 0.261773 0.012467
v 0.024286 0.809974 -0.065021
v 0.046195 0.759383 -0.114118
v 0.063582 0.680586 -0.139262
v 0.074745 0.581296 -0.143582
v 0.078592 0.471233 -0.141365
v 0.074745 0.376557 -0.140421
v 0.063582 0.318829 -0.123838
v 0.046195 0.284987 -0.089126
v 0.024286 0.266977 -0.041985
v 0.045643 0.809974 -0.053323
v 0.086819 0.759383 -0.094256
v 0.119496 0.680586 -0.115961
v 0.140476 0.581296 -0.120999
v 0.147705 0.471233 -0.120285
v 0.140476 0.376557 -0.118460
v 0.119496 0.318829 -0.103035
v 0.086819 0.284987 -0.072643
v 0.045643 0.266977 -0.032552
v 0.061495 0.809974 -0.035113
v 0.116970 0.759383 -0.062612
v 0.160996 0.680586 -0.077350
v 0.189262 0.581296 -0.080971
v 0.199002 0.471233 -0.080703
v 0.189262 0.376557 -0.079125
v 0.160996 0.318829 -0.067661
v 0.116970 0.284987 -0.045753
v 0.061495 0.266977 -0.017698
v 0.069930 0.809974 -0.012314
v 0.133014 0.759383 -0.021916
v 0.183078 0.680586 -0.025796
v 0.215221 0.581296 -0.024960
v 0.226297 0.471233 -0.023806
v 0.215221 0.376557 -0.023777
v 0.183078 0.318829 -0.019481
v 0.133014 0.284987 -0.010361
v 0.069930 0.266977 0.001154
v 0.069930 0.809974 0.012330
v 0.133014 0.759383 0.023504
v 0.183078 0.680586 0.033514
v 0.215221 0.581296 0.041461
v 0.226297 0.471233 0.044630
v 0.215221 0.376557 0.042057
v 0.183078 0.318829 0.036700
v 0.133014 0.284987 0.029900
v 0.069930 0.266977 0.021938
v 0.061495 0.809974 0.035504
v 0.116970 0.759383 0.067533
v 0.160996 0.680586 0.092951
v 0.189262 0.581296 0.109370
v 0.199002 0.471233 0.115170
v 0.189262 0.376557 0.109484
v 0.160996 0.318829 0.093537
v 0.116970 0.284987 0.069944
v 0.061495 0.266977 0.042109
v 0.045643 0.809974 0.054396
v 0.086819 0.759383 0.103466
v 0.119496 0.680586 0.142409
v 0.140476 0.581296 0.167412
v 0.147705 0.471233 0.176028
v 0.140476 0.376557 0.167412
v 0.119496 0.318829 0.142409
v 0.086819 0.284987 0.104054
v 0.045643 0.266977 0.058992
v 0.024286 0.809974 0.066726
v 0.046195 0.759383 0.126920
v 0.063582 0.680586 0.174691
v 0.074746 0.581296 0.205362
v 0.078592 0.471233 0.215930
v 0.074746 0.376557 0.205362
v 0.063582 0.318829 0.174691
v 0.046195 0.284987 0.126988
v 0.024286 0.266977 0.070217
v 0.000000 0.809974 0.071008
v 0.000000 0.759383 0.135066
v 0.000000 0.680586 0.185902
v 0.000000 0.581296 0.218541
v 0.000000 0.471233 0.229788
v 0.000000 0.376557 0.218541
v 0.000000 0.318829 0.185902
v 0.000000 0.284987 0.135073
v 0.000000 0.266977 0.074152
v -0.024286 0.809974 0.066726
v -0.046195 0.759383 0.126920
v -0.063582 0.680586 0.174691
v -0.074745 0.581296 0.205362
v -0.078592 0.471233 0.215930
v -0.074745 0.376557 0.205362
v -0.063582 0.318829 0.174691
v -0.046195 0.284987 0.126988
v -0.024286 0.266977 0.070217
v -0.045643 0.809974 0.054396
v -0.086819 0.759383 0.103466
v -0.119496 0.680586 0.142409
v -0.140476 0.581296 0.167412
v -0.147705 0.471233 0.176028
v -0.140476 0.376557 0.167412
v -0.119496 0.318829 0.142409
v -0.086819 0.284987 0.104054
v -0.045643 0.266977 0.058992
v -0.061495 0.809974 0.035504
v -0.116970 0.759383 0.067533
v -0.160996 0.680586 0.092951
v -0.189262 0.581296 0.109370
v -0.199002 0.471233 0.115170
v -0.189262 0.376557 0.109484
v -0.160996 0.318829 0.093537
v -0.116970 0.284987 0.069944
v -0.061495 0.266977 0.042109
v -0.069930 0.809974 0.012330
v -0.133014 0.759383 0.023504
v -0.183078 0.680586 0.033514
v -0.215221 0.581296 0.041461
v -0.226297 0.471233 0.044630
v -0.215221 0.376557 0.042058
v -0.183078 0.318829 0.036700
v -0.133014 0.284987 0.029900
v -0.069930 0.266977 0.021938
v -0.069930 0.809974 -0.012314
v -0.133014 0.759383 -0.021916
v -0.183078 0.680586 -0.025796
v -0.215221 0.581296 -0.024960
v -0.226297 0.471233 -0.023806
v -0.215221 0.376557 -0.023776
v -0.183078 0.318829 -0.019481
v -0.133014 0.284987 -0.010361
v -0.069930 0.266977 0.001154
v -0.061495 0.809974 -0.035113
v -0.116971 0.759383 -0.062612
v -0.160996 0.680586 -0.077349
v -0.189262 0.581296 -0.080971
v -0.199002 0.471233 -0.080703
v -0.189262 0.376557 -0.079125
v -0.160996 0.318829 -0.067661
v -0.116971 0.284987 -0.045753
v -0.061495 0.266977 -0.017698
v -0.045643 0.809974 -0.053323
v -0.086819 0.759383 -0.094256
v -0.119496 0.680586 -0.115960
v -0.140476 0.581296 -0.120999
v -0.147705 0.471233 -0.120285
v -0.140476 0.376557 -0.118460
v -0.119496 0.318829 -0.103035
v -0.086819 0.284987 -0.072643
v -0.045643 0.266977 -0.032552
v -0.024286 0.809974 -0.065021
v -0.046195 0.759383 -0.114118
v -0.063582 0.680586 -0.139262
v -0.074746 0.581296 -0.143582
v -0.078592 0.471233 -0.141365
v -0.074746 0.376557 -0.140421
v -0.063582 0.318829 -0.123838
v -0.046195 0.284987 -0.089126
v -0.024286 0.266977 -0.041985
v -0.000000 0.809974 -0.069049
v -0.000000 0.759383 -0.120861
v -0.000000 0.680586 -0.146961
v -0.000000 0.581296 -0.150559
v -0.000000 0.471233 -0.147115
v -0.000000 0.376557 -0.147107
v -0.000000 0.318829 -0.130561
v -0.000000 0.284987 -0.094634
v -0.000000 0.266977 -0.045210
v 0.127048 0.420257 0.000000
v 0.148562 0.054668 -0.000000
v 0.119167 0.398565 0.025116
v 0.112983 0.363271 0.047774
v 0.109040 0.318876 0.065755
v 0.109023 0.247626 0.077300
v 0.111278 0.184672 0.081278
v 0.115672 0.134648 0.077300
v 0.121826 0.101610 0.065755
v 0.129886 0.076046 0.047774
v 0.139099 0.059871 0.025116
v 0.111142 0.398093 0.020475
v 0.097718 0.362373 0.038946
v 0.088030 0.317639 0.053604
v 0.084325 0.246173 0.063015
v 0.085308 0.183144 0.066258
v 0.090974 0.133194 0.063015
v 0.100816 0.100374 0.053604
v 0.114621 0.075148 0.038945
v 0.131074 0.059399 0.020475
v 0.105185 0.397742 0.013364
v 0.086389 0.361706 0.025420
v 0.072436 0.316721 0.034987
v 0.065993 0.245094 0.041130
v 0.066033 0.182009 0.043247
v 0.072642 0.132116 0.041130
v 0.085222 0.099456 0.034987
v 0.103292 0.074481 0.025420
v 0.125117 0.059048 0.013364
v 0.102016 0.397556 0.004641
v 0.080360 0.361351 0.008828
v 0.064138 0.316233 0.012151
v 0.056239 0.244520 0.014284
v 0.055777 0.181406 0.015019
v 0.062887 0.131542 0.014284
v 0.076924 0.098968 0.012151
v 0.097263 0.074127 0.008828
v 0.121948 0.058862 0.004641
v 0.102016 0.397556 -0.004641
v 0.080360 0.361351 -0.008828
v 0.064138 0.316233 -0.012151
v 0.056239 0.244520 -0.014284
v 0.055777 0.181406 -0.015020
v 0.062887 0.131542 -0.014284
v 0.076924 0.098968 -0.012151
v 0.097263 0.074127 -0.008828
v 0.121948 0.058862 -0.004641
v 0.105185 0.397742 -0.013364
v 0.086389 0.361706 -0.025420
v 0.072436 0.316722 -0.034987
v 0.065993 0.245094 -0.041130
v 0.066033 0.182010 -0.043247
v 0.072642 0.132116 -0.041130
v 0.085222 0.099456 -0.034988
v 0.103292 0.074481 -0.025420
v 0.125117 0.059048 -0.013364
v 0.111142 0.398093 -0.020475
v 0.097718 0.362373 -0.038946
v 0.088030 0.317639 -0.053604
v 0.084325 0.246173 -0.063015
v 0.085308 0.183144 -0.066258
v 0.090974 0.133194 -0.063015
v 0.100816 0.100374 -0.053604
v 0.114621 0.075148 -0.038946
v 0.131074 0.059399 -0.020475
v 0.119167 0.398565 -0.025116
v 0.112983 0.363271 -0.047774
v 0.109040 0.318876 -0.065755
v 0.109023 0.247626 -0.077300
v 0.111278 0.184672 -0.081278
v 0.115672 0.134648 -0.077300
v 0.121826 0.101610 -0.065755
v 0.129886 0.076046 -0.047774
v 0.139099 0.059871 -0.025116
v 0.128292 0.399102 -0.026728
v 0.130341 0.364292 -0.050840
v 0.132931 0.320282 -0.069975
v 0.137110 0.249279 -0.082261
v 0.140809 0.186410 -0.086494
v 0.143758 0.136301 -0.082261
v 0.145717 0.103016 -0.069975
v 0.147244 0.077068 -0.050840
v 0.148225 0.060408 -0.026728
v 0.137418 0.399639 -0.025116
v 0.147699 0.365314 -0.047774
v 0.156822 0.321688 -0.065755
v 0.165196 0.250932 -0.077300
v 0.170341 0.188148 -0.081278
v 0.171844 0.137954 -0.077300
v 0.169609 0.104422 -0.065755
v 0.164602 0.078090 -0.047774
v 0.157350 0.060945 -0.025116
v 0.145443 0.400111 -0.020475
v 0.162964 0.366212 -0.038946
v 0.177832 0.322924 -0.053604
v 0.189894 0.252385 -0.063015
v 0.196310 0.189676 -0.066258
v 0.196543 0.139407 -0.063015
v 0.190618 0.105658 -0.053604
v 0.179867 0.078988 -0.038946
v 0.165375 0.061418 -0.020475
v 0.151400 0.400462 -0.013364
v 0.174293 0.366879 -0.025420
v 0.193426 0.323842 -0.034988
v 0.208226 0.253464 -0.041130
v 0.215586 0.190811 -0.043247
v 0.214875 0.140486 -0.041130
v 0.206213 0.106576 -0.034988
v 0.191197 0.079655 -0.025420
v 0.171332 0.061768 -0.013364
v 0.154569 0.400648 -0.004641
v 0.180322 0.367234 -0.008828
v 0.201724 0.324330 -0.012151
v 0.217980 0.254038 -0.014284
v 0.225842 0.191414 -0.015020
v 0.224629 0.141060 -0.014284
v 0.214510 0.107065 -0.012151
v 0.197225 0.080009 -0.008828
v 0.174501 0.061955 -0.004641
v 0.154569 0.400648 0.004641
v 0.180322 0.367234 0.008828
v 0.201724 0.324330 0.012151
v 0.217980 0.254038 0.014284
v 0.225842 0.191414 0.015019
v 0.224629 0.141060 0.014284
v 0.214510 0.107065 0.012151
v 0.197225 0.080009 0.008828
v 0.174501 0.061955 0.004641
v 0.151400 0.400462 0.013364
v 0.174294 0.366879 0.025420
v 0.193426 0.323842 0.034987
v 0.208226 0.253464 0.041130
v 0.215586 0.190811 0.043247
v 0.214875 0.140486 0.041130
v 0.206213 0.106576 0.034987
v 0.191197 0.079655 0.025420
v 0.171332 0.061768 0.013364
v 0.145443 0.400111 0.020475
v 0.162964 0.366212 0.038946
v 0.177832 0.322924 0.053604
v 0.189894 0.252385 0.063015
v 0.196310 0.189676 0.066258
v 0.196543 0.139407 0.063015
v 0.190618 0.105659 0.053604
v 0.179867 0.078988 0.038945
v 0.165375 0.061418 0.020475
v 0.137418 0.399639 0.025116
v 0.147699 0.365314 0.047774
v 0.156823 0.321688 0.065755
v 0.165196 0.250932 0.077300
v 0.170341 0.188148 0.081278
v 0.171845 0.137954 0.077299
v 0.169609 0.104422 0.065755
v 0.164602 0.078090 0.047774
v 0.157350 0.060945 0.025116
v 0.128292 0.399102 0.026728
v 0.130341 0.364292 0.050840
v 0.132931 0.320282 0.069975
v 0.137110 0.249279 0.082260
v 0.140809 0.186410 0.086494
v 0.143758 0.136301 0.082260
v 0.145717 0.103016 0.069975
v 0.147244 0.077068 0.050840
v 0.148225 0.060408 0.026728
v -0.127048 0.420257 0.000000
v -0.148562 0.054668 -0.000000
v -0.119167 0.398565 0.025116
v -0.112983 0.363271 0.047774
v -0.109040 0.318876 0.065755
v -0.109023 0.247626 0.077300
v -0.111278 0.184672 0.081278
v -0.115672 0.134648 0.077300
v -0.121826 0.101610 0.065755
v -0.129886 0.076046 0.047774
v -0.139099 0.059871 0.025116
v -0.111142 0.398093 0.020475
v -0.097718 0.362373 0.038946
v -0.088030 0.317639 0.053604
v -0.084325 0.246173 0.063015
v -0.085308 0.183144 0.066258
v -0.090974 0.133194 0.063015
v -0.100816 0.100374 0.053604
v -0.114621 0.075148 0.038945
v -0.131074 0.059399 0.020475
v -0.105185 0.397742 0.013364
v -0.086389 0.361706 0.025420
v -0.072436 0.316721 0.034987
v -0.065993 0.245094 0.041130
v -0.066033 0.182009 0.043247
v -0.072642 0.132116 0.041130
v -0.085222 0.099456 0.034987
v -0.103292 0.074481 0.025420
v -0.125117 0.059048 0.013364
v -0.102016 0.397556 0.004641
v -0.080360 0.361351 0.008828
v -0.064138 0.316233 0.012151
v -0.056239 0.244520 0.014284
v -0.055777 0.181406 0.015019
v -0.062887 0.131542 0.014284
v -0.076924 0.098968 0.012151
v -0.097263 0.074127 0.008828
v -0.121948 0.058862 0.004641
v -0.102016 0.397556 -0.004641
v -0.080360 0.361351 -0.008828
v -0.064138 0.316233 -0.012151
v -0.056239 0.244520 -0.014284
v -0.055777 0.181406 -0.015020
v -0.062887 0.131542 -0.014284
v -0.076924 0.098968 -0.012151
v -0.097263 0.074127 -0.008828
v -0.121948 0.058862 -0.004641
v -0.105185 0.397742 -0.013364
v -0.086389 0.361706 -0.025420
v -0.072436 0.316722 -0.034987
v -0.065993 0.245094 -0.041130
v -0.066033 0.182010 -0.043247
v -0.072642 0.132116 -0.041130
v -0.085222 0.099456 -0.034988
v -0.103292 0.074481 -0.025420
v -0.125117 0.059048 -0.013364
v -0.111142 0.398093 -0.020475
v -0.097718 0.362373 -0.038946
v -0.088030 0.317639 -0.053604
v -0.084325 0.246173 -0.063015
v -0.085308 0.183144 -0.066258
v -0.090974 0.133194 -0.063015
v -0.100816 0.100374 -0.053604
v -0.114621 0.075148 -0.038946
v -0.131074 0.059399 -0.020475
v -0.119167 0.398565 -0.025116
v -0.112983 0.363271 -0.047774
v -0.109040 0.318876 -0.065755
v -0.109023 0.247626 -0.077300
v -0.111278 0.184672 -0.081278
v -0.115672 0.134648 -0.077300
v -0.121826 0.101610 -0.065755
v -0.129886 0.076046 -0.047774
v -0.139099 0.059871 -0.025116
v -0.128292 0.399102 -0.026728
v -0.130341 0.364292 -0.050840
v -0.132931 0.320282 -0.069975
v -0.137110 0.249279 -0.082261
v -0.140809 0.186410 -0.086494
v -0.143758 0.136301 -0.082261
v -0.145717 0.103016 -0.069975
v -0.147244 0.077068 -0.050840
v -0.148225 0.060408 -0.026728
v -0.137418 0.399639 -0.025116
v -0.147699 0.365314 -0.047774
v -0.156822 0.321688 -0.065755
v -0.165196 0.250932 -0.077300
v -0.170341 0.188148 -0.081278
v -0.171844 0.137954 -0.077300
v -0.169609 0.104422 -0.065755
v -0.164602 0.078090 -0.047774
v -0.157350 0.060945 -0.025116
v -0.145443 0.400111 -0.020475
v -0.162964 0.366212 -0.038946
v -0.177832 0.322924 -0.053604
v -0.189894 0.252385 -0.063015
v -0.196310 0.189676 -0.066258
v -0.196543 0.139407 -0.063015
v -0.190618 0.105658 -0.053604
v -0.179867 0.078988 -0.038946
v -0.165375 0.061418 -0.020475
v -0.151400 0.400462 -0.013364
v -0.174293 0.366879 -0.025420
v -0.193426 0.323842 -0.034988
v -0.208226 0.253464 -0.041130
v -0.215586 0.190811 -0.043247
v -0.214875 0.140486 -0.041130
v -0.206213 0.106576 -0.034988
v -0.191197 0.079655 -0.025420
v -0.171332 0.061768 -0.013364
v -0.154569 0.400648 -0.004641
v -0.180322 0.367234 -0.008828
v -0.201724 0.324330 -0.012151
v -0.217980 0.254038 -0.014284
v -0.225842 0.191414 -0.015020
v -0.224629 0.141060 -0.014284
v -0.214510 0.107065 -0.012151
v -0.197225 0.080009 -0.008828
v -0.174501 0.061955 -0.004641
v -0.154569 0.400648 0.004641
v -0.180322 0.367234 0.008828
v -0.201724 0.324330 0.012151
v -0.217980 0.254038 0.014284
v -0.225842 0.191414 0.015019
v -0.224629 0.141060 0.014284
v -0.214510 0.107065 0.012151
v -0.197225 0.080009 0.008828
v -0.174501 0.061955 0.004641
v -0.151400 0.400462 0.013364
v -0.174294 0.366879 0.025420
v -0.193426 0.323842 0.034987
v -0.208226 0.253464 0.041130
v -0.215586 0.190811 0.043247
v -0.214875 0.140486 0.041130
v -0.206213 0.106576 0.034987
v -0.191197 0.079655 0.025420
v -0.171332 0.061768 0.013364
v -0.145443 0.400111 0.020475
v -0.162964 0.366212 0.038946
v -0.177832 0.322924 0.053604
v -0.189894 0.252385 0.063015
v -0.196310 0.189676 0.066258
v -0.196543 0.139407 0.063015
v -0.190618 0.105659 0.053604
v -0.179867 0.078988 0.038945
v -0.165375 0.061418 0.020475
v -0.137418 0.399639 0.025116
v -0.147699 0.365314 0.047774
v -0.156823 0.321688 0.065755
v -0.165196 0.250932 0.077300
v -0.170341 0.188148 0.081278
v -0.171845 0.137954 0.077299
v -0.169609 0.104422 0.065755
v -0.164602 0.078090 0.047774
v -0.157350 0.060945 0.025116
v -0.128292 0.399102 0.026728
v -0.130341 0.364292 0.050840
v -0.132931 0.320282 0.069975
v -0.137110 0.249279 0.082260
v -0.140809 0.186410 0.086494
v -0.143758 0.136301 0.082260
v -0.145717 0.103016 0.069975
v -0.147244 0.077068 0.050840
v -0.148225 0.060408 0.026728
vn -0.2340 -0.0515 0.9709
vn -0.7116 0.3350 0.6176
vn 0.4144 -0.4388 0.7973
vn -0.1501 -0.1089 0.9827
vn -0.5497 0.1878 0.8140
vn 0.6302 -0.5312 0.5663
vn -0.0254 -0.1901 0.9814
vn -0.4164 0.0814 0.9056
vn 0.7975 -0.5655 0.2102
vn 0.1962 -0.3233 0.9257
vn -0.8236 0.1637 0.5431
vn 0.2698 -0.6600 0.7011
vn -0.3282 -0.3815 0.8641
vn -0.6973 -0.0380 0.7158
vn 0.5276 -0.6883 0.4980
vn -0.2033 -0.4624 0.8631
vn -0.5805 -0.1698 0.7963
vn 0.7594 -0.6238 0.1848
vn 0.0284 -0.5801 0.8141
vn -0.4101 -0.3209 0.8538
vn -0.1084 -0.7894 0.6042
vn -0.5535 -0.5404 0.6337
vn -0.9148 0.0240 0.4031
vn 0.1520 -0.8403 0.5204
vn -0.4735 -0.6037 0.6414
vn -0.8176 -0.2221 0.5313
vn 0.4439 -0.8163 0.3696
vn -0.3484 -0.6843 0.6406
vn -0.7144 -0.3746 0.5911
vn 0.7283 -0.6714 0.1372
vn -0.8017 -0.5082 0.3145
vn 0.7081 -0.7024 0.0730
vn -0.1977 -0.9260 0.3215
vn -0.6472 -0.6837 0.3372
vn -0.9744 -0.0671 0.2145
vn 0.0751 -0.9580 0.2769
vn -0.5683 -0.7487 0.3413
vn -0.8961 -0.3422 0.2827
vn 0.3892 -0.8999 0.1967
vn -0.4431 -0.8292 0.3408
vn -0.4759 -0.8795 -0.0000
vn -0.8321 -0.5547 -0.0000
vn 0.7010 -0.7132 -0.0000
vn -0.2288 -0.9735 -0.0000
vn -0.6797 -0.7335 -0.0000
vn -0.9951 -0.0988 -0.0000
vn 0.0484 -0.9988 -0.0000
vn -0.6012 -0.7991 -0.0000
vn -0.9234 -0.3839 -0.0000
vn 0.3703 -0.9289 -0.0000
vn -0.8961 -0.3422 -0.2827
vn 0.3892 -0.8999 -0.1967
vn -0.4431 -0.8292 -0.3408
vn -0.8017 -0.5082 -0.3145
vn 0.7080 -0.7024 -0.0730
vn -0.1977 -0.9260 -0.3215
vn -0.6472 -0.6837 -0.3372
vn -0.9744 -0.0671 -0.2145
vn 0.0751 -0.9580 -0.2769
vn -0.5683 -0.7487 -0.3413
vn 0.1520 -0.8403 -0.5204
vn -0.4735 -0.6037 -0.6414
vn -0.8176 -0.2221 -0.5313
vn 0.4439 -0.8163 -0.3696
vn -0.3484 -0.6843 -0.6406
vn -0.7144 -0.3746 -0.5911
vn 0.7283 -0.6714 -0.1372
vn -0.1084 -0.7894 -0.6042
vn -0.5535 -0.5404 -0.6337
vn -0.9148 0.0240 -0.4031
vn -0.4101 -0.3209 -0.8538
vn -0.8236 0.1637 -0.5431
vn 0.2699 -0.6600 -0.7011
vn -0.3282 -0.3815 -0.8641
vn -0.6973 -0.0380 -0.7158
vn 0.5276 -0.6883 -0.4980
vn -0.2033 -0.4624 -0.8631
vn -0.5805 -0.1698 -0.7963
vn 0.7594 -0.6238 -0.1848
vn 0.0284 -0.5801 -0.8141
vn 0.1962 -0.3233 -0.9257
vn -0.2340 -0.0515 -0.9709
vn -0.7116 0.3350 -0.6176
vn 0.4144 -0.4388 -0.7973
vn -0.1501 -0.1089 -0.9827
vn -0.5497 0.1878 -0.8140
vn 0.6302 -0.5312 -0.5663
vn -0.0254 -0.1901 -0.9814
vn -0.4164 0.0814 -0.9056
vn 0.7975 -0.5655 -0.2102
vn -0.2416 0.3487 -0.9056
vn 0.8381 -0.5035 -0.2102
vn 0.3748 -0.0500 -0.9257
vn -0.0467 0.2350 -0.9709
vn -0.5924 0.5173 -0.6176
vn 0.5682 -0.2034 -0.7973
vn 0.0395 0.1812 -0.9827
vn -0.3926 0.4281 -0.8140
vn 0.7395 -0.3640 -0.5663
vn 0.1640 0.0996 -0.9814
vn 0.8421 -0.2070 -0.4980
vn 0.3419 0.3718 -0.8631
vn -0.0775 0.5999 -0.7963
vn 0.8762 -0.4452 -0.1848
vn 0.5427 0.2068 -0.8141
vn 0.1293 0.5044 -0.8538
vn -0.4805 0.6886 -0.5431
vn 0.7128 0.0177 -0.7011
vn 0.2177 0.4538 -0.8641
vn -0.2450 0.6539 -0.7158
vn 0.3629 0.6760 -0.6414
vn -0.1247 0.8380 -0.5313
vn 0.9258 -0.0789 -0.3696
vn 0.4870 0.5937 -0.6406
vn 0.0564 0.8047 -0.5911
vn 0.9072 -0.3976 -0.1372
vn 0.6795 0.4162 -0.6042
vn 0.2728 0.7239 -0.6337
vn -0.3892 0.8283 -0.4031
vn 0.8306 0.1980 -0.5204
vn -0.3296 0.9194 -0.2145
vn 0.9076 0.3157 -0.2769
vn 0.4577 0.8210 -0.3413
vn -0.0462 0.9581 -0.2827
vn 0.9805 0.0047 -0.1967
vn 0.5816 0.7386 -0.3408
vn 0.1437 0.9383 -0.3145
vn 0.9275 -0.3666 -0.0730
vn 0.7688 0.5528 -0.3215
vn 0.3665 0.8672 -0.3372
vn 0.3990 0.9170 -0.0000
vn -0.3089 0.9511 -0.0000
vn 0.9343 0.3566 -0.0000
vn 0.4906 0.8714 -0.0000
vn -0.0189 0.9998 -0.0000
vn 0.9994 0.0337 -0.0000
vn 0.6145 0.7889 -0.0000
vn 0.1741 0.9847 -0.0000
vn 0.9345 -0.3558 -0.0000
vn 0.7998 0.6002 -0.0000
vn 0.9275 -0.3666 0.0730
vn 0.7688 0.5528 0.3215
vn 0.3665 0.8672 0.3372
vn -0.3296 0.9194 0.2145
vn 0.9076 0.3157 0.2769
vn 0.4577 0.8210 0.3413
vn -0.0462 0.9581 0.2827
vn 0.9805 0.0047 0.1967
vn 0.5816 0.7386 0.3408
vn 0.1437 0.9383 0.3145
vn 0.4869 0.5937 0.6406
vn 0.0564 0.8047 0.5911
vn 0.9072 -0.3976 0.1372
vn 0.6795 0.4162 0.6042
vn 0.2728 0.7239 0.6337
vn -0.3892 0.8283 0.4031
vn 0.8306 0.1980 0.5204
vn 0.3629 0.6760 0.6414
vn -0.1247 0.8380 0.5313
vn 0.9258 -0.0789 0.3696
vn -0.2450 0.6539 0.7158
vn 0.8421 -0.2070 0.4980
vn 0.3419 0.3718 0.8631
vn -0.0775 0.5999 0.7963
vn 0.8762 -0.4452 0.1848
vn 0.5427 0.2068 0.8141
vn 0.1293 0.5044 0.8538
vn -0.4805 0.6886 0.5431
vn 0.7128 0.0177 0.7011
vn 0.2177 0.4538 0.8641
vn 0.0395 0.1812 0.9827
vn -0.3926 0.4281 0.8140
vn 0.7395 -0.3640 0.5663
vn 0.1640 0.0996 0.9814
vn -0.2416 0.3487 0.9056
vn 0.8381 -0.5035 0.2102
vn 0.3748 -0.0500 0.9257
vn -0.0467 0.2350 0.9709
vn -0.5924 0.5173 0.6176
vn 0.5682 -0.2034 0.7973
vn 0.2340 -0.0515 0.9709
vn 0.7116 0.3350 0.6176
vn -0.4144 -0.4388 0.7973
vn 0.1501 -0.1089 0.9827
vn 0.5497 0.1878 0.8140
vn -0.6302 -0.5312 0.5663
vn 0.0254 -0.1901 0.9814
vn 0.4164 0.0814 0.9056
vn -0.7975 -0.5655 0.2102
vn -0.1962 -0.3233 0.9257
vn 0.8236 0.1637 0.5431
vn -0.2698 -0.6600 0.7011
vn 0.3282 -0.3815 0.8641
vn 0.6973 -0.0380 0.7158
vn -0.5276 -0.6883 0.4980
vn 0.2033 -0.4624 0.8631
vn 0.5805 -0.1698 0.7963
vn -0.7594 -0.6238 0.1848
vn -0.0284 -0.5801 0.8141
vn 0.4101 -0.3209 0.8538
vn 0.1084 -0.7894 0.6042
vn 0.5535 -0.5404 0.6337
vn 0.9148 0.0240 0.4031
vn -0.1520 -0.8403 0.5204
vn 0.4735 -0.6037 0.6414
vn 0.8176 -0.2221 0.5313
vn -0.4439 -0.8163 0.3696
vn 0.3484 -0.6843 0.6406
vn 0.7144 -0.3746 0.5911
vn -0.7283 -0.6714 0.1372
vn 0.8017 -0.5082 0.3145
vn -0.7081 -0.7024 0.0730
vn 0.1977 -0.9260 0.3215
vn 0.6472 -0.6837 0.3372
vn 0.9744 -0.0671 0.2145
vn -0.0751 -0.9580 0.2769
vn 0.5683 -0.7487 0.3413
vn 0.8961 -0.3422 0.2827
vn -0.3892 -0.8999 0.1967
vn 0.4431 -0.8292 0.3408
vn 0.4759 -0.8795 -0.0000
vn 0.8321 -0.5547 -0.0000
vn -0.7010 -0.7132 -0.0000
vn 0.2288 -0.9735 -0.0000
vn 0.6797 -0.7335 -0.0000
vn 0.9951 -0.0988 -0.0000
vn -0.0484 -0.9988 -0.0000
vn 0.6012 -0.7991 -0.0000
vn 0.9234 -0.3839 -0.0000
vn -0.3703 -0.9289 -0.0000
vn 0.8961 -0.3422 -0.2827
vn -0.3892 -0.8999 -0.1967
vn 0.4431 -0.8292 -0.3408
vn 0.8017 -0.5082 -0.3145
vn -0.7080 -0.7024 -0.0730
vn 0.1977 -0.9260 -0.3215
vn 0.6472 -0.6837 -0.3372
vn 0.9744 -0.0671 -0.2145
vn -0.0751 -0.9580 -0.2769
vn 0.5683 -0.7487 -0.3413
vn -0.1520 -0.8403 -0.5204
vn 0.4735 -0.6037 -0.6414
vn 0.8176 -0.2221 -0.5313
vn -0.4439 -0.8163 -0.3696
vn 0.3484 -0.6843 -0.6406
vn 0.7144 -0.3746 -0.5911
vn -0.7283 -0.6714 -0.1372
vn 0.1084 -0.7894 -0.6042
vn 0.5535 -0.5404 -0.6337
vn 0.9148 0.0240 -0.4031
vn 0.4101 -0.3209 -0.8538
vn 0.8236 0.1637 -0.5431
vn -0.2699 -0.6600 -0.7011
vn 0.3282 -0.3815 -0.8641
vn 0.6973 -0.0380 -0.7158
vn -0.5276 -0.6883 -0.4980
vn 0.2033 -0.4624 -0.8631
vn 0.5805 -0.1698 -0.7963
vn -0.7594 -0.6238 -0.1848
vn -0.0284 -0.5801 -0.8141
vn -0.1962 -0.3233 -0.9257
vn 0.2340 -0.0515 -0.9709
vn 0.7116 0.3350 -0.6176
vn -0.4144 -0.4388 -0.7973
vn 0.1501 -0.1089 -0.9827
vn 0.5497 0.1878 -0.8140
vn -0.6302 -0.5312 -0.5663
vn 0.0254 -0.1901 -0.9814
vn 0.4164 0.0814 -0.9056
vn -0.7975 -0.5655 -0.2102
vn 0.2416 0.3487 -0.9056
vn -0.8381 -0.5035 -0.2102
vn -0.3748 -0.0500 -0.9257
vn 0.0467 0.2350 -0.9709
vn 0.5924 0.5173 -0.6176
vn -0.5682 -0.2034 -0.7973
vn -0.0395 0.1812 -0.9827
vn 0.3926 0.4281 -0.8140
vn -0.7395 -0.3640 -0.5663
vn -0.1640 0.0996 -0.9814
vn -0.8421 -0.2070 -0.4980
vn -0.3419 0.3718 -0.8631
vn 0.0775 0.5999 -0.7963
vn -0.8762 -0.4452 -0.1848
vn -0.5427 0.2068 -0.8141
vn -0.1293 0.5044 -0.8538
vn 0.4805 0.6886 -0.5431
vn -0.7128 0.0177 -0.7011
vn -0.2177 0.4538 -0.8641
vn 0.2450 0.6539 -0.7158
vn -0.3629 0.6760 -0.6414
vn 0.1247 0.8380 -0.5313
vn -0.9258 -0.0789 -0.3696
vn -0.4869 0.5937 -0.6406
vn -0.0564 0.8047 -0.5911
vn -0.9072 -0.3976 -0.1372
vn -0.6795 0.4162 -0.6042
vn -0.2728 0.7239 -0.6337
vn 0.3892 0.8283 -0.4031
vn -0.8306 0.1980 -0.5204
vn 0.3296 0.9194 -0.2145
vn -0.9076 0.3157 -0.2769
vn -0.4577 0.8210 -0.3413
vn 0.0462 0.9581 -0.2827
vn -0.9805 0.0047 -0.1967
vn -0.5816 0.7386 -0.3408
vn -0.1437 0.9383 -0.3145
vn -0.9275 -0.3666 -0.0730
vn -0.7688 0.5528 -0.3215
vn -0.3665 0.8672 -0.3372
vn -0.3990 0.9170 -0.0000
vn 0.3089 0.9511 -0.0000
vn -0.9343 0.3566 -0.0000
vn -0.4906 0.8714 -0.0000
vn 0.0189 0.9998 -0.0000
vn -0.9994 0.0337 -0.0000
vn -0.6145 0.7889 -0.0000
vn -0.1741 0.9847 -0.0000
vn -0.9345 -0.3558 -0.0000
vn -0.7998 0.6002 -0.0000
vn -0.9275 -0.3666 0.0730
vn -0.7688 0.5528 0.3215
vn -0.3665 0.8672 0.3372
vn 0.3296 0.9194 0.2145
vn -0.9076 0.3157 0.2769
vn -0.4577 0.8210 0.3413
vn 0.0462 0.9581 0.2827
vn -0.9805 0.0047 0.1967
vn -0.5816 0.7386 0.3408
vn -0.1437 0.9383 0.3145
vn -0.4870 0.5937 0.6406
vn -0.0564 0.8047 0.5911
vn -0.9072 -0.3976 0.1372
vn -0.6795 0.4162 0.6042
vn -0.2728 0.7239 0.6337
vn 0.3892 0.8283 0.4031
vn -0.8306 0.1980 0.5204
vn -0.3629 0.6760 0.6414
vn 0.1247 0.8380 0.5313
vn -0.9258 -0.0789 0.3696
vn 0.2450 0.6539 0.7158
vn -0.8421 -0.2070 0.4980
vn -0.3419 0.3718 0.8631
vn 0.0775 0.5999 0.7963
vn -0.8762 -0.4452 0.1848
vn -0.5427 0.2068 0.8141
vn -0.1293 0.5044 0.8538
vn 0.4805 0.6886 0.5431
vn -0.7128 0.0177 0.7011
vn -0.2177 0.4538 0.8641
vn -0.0395 0.1812 0.9827
vn 0.3926 0.4281 0.8140
vn -0.7395 -0.3640 0.5663
vn -0.1640 0.0996 0.9814
vn 0.2416 0.3487 0.9056
vn -0.8381 -0.5035 0.2102
vn -0.3748 -0.0500 0.9257
vn 0.0467 0.2350 0.9709
vn 0.5924 0.5173 0.6176
vn -0.5682 -0.2034 0.7973
vn 0.1552 0.4485 -0.8802
vn 0.0276 0.9873 -0.1564
vn 0.1237 -0.7017 -0.7017
vn 0.1716 0.1541 -0.9730
vn 0.0798 0.8882 -0.4525
vn 0.0798 -0.8882 -0.4525
vn 0.1716 -0.1541 -0.9730
vn 0.1237 0.7017 -0.7017
vn 0.0276 -0.9873 -0.1564
vn 0.1552 -0.4485 -0.8802
vn 0.0794 0.9873 -0.1375
vn 0.3562 -0.7017 -0.6170
vn 0.4940 0.1541 -0.8557
vn 0.2298 0.8882 -0.3980
vn 0.2298 -0.8882 -0.3980
vn 0.4940 -0.1541 -0.8557
vn 0.3562 0.7017 -0.6170
vn 0.0794 -0.9873 -0.1375
vn 0.4469 -0.4485 -0.7740
vn 0.4469 0.4485 -0.7740
vn 0.6847 -0.4485 -0.5745
vn 0.6847 0.4485 -0.5745
vn 0.1216 0.9873 -0.1021
vn 0.5458 -0.7017 -0.4580
vn 0.7569 0.1541 -0.6351
vn 0.3520 0.8882 -0.2954
vn 0.3520 -0.8882 -0.2954
vn 0.7569 -0.1541 -0.6351
vn 0.5458 0.7017 -0.4580
vn 0.1216 -0.9873 -0.1021
vn 0.6695 0.7017 -0.2437
vn 0.1492 -0.9873 -0.0543
vn 0.8399 -0.4485 -0.3057
vn 0.8399 0.4485 -0.3057
vn 0.1492 0.9873 -0.0543
vn 0.6695 -0.7017 -0.2437
vn 0.9285 0.1541 -0.3379
vn 0.4318 0.8882 -0.1572
vn 0.4318 -0.8882 -0.1572
vn 0.9285 -0.1541 -0.3379
vn 0.9881 -0.1541 -0.0000
vn 0.7125 0.7017 -0.0000
vn 0.1588 -0.9873 -0.0000
vn 0.8938 -0.4485 -0.0000
vn 0.8938 0.4485 -0.0000
vn 0.1588 0.9873 -0.0000
vn 0.7125 -0.7017 -0.0000
vn 0.9881 0.1541 -0.0000
vn 0.4595 0.8882 -0.0000
vn 0.4595 -0.8882 -0.0000
vn 0.4318 0.8882 0.1572
vn 0.4318 -0.8882 0.1572
vn 0.9285 -0.1541 0.3379
vn 0.6695 0.7017 0.2437
vn 0.1492 -0.9873 0.0543
vn 0.8399 -0.4485 0.3057
vn 0.8399 0.4485 0.3057
vn 0.1492 0.9873 0.0543
vn 0.6695 -0.7017 0.2437
vn 0.9285 0.1541 0.3379
vn 0.5458 -0.7017 0.4580
vn 0.7569 0.1541 0.6351
vn 0.3520 0.8882 0.2954
vn 0.3520 -0.8882 0.2954
vn 0.7569 -0.1541 0.6351
vn 0.5458 0.7017 0.4580
vn 0.1216 -0.9873 0.1021
vn 0.6847 -0.4485 0.5745
vn 0.6847 0.4485 0.5745
vn 0.1216 0.9873 0.1021
vn 0.4469 0.4485 0.7740
vn 0.0794 0.9873 0.1375
vn 0.3562 -0.7017 0.6170
vn 0.4940 0.1541 0.8557
vn 0.2298 0.8882 0.3980
vn 0.2298 -0.8882 0.3980
vn 0.4940 -0.1541 0.8557
vn 0.3562 0.7017 0.6170
vn 0.0794 -0.9873 0.1375
vn 0.4469 -0.4485 0.7740
vn 0.1552 -0.4485 0.8802
vn 0.1552 0.4485 0.8802
vn 0.0276 0.9873 0.1564
vn 0.1237 -0.7017 0.7017
vn 0.1716 0.1541 0.9730
vn 0.0798 0.8882 0.4525
vn 0.0798 -0.8882 0.4525
vn 0.1716 -0.1541 0.9730
vn 0.1237 0.7017 0.7017
vn 0.0276 -0.9873 0.1564
vn -0.1237 0.7017 0.7017
vn -0.0276 -0.9873 0.1564
vn -0.1552 -0.4485 0.8802
vn -0.1552 0.4485 0.8802
vn -0.0276 0.9873 0.1564
vn -0.1237 -0.7017 0.7017
vn -0.1716 0.1541 0.9730
vn -0.0798 0.8882 0.4525
vn -0.0798 -0.8882 0.4525
vn -0.1716 -0.1541 0.9730
vn -0.2298 -0.8882 0.3980
vn -0.4940 -0.1541 0.8557
vn -0.3562 0.7017 0.6170
vn -0.0794 -0.9873 0.1375
vn -0.4469 -0.4485 0.7740
vn -0.4469 0.4485 0.7740
vn -0.0794 0.9873 0.1375
vn -0.3562 -0.7017 0.6170
vn -0.4940 0.1541 0.8557
vn -0.2298 0.8882 0.3980
vn -0.7569 0.1541 0.6351
vn -0.3520 0.8882 0.2954
vn -0.3520 -0.8882 0.2954
vn -0.7569 -0.1541 0.6351
vn -0.5458 0.7017 0.4580
vn -0.1216 -0.9873 0.1021
vn -0.6847 -0.4485 0.5745
vn -0.6847 0.4485 0.5745
vn -0.1216 0.9873 0.1021
vn -0.5458 -0.7017 0.4580
vn -0.1492 0.9873 0.0543
vn -0.6695 -0.7017 0.2437
vn -0.9285 0.1541 0.3379
vn -0.4318 0.8882 0.1572
vn -0.4318 -0.8882 0.1572
vn -0.9285 -0.1541 0.3379
vn -0.6695 0.7017 0.2437
vn -0.1492 -0.9873 0.0543
vn -0.8399 -0.4485 0.3057
vn -0.8399 0.4485 0.3057
vn -0.8938 0.4485 -0.0000
vn -0.1588 0.9873 -0.0000
vn -0.7125 -0.7017 -0.0000
vn -0.9881 0.1541 -0.0000
vn -0.4595 0.8882 -0.0000
vn -0.4595 -0.8882 -0.0000
vn -0.9881 -0.1541 -0.0000
vn -0.7125 0.7017 -0.0000
vn -0.1588 -0.9873 -0.0000
vn -0.8938 -0.4485 -0.0000
vn -0.1492 -0.9873 -0.0543
vn -0.8399 -0.4485 -0.3057
vn -0.8399 0.4485 -0.3057
vn -0.1492 0.9873 -0.0543
vn -0.6695 -0.7017 -0.2437
vn -0.9285 0.1541 -0.3379
vn -0.4318 0.8882 -0.1572
vn -0.4318 -0.8882 -0.1572
vn -0.9285 -0.1541 -0.3379
vn -0.6695 0.7017 -0.2437
vn -0.7569 -0.1541 -0.6351
vn -0.5458 0.7017 -0.4580
vn -0.1216 -0.9873 -0.1021
vn -0.6847 -0.4485 -0.5745
vn -0.6847 0.4485 -0.5745
vn -0.1216 0.9873 -0.1021
vn -0.5458 -0.7017 -0.4580
vn -0.7569 0.1541 -0.6351
vn -0.3520 0.8882 -0.2954
vn -0.3520 -0.8882 -0.2954
vn -0.2298 0.8882 -0.3980
vn -0.2298 -0.8882 -0.3980
vn -0.4940 -0.1541 -0.8557
vn -0.3562 0.7017 -0.6170
vn -0.0794 -0.9873 -0.1375
vn -0.4469 -0.4485 -0.7740
vn -0.4469 0.4485 -0.7740
vn -0.0794 0.9873 -0.1375
vn -0.3562 -0.7017 -0.6170
vn -0.4940 0.1541 -0.8557
vn -0.1716 0.1541 -0.9730
vn -0.0798 0.8882 -0.4525
vn -0.0798 -0.8882 -0.4525
vn -0.1716 -0.1541 -0.9730
vn -0.1237 0.7017 -0.7017
vn -0.0276 -0.9873 -0.1564
vn -0.1552 -0.4485 -0.8802
vn -0.1552 0.4485 -0.8802
vn -0.0276 0.9873 -0.1564
vn -0.1237 -0.7017 -0.7017
vn 0.1054 0.0455 -0.9934
vn 0.0406 0.9688 -0.2446
vn 0.0758 -0.7292 -0.6801
vn 0.0827 -0.0242 -0.9963
vn 0.1058 0.7136 -0.6925
vn 0.0422 -0.9392 -0.3407
vn 0.0808 -0.0067 -0.9967
vn 0.1236 0.3192 -0.9396
vn 0.0119 -0.9959 -0.0899
vn 0.0925 -0.2829 -0.9547
vn 0.1182 0.9693 -0.2157
vn 0.2348 -0.7585 -0.6079
vn 0.3081 0.0028 -0.9514
vn 0.3089 0.7324 -0.6067
vn 0.1254 -0.9457 -0.2998
vn 0.3039 -0.0317 -0.9522
vn 0.3788 0.3722 -0.8473
vn 0.0351 -0.9962 -0.0795
vn 0.3127 -0.3336 -0.8894
vn 0.3511 0.1007 -0.9309
vn 0.5811 -0.4114 -0.7022
vn 0.6446 0.1921 -0.7400
vn 0.1837 0.9699 -0.1599
vn 0.3948 -0.7985 -0.4544
vn 0.6219 0.0445 -0.7818
vn 0.4797 0.7576 -0.4426
vn 0.2002 -0.9546 -0.2206
vn 0.6177 -0.0694 -0.7834
vn 0.6247 0.4514 -0.6371
vn 0.0554 -0.9967 -0.0591
vn 0.7936 0.5125 -0.3280
vn 0.0692 -0.9971 -0.0310
vn 0.8008 -0.4697 -0.3716
vn 0.8785 0.2727 -0.3923
vn 0.2271 0.9702 -0.0840
vn 0.5153 -0.8241 -0.2351
vn 0.9014 0.0825 -0.4251
vn 0.5900 0.7747 -0.2274
vn 0.2536 -0.9605 -0.1144
vn 0.8987 -0.1024 -0.4264
vn 0.9932 -0.1162 -0.0000
vn 0.8440 0.5363 -0.0000
vn 0.0742 -0.9972 -0.0000
vn 0.8737 -0.4865 -0.0000
vn 0.9514 0.3080 -0.0000
vn 0.2419 0.9703 -0.0000
vn 0.5600 -0.8285 -0.0000
vn 0.9950 0.1001 -0.0000
vn 0.6256 0.7801 -0.0000
vn 0.2745 -0.9616 -0.0000
vn 0.5878 0.7802 0.2141
vn 0.2597 -0.9599 0.1056
vn 0.9265 -0.1174 0.3576
vn 0.7911 0.5378 0.2915
vn 0.0702 -0.9971 0.0294
vn 0.8157 -0.4850 0.3153
vn 0.8891 0.3116 0.3354
vn 0.2273 0.9703 0.0827
vn 0.5263 -0.8247 0.2071
vn 0.9284 0.1023 0.3571
vn 0.4285 -0.8243 0.3700
vn 0.7612 0.1006 0.6407
vn 0.4793 0.7801 0.4021
vn 0.2125 -0.9582 0.1917
vn 0.7595 -0.1164 0.6400
vn 0.6466 0.5363 0.5425
vn 0.0581 -0.9968 0.0545
vn 0.6678 -0.4851 0.5646
vn 0.7285 0.3083 0.6118
vn 0.1853 0.9703 0.1555
vn 0.4757 0.3080 0.8239
vn 0.1209 0.9703 0.2095
vn 0.2791 -0.8270 0.4880
vn 0.4975 0.1001 0.8617
vn 0.3128 0.7801 0.5418
vn 0.1392 -0.9575 0.2525
vn 0.4966 -0.1162 0.8602
vn 0.4220 0.5363 0.7310
vn 0.0387 -0.9965 0.0736
vn 0.4368 -0.4865 0.7566
vn 0.1517 -0.4865 0.8604
vn 0.1652 0.3080 0.9369
vn 0.0420 0.9703 0.2382
vn 0.0970 -0.8283 0.5519
vn 0.1728 0.1001 0.9799
vn 0.1086 0.7801 0.6161
vn 0.0484 -0.9576 0.2840
vn 0.1725 -0.1162 0.9781
vn 0.1466 0.5363 0.8312
vn 0.0136 -0.9964 0.0841
vn -0.1466 0.5363 0.8312
vn -0.0136 -0.9964 0.0841
vn -0.1517 -0.4865 0.8604
vn -0.1652 0.3080 0.9369
vn -0.0420 0.9703 0.2382
vn -0.0970 -0.8283 0.5519
vn -0.1728 0.1001 0.9799
vn -0.1086 0.7801 0.6161
vn -0.0484 -0.9576 0.2840
vn -0.1725 -0.1162 0.9781
vn -0.1392 -0.9575 0.2525
vn -0.4966 -0.1162 0.8602
vn -0.4220 0.5363 0.7310
vn -0.0387 -0.9965 0.0736
vn -0.4368 -0.4865 0.7566
vn -0.4757 0.3080 0.8239
vn -0.1209 0.9703 0.2095
vn -0.2791 -0.8270 0.4880
vn -0.4975 0.1001 0.8617
vn -0.3128 0.7801 0.5418
vn -0.7612 0.1006 0.6407
vn -0.4793 0.7801 0.4021
vn -0.2125 -0.9582 0.1917
vn -0.7595 -0.1164 0.6400
vn -0.6466 0.5363 0.5425
vn -0.0581 -0.9968 0.0545
vn -0.6678 -0.4851 0.5646
vn -0.7285 0.3083 0.6118
vn -0.1853 0.9703 0.1555
vn -0.4285 -0.8243 0.3700
vn -0.2273 0.9703 0.0827
vn -0.5263 -0.8247 0.2071
vn -0.9284 0.1023 0.3571
vn -0.5878 0.7802 0.2141
vn -0.2597 -0.9599 0.1056
vn -0.9265 -0.1174 0.3576
vn -0.7911 0.5378 0.2915
vn -0.0702 -0.9971 0.0294
vn -0.8157 -0.4850 0.3153
vn -0.8891 0.3116 0.3354
vn -0.9514 0.3080 -0.0000
vn -0.2419 0.9703 -0.0000
vn -0.5600 -0.8285 -0.0000
vn -0.9950 0.1001 -0.0000
vn -0.6256 0.7801 -0.0000
vn -0.2745 -0.9616 -0.0000
vn -0.9932 -0.1162 -0.0000
vn -0.8440 0.5363 -0.0000
vn -0.0742 -0.9972 -0.0000
vn -0.8737 -0.4865 -0.0000
vn -0.0692 -0.9971 -0.0310
vn -0.8008 -0.4697 -0.3716
vn -0.8785 0.2727 -0.3923
vn -0.2271 0.9702 -0.0840
vn -0.5153 -0.8241 -0.2351
vn -0.9014 0.0825 -0.4251
vn -0.5900 0.7747 -0.2274
vn -0.2536 -0.9605 -0.1144
vn -0.8987 -0.1024 -0.4264
vn -0.7936 0.5125 -0.3280
vn -0.6177 -0.0694 -0.7834
vn -0.6247 0.4514 -0.6371
vn -0.0554 -0.9967 -0.0591
vn -0.5811 -0.4114 -0.7022
vn -0.6446 0.1921 -0.7400
vn -0.1837 0.9699 -0.1599
vn -0.3948 -0.7985 -0.4544
vn -0.6219 0.0445 -0.7818
vn -0.4797 0.7576 -0.4426
vn -0.2002 -0.9546 -0.2206
vn -0.3089 0.7324 -0.6067
vn -0.1254 -0.9457 -0.2998
vn -0.3039 -0.0317 -0.9522
vn -0.3788 0.3722 -0.8473
vn -0.0351 -0.9962 -0.0795
vn -0.3127 -0.3336 -0.8894
vn -0.3511 0.1007 -0.9309
vn -0.1182 0.9693 -0.2157
vn -0.2348 -0.7585 -0.6079
vn -0.3081 0.0028 -0.9514
vn -0.0827 -0.0242 -0.9963
vn -0.1058 0.7136 -0.6925
vn -0.0422 -0.9392 -0.3407
vn -0.0808 -0.0067 -0.9967
vn -0.1236 0.3192 -0.9396
vn -0.0119 -0.9959 -0.0899
vn -0.0925 -0.2829 -0.9547
vn -0.1054 0.0455 -0.9934
vn -0.0406 0.9688 -0.2446
vn -0.0758 -0.7292 -0.6801
vn -0.1807 0.1574 0.9709
vn -0.1545 0.7712 0.6176
vn -0.1059 -0.5942 0.7973
vn -0.1768 0.0558 0.9827
vn -0.1763 0.5535 0.8140
vn -0.0516 -0.8226 0.5663
vn -0.1679 -0.0928 0.9814
vn -0.1825 0.3830 0.9056
vn 0.0204 -0.9774 0.2102
vn -0.1429 -0.3501 0.9257
vn -0.3588 0.7592 0.5431
vn -0.3696 -0.6097 0.7011
vn -0.5019 0.0366 0.8641
vn -0.4456 0.5376 0.7158
vn -0.2389 -0.8336 0.4980
vn -0.4926 -0.1119 0.8631
vn -0.4821 0.3654 0.7963
vn -0.0491 -0.9815 0.1848
vn -0.4492 -0.3681 0.8141
vn -0.5019 0.1384 0.8538
vn -0.6988 -0.3828 0.6042
vn -0.7637 0.1230 0.6337
vn -0.5253 0.7494 0.4031
vn -0.5846 -0.6224 0.5204
vn -0.7669 0.0210 0.6414
vn -0.6652 0.5247 0.5313
vn -0.3917 -0.8426 0.3696
vn -0.7572 -0.1275 0.6406
vn -0.7263 0.3510 0.5911
vn -0.1058 -0.9849 0.1372
vn -0.8857 0.3416 0.3145
vn -0.1428 -0.9871 0.0730
vn -0.8618 -0.3924 0.3215
vn -0.9346 0.1130 0.3372
vn -0.6340 0.7430 0.2145
vn -0.7250 -0.6306 0.2769
vn -0.9399 0.0109 0.3413
vn -0.8084 0.5163 0.2827
vn -0.4913 -0.8485 0.1967
vn -0.9300 -0.1376 0.3408
vn -0.9900 -0.1412 -0.0000
vn -0.9410 0.3383 -0.0000
vn -0.1557 -0.9878 -0.0000
vn -0.9184 -0.3957 -0.0000
vn -0.9940 0.1095 -0.0000
vn -0.6718 0.7407 -0.0000
vn -0.7737 -0.6335 -0.0000
vn -1.0000 0.0073 -0.0000
vn -0.8582 0.5133 -0.0000
vn -0.5259 -0.8505 -0.0000
vn -0.8084 0.5163 -0.2827
vn -0.4913 -0.8485 -0.1967
vn -0.9300 -0.1376 -0.3408
vn -0.8857 0.3416 -0.3145
vn -0.1428 -0.9871 -0.0730
vn -0.8618 -0.3924 -0.3215
vn -0.9346 0.1130 -0.3372
vn -0.6340 0.7430 -0.2145
vn -0.7250 -0.6306 -0.2769
vn -0.9399 0.0109 -0.3413
vn -0.5846 -0.6224 -0.5204
vn -0.7669 0.0210 -0.6414
vn -0.6651 0.5247 -0.5313
vn -0.3917 -0.8426 -0.3696
vn -0.7572 -0.1275 -0.6406
vn -0.7263 0.3510 -0.5911
vn -0.1058 -0.9849 -0.1372
vn -0.6988 -0.3828 -0.6042
vn -0.7637 0.1230 -0.6337
vn -0.5253 0.7494 -0.4031
vn -0.5019 0.1384 -0.8538
vn -0.3588 0.7592 -0.5431
vn -0.3696 -0.6097 -0.7011
vn -0.5019 0.0366 -0.8641
vn -0.4456 0.5376 -0.7158
vn -0.2389 -0.8336 -0.4980
vn -0.4926 -0.1119 -0.8631
vn -0.4821 0.3654 -0.7963
vn -0.0491 -0.9815 -0.1848
vn -0.4492 -0.3681 -0.8141
vn -0.1429 -0.3501 -0.9257
vn -0.1807 0.1574 -0.9709
vn -0.1545 0.7712 -0.6176
vn -0.1059 -0.5942 -0.7973
vn -0.1769 0.0558 -0.9827
vn -0.1763 0.5535 -0.8140
vn -0.0516 -0.8226 -0.5663
vn -0.1679 -0.0928 -0.9814
vn -0.1825 0.3830 -0.9056
vn 0.0204 -0.9774 -0.2102
vn 0.1363 0.4017 -0.9056
vn 0.0944 -0.9731 -0.2102
vn 0.1830 -0.3309 -0.9257
vn 0.1610 0.1775 -0.9709
vn 0.0629 0.7840 -0.6176
vn 0.1748 -0.5777 -0.7973
vn 0.1691 0.0761 -0.9827
vn 0.1102 0.5703 -0.8140
vn 0.1477 -0.8109 -0.5663
vn 0.1776 -0.0725 -0.9814
vn 0.3351 -0.7998 -0.4980
vn 0.5023 -0.0534 -0.8631
vn 0.4359 0.4194 -0.7963
vn 0.1639 -0.9690 -0.1848
vn 0.4892 -0.3129 -0.8141
vn 0.4822 0.1964 -0.8538
vn 0.2673 0.7960 -0.5431
vn 0.4386 -0.5622 -0.7011
vn 0.4942 0.0952 -0.8641
vn 0.3795 0.5862 -0.7158
vn 0.7592 0.1108 -0.6414
vn 0.5990 0.5991 -0.5313
vn 0.4878 -0.7909 -0.3696
vn 0.7670 -0.0378 -0.6406
vn 0.6801 0.4337 -0.5911
vn 0.2206 -0.9657 -0.1372
vn 0.7389 -0.2982 -0.6042
vn 0.7440 0.2118 -0.6337
vn 0.4338 0.8058 -0.4031
vn 0.6536 -0.5495 -0.5204
vn 0.5425 0.8122 -0.2145
vn 0.7940 -0.5412 -0.2769
vn 0.9321 0.1210 -0.3413
vn 0.7423 0.6075 -0.2827
vn 0.5875 -0.7850 -0.1967
vn 0.9397 -0.0276 -0.3408
vn 0.8395 0.4431 -0.3145
vn 0.2576 -0.9635 -0.0730
vn 0.9018 -0.2886 -0.3215
vn 0.9149 0.2218 -0.3372
vn 0.9743 0.2253 -0.0000
vn 0.5803 0.8144 -0.0000
vn 0.8427 -0.5384 -0.0000
vn 0.9922 0.1246 -0.0000
vn 0.7921 0.6104 -0.0000
vn 0.6221 -0.7830 -0.0000
vn 0.9997 -0.0241 -0.0000
vn 0.8948 0.4464 -0.0000
vn 0.2705 -0.9627 -0.0000
vn 0.9584 -0.2853 -0.0000
vn 0.2576 -0.9635 0.0730
vn 0.9018 -0.2886 0.3215
vn 0.9149 0.2218 0.3372
vn 0.5425 0.8122 0.2145
vn 0.7940 -0.5412 0.2769
vn 0.9321 0.1210 0.3413
vn 0.7423 0.6075 0.2827
vn 0.5875 -0.7850 0.1967
vn 0.9397 -0.0276 0.3408
vn 0.8395 0.4431 0.3145
vn 0.7670 -0.0378 0.6406
vn 0.6801 0.4337 0.5911
vn 0.2206 -0.9657 0.1372
vn 0.7389 -0.2982 0.6042
vn 0.7440 0.2118 0.6337
vn 0.4338 0.8058 0.4031
vn 0.6536 -0.5495 0.5204
vn 0.7592 0.1108 0.6414
vn 0.5990 0.5991 0.5313
vn 0.4878 -0.7909 0.3696
vn 0.3795 0.5862 0.7158
vn 0.3351 -0.7998 0.4980
vn 0.5023 -0.0534 0.8631
vn 0.4359 0.4194 0.7963
vn 0.1639 -0.9690 0.1848
vn 0.4892 -0.3129 0.8141
vn 0.4822 0.1964 0.8538
vn 0.2673 0.7960 0.5431
vn 0.4386 -0.5622 0.7011
vn 0.4942 0.0952 0.8641
vn 0.1691 0.0761 0.9827
vn 0.1102 0.5703 0.8140
vn 0.1477 -0.8109 0.5663
vn 0.1776 -0.0725 0.9814
vn 0.1363 0.4017 0.9056
vn 0.0944 -0.9731 0.2102
vn 0.1830 -0.3309 0.9257
vn 0.1610 0.1775 0.9709
vn 0.0629 0.7840 0.6176
vn 0.1748 -0.5777 0.7973
vn 0.1807 0.1574 0.9709
vn 0.1545 0.7712 0.6176
vn 0.1059 -0.5942 0.7973
vn 0.1768 0.0558 0.9827
vn 0.1763 0.5535 0.8140
vn 0.0516 -0.8226 0.5663
vn 0.1679 -0.0928 0.9814
vn 0.1825 0.3830 0.9056
vn -0.0204 -0.9774 0.2102
vn 0.1429 -0.3501 0.9257
vn 0.3588 0.7592 0.5431
vn 0.3696 -0.6097 0.7011
vn 0.5019 0.0366 0.8641
vn 0.4456 0.5376 0.7158
vn 0.2389 -0.8336 0.4980
vn 0.4926 -0.1119 0.8631
vn 0.4821 0.3654 0.7963
vn 0.0491 -0.9815 0.1848
vn 0.4492 -0.3681 0.8141
vn 0.5019 0.1384 0.8538
vn 0.6988 -0.3828 0.6042
vn 0.7637 0.1230 0.6337
vn 0.5253 0.7494 0.4031
vn 0.5846 -0.6224 0.5204
vn 0.7669 0.0210 0.6414
vn 0.6652 0.5247 0.5313
vn 0.3917 -0.8426 0.3696
vn 0.7572 -0.1275 0.6406
vn 0.7263 0.3510 0.5911
vn 0.1058 -0.9849 0.1372
vn 0.8857 0.3416 0.3145
vn 0.1428 -0.9871 0.0730
vn 0.8618 -0.3924 0.3215
vn 0.9346 0.1130 0.3372
vn 0.6340 0.7430 0.2145
vn 0.7250 -0.6306 0.2769
vn 0.9399 0.0109 0.3413
vn 0.8084 0.5163 0.2827
vn 0.4913 -0.8485 0.1967
vn 0.9300 -0.1376 0.3408
vn 0.9900 -0.1412 -0.0000
vn 0.9410 0.3383 -0.0000
vn 0.1557 -0.9878 -0.0000
vn 0.9184 -0.3957 -0.0000
vn 0.9940 0.1095 -0.0000
vn 0.6718 0.7407 -0.0000
vn 0.7737 -0.6335 -0.0000
vn 1.0000 0.0073 -0.0000
vn 0.8582 0.5133 -0.0000
vn 0.5259 -0.8505 -0.0000
vn 0.8084 0.5163 -0.2827
vn 0.4913 -0.8485 -0.1967
vn 0.9300 -0.1376 -0.3408
vn 0.8857 0.3416 -0.3145
vn 0.1428 -0.9871 -0.0730
vn 0.8618 -0.3924 -0.3215
vn 0.9346 0.1130 -0.3372
vn 0.6340 0.7430 -0.2145
vn 0.7250 -0.6306 -0.2769
vn 0.9399 0.0109 -0.3413
vn 0.5846 -0.6224 -0.5204
vn 0.7669 0.0210 -0.6414
vn 0.6651 0.5247 -0.5313
vn 0.3917 -0.8426 -0.3696
vn 0.7572 -0.1275 -0.6406
vn 0.7263 0.3510 -0.5911
vn 0.1058 -0.9849 -0.1372
vn 0.6988 -0.3828 -0.6042
vn 0.7637 0.1230 -0.6337
vn 0.5253 0.7494 -0.4031
vn 0.5019 0.1384 -0.8538
vn 0.3588 0.7592 -0.5431
vn 0.3696 -0.6097 -0.7011
vn 0.5019 0.0366 -0.8641
vn 0.4456 0.5376 -0.7158
vn 0.2389 -0.8336 -0.4980
vn 0.4926 -0.1119 -0.8631
vn 0.4821 0.3654 -0.7963
vn 0.0491 -0.9815 -0.1848
vn 0.4492 -0.3681 -0.8141
vn 0.1429 -0.3501 -0.9257
vn 0.1807 0.1574 -0.9709
vn 0.1545 0.7712 -0.6176
vn 0.1059 -0.5942 -0.7973
vn 0.1769 0.0558 -0.9827
vn 0.1763 0.5535 -0.8140
vn 0.0516 -0.8226 -0.5663
vn 0.1679 -0.0928 -0.9814
vn 0.1825 0.3830 -0.9056
vn -0.0204 -0.9774 -0.2102
vn -0.1363 0.4017 -0.9056
vn -0.0944 -0.9731 -0.2102
vn -0.1830 -0.3309 -0.9257
vn -0.1610 0.1775 -0.9709
vn -0.0629 0.7840 -0.6176
vn -0.1748 -0.5777 -0.7973
vn -0.1691 0.0761 -0.9827
vn -0.1102 0.5703 -0.8140
vn -0.1477 -0.8109 -0.5663
vn -0.1776 -0.0725 -0.9814
vn -0.3351 -0.7998 -0.4980
vn -0.5023 -0.0534 -0.8631
vn -0.4359 0.4194 -0.7963
vn -0.1639 -0.9690 -0.1848
vn -0.4892 -0.3129 -0.8141
vn -0.4822 0.1964 -0.8538
vn -0.2673 0.7960 -0.5431
vn -0.4386 -0.5622 -0.7011
vn -0.4942 0.0952 -0.8641
vn -0.3795 0.5862 -0.7158
vn -0.7592 0.1108 -0.6414
vn -0.5990 0.5991 -0.5313
vn -0.4878 -0.7909 -0.3696
vn -0.7670 -0.0378 -0.6406
vn -0.6801 0.4337 -0.5911
vn -0.2206 -0.9657 -0.1372
vn -0.7389 -0.2982 -0.6042
vn -0.7440 0.2118 -0.6337
vn -0.4338 0.8058 -0.4031
vn -0.6536 -0.5495 -0.5204
vn -0.5425 0.8122 -0.2145
vn -0.7940 -0.5412 -0.2769
vn -0.9321 0.1210 -0.3413
vn -0.7423 0.6075 -0.2827
vn -0.5875 -0.7850 -0.1967
vn -0.9397 -0.0276 -0.3408
vn -0.8395 0.4431 -0.3145
vn -0.2576 -0.9635 -0.0730
vn -0.9018 -0.2886 -0.3215
vn -0.9149 0.2218 -0.3372
vn -0.9743 0.2253 -0.0000
vn -0.5803 0.8144 -0.0000
vn -0.8427 -0.5384 -0.0000
vn -0.9922 0.1246 -0.0000
vn -0.7921 0.6104 -0.0000
vn -0.6221 -0.7830 -0.0000
vn -0.9997 -0.0241 -0.0000
vn -0.8948 0.4464 -0.0000
vn -0.2705 -0.9627 -0.0000
vn -0.9584 -0.2853 -0.0000
vn -0.2576 -0.9635 0.0730
vn -0.9018 -0.2886 0.3215
vn -0.9149 0.2218 0.3372
vn -0.5425 0.8122 0.2145
vn -0.7940 -0.5412 0.2769
vn -0.9321 0.1210 0.3413
vn -0.7423 0.6075 0.2827
vn -0.5875 -0.7850 0.1967
vn -0.9397 -0.0276 0.3408
vn -0.8395 0.4431 0.3145
vn -0.7670 -0.0378 0.6406
vn -0.6801 0.4337 0.5911
vn -0.2206 -0.9657 0.1372
vn -0.7389 -0.2982 0.6042
vn -0.7440 0.2118 0.6337
vn -0.4338 0.8058 0.4031
vn -0.6536 -0.5495 0.5204
vn -0.7592 0.1108 0.6414
vn -0.5990 0.5991 0.5313
vn -0.4878 -0.7909 0.3696
vn -0.3795 0.5862 0.7158
vn -0.3351 -0.7998 0.4980
vn -0.5023 -0.0534 0.8631
vn -0.4359 0.4194 0.7963
vn -0.1639 -0.9690 0.1848
vn -0.4892 -0.3129 0.8141
vn -0.4822 0.1964 0.8538
vn -0.2673 0.7960 0.5431
vn -0.4386 -0.5622 0.7011
vn -0.4942 0.0952 0.8641
vn -0.1691 0.0761 0.9827
vn -0.1102 0.5703 0.8140
vn -0.1477 -0.8109 0.5663
vn -0.1776 -0.0725 0.9814
vn -0.1363 0.4017 0.9056
vn -0.0944 -0.9731 0.2102
vn -0.1830 -0.3309 0.9257
vn -0.1610 0.1775 0.9709
vn -0.0629 0.7840 0.6176
vn -0.1748 -0.5777 0.7973
vt 0.722222 0.600000
vt 0.722222 0.700000
vt 0.666667 0.700000
vt 0.666667 0.600000
vt 0.722222 0.900000
vt 0.694444 1.000000
vt 0.666667 0.900000
vt 0.722222 0.200000
vt 0.722222 0.300000
vt 0.666667 0.300000
vt 0.666667 0.200000
vt 0.722222 0.500000
vt 0.666667 0.500000
vt 0.722222 0.800000
vt 0.666667 0.800000
vt 0.722222 0.100000
vt 0.666667 0.100000
vt 0.722222 0.400000
vt 0.666667 0.400000
vt 0.694444 0.000000
vt 0.638889 1.000000
vt 0.611111 0.900000
vt 0.611111 0.300000
vt 0.611111 0.200000
vt 0.611111 0.600000
vt 0.611111 0.500000
vt 0.611111 0.800000
vt 0.611111 0.100000
vt 0.611111 0.400000
vt 0.611111 0.700000
vt 0.638889 0.000000
vt 0.555555 0.400000
vt 0.555556 0.300000
vt 0.555556 0.700000
vt 0.555555 0.600000
vt 0.583333 1.000000
vt 0.555556 0.900000
vt 0.555556 0.200000
vt 0.555555 0.500000
vt 0.555556 0.800000
vt 0.555556 0.100000
vt 0.583333 0.000000
vt 0.500000 0.800000
vt 0.500000 0.700000
vt 0.527778 0.000000
vt 0.500000 0.100000
vt 0.500000 0.400000
vt 0.500000 0.300000
vt 0.500000 0.600000
vt 0.527778 1.000000
vt 0.500000 0.900000
vt 0.500000 0.200000
vt 0.500000 0.500000
vt 0.444444 0.500000
vt 0.444444 0.400000
vt 0.444444 0.800000
vt 0.444444 0.700000
vt 0.472222 0.000000
vt 0.444444 0.100000
vt 0.444444 0.300000
vt 0.444444 0.600000
vt 0.472222 1.000000
vt 0.444444 0.900000
vt 0.444444 0.200000
vt 0.388889 0.900000
vt 0.388889 0.800000
vt 0.388889 0.200000
vt 0.388889 0.100000
vt 0.388889 0.500000
vt 0.388889 0.400000
vt 0.388889 0.700000
vt 0.416667 0.000000
vt 0.388889 0.300000
vt 0.388889 0.600000
vt 0.416667 1.000000
vt 0.333333 0.300000
vt 0.333333 0.200000
vt 0.333333 0.600000
vt 0.333333 0.500000
vt 0.333333 0.900000
vt 0.333333 0.800000
vt 0.333333 0.100000
vt 0.333333 0.400000
vt 0.333333 0.700000
vt 0.361111 0.000000
vt 0.361111 1.000000
vt 0.277778 0.700000
vt 0.277778 0.600000
vt 0.305556 1.000000
vt 0.277778 0.900000
vt 0.277778 0.300000
vt 0.277778 0.200000
vt 0.277778 0.500000
vt 0.277778 0.800000
vt 0.277778 0.100000
vt 0.277778 0.400000
vt 0.305556 0.000000
vt 0.222222 0.400000
vt 0.222222 0.300000
vt 0.222222 0.700000
vt 0.222222 0.600000
vt 0.250000 1.000000
vt 0.222222 0.900000
vt 0.222222 0.200000
vt 0.222222 0.500000
vt 0.222222 0.800000
vt 0.222222 0.100000
vt 0.250000 0.000000
vt 0.166667 0.800000
vt 0.166667 0.700000
vt 0.194444 0.000000
vt 0.166667 0.100000
vt 0.166667 0.400000
vt 0.166667 0.300000
vt 0.166667 0.600000
vt 0.194444 1.000000
vt 0.166667 0.900000
vt 0.166667 0.200000
vt 0.166667 0.500000
vt 0.111111 0.200000
vt 0.111111 0.100000
vt 0.111111 0.500000
vt 0.111111 0.400000
vt 0.111111 0.800000
vt 0.111111 0.700000
vt 0.138889 0.000000
vt 0.111111 0.300000
vt 0.111111 0.600000
vt 0.138889 1.000000
vt 0.111111 0.900000
vt 0.055556 0.600000
vt 0.055556 0.500000
vt 0.055556 0.900000
vt 0.055556 0.800000
vt 0.055556 0.200000
vt 0.055556 0.100000
vt 0.055556 0.400000
vt 0.055556 0.700000
vt 0.083333 0.000000
vt 0.055556 0.300000
vt 0.083333 1.000000
vt 0.027778 1.000000
vt 0.000000 0.900000
vt 0.000000 0.300000
vt 0.000000 0.200000
vt 0.000000 0.600000
vt 0.000000 0.500000
vt 0.000000 0.800000
vt 0.000000 0.100000
vt 0.000000 0.400000
vt 0.000000 0.700000
vt 0.027778 0.000000
vt 1.000000 0.600000
vt 1.000000 0.700000
vt 0.944444 0.700000
vt 0.944444 0.600000
vt 1.000000 0.900000
vt 0.972222 1.000000
vt 0.944444 0.900000
vt 1.000000 0.200000
vt 1.000000 0.300000
vt 0.944444 0.300000
vt 0.944444 0.200000
vt 1.000000 0.500000
vt 0.944444 0.500000
vt 1.000000 0.800000
vt 0.944444 0.800000
vt 1.000000 0.100000
vt 0.944444 0.100000
vt 1.000000 0.400000
vt 0.944444 0.400000
vt 0.972222 0.000000
vt 0.916667 0.000000
vt 0.888889 0.100000
vt 0.888889 0.400000
vt 0.888889 0.300000
vt 0.888889 0.700000
vt 0.888889 0.600000
vt 0.916667 1.000000
vt 0.888889 0.900000
vt 0.888889 0.200000
vt 0.888889 0.500000
vt 0.888889 0.800000
vt 0.833333 0.500000
vt 0.833333 0.400000
vt 0.833333 0.800000
vt 0.833333 0.700000
vt 0.861111 0.000000
vt 0.833333 0.100000
vt 0.833333 0.300000
vt 0.833333 0.600000
vt 0.861111 1.000000
vt 0.833333 0.900000
vt 0.833333 0.200000
vt 0.777778 0.900000
vt 0.777778 0.800000
vt 0.777778 0.200000
vt 0.777778 0.100000
vt 0.777778 0.500000
vt 0.777778 0.400000
vt 0.777778 0.700000
vt 0.805556 0.000000
vt 0.777778 0.300000
vt 0.777778 0.600000
vt 0.805556 1.000000
vt 0.750000 0.000000
vt 0.750000 1.000000
s 0
f 159/1/1 158/2/1 5/3/1 6/4/1
f 156/5/2 1/6/2 3/7/2
f 163/8/3 162/9/3 9/10/3 10/11/3
f 160/12/4 159/1/4 6/4/4 7/13/4
f 157/14/5 156/5/5 3/7/5 4/15/5
f 164/16/6 163/8/6 10/11/6 11/17/6
f 161/18/7 160/12/7 7/13/7 8/19/7
f 158/2/8 157/14/8 4/15/8 5/3/8
f 2/20/9 164/16/9 11/17/9
f 162/9/10 161/18/10 8/19/10 9/10/10
f 3/7/11 1/21/11 12/22/11
f 10/11/12 9/10/12 18/23/12 19/24/12
f 7/13/13 6/4/13 15/25/13 16/26/13
f 4/15/14 3/7/14 12/22/14 13/27/14
f 11/17/15 10/11/15 19/24/15 20/28/15
f 8/19/16 7/13/16 16/26/16 17/29/16
f 5/3/17 4/15/17 13/27/17 14/30/17
f 2/31/18 11/17/18 20/28/18
f 9/10/19 8/19/19 17/29/19 18/23/19
f 6/4/20 5/3/20 14/30/20 15/25/20
f 18/23/21 17/29/21 26/32/21 27/33/21
f 15/25/22 14/30/22 23/34/22 24/35/22
f 12/22/23 1/36/23 21/37/23
f 19/24/24 18/23/24 27/33/24 28/38/24
f 16/26/25 15/25/25 24/35/25 25/39/25
f 13/27/26 12/22/26 21/37/26 22/40/26
f 20/28/27 19/24/27 28/38/27 29/41/27
f 17/29/28 16/26/28 25/39/28 26/32/28
f 14/30/29 13/27/29 22/40/29 23/34/29
f 2/42/30 20/28/30 29/41/30
f 23/34/31 22/40/31 31/43/31 32/44/31
f 2/45/32 29/41/32 38/46/32
f 27/33/33 26/32/33 35/47/33 36/48/33
f 24/35/34 23/34/34 32/44/34 33/49/34
f 21/37/35 1/50/35 30/51/35
f 28/38/36 27/33/36 36/48/36 37/52/36
f 25/39/37 24/35/37 33/49/37 34/53/37
f 22/40/38 21/37/38 30/51/38 31/43/38
f 29/41/39 28/38/39 37/52/39 38/46/39
f 26/32/40 25/39/40 34/53/40 35/47/40
f 35/47/41 34/53/41 43/54/41 44/55/41
f 32/44/42 31/43/42 40/56/42 41/57/42
f 2/58/43 38/46/43 47/59/43
f 36/48/44 35/47/44 44/55/44 45/60/44
f 33/49/45 32/44/45 41/57/45 42/61/45
f 30/51/46 1/62/46 39/63/46
f 37/52/47 36/48/47 45/60/47 46/64/47
f 34/53/48 33/49/48 42/61/48 43/54/48
f 31/43/49 30/51/49 39/63/49 40/56/49
f 38/46/50 37/52/50 46/64/50 47/59/50
f 40/56/51 39/63/51 48/65/51 49/66/51
f 47/59/52 46/64/52 55/67/52 56/68/52
f 44/55/53 43/54/53 52/69/53 53/70/53
f 41/57/54 40/56/54 49/66/54 50/71/54
f 2/72/55 47/59/55 56/68/55
f 45/60/56 44/55/56 53/70/56 54/73/56
f 42/61/57 41/57/57 50/71/57 51/74/57
f 39/63/58 1/75/58 48/65/58
f 46/64/59 45/60/59 54/73/59 55/67/59
f 43/54/60 42/61/60 51/74/60 52/69/60
f 55/67/61 54/73/61 63/76/61 64/77/61
f 52/69/62 51/74/62 60/78/62 61/79/62
f 49/66/63 48/65/63 57/80/63 58/81/63
f 56/68/64 55/67/64 64/77/64 65/82/64
f 53/70/65 52/69/65 61/79/65 62/83/65
f 50/71/66 49/66/66 58/81/66 59/84/66
f 2/85/67 56/68/67 65/82/67
f 54/73/68 53/70/68 62/83/68 63/76/68
f 51/74/69 50/71/69 59/84/69 60/78/69
f 48/65/70 1/86/70 57/80/70
f 60/78/71 59/84/71 68/87/71 69/88/71
f 57/80/72 1/89/72 66/90/72
f 64/77/73 63/76/73 72/91/73 73/92/73
f 61/79/74 60/78/74 69/88/74 70/93/74
f 58/81/75 57/80/75 66/90/75 67/94/75
f 65/82/76 64/77/76 73/92/76 74/95/76
f 62/83/77 61/79/77 70/93/77 71/96/77
f 59/84/78 58/81/78 67/94/78 68/87/78
f 2/97/79 65/82/79 74/95/79
f 63/76/80 62/83/80 71/96/80 72/91/80
f 72/91/81 71/96/81 80/98/81 81/99/81
f 69/88/82 68/87/82 77/100/82 78/101/82
f 66/90/83 1/102/83 75/103/83
f 73/92/84 72/91/84 81/99/84 82/104/84
f 70/93/85 69/88/85 78/101/85 79/105/85
f 67/94/86 66/90/86 75/103/86 76/106/86
f 74/95/87 73/92/87 82/104/87 83/107/87
f 71/96/88 70/93/88 79/105/88 80/98/88
f 68/87/89 67/94/89 76/106/89 77/100/89
f 2/108/90 74/95/90 83/107/90
f 77/100/91 76/106/91 85/109/91 86/110/91
f 2/111/92 83/107/92 92/112/92
f 81/99/93 80/98/93 89/113/93 90/114/93
f 78/101/94 77/100/94 86/110/94 87/115/94
f 75/103/95 1/116/95 84/117/95
f 82/104/96 81/99/96 90/114/96 91/118/96
f 79/105/97 78/101/97 87/115/97 88/119/97
f 76/106/98 75/103/98 84/117/98 85/109/98
f 83/107/99 82/104/99 91/118/99 92/112/99
f 80/98/100 79/105/100 88/119/100 89/113/100
f 92/112/101 91/118/101 100/120/101 101/121/101
f 89/113/102 88/119/102 97/122/102 98/123/102
f 86/110/103 85/109/103 94/124/103 95/125/103
f 2/126/104 92/112/104 101/121/104
f 90/114/105 89/113/105 98/123/105 99/127/105
f 87/115/106 86/110/106 95/125/106 96/128/106
f 84/117/107 1/129/107 93/130/107
f 91/118/108 90/114/108 99/127/108 100/120/108
f 88/119/109 87/115/109 96/128/109 97/122/109
f 85/109/110 84/117/110 93/130/110 94/124/110
f 97/122/111 96/128/111 105/131/111 106/132/111
f 94/124/112 93/130/112 102/133/112 103/134/112
f 101/121/113 100/120/113 109/135/113 110/136/113
f 98/123/114 97/122/114 106/132/114 107/137/114
f 95/125/115 94/124/115 103/134/115 104/138/115
f 2/139/116 101/121/116 110/136/116
f 99/127/117 98/123/117 107/137/117 108/140/117
f 96/128/118 95/125/118 104/138/118 105/131/118
f 93/130/119 1/141/119 102/133/119
f 100/120/120 99/127/120 108/140/120 109/135/120
f 102/133/121 1/142/121 111/143/121
f 109/135/122 108/140/122 117/144/122 118/145/122
f 106/132/123 105/131/123 114/146/123 115/147/123
f 103/134/124 102/133/124 111/143/124 112/148/124
f 110/136/125 109/135/125 118/145/125 119/149/125
f 107/137/126 106/132/126 115/147/126 116/150/126
f 104/138/127 103/134/127 112/148/127 113/151/127
f 2/152/128 110/136/128 119/149/128
f 108/140/129 107/137/129 116/150/129 117/144/129
f 105/131/130 104/138/130 113/151/130 114/146/130
f 114/153/131 113/154/131 122/155/131 123/156/131
f 111/157/132 1/158/132 120/159/132
f 118/160/133 117/161/133 126/162/133 127/163/133
f 115/164/134 114/153/134 123/156/134 124/165/134
f 112/166/135 111/157/135 120/159/135 121/167/135
f 119/168/136 118/160/136 127/163/136 128/169/136
f 116/170/137 115/164/137 124/165/137 125/171/137
f 113/154/138 112/166/138 121/167/138 122/155/138
f 2/172/139 119/168/139 128/169/139
f 117/161/140 116/170/140 125/171/140 126/162/140
f 2/173/141 128/169/141 137/174/141
f 126/162/142 125/171/142 134/175/142 135/176/142
f 123/156/143 122/155/143 131/177/143 132/178/143
f 120/159/144 1/179/144 129/180/144
f 127/163/145 126/162/145 135/176/145 136/181/145
f 124/165/146 123/156/146 132/178/146 133/182/146
f 121/167/147 120/159/147 129/180/147 130/183/147
f 128/169/148 127/163/148 136/181/148 137/174/148
f 125/171/149 124/165/149 133/182/149 134/175/149
f 122/155/150 121/167/150 130/183/150 131/177/150
f 134/175/151 133/182/151 142/184/151 143/185/151
f 131/177/152 130/183/152 139/186/152 140/187/152
f 2/188/153 137/174/153 146/189/153
f 135/176/154 134/175/154 143/185/154 144/190/154
f 132/178/155 131/177/155 140/187/155 141/191/155
f 129/180/156 1/192/156 138/193/156
f 136/181/157 135/176/157 144/190/157 145/194/157
f 133/182/158 132/178/158 141/191/158 142/184/158
f 130/183/159 129/180/159 138/193/159 139/186/159
f 137/174/160 136/181/160 145/194/160 146/189/160
f 139/186/161 138/193/161 147/195/161 148/196/161
f 146/189/162 145/194/162 154/197/162 155/198/162
f 143/185/163 142/184/163 151/199/163 152/200/163
f 140/187/164 139/186/164 148/196/164 149/201/164
f 2/202/165 146/189/165 155/198/165
f 144/190/166 143/185/166 152/200/166 153/203/166
f 141/191/167 140/187/167 149/201/167 150/204/167
f 138/193/168 1/205/168 147/195/168
f 145/194/169 144/190/169 153/203/169 154/197/169
f 142/184/170 141/191/170 150/204/170 151/199/170
f 151/199/171 150/204/171 159/1/171 160/12/171
f 148/196/172 147/195/172 156/5/172 157/14/172
f 155/198/173 154/197/173 163/8/173 164/16/173
f 152/200/174 151/199/174 160/12/174 161/18/174
f 149/201/175 148/196/175 157/14/175 158/2/175
f 2/206/176 155/198/176 164/16/176
f 153/203/177 152/200/177 161/18/177 162/9/177
f 150/204/178 149/201/178 158/2/178 159/1/178
f 147/195/179 1/207/179 156/5/179
f 154/197/180 153/203/180 162/9/180 163/8/180
f 323/1/181 170/4/181 169/3/181 322/2/181
f 320/5/182 167/7/182 165/6/182
f 327/8/183 174/11/183 173/10/183 326/9/183
f 324/12/184 171/13/184 170/4/184 323/1/184
f 321/14/185 168/15/185 167/7/185 320/5/185
f 328/16/186 175/17/186 174/11/186 327/8/186
f 325/18/187 172/19/187 171/13/187 324/12/187
f 322/2/188 169/3/188 168/15/188 321/14/188
f 166/20/189 175/17/189 328/16/189
f 326/9/190 173/10/190 172/19/190 325/18/190
f 167/7/191 176/22/191 165/21/191
f 174/11/192 183/24/192 182/23/192 173/10/192
f 171/13/193 180/26/193 179/25/193 170/4/193
f 168/15/194 177/27/194 176/22/194 167/7/194
f 175/17/195 184/28/195 183/24/195 174/11/195
f 172/19/196 181/29/196 180/26/196 171/13/196
f 169/3/197 178/30/197 177/27/197 168/15/197
f 166/31/198 184/28/198 175/17/198
f 173/10/199 182/23/199 181/29/199 172/19/199
f 170/4/200 179/25/200 178/30/200 169/3/200
f 182/23/201 191/33/201 190/32/201 181/29/201
f 179/25/202 188/35/202 187/34/202 178/30/202
f 176/22/203 185/37/203 165/36/203
f 183/24/204 192/38/204 191/33/204 182/23/204
f 180/26/205 189/39/205 188/35/205 179/25/205
f 177/27/206 186/40/206 185/37/206 176/22/206
f 184/28/207 193/41/207 192/38/207 183/24/207
f 181/29/208 190/32/208 189/39/208 180/26/208
f 178/30/209 187/34/209 186/40/209 177/27/209
f 166/42/210 193/41/210 184/28/210
f 187/34/211 196/44/211 195/43/211 186/40/211
f 166/45/212 202/46/212 193/41/212
f 191/33/213 200/48/213 199/47/213 190/32/213
f 188/35/214 197/49/214 196/44/214 187/34/214
f 185/37/215 194/51/215 165/50/215
f 192/38/216 201/52/216 200/48/216 191/33/216
f 189/39/217 198/53/217 197/49/217 188/35/217
f 186/40/218 195/43/218 194/51/218 185/37/218
f 193/41/219 202/46/219 201/52/219 192/38/219
f 190/32/220 199/47/220 198/53/220 189/39/220
f 199/47/221 208/55/221 207/54/221 198/53/221
f 196/44/222 205/57/222 204/56/222 195/43/222
f 166/58/223 211/59/223 202/46/223
f 200/48/224 209/60/224 208/55/224 199/47/224
f 197/49/225 206/61/225 205/57/225 196/44/225
f 194/51/226 203/63/226 165/62/226
f 201/52/227 210/64/227 209/60/227 200/48/227
f 198/53/228 207/54/228 206/61/228 197/49/228
f 195/43/229 204/56/229 203/63/229 194/51/229
f 202/46/230 211/59/230 210/64/230 201/52/230
f 204/56/231 213/66/231 212/65/231 203/63/231
f 211/59/232 220/68/232 219/67/232 210/64/232
f 208/55/233 217/70/233 216/69/233 207/54/233
f 205/57/234 214/71/234 213/66/234 204/56/234
f 166/72/235 220/68/235 211/59/235
f 209/60/236 218/73/236 217/70/236 208/55/236
f 206/61/237 215/74/237 214/71/237 205/57/237
f 203/63/238 212/65/238 165/75/238
f 210/64/239 219/67/239 218/73/239 209/60/239
f 207/54/240 216/69/240 215/74/240 206/61/240
f 219/67/241 228/77/241 227/76/241 218/73/241
f 216/69/242 225/79/242 224/78/242 215/74/242
f 213/66/243 222/81/243 221/80/243 212/65/243
f 220/68/244 229/82/244 228/77/244 219/67/244
f 217/70/245 226/83/245 225/79/245 216/69/245
f 214/71/246 223/84/246 222/81/246 213/66/246
f 166/85/247 229/82/247 220/68/247
f 218/73/248 227/76/248 226/83/248 217/70/248
f 215/74/249 224/78/249 223/84/249 214/71/249
f 212/65/250 221/80/250 165/86/250
f 224/78/251 233/88/251 232/87/251 223/84/251
f 221/80/252 230/90/252 165/89/252
f 228/77/253 237/92/253 236/91/253 227/76/253
f 225/79/254 234/93/254 233/88/254 224/78/254
f 222/81/255 231/94/255 230/90/255 221/80/255
f 229/82/256 238/95/256 237/92/256 228/77/256
f 226/83/257 235/96/257 234/93/257 225/79/257
f 223/84/258 232/87/258 231/94/258 222/81/258
f 166/97/259 238/95/259 229/82/259
f 227/76/260 236/91/260 235/96/260 226/83/260
f 236/91/261 245/99/261 244/98/261 235/96/261
f 233/88/262 242/101/262 241/100/262 232/87/262
f 230/90/263 239/103/263 165/102/263
f 237/92/264 246/104/264 245/99/264 236/91/264
f 234/93/265 243/105/265 242/101/265 233/88/265
f 231/94/266 240/106/266 239/103/266 230/90/266
f 238/95/267 247/107/267 246/104/267 237/92/267
f 235/96/268 244/98/268 243/105/268 234/93/268
f 232/87/269 241/100/269 240/106/269 231/94/269
f 166/108/270 247/107/270 238/95/270
f 241/100/271 250/110/271 249/109/271 240/106/271
f 166/111/272 256/112/272 247/107/272
f 245/99/273 254/114/273 253/113/273 244/98/273
f 242/101/274 251/115/274 250/110/274 241/100/274
f 239/103/275 248/117/275 165/116/275
f 246/104/276 255/118/276 254/114/276 245/99/276
f 243/105/277 252/119/277 251/115/277 242/101/277
f 240/106/278 249/109/278 248/117/278 239/103/278
f 247/107/279 256/112/279 255/118/279 246/104/279
f 244/98/280 253/113/280 252/119/280 243/105/280
f 256/112/281 265/121/281 264/120/281 255/118/281
f 253/113/282 262/123/282 261/122/282 252/119/282
f 250/110/283 259/125/283 258/124/283 249/109/283
f 166/126/284 265/121/284 256/112/284
f 254/114/285 263/127/285 262/123/285 253/113/285
f 251/115/286 260/128/286 259/125/286 250/110/286
f 248/117/287 257/130/287 165/129/287
f 255/118/288 264/120/288 263/127/288 254/114/288
f 252/119/289 261/122/289 260/128/289 251/115/289
f 249/109/290 258/124/290 257/130/290 248/117/290
f 261/122/291 270/132/291 269/131/291 260/128/291
f 258/124/292 267/134/292 266/133/292 257/130/292
f 265/121/293 274/136/293 273/135/293 264/120/293
f 262/123/294 271/137/294 270/132/294 261/122/294
f 259/125/295 268/138/295 267/134/295 258/124/295
f 166/139/296 274/136/296 265/121/296
f 263/127/297 272/140/297 271/137/297 262/123/297
f 260/128/298 269/131/298 268/138/298 259/125/298
f 257/130/299 266/133/299 165/141/299
f 264/120/300 273/135/300 272/140/300 263/127/300
f 266/133/301 275/143/301 165/142/301
f 273/135/302 282/145/302 281/144/302 272/140/302
f 270/132/303 279/147/303 278/146/303 269/131/303
f 267/134/304 276/148/304 275/143/304 266/133/304
f 274/136/305 283/149/305 282/145/305 273/135/305
f 271/137/306 280/150/306 279/147/306 270/132/306
f 268/138/307 277/151/307 276/148/307 267/134/307
f 166/152/308 283/149/308 274/136/308
f 272/140/309 281/144/309 280/150/309 271/137/309
f 269/131/310 278/146/310 277/151/310 268/138/310
f 278/153/311 287/156/311 286/155/311 277/154/311
f 275/157/312 284/159/312 165/158/312
f 282/160/313 291/163/313 290/162/313 281/161/313
f 279/164/314 288/165/314 287/156/314 278/153/314
f 276/166/315 285/167/315 284/159/315 275/157/315
f 283/168/316 292/169/316 291/163/316 282/160/316
f 280/170/317 289/171/317 288/165/317 279/164/317
f 277/154/318 286/155/318 285/167/318 276/166/318
f 166/172/319 292/169/319 283/168/319
f 281/161/320 290/162/320 289/171/320 280/170/320
f 166/173/321 301/174/321 292/169/321
f 290/162/322 299/176/322 298/175/322 289/171/322
f 287/156/323 296/178/323 295/177/323 286/155/323
f 284/159/324 293/180/324 165/179/324
f 291/163/325 300/181/325 299/176/325 290/162/325
f 288/165/326 297/182/326 296/178/326 287/156/326
f 285/167/327 294/183/327 293/180/327 284/159/327
f 292/169/328 301/174/328 300/181/328 291/163/328
f 289/171/329 298/175/329 297/182/329 288/165/329
f 286/155/330 295/177/330 294/183/330 285/167/330
f 298/175/331 307/185/331 306/184/331 297/182/331
f 295/177/332 304/187/332 303/186/332 294/183/332
f 166/188/333 310/189/333 301/174/333
f 299/176/334 308/190/334 307/185/334 298/175/334
f 296/178/335 305/191/335 304/187/335 295/177/335
f 293/180/336 302/193/336 165/192/336
f 300/181/337 309/194/337 308/190/337 299/176/337
f 297/182/338 306/184/338 305/191/338 296/178/338
f 294/183/339 303/186/339 302/193/339 293/180/339
f 301/174/340 310/189/340 309/194/340 300/181/340
f 303/186/341 312/196/341 311/195/341 302/193/341
f 310/189/342 319/198/342 318/197/342 309/194/342
f 307/185/343 316/200/343 315/199/343 306/184/343
f 304/187/344 313/201/344 312/196/344 303/186/344
f 166/202/345 319/198/345 310/189/345
f 308/190/346 317/203/346 316/200/346 307/185/346
f 305/191/347 314/204/347 313/201/347 304/187/347
f 302/193/348 311/195/348 165/205/348
f 309/194/349 318/197/349 317/203/349 308/190/349
f 306/184/350 315/199/350 314/204/350 305/191/350
f 315/199/351 324/12/351 323/1/351 314/204/351
f 312/196/352 321/14/352 320/5/352 311/195/352
f 319/198/353 328/16/353 327/8/353 318/197/353
f 316/200/354 325/18/354 324/12/354 315/199/354
f 313/201/355 322/2/355 321/14/355 312/196/355
f 166/206/356 328/16/356 319/198/356
f 317/203/357 326/9/357 325/18/357 316/200/357
f 314/204/358 323/1/358 322/2/358 313/201/358
f 311/195/359 320/5/359 165/207/359
f 318/197/360 327/8/360 326/9/360 317/203/360
f 487/1/361 486/2/361 333/3/361 334/4/361
f 484/5/362 329/6/362 331/7/362
f 491/8/363 490/9/363 337/10/363 338/11/363
f 488/12/364 487/1/364 334/4/364 335/13/364
f 485/14/365 484/5/365 331/7/365 332/15/365
f 492/16/366 491/8/366 338/11/366 339/17/366
f 489/18/367 488/12/367 335/13/367 336/19/367
f 486/2/368 485/14/368 332/15/368 333/3/368
f 330/20/369 492/16/369 339/17/369
f 490/9/370 489/18/370 336/19/370 337/10/370
f 331/7/371 329/21/371 340/22/371
f 338/11/372 337/10/372 346/23/372 347/24/372
f 335/13/373 334/4/373 343/25/373 344/26/373
f 332/15/374 331/7/374 340/22/374 341/27/374
f 339/17/375 338/11/375 347/24/375 348/28/375
f 336/19/376 335/13/376 344/26/376 345/29/376
f 333/3/377 332/15/377 341/27/377 342/30/377
f 330/31/378 339/17/378 348/28/378
f 337/10/379 336/19/379 345/29/379 346/23/379
f 334/4/380 333/3/380 342/30/380 343/25/380
f 346/23/381 345/29/381 354/32/381 355/33/381
f 343/25/382 342/30/382 351/34/382 352/35/382
f 340/22/383 329/36/383 349/37/383
f 347/24/384 346/23/384 355/33/384 356/38/384
f 344/26/385 343/25/385 352/35/385 353/39/385
f 341/27/386 340/22/386 349/37/386 350/40/386
f 348/28/387 347/24/387 356/38/387 357/41/387
f 345/29/388 344/26/388 353/39/388 354/32/388
f 342/30/389 341/27/389 350/40/389 351/34/389
f 330/42/390 348/28/390 357/41/390
f 351/34/391 350/40/391 359/43/391 360/44/391
f 330/45/392 357/41/392 366/46/392
f 355/33/393 354/32/393 363/47/393 364/48/393
f 352/35/394 351/34/394 360/44/394 361/49/394
f 349/37/395 329/50/395 358/51/395
f 356/38/396 355/33/396 364/48/396 365/52/396
f 353/39/397 352/35/397 361/49/397 362/53/397
f 350/40/398 349/37/398 358/51/398 359/43/398
f 357/41/399 356/38/399 365/52/399 366/46/399
f 354/32/400 353/39/400 362/53/400 363/47/400
f 363/47/401 362/53/401 371/54/401 372/55/401
f 360/44/402 359/43/402 368/56/402 369/57/402
f 330/58/403 366/46/403 375/59/403
f 364/48/404 363/47/404 372/55/404 373/60/404
f 361/49/405 360/44/405 369/57/405 370/61/405
f 358/51/406 329/62/406 367/63/406
f 365/52/407 364/48/407 373/60/407 374/64/407
f 362/53/408 361/49/408 370/61/408 371/54/408
f 359/43/409 358/51/409 367/63/409 368/56/409
f 366/46/410 365/52/410 374/64/410 375/59/410
f 368/56/411 367/63/411 376/65/411 377/66/411
f 375/59/412 374/64/412 383/67/412 384/68/412
f 372/55/413 371/54/413 380/69/413 381/70/413
f 369/57/414 368/56/414 377/66/414 378/71/414
f 330/72/415 375/59/415 384/68/415
f 373/60/416 372/55/416 381/70/416 382/73/416
f 370/61/417 369/57/417 378/71/417 379/74/417
f 367/63/418 329/75/418 376/65/418
f 374/64/419 373/60/419 382/73/419 383/67/419
f 371/54/420 370/61/420 379/74/420 380/69/420
f 383/67/421 382/73/421 391/76/421 392/77/421
f 380/69/422 379/74/422 388/78/422 389/79/422
f 377/66/423 376/65/423 385/80/423 386/81/423
f 384/68/424 383/67/424 392/77/424 393/82/424
f 381/70/425 380/69/425 389/79/425 390/83/425
f 378/71/426 377/66/426 386/81/426 387/84/426
f 330/85/427 384/68/427 393/82/427
f 382/73/428 381/70/428 390/83/428 391/76/428
f 379/74/429 378/71/429 387/84/429 388/78/429
f 376/65/430 329/86/430 385/80/430
f 388/78/431 387/84/431 396/87/431 397/88/431
f 385/80/432 329/89/432 394/90/432
f 392/77/433 391/76/433 400/91/433 401/92/433
f 389/79/434 388/78/434 397/88/434 398/93/434
f 386/81/435 385/80/435 394/90/435 395/94/435
f 393/82/436 392/77/436 401/92/436 402/95/436
f 390/83/437 389/79/437 398/93/437 399/96/437
f 387/84/438 386/81/438 395/94/438 396/87/438
f 330/97/439 393/82/439 402/95/439
f 391/76/440 390/83/440 399/96/440 400/91/440
f 400/91/441 399/96/441 408/98/441 409/99/441
f 397/88/442 396/87/442 405/100/442 406/101/442
f 394/90/443 329/102/443 403/103/443
f 401/92/444 400/91/444 409/99/444 410/104/444
f 398/93/445 397/88/445 406/101/445 407/105/445
f 395/94/446 394/90/446 403/103/446 404/106/446
f 402/95/447 401/92/447 410/104/447 411/107/447
f 399/96/448 398/93/448 407/105/448 408/98/448
f 396/87/449 395/94/449 404/106/449 405/100/449
f 330/108/450 402/95/450 411/107/450
f 405/100/451 404/106/451 413/109/451 414/110/451
f 330/111/452 411/107/452 420/112/452
f 409/99/453 408/98/453 417/113/453 418/114/453
f 406/101/454 405/100/454 414/110/454 415/115/454
f 403/103/455 329/116/455 412/117/455
f 410/104/456 409/99/456 418/114/456 419/118/456
f 407/105/457 406/101/457 415/115/457 416/119/457
f 404/106/458 403/103/458 412/117/458 413/109/458
f 411/107/459 410/104/459 419/118/459 420/112/459
f 408/98/460 407/105/460 416/119/460 417/113/460
f 420/112/461 419/118/461 428/120/461 429/121/461
f 417/113/462 416/119/462 425/122/462 426/123/462
f 414/110/463 413/109/463 422/124/463 423/125/463
f 330/126/464 420/112/464 429/121/464
f 418/114/465 417/113/465 426/123/465 427/127/465
f 415/115/466 414/110/466 423/125/466 424/128/466
f 412/117/467 329/129/467 421/130/467
f 419/118/468 418/114/468 427/127/468 428/120/468
f 416/119/469 415/115/469 424/128/469 425/122/469
f 413/109/470 412/117/470 421/130/470 422/124/470
f 425/122/471 424/128/471 433/131/471 434/132/471
f 422/124/472 421/130/472 430/133/472 431/134/472
f 429/121/473 428/120/473 437/135/473 438/136/473
f 426/123/474 425/122/474 434/132/474 435/137/474
f 423/125/475 422/124/475 431/134/475 432/138/475
f 330/139/476 429/121/476 438/136/476
f 427/127/477 426/123/477 435/137/477 436/140/477
f 424/128/478 423/125/478 432/138/478 433/131/478
f 421/130/479 329/141/479 430/133/479
f 428/120/480 427/127/480 436/140/480 437/135/480
f 430/133/481 329/142/481 439/143/481
f 437/135/482 436/140/482 445/144/482 446/145/482
f 434/132/483 433/131/483 442/146/483 443/147/483
f 431/134/484 430/133/484 439/143/484 440/148/484
f 438/136/485 437/135/485 446/145/485 447/149/485
f 435/137/486 434/132/486 443/147/486 444/150/486
f 432/138/487 431/134/487 440/148/487 441/151/487
f 330/152/488 438/136/488 447/149/488
f 436/140/489 435/137/489 444/150/489 445/144/489
f 433/131/490 432/138/490 441/151/490 442/146/490
f 442/153/491 441/154/491 450/155/491 451/156/491
f 439/157/492 329/158/492 448/159/492
f 446/160/493 445/161/493 454/162/493 455/163/493
f 443/164/494 442/153/494 451/156/494 452/165/494
f 440/166/495 439/157/495 448/159/495 449/167/495
f 447/168/496 446/160/496 455/163/496 456/169/496
f 444/170/497 443/164/497 452/165/497 453/171/497
f 441/154/498 440/166/498 449/167/498 450/155/498
f 330/172/499 447/168/499 456/169/499
f 445/161/500 444/170/500 453/171/500 454/162/500
f 330/173/501 456/169/501 465/174/501
f 454/162/502 453/171/502 462/175/502 463/176/502
f 451/156/503 450/155/503 459/177/503 460/178/503
f 448/159/504 329/179/504 457/180/504
f 455/163/505 454/162/505 463/176/505 464/181/505
f 452/165/506 451/156/506 460/178/506 461/182/506
f 449/167/507 448/159/507 457/180/507 458/183/507
f 456/169/508 455/163/508 464/181/508 465/174/508
f 453/171/509 452/165/509 461/182/509 462/175/509
f 450/155/510 449/167/510 458/183/510 459/177/510
f 462/175/511 461/182/511 470/184/511 471/185/511
f 459/177/512 458/183/512 467/186/512 468/187/512
f 330/188/513 465/174/513 474/189/513
f 463/176/514 462/175/514 471/185/514 472/190/514
f 460/178/515 459/177/515 468/187/515 469/191/515
f 457/180/516 329/192/516 466/193/516
f 464/181/517 463/176/517 472/190/517 473/194/517
f 461/182/518 460/178/518 469/191/518 470/184/518
f 458/183/519 457/180/519 466/193/519 467/186/519
f 465/174/520 464/181/520 473/194/520 474/189/520
f 467/186/521 466/193/521 475/195/521 476/196/521
f 474/189/522 473/194/522 482/197/522 483/198/522
f 471/185/523 470/184/523 479/199/523 480/200/523
f 468/187/524 467/186/524 476/196/524 477/201/524
f 330/202/525 474/189/525 483/198/525
f 472/190/526 471/185/526 480/200/526 481/203/526
f 469/191/527 468/187/527 477/201/527 478/204/527
f 466/193/528 329/205/528 475/195/528
f 473/194/529 472/190/529 481/203/529 482/197/529
f 470/184/530 469/191/530 478/204/530 479/199/530
f 479/199/531 478/204/531 487/1/531 488/12/531
f 476/196/532 475/195/532 484/5/532 485/14/532
f 483/198/533 482/197/533 491/8/533 492/16/533
f 480/200/534 479/199/534 488/12/534 489/18/534
f 477/201/535 476/196/535 485/14/535 486/2/535
f 330/206/536 483/198/536 492/16/536
f 481/203/537 480/200/537 489/18/537 490/9/537
f 478/204/538 477/201/538 486/2/538 487/1/538
f 475/195/539 329/207/539 484/5/539
f 482/197/540 481/203/540 490/9/540 491/8/540
f 651/1/541 650/2/541 497/3/541 498/4/541
f 648/5/542 493/6/542 495/7/542
f 655/8/543 654/9/543 501/10/543 502/11/543
f 652/12/544 651/1/544 498/4/544 499/13/544
f 649/14/545 648/5/545 495/7/545 496/15/545
f 656/16/546 655/8/546 502/11/546 503/17/546
f 653/18/547 652/12/547 499/13/547 500/19/547
f 650/2/548 649/14/548 496/15/548 497/3/548
f 494/20/549 656/16/549 503/17/549
f 654/9/550 653/18/550 500/19/550 501/10/550
f 495/7/551 493/21/551 504/22/551
f 502/11/552 501/10/552 510/23/552 511/24/552
f 499/13/553 498/4/553 507/25/553 508/26/553
f 496/15/554 495/7/554 504/22/554 505/27/554
f 503/17/555 502/11/555 511/24/555 512/28/555
f 500/19/556 499/13/556 508/26/556 509/29/556
f 497/3/557 496/15/557 505/27/557 506/30/557
f 494/31/558 503/17/558 512/28/558
f 501/10/559 500/19/559 509/29/559 510/23/559
f 498/4/560 497/3/560 506/30/560 507/25/560
f 510/23/561 509/29/561 518/32/561 519/33/561
f 507/25/562 506/30/562 515/34/562 516/35/562
f 504/22/563 493/36/563 513/37/563
f 511/24/564 510/23/564 519/33/564 520/38/564
f 508/26/565 507/25/565 516/35/565 517/39/565
f 505/27/566 504/22/566 513/37/566 514/40/566
f 512/28/567 511/24/567 520/38/567 521/41/567
f 509/29/568 508/26/568 517/39/568 518/32/568
f 506/30/569 505/27/569 514/40/569 515/34/569
f 494/42/570 512/28/570 521/41/570
f 515/34/571 514/40/571 523/43/571 524/44/571
f 494/45/572 521/41/572 530/46/572
f 519/33/573 518/32/573 527/47/573 528/48/573
f 516/35/574 515/34/574 524/44/574 525/49/574
f 513/37/575 493/50/575 522/51/575
f 520/38/576 519/33/576 528/48/576 529/52/576
f 517/39/577 516/35/577 525/49/577 526/53/577
f 514/40/578 513/37/578 522/51/578 523/43/578
f 521/41/579 520/38/579 529/52/579 530/46/579
f 518/32/580 517/39/580 526/53/580 527/47/580
f 527/47/581 526/53/581 535/54/581 536/55/581
f 524/44/582 523/43/582 532/56/582 533/57/582
f 494/58/583 530/46/583 539/59/583
f 528/48/584 527/47/584 536/55/584 537/60/584
f 525/49/585 524/44/585 533/57/585 534/61/585
f 522/51/586 493/62/586 531/63/586
f 529/52/587 528/48/587 537/60/587 538/64/587
f 526/53/588 525/49/588 534/61/588 535/54/588
f 523/43/589 522/51/589 531/63/589 532/56/589
f 530/46/590 529/52/590 538/64/590 539/59/590
f 532/56/591 531/63/591 540/65/591 541/66/591
f 539/59/592 538/64/592 547/67/592 548/68/592
f 536/55/593 535/54/593 544/69/593 545/70/593
f 533/57/594 532/56/594 541/66/594 542/71/594
f 494/72/595 539/59/595 548/68/595
f 537/60/596 536/55/596 545/70/596 546/73/596
f 534/61/597 533/57/597 542/71/597 543/74/597
f 531/63/598 493/75/598 540/65/598
f 538/64/599 537/60/599 546/73/599 547/67/599
f 535/54/600 534/61/600 543/74/600 544/69/600
f 547/67/601 546/73/601 555/76/601 556/77/601
f 544/69/602 543/74/602 552/78/602 553/79/602
f 541/66/603 540/65/603 549/80/603 550/81/603
f 548/68/604 547/67/604 556/77/604 557/82/604
f 545/70/605 544/69/605 553/79/605 554/83/605
f 542/71/606 541/66/606 550/81/606 551/84/606
f 494/85/607 548/68/607 557/82/607
f 546/73/608 545/70/608 554/83/608 555/76/608
f 543/74/609 542/71/609 551/84/609 552/78/609
f 540/65/610 493/86/610 549/80/610
f 552/78/611 551/84/611 560/87/611 561/88/611
f 549/80/612 493/89/612 558/90/612
f 556/77/613 555/76/613 564/91/613 565/92/613
f 553/79/614 552/78/614 561/88/614 562/93/614
f 550/81/615 549/80/615 558/90/615 559/94/615
f 557/82/616 556/77/616 565/92/616 566/95/616
f 554/83/617 553/79/617 562/93/617 563/96/617
f 551/84/618 550/81/618 559/94/618 560/87/618
f 494/97/619 557/82/619 566/95/619
f 555/76/620 554/83/620 563/96/620 564/91/620
f 564/91/621 563/96/621 572/98/621 573/99/621
f 561/88/622 560/87/622 569/100/622 570/101/622
f 558/90/623 493/102/623 567/103/623
f 565/92/624 564/91/624 573/99/624 574/104/624
f 562/93/625 561/88/625 570/101/625 571/105/625
f 559/94/626 558/90/626 567/103/626 568/106/626
f 566/95/627 565/92/627 574/104/627 575/107/627
f 563/96/628 562/93/628 571/105/628 572/98/628
f 560/87/629 559/94/629 568/106/629 569/100/629
f 494/108/630 566/95/630 575/107/630
f 569/100/631 568/106/631 577/109/631 578/110/631
f 494/111/632 575/107/632 584/112/632
f 573/99/633 572/98/633 581/113/633 582/114/633
f 570/101/634 569/100/634 578/110/634 579/115/634
f 567/103/635 493/116/635 576/117/635
f 574/104/636 573/99/636 582/114/636 583/118/636
f 571/105/637 570/101/637 579/115/637 580/119/637
f 568/106/638 567/103/638 576/117/638 577/109/638
f 575/107/639 574/104/639 583/118/639 584/112/639
f 572/98/640 571/105/640 580/119/640 581/113/640
f 584/112/641 583/118/641 592/120/641 593/121/641
f 581/113/642 580/119/642 589/122/642 590/123/642
f 578/110/643 577/109/643 586/124/643 587/125/643
f 494/126/644 584/112/644 593/121/644
f 582/114/645 581/113/645 590/123/645 591/127/645
f 579/115/646 578/110/646 587/125/646 588/128/646
f 576/117/647 493/129/647 585/130/647
f 583/118/648 582/114/648 591/127/648 592/120/648
f 580/119/649 579/115/649 588/128/649 589/122/649
f 577/109/650 576/117/650 585/130/650 586/124/650
f 589/122/651 588/128/651 597/131/651 598/132/651
f 586/124/652 585/130/652 594/133/652 595/134/652
f 593/121/653 592/120/653 601/135/653 602/136/653
f 590/123/654 589/122/654 598/132/654 599/137/654
f 587/125/655 586/124/655 595/134/655 596/138/655
f 494/139/656 593/121/656 602/136/656
f 591/127/657 590/123/657 599/137/657 600/140/657
f 588/128/658 587/125/658 596/138/658 597/131/658
f 585/130/659 493/141/659 594/133/659
f 592/120/660 591/127/660 600/140/660 601/135/660
f 594/133/661 493/142/661 603/143/661
f 601/135/662 600/140/662 609/144/662 610/145/662
f 598/132/663 597/131/663 606/146/663 607/147/663
f 595/134/664 594/133/664 603/143/664 604/148/664
f 602/136/665 601/135/665 610/145/665 611/149/665
f 599/137/666 598/132/666 607/147/666 608/150/666
f 596/138/667 595/134/667 604/148/667 605/151/667
f 494/152/668 602/136/668 611/149/668
f 600/140/669 599/137/669 608/150/669 609/144/669
f 597/131/670 596/138/670 605/151/670 606/146/670
f 606/153/671 605/154/671 614/155/671 615/156/671
f 603/157/672 493/158/672 612/159/672
f 610/160/673 609/161/673 618/162/673 619/163/673
f 607/164/674 606/153/674 615/156/674 616/165/674
f 604/166/675 603/157/675 612/159/675 613/167/675
f 611/168/676 610/160/676 619/163/676 620/169/676
f 608/170/677 607/164/677 616/165/677 617/171/677
f 605/154/678 604/166/678 613/167/678 614/155/678
f 494/172/679 611/168/679 620/169/679
f 609/161/680 608/170/680 617/171/680 618/162/680
f 494/173/681 620/169/681 629/174/681
f 618/162/682 617/171/682 626/175/682 627/176/682
f 615/156/683 614/155/683 623/177/683 624/178/683
f 612/159/684 493/179/684 621/180/684
f 619/163/685 618/162/685 627/176/685 628/181/685
f 616/165/686 615/156/686 624/178/686 625/182/686
f 613/167/687 612/159/687 621/180/687 622/183/687
f 620/169/688 619/163/688 628/181/688 629/174/688
f 617/171/689 616/165/689 625/182/689 626/175/689
f 614/155/690 613/167/690 622/183/690 623/177/690
f 626/175/691 625/182/691 634/184/691 635/185/691
f 623/177/692 622/183/692 631/186/692 632/187/692
f 494/188/693 629/174/693 638/189/693
f 627/176/694 626/175/694 635/185/694 636/190/694
f 624/178/695 623/177/695 632/187/695 633/191/695
f 621/180/696 493/192/696 630/193/696
f 628/181/697 627/176/697 636/190/697 637/194/697
f 625/182/698 624/178/698 633/191/698 634/184/698
f 622/183/699 621/180/699 630/193/699 631/186/699
f 629/174/700 628/181/700 637/194/700 638/189/700
f 631/186/701 630/193/701 639/195/701 640/196/701
f 638/189/702 637/194/702 646/197/702 647/198/702
f 635/185/703 634/184/703 643/199/703 644/200/703
f 632/187/704 631/186/704 640/196/704 641/201/704
f 494/202/705 638/189/705 647/198/705
f 636/190/706 635/185/706 644/200/706 645/203/706
f 633/191/707 632/187/707 641/201/707 642/204/707
f 630/193/708 493/205/708 639/195/708
f 637/194/709 636/190/709 645/203/709 646/197/709
f 634/184/710 633/191/710 642/204/710 643/199/710
f 643/199/711 642/204/711 651/1/711 652/12/711
f 640/196/712 639/195/712 648/5/712 649/14/712
f 647/198/713 646/197/713 655/8/713 656/16/713
f 644/200/714 643/199/714 652/12/714 653/18/714
f 641/201/715 640/196/715 649/14/715 650/2/715
f 494/206/716 647/198/716 656/16/716
f 645/203/717 644/200/717 653/18/717 654/9/717
f 642/204/718 641/201/718 650/2/718 651/1/718
f 639/195/719 493/207/719 648/5/719
f 646/197/720 645/203/720 654/9/720 655/8/720
f 815/1/721 814/2/721 661/3/721 662/4/721
f 812/5/722 657/6/722 659/7/722
f 819/8/723 818/9/723 665/10/723 666/11/723
f 816/12/724 815/1/724 662/4/724 663/13/724
f 813/14/725 812/5/725 659/7/725 660/15/725
f 820/16/726 819/8/726 666/11/726 667/17/726
f 817/18/727 816/12/727 663/13/727 664/19/727
f 814/2/728 813/14/728 660/15/728 661/3/728
f 658/20/729 820/16/729 667/17/729
f 818/9/730 817/18/730 664/19/730 665/10/730
f 659/7/731 657/21/731 668/22/731
f 666/11/732 665/10/732 674/23/732 675/24/732
f 663/13/733 662/4/733 671/25/733 672/26/733
f 660/15/734 659/7/734 668/22/734 669/27/734
f 667/17/735 666/11/735 675/24/735 676/28/735
f 664/19/736 663/13/736 672/26/736 673/29/736
f 661/3/737 660/15/737 669/27/737 670/30/737
f 658/31/738 667/17/738 676/28/738
f 665/10/739 664/19/739 673/29/739 674/23/739
f 662/4/740 661/3/740 670/30/740 671/25/740
f 674/23/741 673/29/741 682/32/741 683/33/741
f 671/25/742 670/30/742 679/34/742 680/35/742
f 668/22/743 657/36/743 677/37/743
f 675/24/744 674/23/744 683/33/744 684/38/744
f 672/26/745 671/25/745 680/35/745 681/39/745
f 669/27/746 668/22/746 677/37/746 678/40/746
f 676/28/747 675/24/747 684/38/747 685/41/747
f 673/29/748 672/26/748 681/39/748 682/32/748
f 670/30/749 669/27/749 678/40/749 679/34/749
f 658/42/750 676/28/750 685/41/750
f 679/34/751 678/40/751 687/43/751 688/44/751
f 658/45/752 685/41/752 694/46/752
f 683/33/753 682/32/753 691/47/753 692/48/753
f 680/35/754 679/34/754 688/44/754 689/49/754
f 677/37/755 657/50/755 686/51/755
f 684/38/756 683/33/756 692/48/756 693/52/756
f 681/39/757 680/35/757 689/49/757 690/53/757
f 678/40/758 677/37/758 686/51/758 687/43/758
f 685/41/759 684/38/759 693/52/759 694/46/759
f 682/32/760 681/39/760 690/53/760 691/47/760
f 691/47/761 690/53/761 699/54/761 700/55/761
f 688/44/762 687/43/762 696/56/762 697/57/762
f 658/58/763 694/46/763 703/59/763
f 692/48/764 691/47/764 700/55/764 701/60/764
f 689/49/765 688/44/765 697/57/765 698/61/765
f 686/51/766 657/62/766 695/63/766
f 693/52/767 692/48/767 701/60/767 702/64/767
f 690/53/768 689/49/768 698/61/768 699/54/768
f 687/43/769 686/51/769 695/63/769 696/56/769
f 694/46/770 693/52/770 702/64/770 703/59/770
f 696/56/771 695/63/771 704/65/771 705/66/771
f 703/59/772 702/64/772 711/67/772 712/68/772
f 700/55/773 699/54/773 708/69/773 709/70/773
f 697/57/774 696/56/774 705/66/774 706/71/774
f 658/72/775 703/59/775 712/68/775
f 701/60/776 700/55/776 709/70/776 710/73/776
f 698/61/777 697/57/777 706/71/777 707/74/777
f 695/63/778 657/75/778 704/65/778
f 702/64/779 701/60/779 710/73/779 711/67/779
f 699/54/780 698/61/780 707/74/780 708/69/780
f 711/67/781 710/73/781 719/76/781 720/77/781
f 708/69/782 707/74/782 716/78/782 717/79/782
f 705/66/783 704/65/783 713/80/783 714/81/783
f 712/68/784 711/67/784 720/77/784 721/82/784
f 709/70/785 708/69/785 717/79/785 718/83/785
f 706/71/786 705/66/786 714/81/786 715/84/786
f 658/85/787 712/68/787 721/82/787
f 710/73/788 709/70/788 718/83/788 719/76/788
f 707/74/789 706/71/789 715/84/789 716/78/789
f 704/65/790 657/86/790 713/80/790
f 716/78/791 715/84/791 724/87/791 725/88/791
f 713/80/792 657/89/792 722/90/792
f 720/77/793 719/76/793 728/91/793 729/92/793
f 717/79/794 716/78/794 725/88/794 726/93/794
f 714/81/795 713/80/795 722/90/795 723/94/795
f 721/82/796 720/77/796 729/92/796 730/95/796
f 718/83/797 717/79/797 726/93/797 727/96/797
f 715/84/798 714/81/798 723/94/798 724/87/798
f 658/97/799 721/82/799 730/95/799
f 719/76/800 718/83/800 727/96/800 728/91/800
f 728/91/801 727/96/801 736/98/801 737/99/801
f 725/88/802 724/87/802 733/100/802 734/101/802
f 722/90/803 657/102/803 731/103/803
f 729/92/804 728/91/804 737/99/804 738/104/804
f 726/93/805 725/88/805 734/101/805 735/105/805
f 723/94/806 722/90/806 731/103/806 732/106/806
f 730/95/807 729/92/807 738/104/807 739/107/807
f 727/96/808 726/93/808 735/105/808 736/98/808
f 724/87/809 723/94/809 732/106/809 733/100/809
f 658/108/810 730/95/810 739/107/810
f 733/100/811 732/106/811 741/109/811 742/110/811
f 658/111/812 739/107/812 748/112/812
f 737/99/813 736/98/813 745/113/813 746/114/813
f 734/101/814 733/100/814 742/110/814 743/115/814
f 731/103/815 657/116/815 740/117/815
f 738/104/816 737/99/816 746/114/816 747/118/816
f 735/105/817 734/101/817 743/115/817 744/119/817
f 732/106/818 731/103/818 740/117/818 741/109/818
f 739/107/819 738/104/819 747/118/819 748/112/819
f 736/98/820 735/105/820 744/119/820 745/113/820
f 748/112/821 747/118/821 756/120/821 757/121/821
f 745/113/822 744/119/822 753/122/822 754/123/822
f 742/110/823 741/109/823 750/124/823 751/125/823
f 658/126/824 748/112/824 757/121/824
f 746/114/825 745/113/825 754/123/825 755/127/825
f 743/115/826 742/110/826 751/125/826 752/128/826
f 740/117/827 657/129/827 749/130/827
f 747/118/828 746/114/828 755/127/828 756/120/828
f 744/119/829 743/115/829 752/128/829 753/122/829
f 741/109/830 740/117/830 749/130/830 750/124/830
f 753/122/831 752/128/831 761/131/831 762/132/831
f 750/124/832 749/130/832 758/133/832 759/134/832
f 757/121/833 756/120/833 765/135/833 766/136/833
f 754/123/834 753/122/834 762/132/834 763/137/834
f 751/125/835 750/124/835 759/134/835 760/138/835
f 658/139/836 757/121/836 766/136/836
f 755/127/837 754/123/837 763/137/837 764/140/837
f 752/128/838 751/125/838 760/138/838 761/131/838
f 749/130/839 657/141/839 758/133/839
f 756/120/840 755/127/840 764/140/840 765/135/840
f 758/133/841 657/142/841 767/143/841
f 765/135/842 764/140/842 773/144/842 774/145/842
f 762/132/843 761/131/843 770/146/843 771/147/843
f 759/134/844 758/133/844 767/143/844 768/148/844
f 766/136/845 765/135/845 774/145/845 775/149/845
f 763/137/846 762/132/846 771/147/846 772/150/846
f 760/138/847 759/134/847 768/148/847 769/151/847
f 658/152/848 766/136/848 775/149/848
f 764/140/849 763/137/849 772/150/849 773/144/849
f 761/131/850 760/138/850 769/151/850 770/146/850
f 770/153/851 769/154/851 778/155/851 779/156/851
f 767/157/852 657/158/852 776/159/852
f 774/160/853 773/161/853 782/162/853 783/163/853
f 771/164/854 770/153/854 779/156/854 780/165/854
f 768/166/855 767/157/855 776/159/855 777/167/855
f 775/168/856 774/160/856 783/163/856 784/169/856
f 772/170/857 771/164/857 780/165/857 781/171/857
f 769/154/858 768/166/858 777/167/858 778/155/858
f 658/172/859 775/168/859 784/169/859
f 773/161/860 772/170/860 781/171/860 782/162/860
f 658/173/861 784/169/861 793/174/861
f 782/162/862 781/171/862 790/175/862 791/176/862
f 779/156/863 778/155/863 787/177/863 788/178/863
f 776/159/864 657/179/864 785/180/864
f 783/163/865 782/162/865 791/176/865 792/181/865
f 780/165/866 779/156/866 788/178/866 789/182/866
f 777/167/867 776/159/867 785/180/867 786/183/867
f 784/169/868 783/163/868 792/181/868 793/174/868
f 781/171/869 780/165/869 789/182/869 790/175/869
f 778/155/870 777/167/870 786/183/870 787/177/870
f 790/175/871 789/182/871 798/184/871 799/185/871
f 787/177/872 786/183/872 795/186/872 796/187/872
f 658/188/873 793/174/873 802/189/873
f 791/176/874 790/175/874 799/185/874 800/190/874
f 788/178/875 787/177/875 796/187/875 797/191/875
f 785/180/876 657/192/876 794/193/876
f 792/181/877 791/176/877 800/190/877 801/194/877
f 789/182/878 788/178/878 797/191/878 798/184/878
f 786/183/879 785/180/879 794/193/879 795/186/879
f 793/174/880 792/181/880 801/194/880 802/189/880
f 795/186/881 794/193/881 803/195/881 804/196/881
f 802/189/882 801/194/882 810/197/882 811/198/882
f 799/185/883 798/184/883 807/199/883 808/200/883
f 796/187/884 795/186/884 804/196/884 805/201/884
f 658/202/885 802/189/885 811/198/885
f 800/190/886 799/185/886 808/200/886 809/203/886
f 797/191/887 796/187/887 805/201/887 806/204/887
f 794/193/888 657/205/888 803/195/888
f 801/194/889 800/190/889 809/203/889 810/197/889
f 798/184/890 797/191/890 806/204/890 807/199/890
f 807/199/891 806/204/891 815/1/891 816/12/891
f 804/196/892 803/195/892 812/5/892 813/14/892
f 811/198/893 810/197/893 819/8/893 820/16/893
f 808/200/894 807/199/894 816/12/894 817/18/894
f 805/201/895 804/196/895 813/14/895 814/2/895
f 658/206/896 811/198/896 820/16/896
f 809/203/897 808/200/897 817/18/897 818/9/897
f 806/204/898 805/201/898 814/2/898 815/1/898
f 803/195/899 657/207/899 812/5/899
f 810/197/900 809/203/900 818/9/900 819/8/900
f 979/1/901 826/4/901 825/3/901 978/2/901
f 976/5/902 823/7/902 821/6/902
f 983/8/903 830/11/903 829/10/903 982/9/903
f 980/12/904 827/13/904 826/4/904 979/1/904
f 977/14/905 824/15/905 823/7/905 976/5/905
f 984/16/906 831/17/906 830/11/906 983/8/906
f 981/18/907 828/19/907 827/13/907 980/12/907
f 978/2/908 825/3/908 824/15/908 977/14/908
f 822/20/909 831/17/909 984/16/909
f 982/9/910 829/10/910 828/19/910 981/18/910
f 823/7/911 832/22/911 821/21/911
f 830/11/912 839/24/912 838/23/912 829/10/912
f 827/13/913 836/26/913 835/25/913 826/4/913
f 824/15/914 833/27/914 832/22/914 823/7/914
f 831/17/915 840/28/915 839/24/915 830/11/915
f 828/19/916 837/29/916 836/26/916 827/13/916
f 825/3/917 834/30/917 833/27/917 824/15/917
f 822/31/918 840/28/918 831/17/918
f 829/10/919 838/23/919 837/29/919 828/19/919
f 826/4/920 835/25/920 834/30/920 825/3/920
f 838/23/921 847/33/921 846/32/921 837/29/921
f 835/25/922 844/35/922 843/34/922 834/30/922
f 832/22/923 841/37/923 821/36/923
f 839/24/924 848/38/924 847/33/924 838/23/924
f 836/26/925 845/39/925 844/35/925 835/25/925
f 833/27/926 842/40/926 841/37/926 832/22/926
f 840/28/927 849/41/927 848/38/927 839/24/927
f 837/29/928 846/32/928 845/39/928 836/26/928
f 834/30/929 843/34/929 842/40/929 833/27/929
f 822/42/930 849/41/930 840/28/930
f 843/34/931 852/44/931 851/43/931 842/40/931
f 822/45/932 858/46/932 849/41/932
f 847/33/933 856/48/933 855/47/933 846/32/933
f 844/35/934 853/49/934 852/44/934 843/34/934
f 841/37/935 850/51/935 821/50/935
f 848/38/936 857/52/936 856/48/936 847/33/936
f 845/39/937 854/53/937 853/49/937 844/35/937
f 842/40/938 851/43/938 850/51/938 841/37/938
f 849/41/939 858/46/939 857/52/939 848/38/939
f 846/32/940 855/47/940 854/53/940 845/39/940
f 855/47/941 864/55/941 863/54/941 854/53/941
f 852/44/942 861/57/942 860/56/942 851/43/942
f 822/58/943 867/59/943 858/46/943
f 856/48/944 865/60/944 864/55/944 855/47/944
f 853/49/945 862/61/945 861/57/945 852/44/945
f 850/51/946 859/63/946 821/62/946
f 857/52/947 866/64/947 865/60/947 856/48/947
f 854/53/948 863/54/948 862/61/948 853/49/948
f 851/43/949 860/56/949 859/63/949 850/51/949
f 858/46/950 867/59/950 866/64/950 857/52/950
f 860/56/951 869/66/951 868/65/951 859/63/951
f 867/59/952 876/68/952 875/67/952 866/64/952
f 864/55/953 873/70/953 872/69/953 863/54/953
f 861/57/954 870/71/954 869/66/954 860/56/954
f 822/72/955 876/68/955 867/59/955
f 865/60/956 874/73/956 873/70/956 864/55/956
f 862/61/957 871/74/957 870/71/957 861/57/957
f 859/63/958 868/65/958 821/75/958
f 866/64/959 875/67/959 874/73/959 865/60/959
f 863/54/960 872/69/960 871/74/960 862/61/960
f 875/67/961 884/77/961 883/76/961 874/73/961
f 872/69/962 881/79/962 880/78/962 871/74/962
f 869/66/963 878/81/963 877/80/963 868/65/963
f 876/68/964 885/82/964 884/77/964 875/67/964
f 873/70/965 882/83/965 881/79/965 872/69/965
f 870/71/966 879/84/966 878/81/966 869/66/966
f 822/85/967 885/82/967 876/68/967
f 874/73/968 883/76/968 882/83/968 873/70/968
f 871/74/969 880/78/969 879/84/969 870/71/969
f 868/65/970 877/80/970 821/86/970
f 880/78/971 889/88/971 888/87/971 879/84/971
f 877/80/972 886/90/972 821/89/972
f 884/77/973 893/92/973 892/91/973 883/76/973
f 881/79/974 890/93/974 889/88/974 880/78/974
f 878/81/975 887/94/975 886/90/975 877/80/975
f 885/82/976 894/95/976 893/92/976 884/77/976
f 882/83/977 891/96/977 890/93/977 881/79/977
f 879/84/978 888/87/978 887/94/978 878/81/978
f 822/97/979 894/95/979 885/82/979
f 883/76/980 892/91/980 891/96/980 882/83/980
f 892/91/981 901/99/981 900/98/981 891/96/981
f 889/88/982 898/101/982 897/100/982 888/87/982
f 886/90/983 895/103/983 821/102/983
f 893/92/984 902/104/984 901/99/984 892/91/984
f 890/93/985 899/105/985 898/101/985 889/88/985
f 887/94/986 896/106/986 895/103/986 886/90/986
f 894/95/987 903/107/987 902/104/987 893/92/987
f 891/96/988 900/98/988 899/105/988 890/93/988
f 888/87/989 897/100/989 896/106/989 887/94/989
f 822/108/990 903/107/990 894/95/990
f 897/100/991 906/110/991 905/109/991 896/106/991
f 822/111/992 912/112/992 903/107/992
f 901/99/993 910/114/993 909/113/993 900/98/993
f 898/101/994 907/115/994 906/110/994 897/100/994
f 895/103/995 904/117/995 821/116/995
f 902/104/996 911/118/996 910/114/996 901/99/996
f 899/105/997 908/119/997 907/115/997 898/101/997
f 896/106/998 905/109/998 904/117/998 895/103/998
f 903/107/999 912/112/999 911/118/999 902/104/999
f 900/98/1000 909/113/1000 908/119/1000 899/105/1000
f 912/112/1001 921/121/1001 920/120/1001 911/118/1001
f 909/113/1002 918/123/1002 917/122/1002 908/119/1002
f 906/110/1003 915/125/1003 914/124/1003 905/109/1003
f 822/126/1004 921/121/1004 912/112/1004
f 910/114/1005 919/127/1005 918/123/1005 909/113/1005
f 907/115/1006 916/128/1006 915/125/1006 906/110/1006
f 904/117/1007 913/130/1007 821/129/1007
f 911/118/1008 920/120/1008 919/127/1008 910/114/1008
f 908/119/1009 917/122/1009 916/128/1009 907/115/1009
f 905/109/1010 914/124/1010 913/130/1010 904/117/1010
f 917/122/1011 926/132/1011 925/131/1011 916/128/1011
f 914/124/1012 923/134/1012 922/133/1012 913/130/1012
f 921/121/1013 930/136/1013 929/135/1013 920/120/1013
f 918/123/1014 927/137/1014 926/132/1014 917/122/1014
f 915/125/1015 924/138/1015 923/134/1015 914/124/1015
f 822/139/1016 930/136/1016 921/121/1016
f 919/127/1017 928/140/1017 927/137/1017 918/123/1017
f 916/128/1018 925/131/1018 924/138/1018 915/125/1018
f 913/130/1019 922/133/1019 821/141/1019
f 920/120/1020 929/135/1020 928/140/1020 919/127/1020
f 922/133/1021 931/143/1021 821/142/1021
f 929/135/1022 938/145/1022 937/144/1022 928/140/1022
f 926/132/1023 935/147/1023 934/146/1023 925/131/1023
f 923/134/1024 932/148/1024 931/143/1024 922/133/1024
f 930/136/1025 939/149/1025 938/145/1025 929/135/1025
f 927/137/1026 936/150/1026 935/147/1026 926/132/1026
f 924/138/1027 933/151/1027 932/148/1027 923/134/1027
f 822/152/1028 939/149/1028 930/136/1028
f 928/140/1029 937/144/1029 936/150/1029 927/137/1029
f 925/131/1030 934/146/1030 933/151/1030 924/138/1030
f 934/153/1031 943/156/1031 942/155/1031 933/154/1031
f 931/157/1032 940/159/1032 821/158/1032
f 938/160/1033 947/163/1033 946/162/1033 937/161/1033
f 935/164/1034 944/165/1034 943/156/1034 934/153/1034
f 932/166/1035 941/167/1035 940/159/1035 931/157/1035
f 939/168/1036 948/169/1036 947/163/1036 938/160/1036
f 936/170/1037 945/171/1037 944/165/1037 935/164/1037
f 933/154/1038 942/155/1038 941/167/1038 932/166/1038
f 822/172/1039 948/169/1039 939/168/1039
f 937/161/1040 946/162/1040 945/171/1040 936/170/1040
f 822/173/1041 957/174/1041 948/169/1041
f 946/162/1042 955/176/1042 954/175/1042 945/171/1042
f 943/156/1043 952/178/1043 951/177/1043 942/155/1043
f 940/159/1044 949/180/1044 821/179/1044
f 947/163/1045 956/181/1045 955/176/1045 946/162/1045
f 944/165/1046 953/182/1046 952/178/1046 943/156/1046
f 941/167/1047 950/183/1047 949/180/1047 940/159/1047
f 948/169/1048 957/174/1048 956/181/1048 947/163/1048
f 945/171/1049 954/175/1049 953/182/1049 944/165/1049
f 942/155/1050 951/177/1050 950/183/1050 941/167/1050
f 954/175/1051 963/185/1051 962/184/1051 953/182/1051
f 951/177/1052 960/187/1052 959/186/1052 950/183/1052
f 822/188/1053 966/189/1053 957/174/1053
f 955/176/1054 964/190/1054 963/185/1054 954/175/1054
f 952/178/1055 961/191/1055 960/187/1055 951/177/1055
f 949/180/1056 958/193/1056 821/192/1056
f 956/181/1057 965/194/1057 964/190/1057 955/176/1057
f 953/182/1058 962/184/1058 961/191/1058 952/178/1058
f 950/183/1059 959/186/1059 958/193/1059 949/180/1059
f 957/174/1060 966/189/1060 965/194/1060 956/181/1060
f 959/186/1061 968/196/1061 967/195/1061 958/193/1061
f 966/189/1062 975/198/1062 974/197/1062 965/194/1062
f 963/185/1063 972/200/1063 971/199/1063 962/184/1063
f 960/187/1064 969/201/1064 968/196/1064 959/186/1064
f 822/202/1065 975/198/1065 966/189/1065
f 964/190/1066 973/203/1066 972/200/1066 963/185/1066
f 961/191/1067 970/204/1067 969/201/1067 960/187/1067
f 958/193/1068 967/195/1068 821/205/1068
f 965/194/1069 974/197/1069 973/203/1069 964/190/1069
f 962/184/1070 971/199/1070 970/204/1070 961/191/1070
f 971/199/1071 980/12/1071 979/1/1071 970/204/1071
f 968/196/1072 977/14/1072 976/5/1072 967/195/1072
f 975/198/1073 984/16/1073 983/8/1073 974/197/1073
f 972/200/1074 981/18/1074 980/12/1074 971/199/1074
f 969/201/1075 978/2/1075 977/14/1075 968/196/1075
f 822/206/1076 984/16/1076 975/198/1076
f 973/203/1077 982/9/1077 981/18/1077 972/200/1077
f 970/204/1078 979/1/1078 978/2/1078 969/201/1078
f 967/195/1079 976/5/1079 821/207/1079
f 974/197/1080 983/8/1080 982/9/1080 973/203/1080
