# Blender 5.1.2
# www.blender.org
mtllib the ENV.mtl
o M_Corner_03
v 4.327754 -0.041214 4.793241
v 4.327754 2.085360 4.793241
v 4.327754 -0.041214 4.317791
v 4.327754 2.082117 4.317791
v 4.763805 -0.041214 4.793241
v 4.792403 2.045495 4.793241
v 4.763805 -0.041214 4.317791
v 4.763805 2.016789 4.317791
v 4.327754 2.215277 4.793241
v 4.327754 2.127893 4.317791
v 4.763805 2.084234 4.317791
v 4.828643 2.149318 4.793241
v 4.545779 2.591984 4.555516
v 4.288625 2.053165 4.835905
v 4.288625 2.098595 4.275127
v 4.802933 2.007307 4.275127
v 4.840345 2.044860 4.835905
v 4.288625 2.189504 4.835905
v 4.288625 2.142646 4.275127
v 4.802933 2.083653 4.275127
v 4.894361 2.175425 4.835905
vn -1.0000 -0.0000 -0.0000
vn -0.0000 -0.0000 -1.0000
vn 0.9995 -0.0069 -0.0299
vn -0.0000 -0.0000 1.0000
vn -0.0000 -1.0000 -0.0000
vn 0.1060 0.9809 0.1629
vn 0.8700 0.4585 -0.1814
vn 0.0721 0.9970 -0.0264
vn -0.1151 -0.9908 0.0707
vn -0.1383 0.9822 -0.1272
vn -0.8846 0.4587 -0.0843
vn 0.0665 0.5047 0.8607
vn 0.0440 0.4390 -0.8974
vn 0.9643 -0.2517 -0.0818
vn 0.1967 -0.9796 -0.0399
vn -0.0443 -0.9339 -0.3547
vn -0.1621 -0.9835 -0.0806
vn -0.2351 0.9656 -0.1107
vt 0.375000 0.000000
vt 0.625000 0.000000
vt 0.625000 0.250000
vt 0.375000 0.250000
vt 0.625000 0.500000
vt 0.375000 0.500000
vt 0.625000 0.750000
vt 0.375000 0.750000
vt 0.625000 1.000000
vt 0.375000 1.000000
vt 0.125000 0.500000
vt 0.125000 0.750000
s 0
usemtl wall_1
f 1/1/1 2/2/1 4/3/1 3/4/1
f 3/4/2 4/3/2 8/5/2 7/6/2
f 7/6/3 8/5/3 6/7/3 5/8/3
f 5/8/4 6/7/4 2/9/4 1/10/4
f 3/11/5 7/6/5 5/8/5 1/12/5
f 10/3/6 11/5/6 20/5/6 19/3/6
f 12/7/7 11/5/7 13/7/7
f 12/7/8 9/9/8 18/9/8 21/7/8
f 6/7/9 8/5/9 16/5/9 17/7/9
f 9/2/10 10/3/10 19/3/10 18/2/10
f 10/3/11 9/2/11 13/3/11
f 9/9/12 12/7/12 13/9/12
f 11/5/13 10/3/13 13/5/13
f 16/5/2 15/3/2 19/3/2 20/5/2
f 17/7/14 16/5/14 20/5/14 21/7/14
f 15/3/1 14/2/1 18/2/1 19/3/1
f 14/9/4 17/7/4 21/7/4 18/9/4
f 4/3/15 2/2/15 14/2/15 15/3/15
f 2/9/16 6/7/16 17/7/16 14/9/16
f 8/5/17 4/3/17 15/3/17 16/5/17
f 11/5/18 12/7/18 21/7/18 20/5/18
o M_Corner_03.001
v 4.763805 -0.041214 -4.808494
v 4.763805 2.085360 -4.808494
v 4.763805 -0.041214 -4.333045
v 4.763805 2.082117 -4.333045
v 4.327754 -0.041214 -4.808494
v 4.299156 2.045495 -4.808494
v 4.327754 -0.041214 -4.333045
v 4.327754 2.016789 -4.333045
v 4.763805 2.215277 -4.808494
v 4.763805 2.127893 -4.333045
v 4.327754 2.084234 -4.333045
v 4.262915 2.149318 -4.808494
v 4.545779 2.591984 -4.570770
v 4.802934 2.053165 -4.851158
v 4.802934 2.098595 -4.290381
v 4.288625 2.007307 -4.290381
v 4.251213 2.044860 -4.851158
v 4.802934 2.189504 -4.851158
v 4.802934 2.142646 -4.290381
v 4.288625 2.083653 -4.290381
v 4.197198 2.175425 -4.851158
vn 1.0000 -0.0000 -0.0000
vn -0.0000 -0.0000 1.0000
vn -0.9995 -0.0069 0.0299
vn -0.0000 -0.0000 -1.0000
vn -0.0000 -1.0000 -0.0000
vn -0.1060 0.9809 -0.1629
vn -0.8700 0.4585 0.1814
vn -0.0721 0.9970 0.0264
vn 0.1151 -0.9908 -0.0707
vn 0.1383 0.9822 0.1272
vn 0.8846 0.4587 0.0843
vn -0.0665 0.5047 -0.8607
vn -0.0440 0.4390 0.8974
vn -0.9643 -0.2517 0.0818
vn -0.1967 -0.9796 0.0399
vn 0.0443 -0.9339 0.3547
vn 0.1621 -0.9835 0.0806
vn 0.2351 0.9656 0.1107
vt 0.375000 0.000000
vt 0.625000 0.000000
vt 0.625000 0.250000
vt 0.375000 0.250000
vt 0.625000 0.500000
vt 0.375000 0.500000
vt 0.625000 0.750000
vt 0.375000 0.750000
vt 0.625000 1.000000
vt 0.375000 1.000000
vt 0.125000 0.500000
vt 0.125000 0.750000
s 0
usemtl wall_1
f 22/13/19 23/14/19 25/15/19 24/16/19
f 24/16/20 25/15/20 29/17/20 28/18/20
f 28/18/21 29/17/21 27/19/21 26/20/21
f 26/20/22 27/19/22 23/21/22 22/22/22
f 24/23/23 28/18/23 26/20/23 22/24/23
f 31/15/24 32/17/24 41/17/24 40/15/24
f 33/19/25 32/17/25 34/19/25
f 33/19/26 30/21/26 39/21/26 42/19/26
f 27/19/27 29/17/27 37/17/27 38/19/27
f 30/14/28 31/15/28 40/15/28 39/14/28
f 31/15/29 30/14/29 34/15/29
f 30/21/30 33/19/30 34/21/30
f 32/17/31 31/15/31 34/17/31
f 37/17/20 36/15/20 40/15/20 41/17/20
f 38/19/32 37/17/32 41/17/32 42/19/32
f 36/15/19 35/14/19 39/14/19 40/15/19
f 35/21/22 38/19/22 42/19/22 39/21/22
f 25/15/33 23/14/33 35/14/33 36/15/33
f 23/21/34 27/19/34 38/19/34 35/21/34
f 29/17/35 25/15/35 36/15/35 37/17/35
f 32/17/36 33/19/36 42/19/36 41/17/36
o M_Corner_03.002
v -4.320911 -0.041214 4.773541
v -4.320911 2.085360 4.773541
v -4.796360 -0.041214 4.773541
v -4.796360 2.082117 4.773541
v -4.320911 -0.041214 4.337490
v -4.320911 2.045495 4.308892
v -4.796360 -0.041214 4.337490
v -4.796360 2.016789 4.337490
v -4.320911 2.215277 4.773541
v -4.796360 2.127893 4.773541
v -4.796360 2.084234 4.337490
v -4.320911 2.149318 4.272652
v -4.558636 2.591984 4.555516
v -4.278247 2.053165 4.812670
v -4.839025 2.098595 4.812670
v -4.839025 2.007307 4.298362
v -4.278247 2.044860 4.260950
v -4.278247 2.189504 4.812670
v -4.839025 2.142646 4.812670
v -4.839025 2.083653 4.298362
v -4.278248 2.175425 4.206934
vn -0.0000 -0.0000 1.0000
vn -1.0000 -0.0000 -0.0000
vn -0.0299 -0.0069 -0.9995
vn 1.0000 -0.0000 -0.0000
vn -0.0000 -1.0000 -0.0000
vn 0.1629 0.9809 -0.1060
vn -0.1814 0.4585 -0.8700
vn -0.0264 0.9970 -0.0721
vn 0.0707 -0.9908 0.1151
vn -0.1272 0.9822 0.1383
vn -0.0843 0.4587 0.8846
vn 0.8607 0.5047 -0.0665
vn -0.8974 0.4390 -0.0440
vn -0.0818 -0.2517 -0.9643
vn -0.0399 -0.9796 -0.1967
vn -0.3547 -0.9339 0.0443
vn -0.0806 -0.9835 0.1621
vn -0.1107 0.9656 0.2351
vt 0.375000 0.000000
vt 0.625000 0.000000
vt 0.625000 0.250000
vt 0.375000 0.250000
vt 0.625000 0.500000
vt 0.375000 0.500000
vt 0.625000 0.750000
vt 0.375000 0.750000
vt 0.625000 1.000000
vt 0.375000 1.000000
vt 0.125000 0.500000
vt 0.125000 0.750000
s 0
usemtl wall_1
f 43/25/37 44/26/37 46/27/37 45/28/37
f 45/28/38 46/27/38 50/29/38 49/30/38
f 49/30/39 50/29/39 48/31/39 47/32/39
f 47/32/40 48/31/40 44/33/40 43/34/40
f 45/35/41 49/30/41 47/32/41 43/36/41
f 52/27/42 53/29/42 62/29/42 61/27/42
f 54/31/43 53/29/43 55/31/43
f 54/31/44 51/33/44 60/33/44 63/31/44
f 48/31/45 50/29/45 58/29/45 59/31/45
f 51/26/46 52/27/46 61/27/46 60/26/46
f 52/27/47 51/26/47 55/27/47
f 51/33/48 54/31/48 55/33/48
f 53/29/49 52/27/49 55/29/49
f 58/29/38 57/27/38 61/27/38 62/29/38
f 59/31/50 58/29/50 62/29/50 63/31/50
f 57/27/37 56/26/37 60/26/37 61/27/37
f 56/33/40 59/31/40 63/31/40 60/33/40
f 46/27/51 44/26/51 56/26/51 57/27/51
f 44/33/52 48/31/52 59/31/52 56/33/52
f 50/29/53 46/27/53 57/27/53 58/29/53
f 53/29/54 54/31/54 63/31/54 62/29/54
o M_Corner_03.003
v -4.340610 -0.041214 -4.808495
v -4.340610 2.085360 -4.808495
v -4.340610 -0.041214 -4.333045
v -4.340610 2.082117 -4.333045
v -4.776661 -0.041214 -4.808495
v -4.805259 2.045495 -4.808495
v -4.776661 -0.041214 -4.333045
v -4.776661 2.016789 -4.333045
v -4.340610 2.215277 -4.808495
v -4.340610 2.127893 -4.333045
v -4.776661 2.084234 -4.333045
v -4.841500 2.149318 -4.808495
v -4.558636 2.591984 -4.570770
v -4.301481 2.053165 -4.851159
v -4.301481 2.098595 -4.290381
v -4.815790 2.007307 -4.290381
v -4.853202 2.044860 -4.851159
v -4.301481 2.189504 -4.851159
v -4.301481 2.142646 -4.290381
v -4.815790 2.083653 -4.290381
v -4.907217 2.175425 -4.851159
vn 1.0000 -0.0000 -0.0000
vn -0.0000 -0.0000 1.0000
vn -0.9995 -0.0069 0.0299
vn -0.0000 -0.0000 -1.0000
vn -0.0000 -1.0000 -0.0000
vn -0.1060 0.9809 -0.1629
vn -0.8700 0.4585 0.1814
vn -0.0721 0.9970 0.0264
vn 0.1151 -0.9908 -0.0707
vn 0.1383 0.9822 0.1272
vn 0.8846 0.4587 0.0843
vn -0.0665 0.5047 -0.8607
vn -0.0440 0.4390 0.8974
vn -0.9643 -0.2517 0.0818
vn -0.1967 -0.9796 0.0399
vn 0.0443 -0.9339 0.3547
vn 0.1621 -0.9835 0.0806
vn 0.2351 0.9656 0.1107
vt 0.375000 0.000000
vt 0.625000 0.000000
vt 0.625000 0.250000
vt 0.375000 0.250000
vt 0.625000 0.500000
vt 0.375000 0.500000
vt 0.625000 0.750000
vt 0.375000 0.750000
vt 0.625000 1.000000
vt 0.375000 1.000000
vt 0.125000 0.500000
vt 0.125000 0.750000
s 0
usemtl wall_1
f 64/37/55 65/38/55 67/39/55 66/40/55
f 66/40/56 67/39/56 71/41/56 70/42/56
f 70/42/57 71/41/57 69/43/57 68/44/57
f 68/44/58 69/43/58 65/45/58 64/46/58
f 66/47/59 70/42/59 68/44/59 64/48/59
f 73/39/60 74/41/60 83/41/60 82/39/60
f 75/43/61 74/41/61 76/43/61
f 75/43/62 72/45/62 81/45/62 84/43/62
f 69/43/63 71/41/63 79/41/63 80/43/63
f 72/38/64 73/39/64 82/39/64 81/38/64
f 73/39/65 72/38/65 76/39/65
f 72/45/66 75/43/66 76/45/66
f 74/41/67 73/39/67 76/41/67
f 79/41/56 78/39/56 82/39/56 83/41/56
f 80/43/68 79/41/68 83/41/68 84/43/68
f 78/39/55 77/38/55 81/38/55 82/39/55
f 77/45/58 80/43/58 84/43/58 81/45/58
f 67/39/69 65/38/69 77/38/69 78/39/69
f 65/45/70 69/43/70 80/43/70 77/45/70
f 71/41/71 67/39/71 78/39/71 79/41/71
f 74/41/72 75/43/72 84/43/72 83/41/72
o M_Brickwall_T2
v -4.224928 0.353779 -4.467017
v -4.246724 0.608680 -4.433513
v -4.638712 0.348247 -4.467017
v -4.638712 0.587323 -4.467017
v -4.224928 0.353779 -4.721917
v -4.224928 0.625120 -4.721917
v -4.638712 0.353779 -4.721917
v -4.638712 0.608680 -4.699396
v -4.515118 0.338942 -4.467017
v -4.431820 0.344972 -4.467017
v -4.420953 0.349376 -4.467017
v -4.354519 0.608680 -4.437393
v -4.473952 0.601567 -4.457038
v -4.530009 0.608680 -4.460962
v -4.420953 0.353779 -4.721917
v -4.431820 0.353779 -4.721917
v -4.442688 0.353779 -4.721917
v -4.623719 0.609080 -4.721917
v -4.473952 0.613439 -4.721917
v -4.362800 0.620464 -4.721917
v -4.224928 0.481230 -4.449872
v -4.638712 0.472423 -4.467017
v -4.638712 0.481230 -4.721917
v -4.224928 0.489449 -4.721917
v -4.442688 0.483285 -4.721917
v -4.431820 0.485340 -4.721917
v -4.420953 0.487394 -4.721917
v -4.274190 0.480676 -4.457102
v -4.389004 0.478194 -4.462202
v -4.393280 0.477910 -4.462622
v -4.411907 0.649482 -4.706256
v -4.390112 0.904383 -4.672709
v -3.998124 0.643950 -4.706256
v -3.998124 0.883025 -4.706256
v -4.411907 0.649482 -4.451355
v -4.411907 0.920822 -4.451355
v -3.998124 0.649482 -4.451355
v -3.998124 0.904383 -4.473876
v -4.121717 0.634644 -4.706256
v -4.205015 0.640675 -4.706256
v -4.215882 0.645078 -4.706256
v -4.282316 0.904383 -4.668829
v -4.162883 0.898923 -4.692395
v -4.106826 0.904383 -4.712311
v -4.215882 0.649482 -4.451355
v -4.205015 0.649482 -4.451355
v -4.194148 0.649482 -4.451355
v -4.013116 0.904783 -4.451355
v -4.162883 0.909142 -4.451355
v -4.274035 0.916166 -4.451355
v -4.411907 0.776932 -4.723400
v -3.998124 0.768125 -4.706256
v -3.998124 0.776932 -4.451355
v -4.411907 0.785152 -4.451355
v -4.194148 0.778987 -4.451355
v -4.205015 0.781042 -4.451355
v -4.215882 0.783097 -4.451355
v -4.362646 0.776379 -4.716170
v -4.106058 0.770599 -4.708299
v -4.038765 0.769034 -4.706984
v -4.198195 1.204780 -4.727389
v -4.219990 0.949879 -4.760893
v -4.611979 1.210312 -4.727389
v -4.611979 0.971237 -4.727389
v -4.198195 1.204780 -4.472488
v -4.198195 0.933440 -4.472488
v -4.611979 1.204780 -4.472488
v -4.611979 0.949879 -4.495009
v -4.405087 1.213587 -4.727389
v -4.394220 1.209183 -4.727389
v -4.327786 0.949879 -4.757013
v -4.447219 0.956993 -4.737368
v -4.394220 1.204780 -4.472488
v -4.405087 1.204780 -4.472488
v -4.447219 0.945120 -4.472488
v -4.336067 0.938096 -4.472488
v -4.198195 1.077330 -4.744533
v -4.611979 1.086137 -4.727389
v -4.611979 1.077329 -4.472488
v -4.198195 1.069110 -4.472488
v -4.405087 1.073220 -4.472488
v -4.394220 1.071165 -4.472488
v -4.247457 1.077883 -4.737304
v -4.362271 1.080365 -4.732204
v -3.690727 0.948468 -4.467017
v -3.716351 1.203368 -4.433513
v -4.177204 0.942936 -4.467017
v -4.177204 1.182011 -4.467017
v -3.690727 0.948468 -4.721917
v -3.690727 1.219808 -4.721917
v -4.177204 0.948468 -4.721917
v -4.177204 1.203368 -4.699396
v -4.031898 0.933630 -4.467017
v -3.933965 0.939661 -4.467017
v -3.921189 0.944064 -4.467017
v -3.843084 1.203368 -4.437393
v -3.983499 1.196255 -4.457038
v -4.049405 1.203368 -4.460962
v -3.921189 0.948468 -4.721917
v -3.933965 0.948468 -4.721917
v -3.946742 0.948468 -4.721917
v -4.159577 1.203769 -4.721917
v -3.983499 1.208127 -4.721917
v -3.852820 1.215152 -4.721917
v -3.690727 1.075918 -4.449872
v -4.177204 1.067111 -4.467017
v -4.177204 1.075918 -4.721917
v -3.690727 1.084138 -4.721917
v -3.946742 1.077973 -4.721917
v -3.933965 1.080028 -4.721917
v -3.921189 1.082083 -4.721917
v -3.748642 1.075365 -4.457102
v -3.883627 1.072882 -4.462202
v -3.888654 1.072598 -4.462622
v -3.611506 0.342357 -4.453175
v -3.641675 0.597257 -4.486722
v -4.184274 0.336824 -4.453175
v -4.184274 0.575900 -4.453175
v -3.611506 0.342357 -4.708076
v -3.611506 0.613697 -4.708076
v -4.184275 0.342357 -4.708076
v -4.184275 0.597257 -4.685555
v -4.013194 0.327519 -4.453175
v -3.897891 0.333550 -4.453175
v -3.882848 0.337953 -4.453175
v -3.790889 0.597257 -4.490602
v -3.956210 0.591798 -4.467035
v -4.033806 0.597257 -4.447120
v -3.882848 0.342357 -4.708076
v -3.897891 0.342357 -4.708076
v -3.912933 0.342357 -4.708076
v -4.163521 0.597658 -4.708076
v -3.956210 0.602016 -4.708076
v -3.802351 0.609041 -4.708076
v -3.611506 0.469807 -4.436031
v -4.184274 0.461000 -4.453175
v -4.184275 0.469807 -4.708076
v -3.611506 0.478027 -4.708076
v -3.912933 0.471862 -4.708076
v -3.897891 0.473917 -4.708076
v -3.882848 0.475972 -4.708076
v -3.679695 0.469254 -4.443261
v -4.034870 0.463474 -4.451132
v -4.128017 0.461909 -4.452447
v -3.297709 0.903523 -4.727389
v -3.332965 0.648623 -4.760893
v -3.967058 0.909055 -4.727389
v -3.967058 0.669980 -4.727389
v -3.297709 0.903523 -4.472488
v -3.297709 0.632183 -4.472488
v -3.967058 0.903523 -4.472488
v -3.967058 0.648623 -4.495009
v -3.632384 0.912330 -4.727389
v -3.614804 0.907927 -4.727389
v -3.507339 0.648623 -4.757013
v -3.700537 0.655736 -4.737368
v -3.614804 0.903523 -4.472488
v -3.632384 0.903523 -4.472488
v -3.700537 0.643863 -4.472488
v -3.520735 0.636839 -4.472488
v -3.297709 0.776073 -4.744533
v -3.967058 0.784880 -4.727389
v -3.967058 0.776073 -4.472488
v -3.297709 0.767853 -4.472488
v -3.632384 0.771963 -4.472488
v -3.614804 0.769908 -4.472488
v -3.377396 0.776626 -4.737304
v -3.563123 0.779109 -4.732204
v -3.258621 0.892759 -4.467017
v -3.232105 0.637858 -4.433513
v -2.755212 0.898291 -4.467017
v -2.755212 0.659216 -4.467017
v -3.258621 0.892759 -4.721917
v -3.258621 0.621419 -4.721917
v -2.755212 0.892759 -4.721917
v -2.755212 0.637858 -4.699396
v -2.905576 0.907596 -4.467017
v -3.006917 0.901566 -4.467017
v -3.020138 0.897163 -4.467017
v -3.100961 0.637858 -4.437393
v -2.955659 0.644972 -4.457038
v -2.887460 0.637858 -4.460962
v -3.020138 0.892759 -4.721917
v -3.006917 0.892759 -4.721917
v -2.993695 0.892759 -4.721917
v -2.773453 0.637458 -4.721917
v -2.955659 0.633099 -4.721917
v -3.090886 0.626075 -4.721917
v -3.258621 0.765309 -4.449872
v -2.755212 0.774116 -4.467017
v -2.755212 0.765309 -4.721917
v -3.258621 0.757089 -4.721917
v -2.993695 0.763254 -4.721917
v -3.006917 0.761199 -4.721917
v -3.020138 0.759144 -4.721917
v -3.198690 0.765862 -4.457102
v -3.059007 0.768344 -4.462202
v -3.053805 0.768629 -4.462622
v -2.932760 0.569064 -4.463917
v -2.967183 0.602568 -4.718818
v -3.586301 0.569064 -4.458385
v -3.586301 0.569064 -4.697460
v -2.932760 0.314164 -4.463917
v -2.932760 0.314164 -4.735257
v -3.586301 0.314163 -4.463917
v -3.586301 0.336684 -4.718818
v -3.259530 0.569064 -4.455110
v -3.242366 0.569064 -4.459513
v -3.137439 0.598688 -4.718818
v -3.326074 0.579043 -4.711704
v -3.242366 0.314163 -4.463917
v -3.259530 0.314163 -4.463917
v -3.326074 0.314163 -4.723577
v -3.150518 0.314163 -4.730601
v -2.932760 0.586208 -4.591368
v -3.586301 0.569064 -4.582560
v -3.586301 0.314163 -4.591368
v -2.932760 0.314164 -4.599587
v -3.259530 0.314163 -4.595477
v -3.242366 0.314163 -4.597532
v -3.010565 0.578979 -4.590814
v -3.191905 0.573879 -4.588332
v -3.641957 1.182255 -4.723809
v -3.610358 1.148707 -4.468908
v -3.042045 1.182255 -4.729341
v -3.042045 1.182255 -4.490266
v -3.641957 0.927354 -4.723809
v -3.641957 0.927354 -4.452469
v -3.042045 0.927354 -4.723809
v -3.042045 0.949875 -4.468908
v -3.221233 1.182255 -4.738647
v -3.342000 1.182255 -4.732616
v -3.357756 1.182255 -4.728212
v -3.454073 1.144827 -4.468908
v -3.280917 1.168394 -4.474368
v -3.199644 1.188309 -4.468908
v -3.357756 0.927354 -4.723809
v -3.342000 0.927354 -4.723809
v -3.326245 0.927354 -4.723809
v -3.063782 0.927354 -4.468508
v -3.280917 0.927354 -4.464149
v -3.442067 0.927354 -4.457125
v -3.641957 1.199398 -4.596359
v -3.042045 1.182255 -4.605165
v -3.042045 0.927354 -4.596359
v -3.641957 0.927354 -4.588139
v -3.326245 0.927354 -4.594304
v -3.342000 0.927354 -4.592249
v -3.357756 0.927354 -4.590194
v -3.570536 1.192169 -4.596912
v -3.198530 1.184298 -4.602692
v -3.100967 1.182982 -4.604257
v -2.113829 0.648243 -4.706256
v -2.082230 0.903143 -4.672709
v -1.513917 0.642711 -4.706256
v -1.513917 0.881786 -4.706256
v -2.113829 0.648243 -4.451355
v -2.113829 0.919583 -4.451355
v -1.513917 0.648243 -4.451355
v -1.513917 0.903143 -4.473876
v -1.693106 0.633405 -4.706256
v -1.813873 0.639436 -4.706256
v -1.829629 0.643839 -4.706256
v -1.925946 0.903143 -4.668829
v -1.752790 0.897684 -4.692395
v -1.671517 0.903143 -4.712311
v -1.829629 0.648243 -4.451355
v -1.813873 0.648243 -4.451355
v -1.798118 0.648243 -4.451355
v -1.535655 0.903544 -4.451355
v -1.752790 0.907902 -4.451355
v -1.913940 0.914927 -4.451355
v -2.113829 0.775693 -4.723400
v -1.513917 0.766886 -4.706256
v -1.513917 0.775693 -4.451355
v -2.113829 0.783913 -4.451355
v -1.798118 0.777748 -4.451355
v -1.813873 0.779803 -4.451355
v -1.829629 0.781858 -4.451355
v -2.042409 0.775140 -4.716170
v -1.670402 0.769360 -4.708299
v -1.572840 0.767795 -4.706984
v -2.350576 0.972677 -4.701888
v -2.385833 0.939173 -4.446987
v -3.019926 0.972677 -4.707419
v -3.019926 0.972677 -4.468344
v -2.350576 1.227578 -4.701888
v -2.350576 1.227578 -4.430547
v -3.019926 1.227578 -4.701888
v -3.019926 1.205057 -4.446987
v -2.685251 0.972677 -4.710694
v -2.667672 0.972677 -4.706291
v -2.560207 0.943053 -4.446987
v -2.753405 0.962699 -4.454100
v -2.667672 1.227578 -4.701888
v -2.685251 1.227578 -4.701888
v -2.753405 1.227578 -4.442227
v -2.573602 1.227578 -4.435203
v -2.350576 0.955533 -4.574437
v -3.019926 0.972677 -4.583244
v -3.019926 1.227578 -4.574437
v -2.350576 1.227578 -4.566217
v -2.685251 1.227578 -4.570327
v -2.667672 1.227578 -4.568272
v -2.430263 0.962762 -4.574990
v -2.615990 0.967862 -4.577472
v -1.808079 0.944360 -4.467017
v -1.834595 1.199260 -4.433513
v -2.311488 0.938828 -4.467017
v -2.311488 1.177903 -4.467017
v -1.808079 0.944360 -4.721917
v -1.808079 1.215700 -4.721917
v -2.311488 0.944360 -4.721917
v -2.311488 1.199260 -4.699396
v -2.161124 0.929522 -4.467017
v -2.059784 0.935553 -4.467017
v -2.046563 0.939956 -4.467017
v -1.965739 1.199260 -4.437393
v -2.111041 1.192147 -4.457038
v -2.179241 1.199260 -4.460962
v -2.046563 0.944360 -4.721917
v -2.059784 0.944360 -4.721917
v -2.073005 0.944360 -4.721917
v -2.293248 1.199661 -4.721917
v -2.111041 1.204020 -4.721917
v -1.975814 1.211044 -4.721917
v -1.808079 1.071810 -4.449872
v -2.311488 1.063003 -4.467017
v -2.311488 1.071810 -4.721917
v -1.808079 1.080030 -4.721917
v -2.073005 1.073865 -4.721917
v -2.059784 1.075920 -4.721917
v -2.046563 1.077975 -4.721917
v -1.868011 1.071257 -4.457102
v -2.007693 1.068774 -4.462202
v -2.012895 1.068490 -4.462622
v -2.306835 0.341769 -4.449725
v -2.338434 0.596670 -4.483272
v -2.906747 0.336237 -4.449725
v -2.906747 0.575313 -4.449725
v -2.306835 0.341769 -4.704626
v -2.306835 0.613109 -4.704626
v -2.906747 0.341769 -4.704626
v -2.906747 0.596670 -4.682105
v -2.727559 0.326932 -4.449725
v -2.606791 0.332962 -4.449725
v -2.591036 0.337366 -4.449725
v -2.494719 0.596670 -4.487152
v -2.667875 0.591211 -4.463585
v -2.749148 0.596670 -4.443670
v -2.591036 0.341769 -4.704626
v -2.606791 0.341769 -4.704626
v -2.622547 0.341769 -4.704626
v -2.885010 0.597071 -4.704626
v -2.667875 0.601429 -4.704626
v -2.506725 0.608454 -4.704626
v -2.306835 0.469220 -4.432581
v -2.906747 0.460413 -4.449725
v -2.906747 0.469220 -4.704626
v -2.306835 0.477439 -4.704626
v -2.622547 0.471275 -4.704626
v -2.606791 0.473329 -4.704626
v -2.591036 0.475384 -4.704626
v -2.378256 0.468666 -4.439811
v -2.750262 0.462887 -4.447682
v -2.847824 0.461322 -4.448997
v -1.615366 0.610092 -4.727389
v -1.650623 0.355191 -4.760893
v -2.284716 0.615624 -4.727389
v -2.284716 0.376548 -4.727389
v -1.615366 0.610092 -4.472488
v -1.615366 0.338751 -4.472488
v -2.284716 0.610092 -4.472488
v -2.284716 0.355191 -4.495009
v -1.950041 0.618898 -4.727389
v -1.932462 0.614495 -4.727389
v -1.824997 0.355191 -4.757013
v -2.018195 0.362304 -4.737368
v -1.932462 0.610092 -4.472488
v -1.950041 0.610092 -4.472488
v -2.018195 0.350432 -4.472488
v -1.838392 0.343407 -4.472488
v -1.615366 0.482641 -4.744533
v -2.284716 0.491448 -4.727389
v -2.284716 0.482641 -4.472488
v -1.615366 0.474421 -4.472488
v -1.950041 0.478531 -4.472488
v -1.932462 0.476476 -4.472488
v -1.695053 0.483194 -4.737304
v -1.880780 0.485677 -4.732204
v -2.717116 0.898160 -4.444490
v -2.686947 0.643259 -4.478038
v -2.144348 0.903692 -4.444490
v -2.144348 0.664616 -4.444490
v -2.717116 0.898160 -4.699391
v -2.717116 0.626820 -4.699391
v -2.144347 0.898160 -4.699391
v -2.144348 0.643259 -4.676870
v -2.315428 0.912997 -4.444490
v -2.430732 0.906967 -4.444490
v -2.445775 0.902563 -4.444490
v -2.537734 0.643259 -4.481918
v -2.372412 0.648719 -4.458351
v -2.294816 0.643259 -4.438436
v -2.445775 0.898160 -4.699391
v -2.430732 0.898160 -4.699391
v -2.415689 0.898160 -4.699391
v -2.165101 0.642859 -4.699391
v -2.372412 0.638500 -4.699391
v -2.526271 0.631476 -4.699391
v -2.717116 0.770710 -4.427347
v -2.144348 0.779516 -4.444490
v -2.144348 0.770709 -4.699391
v -2.717116 0.762490 -4.699391
v -2.415689 0.768654 -4.699391
v -2.430732 0.766600 -4.699391
v -2.445775 0.764545 -4.699391
v -2.648927 0.771263 -4.434577
v -2.293753 0.777042 -4.442448
v -2.200604 0.778608 -4.443763
v -0.978971 0.636256 -4.467017
v -1.005487 0.891157 -4.433513
v -1.482380 0.630724 -4.467017
v -1.482380 0.869799 -4.467017
v -0.978971 0.636256 -4.721917
v -0.978971 0.907596 -4.721917
v -1.482380 0.636256 -4.721917
v -1.482380 0.891157 -4.699396
v -1.332016 0.621419 -4.467017
v -1.230676 0.627449 -4.467017
v -1.217455 0.631853 -4.467017
v -1.136631 0.891157 -4.437393
v -1.281933 0.884044 -4.457038
v -1.350133 0.891157 -4.460962
v -1.217455 0.636256 -4.721917
v -1.230676 0.636256 -4.721917
v -1.243897 0.636256 -4.721917
v -1.464140 0.891557 -4.721917
v -1.281933 0.895916 -4.721917
v -1.146706 0.902941 -4.721917
v -0.978971 0.763707 -4.449872
v -1.482380 0.754900 -4.467017
v -1.482380 0.763707 -4.721917
v -0.978971 0.771926 -4.721917
v -1.243897 0.765762 -4.721917
v -1.230676 0.767816 -4.721917
v -1.217455 0.769871 -4.721917
v -1.038903 0.763153 -4.457102
v -1.178585 0.760671 -4.462202
v -1.183787 0.760387 -4.462622
v -1.787468 1.199807 -4.453298
v -1.755869 0.944907 -4.486845
v -1.187556 1.205340 -4.453298
v -1.187556 0.966264 -4.453298
v -1.787468 1.199807 -4.708199
v -1.787468 0.928467 -4.708199
v -1.187556 1.199808 -4.708199
v -1.187556 0.944907 -4.685678
v -1.366745 1.214645 -4.453298
v -1.487512 1.208614 -4.453298
v -1.503268 1.204211 -4.453298
v -1.599584 0.944907 -4.490725
v -1.426429 0.950366 -4.467158
v -1.345155 0.944907 -4.447243
v -1.503268 1.199808 -4.708199
v -1.487512 1.199808 -4.708199
v -1.471757 1.199808 -4.708199
v -1.209293 0.944506 -4.708199
v -1.426429 0.940148 -4.708199
v -1.587578 0.933123 -4.708199
v -1.787468 1.072357 -4.436154
v -1.187556 1.081164 -4.453298
v -1.187556 1.072357 -4.708199
v -1.787468 1.064137 -4.708199
v -1.471756 1.070302 -4.708199
v -1.487512 1.068247 -4.708199
v -1.503268 1.066192 -4.708199
v -1.716048 1.072910 -4.443384
v -1.344041 1.078690 -4.451255
v -1.246479 1.080256 -4.452570
v -1.019525 0.598859 -4.706256
v -1.049695 0.343959 -4.672709
v -1.592294 0.604392 -4.706256
v -1.592294 0.365316 -4.706256
v -1.019525 0.598859 -4.451355
v -1.019526 0.327519 -4.451355
v -1.592294 0.598860 -4.451355
v -1.592294 0.343959 -4.473876
v -1.421213 0.613697 -4.706256
v -1.305910 0.607666 -4.706256
v -1.290867 0.603263 -4.706256
v -1.198908 0.343959 -4.668829
v -1.364229 0.349418 -4.692395
v -1.441825 0.343959 -4.712311
v -1.290867 0.598859 -4.451355
v -1.305910 0.598859 -4.451355
v -1.320952 0.598859 -4.451355
v -1.571540 0.343558 -4.451355
v -1.364229 0.339200 -4.451355
v -1.210371 0.332175 -4.451355
v -1.019525 0.471409 -4.723400
v -1.592294 0.480216 -4.706256
v -1.592294 0.471409 -4.451355
v -1.019525 0.463189 -4.451355
v -1.320952 0.469354 -4.451355
v -1.305910 0.467299 -4.451355
v -1.290867 0.465244 -4.451355
v -1.087714 0.471962 -4.716170
v -1.442889 0.477742 -4.708299
v -1.536037 0.479307 -4.706984
v -0.994320 0.330114 -4.727389
v -0.959896 0.585015 -4.760893
v -0.340778 0.324582 -4.727389
v -0.340778 0.563657 -4.727389
v -0.994320 0.330114 -4.472488
v -0.994320 0.601455 -4.472488
v -0.340778 0.330114 -4.472488
v -0.340778 0.585015 -4.495009
v -0.667549 0.321307 -4.727389
v -0.684713 0.325711 -4.727389
v -0.789641 0.585015 -4.757013
v -0.601005 0.577902 -4.737368
v -0.684713 0.330114 -4.472488
v -0.667549 0.330114 -4.472488
v -0.601005 0.589774 -4.472488
v -0.776561 0.596799 -4.472488
v -0.994320 0.457565 -4.744533
v -0.340778 0.448758 -4.727389
v -0.340778 0.457565 -4.472488
v -0.994320 0.465785 -4.472488
v -0.667549 0.461675 -4.472488
v -0.684713 0.463730 -4.472488
v -0.916515 0.457011 -4.737304
v -0.735175 0.454529 -4.732204
v -0.678160 0.948468 -4.467017
v -0.703784 1.203368 -4.433513
v -1.164638 0.942936 -4.467017
v -1.164638 1.182011 -4.467017
v -0.678160 0.948468 -4.721917
v -0.678160 1.219808 -4.721917
v -1.164638 0.948468 -4.721917
v -1.164638 1.203368 -4.699396
v -1.019331 0.933630 -4.467017
v -0.921399 0.939661 -4.467017
v -0.908622 0.944064 -4.467017
v -0.830517 1.203368 -4.437393
v -0.970932 1.196255 -4.457038
v -1.036838 1.203368 -4.460962
v -0.908622 0.948468 -4.721917
v -0.921399 0.948468 -4.721917
v -0.934175 0.948468 -4.721917
v -1.147011 1.203769 -4.721917
v -0.970932 1.208127 -4.721917
v -0.840253 1.215152 -4.721917
v -0.678160 1.075918 -4.449872
v -1.164638 1.067111 -4.467017
v -1.164638 1.075918 -4.721917
v -0.678160 1.084138 -4.721917
v -0.934175 1.077973 -4.721917
v -0.921399 1.080028 -4.721917
v -0.908622 1.082083 -4.721917
v -0.736076 1.075365 -4.457102
v -0.871060 1.072882 -4.462202
v -0.876087 1.072598 -4.462622
v -0.629390 0.943305 -4.706256
v -0.597792 1.198205 -4.672709
v -0.029478 0.937773 -4.706256
v -0.029478 1.176848 -4.706256
v -0.629390 0.943305 -4.451355
v -0.629390 1.214645 -4.451355
v -0.029478 0.943305 -4.451355
v -0.029478 1.198205 -4.473876
v -0.208667 0.928467 -4.706256
v -0.329434 0.934498 -4.706256
v -0.345190 0.938901 -4.706256
v -0.441507 1.198205 -4.668829
v -0.268351 1.192746 -4.692395
v -0.187078 1.198205 -4.712311
v -0.345190 0.943305 -4.451355
v -0.329434 0.943305 -4.451355
v -0.313679 0.943305 -4.451355
v -0.051216 1.198606 -4.451355
v -0.268351 1.202965 -4.451355
v -0.429501 1.209989 -4.451355
v -0.629390 1.070755 -4.723400
v -0.029478 1.061948 -4.706256
v -0.029478 1.070755 -4.451355
v -0.629390 1.078975 -4.451355
v -0.313679 1.072810 -4.451355
v -0.329434 1.074865 -4.451355
v -0.345190 1.076920 -4.451355
v -0.557970 1.070202 -4.716170
v -0.185964 1.064422 -4.708299
v -0.088401 1.062857 -4.706984
v -0.449823 0.636256 -4.467017
v -0.476339 0.891157 -4.433513
v -0.953232 0.630724 -4.467017
v -0.953232 0.869799 -4.467017
v -0.449823 0.636256 -4.721917
v -0.449823 0.907596 -4.721917
v -0.953232 0.636256 -4.721917
v -0.953232 0.891157 -4.699396
v -0.802868 0.621419 -4.467017
v -0.701528 0.627449 -4.467017
v -0.688307 0.631853 -4.467017
v -0.607483 0.891157 -4.437393
v -0.752785 0.884044 -4.457038
v -0.820985 0.891157 -4.460962
v -0.688307 0.636256 -4.721917
v -0.701528 0.636256 -4.721917
v -0.714749 0.636256 -4.721917
v -0.934992 0.891557 -4.721917
v -0.752785 0.895916 -4.721917
v -0.617558 0.902941 -4.721917
v -0.449823 0.763707 -4.449872
v -0.953232 0.754900 -4.467017
v -0.953232 0.763707 -4.721917
v -0.449823 0.771926 -4.721917
v -0.714749 0.765762 -4.721917
v -0.701528 0.767816 -4.721917
v -0.688307 0.769871 -4.721917
v -0.509755 0.763153 -4.457102
v -0.649438 0.760671 -4.462202
v -0.654639 0.760387 -4.462622
v 0.161041 0.641657 -4.446847
v 0.130872 0.896558 -4.480395
v -0.411727 0.636125 -4.446847
v -0.411727 0.875200 -4.446847
v 0.161041 0.641657 -4.701748
v 0.161041 0.912997 -4.701748
v -0.411727 0.641657 -4.701748
v -0.411727 0.896558 -4.679227
v -0.240646 0.626820 -4.446847
v -0.125343 0.632850 -4.446847
v -0.110300 0.637254 -4.446847
v -0.018341 0.896558 -4.484275
v -0.183663 0.891098 -4.460708
v -0.261258 0.896558 -4.440793
v -0.110300 0.641657 -4.701748
v -0.125343 0.641657 -4.701748
v -0.140386 0.641657 -4.701748
v -0.390973 0.896958 -4.701748
v -0.183663 0.901317 -4.701748
v -0.029804 0.908341 -4.701748
v 0.161041 0.769107 -4.429704
v -0.411727 0.760301 -4.446847
v -0.411727 0.769107 -4.701748
v 0.161041 0.777327 -4.701748
v -0.140386 0.771162 -4.701748
v -0.125343 0.773217 -4.701748
v -0.110300 0.775272 -4.701748
v 0.092852 0.768554 -4.436934
v -0.262322 0.762774 -4.444805
v -0.355470 0.761209 -4.446120
v 2.823214 0.589551 -4.727389
v 2.787957 0.334651 -4.760893
v 2.153864 0.595083 -4.727389
v 2.153864 0.356008 -4.727389
v 2.823214 0.589551 -4.472488
v 2.823214 0.318211 -4.472488
v 2.153864 0.589551 -4.472488
v 2.153864 0.334651 -4.495009
v 2.488539 0.598358 -4.727389
v 2.506118 0.593955 -4.727389
v 2.613583 0.334651 -4.757013
v 2.420385 0.341764 -4.737368
v 2.506118 0.589551 -4.472488
v 2.488539 0.589551 -4.472488
v 2.420385 0.329891 -4.472488
v 2.600188 0.322867 -4.472488
v 2.823214 0.462101 -4.744533
v 2.153864 0.470908 -4.727389
v 2.153864 0.462101 -4.472488
v 2.823214 0.453881 -4.472488
v 2.488539 0.457991 -4.472488
v 2.506118 0.455936 -4.472488
v 2.743527 0.462654 -4.737304
v 2.557800 0.465137 -4.732204
v 1.487747 0.322284 -4.467017
v 1.461231 0.577185 -4.433513
v 0.984338 0.316752 -4.467017
v 0.984338 0.555827 -4.467017
v 1.487747 0.322284 -4.721917
v 1.487747 0.593624 -4.721917
v 0.984338 0.322284 -4.721917
v 0.984338 0.577185 -4.699396
v 1.134702 0.307447 -4.467017
v 1.236042 0.313477 -4.467017
v 1.249263 0.317881 -4.467017
v 1.330087 0.577185 -4.437393
v 1.184785 0.570071 -4.457038
v 1.116585 0.577185 -4.460962
v 1.249263 0.322284 -4.721917
v 1.236042 0.322284 -4.721917
v 1.222821 0.322284 -4.721917
v 1.002578 0.577585 -4.721917
v 1.184785 0.581944 -4.721917
v 1.320012 0.588968 -4.721917
v 1.487747 0.449734 -4.449872
v 0.984338 0.440928 -4.467017
v 0.984338 0.449734 -4.721917
v 1.487747 0.457954 -4.721917
v 1.222821 0.451789 -4.721917
v 1.236042 0.453844 -4.721917
v 1.249263 0.455899 -4.721917
v 1.427815 0.449181 -4.457102
v 1.288133 0.446699 -4.462202
v 1.282931 0.446415 -4.462622
v 0.596966 1.192178 -4.706256
v 0.565367 0.937277 -4.672709
v -0.002946 1.197710 -4.706256
v -0.002946 0.958635 -4.706256
v 0.596966 1.192178 -4.451355
v 0.596966 0.920838 -4.451355
v -0.002946 1.192178 -4.451355
v -0.002946 0.937278 -4.473876
v 0.176243 1.207016 -4.706256
v 0.297010 1.200985 -4.706256
v 0.312766 1.196582 -4.706256
v 0.409083 0.937277 -4.668829
v 0.235927 0.942737 -4.692395
v 0.154653 0.937277 -4.712311
v 0.312766 1.192178 -4.451355
v 0.297010 1.192178 -4.451355
v 0.281255 1.192178 -4.451355
v 0.018792 0.936877 -4.451355
v 0.235927 0.932518 -4.451355
v 0.397076 0.925494 -4.451355
v 0.596966 1.064728 -4.723400
v -0.002946 1.073535 -4.706256
v -0.002946 1.064728 -4.451355
v 0.596966 1.056508 -4.451355
v 0.281255 1.062673 -4.451355
v 0.297010 1.060618 -4.451355
v 0.312766 1.058563 -4.451355
v 0.525546 1.065281 -4.716170
v 0.153539 1.071061 -4.708299
v 0.055977 1.072626 -4.706984
v 1.288435 1.203998 -4.727389
v 1.253179 0.949097 -4.760893
v 0.619085 1.209530 -4.727389
v 0.619085 0.970454 -4.727389
v 1.288435 1.203998 -4.472488
v 1.288435 0.932657 -4.472488
v 0.619085 1.203998 -4.472488
v 0.619085 0.949097 -4.495009
v 0.953760 1.212805 -4.727389
v 0.971339 1.208401 -4.727389
v 1.078804 0.949097 -4.757013
v 0.885606 0.956210 -4.737368
v 0.971339 1.203998 -4.472488
v 0.953760 1.203998 -4.472488
v 0.885606 0.944338 -4.472488
v 1.065409 0.937313 -4.472488
v 1.288435 1.076547 -4.744533
v 0.619085 1.085354 -4.727389
v 0.619085 1.076547 -4.472488
v 1.288435 1.068327 -4.472488
v 0.953760 1.072437 -4.472488
v 0.971339 1.070382 -4.472488
v 1.208748 1.077101 -4.737304
v 1.023021 1.079583 -4.732204
v 0.184809 0.883371 -4.422017
v 0.214977 0.628470 -4.455564
v 0.757577 0.888903 -4.422017
v 0.757577 0.649828 -4.422017
v 0.184809 0.883371 -4.676918
v 0.184808 0.612031 -4.676918
v 0.757577 0.883371 -4.676918
v 0.757577 0.628470 -4.654397
v 0.586496 0.898208 -4.422017
v 0.471193 0.892178 -4.422017
v 0.456150 0.887774 -4.422017
v 0.364191 0.628470 -4.459444
v 0.529512 0.633930 -4.435878
v 0.607108 0.628470 -4.415962
v 0.456150 0.883371 -4.676918
v 0.471193 0.883371 -4.676918
v 0.486235 0.883371 -4.676918
v 0.736823 0.628070 -4.676918
v 0.529512 0.623711 -4.676918
v 0.375654 0.616687 -4.676918
v 0.184808 0.755921 -4.404873
v 0.757577 0.764727 -4.422017
v 0.757577 0.755921 -4.676918
v 0.184809 0.747701 -4.676918
v 0.486235 0.753866 -4.676918
v 0.471193 0.751811 -4.676918
v 0.456150 0.749756 -4.676918
v 0.252997 0.756474 -4.412103
v 0.608172 0.762254 -4.419974
v 0.701320 0.763819 -4.421289
v 0.782782 0.614626 -4.727389
v 0.817206 0.869527 -4.760893
v 1.436324 0.609094 -4.727389
v 1.436324 0.848169 -4.727389
v 0.782782 0.614626 -4.472488
v 0.782782 0.885966 -4.472488
v 1.436324 0.614626 -4.472488
v 1.436324 0.869527 -4.495009
v 1.109553 0.605819 -4.727389
v 1.092389 0.610222 -4.727389
v 0.987462 0.869527 -4.757013
v 1.176097 0.862413 -4.737368
v 1.092389 0.614626 -4.472488
v 1.109553 0.614626 -4.472488
v 1.176097 0.874286 -4.472488
v 1.000541 0.881310 -4.472488
v 0.782782 0.742076 -4.744533
v 1.436324 0.733269 -4.727389
v 1.436324 0.742076 -4.472488
v 0.782782 0.750296 -4.472488
v 1.109553 0.746186 -4.472488
v 1.092389 0.748241 -4.472488
v 0.860587 0.741523 -4.737304
v 1.041927 0.739041 -4.732204
v 1.809754 0.948468 -4.467017
v 1.784131 1.203368 -4.433513
v 1.323277 0.942936 -4.467017
v 1.323277 1.182011 -4.467017
v 1.809754 0.948468 -4.721917
v 1.809754 1.219808 -4.721917
v 1.323277 0.948468 -4.721917
v 1.323277 1.203368 -4.699396
v 1.468583 0.933630 -4.467017
v 1.566516 0.939661 -4.467017
v 1.579292 0.944064 -4.467017
v 1.657397 1.203368 -4.437393
v 1.516982 1.196255 -4.457038
v 1.451076 1.203368 -4.460962
v 1.579292 0.948468 -4.721917
v 1.566516 0.948468 -4.721917
v 1.553739 0.948468 -4.721917
v 1.340904 1.203769 -4.721917
v 1.516982 1.208127 -4.721917
v 1.647661 1.215152 -4.721917
v 1.809754 1.075918 -4.449872
v 1.323277 1.067111 -4.467017
v 1.323277 1.075918 -4.721917
v 1.809754 1.084138 -4.721917
v 1.553739 1.077973 -4.721917
v 1.566516 1.080028 -4.721917
v 1.579292 1.082083 -4.721917
v 1.751838 1.075365 -4.457102
v 1.616854 1.072882 -4.462202
v 1.611827 1.072598 -4.462622
v 3.111472 0.892759 -4.688414
v 3.084957 0.637858 -4.721917
v 2.608063 0.898291 -4.688414
v 2.608063 0.659216 -4.688414
v 3.111472 0.892759 -4.433513
v 3.111472 0.621419 -4.433513
v 2.608063 0.892759 -4.433513
v 2.608063 0.637858 -4.456034
v 2.758427 0.907597 -4.688414
v 2.859768 0.901566 -4.688414
v 2.872989 0.897163 -4.688414
v 2.953812 0.637858 -4.718037
v 2.808510 0.644972 -4.698392
v 2.740311 0.637858 -4.694468
v 2.872989 0.892759 -4.433513
v 2.859768 0.892759 -4.433513
v 2.846546 0.892759 -4.433513
v 2.626303 0.637458 -4.433513
v 2.808510 0.633099 -4.433513
v 2.943737 0.626075 -4.433513
v 3.111472 0.765309 -4.705557
v 2.608063 0.774116 -4.688414
v 2.608063 0.765309 -4.433513
v 3.111472 0.757089 -4.433513
v 2.846546 0.763254 -4.433513
v 2.859768 0.761199 -4.433513
v 2.872989 0.759144 -4.433513
v 3.051541 0.765862 -4.698328
v 2.911858 0.768344 -4.693228
v 2.906657 0.768629 -4.692808
v 4.819584 0.586617 -4.727389
v 4.785161 0.331716 -4.760893
v 4.166043 0.592149 -4.727389
v 4.166043 0.353074 -4.727389
v 4.819584 0.586617 -4.472488
v 4.819584 0.315277 -4.472488
v 4.166043 0.586617 -4.472488
v 4.166043 0.331716 -4.495009
v 4.492814 0.595424 -4.727389
v 4.509978 0.591021 -4.727389
v 4.614905 0.331716 -4.757013
v 4.426270 0.338830 -4.737368
v 4.509978 0.586617 -4.472488
v 4.492814 0.586617 -4.472488
v 4.426270 0.326957 -4.472488
v 4.601826 0.319933 -4.472488
v 4.819584 0.459167 -4.744533
v 4.166043 0.467974 -4.727389
v 4.166043 0.459167 -4.472488
v 4.819584 0.450947 -4.472488
v 4.492814 0.455057 -4.472488
v 4.509978 0.453002 -4.472488
v 4.741779 0.459720 -4.737304
v 4.560439 0.462202 -4.732204
v 3.427681 0.342356 -4.469888
v 3.397512 0.597257 -4.503435
v 2.854912 0.336825 -4.469888
v 2.854912 0.575900 -4.469888
v 3.427681 0.342356 -4.724789
v 3.427681 0.613697 -4.724789
v 2.854912 0.342357 -4.724789
v 2.854912 0.597257 -4.702268
v 3.025993 0.327519 -4.469888
v 3.141297 0.333550 -4.469888
v 3.156339 0.337953 -4.469888
v 3.248299 0.597257 -4.507315
v 3.082977 0.591798 -4.483748
v 3.005381 0.597257 -4.463833
v 3.156339 0.342356 -4.724789
v 3.141297 0.342356 -4.724789
v 3.126254 0.342356 -4.724789
v 2.875666 0.597658 -4.724789
v 3.082977 0.602016 -4.724789
v 3.236835 0.609041 -4.724789
v 3.427681 0.469807 -4.452744
v 2.854912 0.461000 -4.469888
v 2.854912 0.469807 -4.724789
v 3.427681 0.478027 -4.724789
v 3.126254 0.471862 -4.724789
v 3.141297 0.473917 -4.724789
v 3.156339 0.475972 -4.724789
v 3.359493 0.469254 -4.459974
v 3.004317 0.463474 -4.467845
v 2.911169 0.461909 -4.469160
v 3.136404 0.641657 -4.706256
v 3.166573 0.896558 -4.672709
v 3.709173 0.636125 -4.706256
v 3.709173 0.875200 -4.706256
v 3.136404 0.641657 -4.451355
v 3.136404 0.912997 -4.451355
v 3.709173 0.641657 -4.451355
v 3.709173 0.896558 -4.473876
v 3.538092 0.626820 -4.706256
v 3.422789 0.632850 -4.706256
v 3.407746 0.637253 -4.706256
v 3.315787 0.896558 -4.668829
v 3.481108 0.891098 -4.692395
v 3.558704 0.896558 -4.712311
v 3.407746 0.641657 -4.451355
v 3.422789 0.641657 -4.451355
v 3.437831 0.641657 -4.451355
v 3.688420 0.896958 -4.451355
v 3.481108 0.901317 -4.451355
v 3.327250 0.908341 -4.451355
v 3.136404 0.769107 -4.723400
v 3.709173 0.760300 -4.706256
v 3.709173 0.769107 -4.451355
v 3.136404 0.777327 -4.451355
v 3.437831 0.771162 -4.451355
v 3.422789 0.773217 -4.451355
v 3.407746 0.775272 -4.451355
v 3.204593 0.768554 -4.716170
v 3.559768 0.762774 -4.708299
v 3.652916 0.761209 -4.706984
v 3.453604 0.333048 -4.727389
v 3.488860 0.587949 -4.760893
v 4.122953 0.327516 -4.727389
v 4.122953 0.566592 -4.727389
v 3.453604 0.333049 -4.472488
v 3.453604 0.604389 -4.472488
v 4.122953 0.333048 -4.472488
v 4.122953 0.587949 -4.495009
v 3.788278 0.324242 -4.727389
v 3.770699 0.328645 -4.727389
v 3.663234 0.587949 -4.757013
v 3.856432 0.580836 -4.737368
v 3.770699 0.333048 -4.472488
v 3.788278 0.333048 -4.472488
v 3.856432 0.592708 -4.472488
v 3.676629 0.599733 -4.472488
v 3.453604 0.460499 -4.744533
v 4.122953 0.451692 -4.727389
v 4.122953 0.460499 -4.472488
v 3.453604 0.468719 -4.472488
v 3.788278 0.464609 -4.472488
v 3.770699 0.466664 -4.472488
v 3.533290 0.459946 -4.737304
v 3.719017 0.457463 -4.732204
v 3.746867 0.871129 -4.467783
v 3.781291 0.616228 -4.434280
v 4.400409 0.876661 -4.467783
v 4.400409 0.637586 -4.467783
v 3.746867 0.871129 -4.722684
v 3.746867 0.599788 -4.722684
v 4.400409 0.871129 -4.722684
v 4.400409 0.616228 -4.700163
v 4.073638 0.879936 -4.467783
v 4.056474 0.875532 -4.467783
v 3.951547 0.616228 -4.438159
v 4.140182 0.623342 -4.457805
v 4.056474 0.871129 -4.722684
v 4.073638 0.871129 -4.722684
v 4.140182 0.611469 -4.722684
v 3.964626 0.604444 -4.722684
v 3.746867 0.743678 -4.450639
v 4.400409 0.752486 -4.467783
v 4.400409 0.743679 -4.722684
v 3.746867 0.735458 -4.722684
v 4.073638 0.739569 -4.722684
v 4.056474 0.737514 -4.722684
v 3.824673 0.744232 -4.457869
v 4.006013 0.746714 -4.462968
v 4.433804 0.937317 -4.467017
v 4.407288 1.192218 -4.433513
v 3.930394 0.931785 -4.467017
v 3.930394 1.170861 -4.467017
v 4.433804 0.937317 -4.721917
v 4.433804 1.208658 -4.721917
v 3.930394 0.937317 -4.721917
v 3.930394 1.192218 -4.699396
v 4.080758 0.922480 -4.467017
v 4.182099 0.928510 -4.467017
v 4.195320 0.932914 -4.467017
v 4.276144 1.192218 -4.437393
v 4.130842 1.185105 -4.457038
v 4.062642 1.192218 -4.460962
v 4.195320 0.937317 -4.721917
v 4.182099 0.937317 -4.721917
v 4.168878 0.937317 -4.721917
v 3.948635 1.192618 -4.721917
v 4.130842 1.196977 -4.721917
v 4.266068 1.204002 -4.721917
v 4.433804 1.064768 -4.449872
v 3.930394 1.055961 -4.467017
v 3.930394 1.064768 -4.721917
v 4.433804 1.072987 -4.721917
v 4.168878 1.066823 -4.721917
v 4.182099 1.068877 -4.721917
v 4.195320 1.070932 -4.721917
v 4.373872 1.064214 -4.457102
v 4.234190 1.061732 -4.462202
v 4.228988 1.061448 -4.462622
v 2.001456 0.898160 -4.442049
v 2.031625 0.643259 -4.475596
v 2.574224 0.903692 -4.442049
v 2.574224 0.664617 -4.442049
v 2.001456 0.898160 -4.696950
v 2.001456 0.626820 -4.696950
v 2.574224 0.898160 -4.696950
v 2.574224 0.643259 -4.674429
v 2.403143 0.912997 -4.442049
v 2.287840 0.906967 -4.442049
v 2.272798 0.902563 -4.442049
v 2.180839 0.643259 -4.479476
v 2.346159 0.648719 -4.455910
v 2.423756 0.643259 -4.435994
v 2.272798 0.898160 -4.696950
v 2.287840 0.898160 -4.696950
v 2.302883 0.898160 -4.696950
v 2.553471 0.642859 -4.696950
v 2.346159 0.638500 -4.696950
v 2.192302 0.631476 -4.696950
v 2.001456 0.770709 -4.424905
v 2.574224 0.779516 -4.442049
v 2.574224 0.770710 -4.696950
v 2.001456 0.762490 -4.696950
v 2.302883 0.768655 -4.696950
v 2.287840 0.766600 -4.696950
v 2.272798 0.764545 -4.696950
v 2.069645 0.771263 -4.432135
v 2.424819 0.777042 -4.440006
v 2.517967 0.778608 -4.441321
v 3.903109 1.203998 -4.727389
v 3.867852 0.949097 -4.760893
v 3.233759 1.209530 -4.727389
v 3.233759 0.970454 -4.727389
v 3.903109 1.203998 -4.472488
v 3.903109 0.932657 -4.472488
v 3.233759 1.203998 -4.472488
v 3.233759 0.949097 -4.495009
v 3.568434 1.212805 -4.727389
v 3.586013 1.208401 -4.727389
v 3.693479 0.949097 -4.757013
v 3.500280 0.956210 -4.737368
v 3.586013 1.203998 -4.472488
v 3.568434 1.203998 -4.472488
v 3.500280 0.944338 -4.472488
v 3.680083 0.937313 -4.472488
v 3.903109 1.076547 -4.744533
v 3.233759 1.085354 -4.727389
v 3.233759 1.076547 -4.472488
v 3.903109 1.068327 -4.472488
v 3.568434 1.072437 -4.472488
v 3.586013 1.070382 -4.472488
v 3.823422 1.077101 -4.737304
v 3.637695 1.079583 -4.732204
v 1.520878 0.330619 -4.706256
v 1.552477 0.585520 -4.672709
v 2.120790 0.325087 -4.706256
v 2.120790 0.564162 -4.706256
v 1.520878 0.330619 -4.451355
v 1.520878 0.601959 -4.451355
v 2.120790 0.330619 -4.451355
v 2.120790 0.585520 -4.473876
v 1.941602 0.315782 -4.706256
v 1.820834 0.321812 -4.706256
v 1.805079 0.326215 -4.706256
v 1.708762 0.585520 -4.668829
v 1.881917 0.580060 -4.692395
v 1.963191 0.585520 -4.712311
v 1.805079 0.330619 -4.451355
v 1.820834 0.330619 -4.451355
v 1.836589 0.330619 -4.451355
v 2.099053 0.585920 -4.451355
v 1.881917 0.590279 -4.451355
v 1.720768 0.597303 -4.451355
v 1.520878 0.458069 -4.723400
v 2.120790 0.449262 -4.706256
v 2.120790 0.458069 -4.451355
v 1.520878 0.466289 -4.451355
v 1.836589 0.460124 -4.451355
v 1.820834 0.462179 -4.451355
v 1.805079 0.464234 -4.451355
v 1.592298 0.457516 -4.716170
v 1.964305 0.451736 -4.708299
v 2.061867 0.450171 -4.706984
v 0.955097 0.588964 -4.727389
v 0.919840 0.334064 -4.760893
v 0.285747 0.594496 -4.727389
v 0.285747 0.355421 -4.727389
v 0.955097 0.588964 -4.472488
v 0.955097 0.317624 -4.472488
v 0.285747 0.588964 -4.472488
v 0.285747 0.334064 -4.495009
v 0.620422 0.597771 -4.727389
v 0.638001 0.593368 -4.727389
v 0.745466 0.334064 -4.757013
v 0.552268 0.341177 -4.737368
v 0.638001 0.588964 -4.472488
v 0.620422 0.588964 -4.472488
v 0.552268 0.329304 -4.472488
v 0.732070 0.322280 -4.472488
v 0.955097 0.461514 -4.744533
v 0.285747 0.470321 -4.727389
v 0.285747 0.461514 -4.472488
v 0.955097 0.453294 -4.472488
v 0.620422 0.457404 -4.472488
v 0.638001 0.455349 -4.472488
v 0.875410 0.462067 -4.737304
v 0.689683 0.464550 -4.732204
v -0.319785 0.344313 -4.706256
v -0.289616 0.599213 -4.672709
v 0.252983 0.338781 -4.706256
v 0.252983 0.577856 -4.706256
v -0.319785 0.344313 -4.451355
v -0.319785 0.615653 -4.451355
v 0.252983 0.344313 -4.451355
v 0.252983 0.599213 -4.473876
v 0.081902 0.329475 -4.706256
v -0.033401 0.335506 -4.706256
v -0.048444 0.339909 -4.706256
v -0.140403 0.599213 -4.668829
v 0.024919 0.593754 -4.692395
v 0.102515 0.599213 -4.712311
v -0.048444 0.344313 -4.451355
v -0.033401 0.344313 -4.451355
v -0.018358 0.344313 -4.451355
v 0.232229 0.599614 -4.451355
v 0.024919 0.603973 -4.451355
v -0.128940 0.610997 -4.451355
v -0.319785 0.471763 -4.723400
v 0.252983 0.462956 -4.706256
v 0.252983 0.471763 -4.451355
v -0.319785 0.479983 -4.451355
v -0.018358 0.473818 -4.451355
v -0.033401 0.475873 -4.451355
v -0.048444 0.477928 -4.451355
v -0.251596 0.471210 -4.716170
v 0.103578 0.465430 -4.708299
v 0.196726 0.463865 -4.706984
v 1.478209 0.885717 -4.467017
v 1.503833 0.630816 -4.433513
v 1.964686 0.891248 -4.467017
v 1.964686 0.652173 -4.467017
v 1.478209 0.885717 -4.721917
v 1.478209 0.614376 -4.721917
v 1.964686 0.885716 -4.721917
v 1.964686 0.630816 -4.699396
v 1.819380 0.900554 -4.467017
v 1.721448 0.894523 -4.467017
v 1.708671 0.890120 -4.467017
v 1.630566 0.630816 -4.437393
v 1.770981 0.637929 -4.457038
v 1.836887 0.630816 -4.460962
v 1.708671 0.885717 -4.721917
v 1.721448 0.885717 -4.721917
v 1.734224 0.885717 -4.721917
v 1.947059 0.630415 -4.721917
v 1.770981 0.626057 -4.721917
v 1.640302 0.619032 -4.721917
v 1.478209 0.758266 -4.449872
v 1.964686 0.767073 -4.467017
v 1.964686 0.758266 -4.721917
v 1.478209 0.750046 -4.721917
v 1.734224 0.756211 -4.721917
v 1.721448 0.754156 -4.721917
v 1.708671 0.752101 -4.721917
v 1.536124 0.758819 -4.457102
v 1.671109 0.761302 -4.462202
v 1.676136 0.761586 -4.462622
v 1.856671 1.204971 -4.467017
v 1.883186 0.950070 -4.433513
v 2.360080 1.210503 -4.467017
v 2.360080 0.971427 -4.467017
v 1.856671 1.204971 -4.721917
v 1.856671 0.933630 -4.721917
v 2.360080 1.204970 -4.721917
v 2.360080 0.950070 -4.699396
v 2.209716 1.219808 -4.467017
v 2.108375 1.213778 -4.467017
v 2.095154 1.209374 -4.467017
v 2.014331 0.950070 -4.437393
v 2.159632 0.957183 -4.457038
v 2.227832 0.950070 -4.460962
v 2.095154 1.204971 -4.721917
v 2.108375 1.204971 -4.721917
v 2.121596 1.204971 -4.721917
v 2.341839 0.949669 -4.721917
v 2.159632 0.945311 -4.721917
v 2.024405 0.938286 -4.721917
v 1.856671 1.077520 -4.449872
v 2.360080 1.086327 -4.467017
v 2.360080 1.077520 -4.721917
v 1.856671 1.069301 -4.721917
v 2.121596 1.075465 -4.721917
v 2.108375 1.073410 -4.721917
v 2.095154 1.071356 -4.721917
v 1.916602 1.078074 -4.457102
v 2.056285 1.080556 -4.462202
v 2.061486 1.080840 -4.462622
v 2.409393 0.953868 -4.706256
v 2.449260 1.208769 -4.672709
v 3.166304 0.948336 -4.706256
v 3.166304 1.187412 -4.706256
v 2.409393 0.953868 -4.451355
v 2.409393 1.225209 -4.451355
v 3.166304 0.953868 -4.451355
v 3.166304 1.208769 -4.473876
v 2.940222 0.939031 -4.706256
v 2.787848 0.945062 -4.706256
v 2.767969 0.949465 -4.706256
v 2.646445 1.208769 -4.668829
v 2.864917 1.203310 -4.692395
v 2.967460 1.208769 -4.712311
v 2.767969 0.953868 -4.451355
v 2.787848 0.953868 -4.451355
v 2.807727 0.953868 -4.451355
v 3.138878 1.209170 -4.451355
v 2.864917 1.213528 -4.451355
v 2.661594 1.220553 -4.451355
v 2.409393 1.081319 -4.723400
v 3.166304 1.072512 -4.706256
v 3.166304 1.081319 -4.451355
v 2.409393 1.089539 -4.451355
v 2.807727 1.083374 -4.451355
v 2.787848 1.085429 -4.451355
v 2.767969 1.087484 -4.451355
v 2.499504 1.080765 -4.716170
v 2.968866 1.074986 -4.708299
v 3.091961 1.073421 -4.706984
vn -0.0278 -0.0222 0.9994
vn -1.0000 -0.0000 -0.0000
vn -0.0000 -0.0000 -1.0000
vn 0.9959 0.0799 0.0422
vn 0.0112 -0.9999 -0.0086
vn -0.0197 0.9986 0.0487
vn -0.1631 0.9838 0.0744
vn 0.0130 0.9997 0.0210
vn -0.0649 0.9969 0.0439
vn -0.0291 -0.9986 -0.0440
vn 0.0639 -0.9973 -0.0372
vn 0.1985 -0.9798 -0.0254
vn -0.1063 0.0125 -0.9943
vn -0.0690 -0.1665 0.9836
vn -0.0972 -0.1611 0.9822
vn -0.0826 -0.0986 0.9917
vn -0.0025 -0.0323 0.9995
vn -0.0390 -0.0277 0.9989
vn -0.0276 -0.0885 0.9957
vn 1.0000 -0.0000 -0.0000
vn -0.0120 -0.0111 0.9999
vn 0.0440 -0.0093 -0.9990
vn -0.0000 -0.0000 1.0000
vn -0.9946 0.0917 -0.0485
vn -0.0112 -0.9999 0.0086
vn 0.0199 0.9978 -0.0636
vn 0.1631 0.9838 -0.0744
vn -0.0073 0.9998 -0.0198
vn 0.0490 0.9976 -0.0488
vn 0.0291 -0.9986 0.0440
vn -0.0639 -0.9973 0.0372
vn -0.1985 -0.9798 0.0254
vn 0.1063 0.0125 0.9943
vn 0.0677 0.3338 -0.9402
vn -0.0332 0.2423 -0.9696
vn -0.1481 -0.0305 -0.9885
vn 0.0079 -0.0159 -0.9998
vn 0.0278 -0.0406 -0.9988
vn 0.0276 -0.0885 -0.9957
vn 0.0047 -0.0043 -1.0000
vn 0.9959 -0.0799 -0.0422
vn 0.0112 0.9999 0.0086
vn -0.0197 -0.9986 -0.0487
vn -0.0079 0.9996 0.0281
vn -0.0649 -0.9969 -0.0439
vn 0.1985 0.9798 0.0254
vn -0.0340 0.0338 -0.9989
vn -0.0690 0.1665 -0.9836
vn -0.0972 0.1611 -0.9822
vn -0.0621 -0.0774 0.9951
vn -0.0390 0.0277 -0.9989
vn -0.0276 0.0885 -0.9957
vn -0.0104 0.0170 -0.9998
vn -0.0549 -0.9963 -0.0666
vn -0.0237 -0.0222 0.9995
vn 0.9944 0.0938 0.0496
vn 0.0096 -0.9999 -0.0086
vn -0.0168 0.9987 0.0487
vn -0.1393 0.9874 0.0747
vn 0.0110 0.9997 0.0210
vn -0.0552 0.9975 0.0439
vn -0.0247 -0.9987 -0.0440
vn 0.0544 -0.9978 -0.0372
vn 0.1698 -0.9852 -0.0255
vn -0.0905 0.0125 -0.9958
vn -0.0587 -0.1666 0.9843
vn -0.0827 -0.1613 0.9834
vn -0.0703 -0.0987 0.9926
vn -0.0021 -0.0323 0.9995
vn -0.0332 -0.0277 0.9991
vn -0.0234 -0.0885 0.9958
vn -0.0102 -0.0111 0.9999
vn -0.0318 -0.0093 0.9995
vn 0.9897 0.1264 0.0668
vn 0.0081 -0.9999 -0.0086
vn -0.0144 0.9979 0.0636
vn -0.1186 0.9901 0.0749
vn 0.0052 0.9998 0.0198
vn -0.0354 0.9982 0.0488
vn -0.0210 -0.9988 -0.0440
vn 0.0462 -0.9982 -0.0372
vn 0.1448 -0.9891 -0.0256
vn -0.0770 0.0125 -0.9970
vn -0.0489 0.3341 0.9413
vn 0.0240 0.2424 0.9699
vn 0.1076 -0.0307 0.9937
vn -0.0057 -0.0159 0.9999
vn -0.0201 -0.0406 0.9990
vn -0.0199 -0.0885 0.9959
vn -0.0034 -0.0043 1.0000
vn 0.9894 -0.1283 -0.0679
vn 0.0069 0.9999 0.0086
vn -0.0122 -0.9987 -0.0487
vn -0.0049 0.9996 0.0281
vn -0.0402 -0.9982 -0.0440
vn 0.1242 0.9919 0.0257
vn -0.0210 0.0338 -0.9992
vn -0.0427 0.1667 -0.9851
vn -0.0602 0.1615 -0.9850
vn -0.0385 -0.0775 0.9962
vn -0.0241 0.0277 -0.9993
vn -0.0170 0.0885 -0.9959
vn -0.0065 0.0170 -0.9998
vn -0.0340 -0.9972 -0.0666
vn 0.0229 0.0222 0.9995
vn -0.9940 -0.0970 0.0513
vn -0.0092 0.9999 -0.0086
vn 0.0162 -0.9987 0.0487
vn 0.1347 -0.9881 0.0747
vn -0.0107 -0.9997 0.0210
vn 0.0534 -0.9976 0.0439
vn 0.0239 0.9987 -0.0440
vn -0.0525 0.9979 -0.0372
vn -0.1642 0.9861 -0.0256
vn 0.0875 -0.0125 -0.9961
vn 0.0568 0.1666 0.9844
vn 0.0800 0.1613 0.9837
vn 0.0679 0.0988 0.9928
vn 0.0020 0.0323 0.9995
vn 0.0321 0.0277 0.9991
vn 0.0227 0.0885 0.9958
vn 0.0099 0.0111 0.9999
vn -0.0000 -1.0000 -0.0000
vn 0.9899 0.0663 -0.1254
vn 0.0071 -0.0086 0.9999
vn -0.0125 0.0487 -0.9987
vn -0.0050 -0.0281 0.9996
vn -0.0411 0.0440 -0.9982
vn 0.1272 -0.0257 0.9915
vn -0.0215 0.9992 0.0338
vn -0.0437 0.9850 0.1667
vn -0.0617 0.9849 0.1615
vn -0.0394 -0.9962 -0.0775
vn -0.0247 0.9993 0.0277
vn -0.0175 0.9959 0.0885
vn -0.0066 0.9998 0.0170
vn -0.0348 0.0666 -0.9972
vn 0.0304 0.9995 -0.0093
vn -0.9888 0.0699 0.1322
vn -0.0077 -0.0086 -0.9999
vn 0.0137 0.0636 0.9979
vn 0.1133 0.0749 0.9907
vn -0.0050 0.0198 0.9998
vn 0.0338 0.0488 0.9982
vn 0.0201 -0.0440 -0.9988
vn -0.0441 -0.0372 -0.9983
vn -0.1384 -0.0257 -0.9901
vn 0.0735 -0.9972 0.0125
vn 0.0467 0.9414 0.3342
vn -0.0229 0.9699 0.2424
vn -0.1027 0.9942 -0.0307
vn 0.0055 0.9999 -0.0159
vn 0.0192 0.9990 -0.0406
vn 0.0190 0.9959 -0.0885
vn 0.0032 1.0000 -0.0043
vn 0.0304 -0.0093 -0.9995
vn -0.9888 0.1322 -0.0699
vn -0.0077 -0.9999 0.0086
vn 0.0137 0.9979 -0.0636
vn 0.1133 0.9907 -0.0749
vn -0.0050 0.9998 -0.0198
vn 0.0338 0.9982 -0.0488
vn 0.0201 -0.9988 0.0440
vn -0.0441 -0.9983 0.0372
vn -0.1384 -0.9901 0.0257
vn 0.0735 0.0125 0.9972
vn 0.0467 0.3342 -0.9414
vn -0.0229 0.2424 -0.9699
vn -0.1027 -0.0307 -0.9942
vn 0.0055 -0.0159 -0.9999
vn 0.0192 -0.0406 -0.9990
vn 0.0190 -0.0885 -0.9959
vn 0.0032 -0.0043 -1.0000
vn -0.0000 1.0000 -0.0000
vn 0.9894 -0.0679 0.1284
vn 0.0069 0.0086 -0.9999
vn -0.0122 -0.0487 0.9987
vn -0.0049 0.0281 -0.9996
vn -0.0402 -0.0440 0.9982
vn 0.1242 0.0257 -0.9919
vn -0.0210 -0.9992 -0.0338
vn -0.0427 -0.9851 -0.1667
vn -0.0602 -0.9850 -0.1615
vn -0.0385 0.9962 0.0775
vn -0.0241 -0.9993 -0.0277
vn -0.0170 -0.9959 -0.0885
vn -0.0065 -0.9998 -0.0170
vn -0.0340 -0.0666 0.9972
vn -0.0229 -0.0222 0.9995
vn 0.9940 0.0970 0.0513
vn 0.0092 -0.9999 -0.0086
vn -0.0162 0.9987 0.0487
vn -0.1347 0.9881 0.0747
vn 0.0107 0.9997 0.0210
vn -0.0534 0.9976 0.0439
vn -0.0239 -0.9987 -0.0440
vn 0.0525 -0.9979 -0.0372
vn 0.1642 -0.9861 -0.0256
vn -0.0875 0.0125 -0.9961
vn -0.0568 -0.1666 0.9844
vn -0.0800 -0.1613 0.9837
vn -0.0679 -0.0988 0.9928
vn -0.0020 -0.0323 0.9995
vn -0.0321 -0.0277 0.9991
vn -0.0227 -0.0885 0.9958
vn -0.0099 -0.0111 0.9999
vn -0.0304 -0.0093 0.9995
vn 0.9888 0.1322 0.0699
vn 0.0077 -0.9999 -0.0086
vn -0.0137 0.9979 0.0636
vn -0.1133 0.9907 0.0749
vn 0.0050 0.9998 0.0198
vn -0.0338 0.9982 0.0488
vn -0.0201 -0.9988 -0.0440
vn 0.0441 -0.9983 -0.0372
vn 0.1384 -0.9901 -0.0257
vn -0.0735 0.0125 -0.9972
vn -0.0467 0.3342 0.9414
vn 0.0229 0.2424 0.9699
vn 0.1027 -0.0307 0.9942
vn -0.0055 -0.0159 0.9999
vn -0.0192 -0.0406 0.9990
vn -0.0190 -0.0885 0.9959
vn -0.0032 -0.0043 1.0000
vn 0.9894 -0.1284 -0.0679
vn 0.0318 0.0093 0.9995
vn -0.9897 -0.1264 0.0668
vn -0.0081 0.9999 -0.0086
vn 0.0144 -0.9979 0.0636
vn 0.1186 -0.9901 0.0749
vn -0.0052 -0.9998 0.0198
vn 0.0354 -0.9982 0.0488
vn 0.0210 0.9988 -0.0440
vn -0.0462 0.9982 -0.0372
vn -0.1448 0.9891 -0.0256
vn 0.0770 -0.0125 -0.9970
vn 0.0489 -0.3341 0.9413
vn -0.0240 -0.2424 0.9699
vn -0.1076 0.0307 0.9937
vn 0.0057 0.0159 0.9999
vn 0.0201 0.0406 0.9990
vn 0.0199 0.0885 0.9959
vn 0.0034 0.0043 1.0000
vn 0.0304 0.0093 0.9995
vn -0.9888 -0.1322 0.0699
vn -0.0077 0.9999 -0.0086
vn 0.0137 -0.9979 0.0636
vn 0.1133 -0.9907 0.0749
vn -0.0050 -0.9998 0.0198
vn 0.0338 -0.9982 0.0488
vn 0.0201 0.9988 -0.0440
vn -0.0441 0.9983 -0.0372
vn -0.1384 0.9901 -0.0257
vn 0.0735 -0.0125 -0.9972
vn 0.0467 -0.3342 0.9414
vn -0.0229 -0.2424 0.9699
vn -0.1027 0.0307 0.9942
vn 0.0055 0.0159 0.9999
vn 0.0192 0.0406 0.9990
vn 0.0190 0.0885 0.9959
vn 0.0032 0.0043 1.0000
vn -0.0318 0.0093 -0.9995
vn 0.9897 -0.1264 -0.0668
vn 0.0081 0.9999 0.0086
vn -0.0144 -0.9979 -0.0636
vn -0.1186 -0.9901 -0.0749
vn 0.0052 -0.9998 -0.0198
vn -0.0354 -0.9982 -0.0488
vn -0.0210 0.9988 0.0440
vn 0.0462 0.9982 0.0372
vn 0.1448 0.9891 0.0256
vn -0.0770 -0.0125 0.9970
vn -0.0489 -0.3341 -0.9413
vn 0.0240 -0.2424 -0.9699
vn 0.1076 0.0307 -0.9937
vn -0.0057 0.0159 -0.9999
vn -0.0201 0.0406 -0.9990
vn -0.0199 0.0885 -0.9959
vn -0.0034 0.0043 -1.0000
vn -0.9899 0.1254 -0.0663
vn -0.0071 -0.9999 0.0086
vn 0.0125 0.9987 -0.0487
vn 0.0050 -0.9996 0.0281
vn 0.0411 0.9982 -0.0440
vn -0.1272 -0.9915 0.0257
vn 0.0215 -0.0338 -0.9992
vn 0.0437 -0.1667 -0.9850
vn 0.0617 -0.1615 -0.9849
vn 0.0394 0.0775 0.9962
vn 0.0247 -0.0277 -0.9993
vn 0.0175 -0.0885 -0.9959
vn 0.0066 -0.0170 -0.9998
vn 0.0348 0.9972 -0.0666
vn -0.0304 0.0093 -0.9995
vn 0.9888 -0.1322 -0.0699
vn 0.0077 0.9999 0.0086
vn -0.0137 -0.9979 -0.0636
vn -0.1133 -0.9907 -0.0749
vn 0.0050 -0.9998 -0.0198
vn -0.0338 -0.9982 -0.0488
vn -0.0201 0.9988 0.0440
vn 0.0441 0.9983 0.0372
vn 0.1384 0.9901 0.0257
vn -0.0735 -0.0125 0.9972
vn -0.0467 -0.3342 -0.9414
vn 0.0229 -0.2424 -0.9699
vn 0.1027 0.0307 -0.9942
vn -0.0055 0.0159 -0.9999
vn -0.0192 0.0406 -0.9990
vn -0.0190 0.0885 -0.9959
vn -0.0032 0.0043 -1.0000
vn -0.0229 0.0222 -0.9995
vn 0.9940 -0.0970 -0.0513
vn 0.0092 0.9999 0.0086
vn -0.0162 -0.9987 -0.0487
vn -0.1347 -0.9881 -0.0747
vn 0.0107 -0.9997 -0.0210
vn -0.0534 -0.9976 -0.0439
vn -0.0239 0.9987 0.0440
vn 0.0525 0.9979 0.0372
vn 0.1642 0.9861 0.0256
vn -0.0875 -0.0125 0.9961
vn -0.0568 0.1666 -0.9844
vn -0.0800 0.1613 -0.9837
vn -0.0679 0.0988 -0.9928
vn -0.0020 0.0323 -0.9995
vn -0.0321 0.0277 -0.9991
vn -0.0227 0.0885 -0.9958
vn -0.0099 0.0111 -0.9999
vn 0.9899 -0.1254 -0.0663
vn 0.0071 0.9999 0.0086
vn -0.0125 -0.9987 -0.0487
vn -0.0050 0.9996 0.0281
vn -0.0411 -0.9982 -0.0440
vn 0.1272 0.9915 0.0257
vn -0.0215 0.0338 -0.9992
vn -0.0437 0.1667 -0.9850
vn -0.0617 0.1615 -0.9849
vn -0.0394 -0.0775 0.9962
vn -0.0247 0.0277 -0.9993
vn -0.0175 0.0885 -0.9959
vn -0.0066 0.0170 -0.9998
vn -0.0348 -0.9972 -0.0666
vn 0.0318 -0.0093 -0.9995
vn -0.9897 0.1264 -0.0668
vn -0.0081 -0.9999 0.0086
vn 0.0144 0.9979 -0.0636
vn 0.1186 0.9901 -0.0749
vn -0.0052 0.9998 -0.0198
vn 0.0354 0.9982 -0.0488
vn 0.0210 -0.9988 0.0440
vn -0.0462 -0.9982 0.0372
vn -0.1448 -0.9891 0.0256
vn 0.0770 0.0125 0.9970
vn 0.0489 0.3341 -0.9413
vn -0.0240 0.2424 -0.9699
vn -0.1076 -0.0307 -0.9937
vn 0.0057 -0.0159 -0.9999
vn 0.0201 -0.0406 -0.9990
vn 0.0199 -0.0885 -0.9959
vn 0.0034 -0.0043 -1.0000
vn -0.9894 0.1284 -0.0679
vn -0.0069 -0.9999 0.0086
vn 0.0122 0.9987 -0.0487
vn 0.0049 -0.9996 0.0281
vn 0.0402 0.9982 -0.0440
vn -0.1242 -0.9919 0.0257
vn 0.0210 -0.0338 -0.9992
vn 0.0427 -0.1667 -0.9851
vn 0.0602 -0.1615 -0.9850
vn 0.0385 0.0775 0.9962
vn 0.0241 -0.0277 -0.9993
vn 0.0170 -0.0885 -0.9959
vn 0.0065 -0.0170 -0.9998
vn 0.0340 0.9972 -0.0666
vn -0.9899 -0.1254 0.0663
vn -0.0071 0.9999 -0.0086
vn 0.0125 -0.9987 0.0487
vn 0.0050 0.9996 -0.0281
vn 0.0411 -0.9982 0.0440
vn -0.1272 0.9915 -0.0257
vn 0.0215 0.0338 0.9992
vn 0.0437 0.1667 0.9850
vn 0.0617 0.1615 0.9849
vn 0.0394 -0.0775 -0.9962
vn 0.0247 0.0277 0.9993
vn 0.0175 0.0885 0.9959
vn 0.0066 0.0170 0.9998
vn 0.0348 -0.9972 0.0666
vn 0.0237 0.0222 0.9995
vn -0.9944 -0.0938 0.0496
vn -0.0096 0.9999 -0.0086
vn 0.0168 -0.9987 0.0487
vn 0.1393 -0.9874 0.0747
vn -0.0110 -0.9997 0.0210
vn 0.0552 -0.9975 0.0439
vn 0.0247 0.9987 -0.0440
vn -0.0544 0.9978 -0.0372
vn -0.1698 0.9852 -0.0255
vn 0.0905 -0.0125 -0.9958
vn 0.0587 0.1666 0.9843
vn 0.0827 0.1613 0.9834
vn 0.0703 0.0987 0.9926
vn 0.0021 0.0323 0.9995
vn 0.0332 0.0277 0.9991
vn 0.0234 0.0885 0.9958
vn 0.0102 0.0111 0.9999
vn 0.0241 -0.0093 -0.9997
vn -0.9823 0.1657 -0.0877
vn -0.0061 -0.9999 0.0086
vn 0.0109 0.9979 -0.0636
vn 0.0900 0.9931 -0.0751
vn -0.0040 0.9998 -0.0198
vn 0.0268 0.9984 -0.0488
vn 0.0159 -0.9989 0.0440
vn -0.0350 -0.9987 0.0372
vn -0.1100 -0.9936 0.0257
vn 0.0583 0.0125 0.9982
vn 0.0371 0.3343 -0.9417
vn -0.0182 0.2424 -0.9700
vn -0.0816 -0.0307 -0.9962
vn 0.0043 -0.0159 -0.9999
vn 0.0152 -0.0406 -0.9991
vn 0.0151 -0.0885 -0.9960
vn 0.0025 -0.0043 -1.0000
vt 0.500000 0.094241
vt 0.625000 0.205853
vt 0.605407 0.250000
vt 0.500000 0.250000
vt 0.636044 0.488956
vt 0.500000 0.500000
vt 0.500000 0.687500
vt 0.625000 0.713818
vt 0.625000 0.750000
vt 0.500000 0.750000
vt 0.624957 0.999326
vt 0.500000 1.000000
vt 0.125000 0.687500
vt 0.375000 0.687500
vt 0.375000 0.750000
vt 0.125000 0.750000
vt 0.875000 0.715991
vt 0.875000 0.744280
vt 0.875034 0.499926
vt 0.875000 0.544147
vt 0.625000 0.506089
vt 0.875000 0.625000
vt 0.625000 0.625000
vt 0.125736 0.500088
vt 0.375000 0.500000
vt 0.375000 0.562500
vt 0.125000 0.539406
vt 0.375000 0.625000
vt 0.125000 0.625000
vt 0.500000 0.562500
vt 0.500000 0.625000
vt 0.500000 0.000000
vt 0.625000 0.005720
vt 0.625000 0.034009
vt 0.500000 0.015706
vt 0.625000 0.125000
vt 0.500000 0.086170
vt 0.375000 0.125000
vt 0.375000 0.210594
vt 0.375000 0.062500
vt 0.375000 0.000000
vt 0.375000 1.000000
vt 0.386084 0.250000
vt 0.500000 0.224208
vt 0.625000 0.205853
vt 0.605407 0.250000
vt 0.500000 0.250000
vt 0.636044 0.488956
vt 0.500000 0.687500
vt 0.125000 0.687500
vt 0.375000 0.750000
vt 0.875034 0.499926
vt 0.625000 0.506089
vt 0.840176 0.625000
vt 0.375000 0.500000
vt 0.500000 0.562500
vt 0.500000 0.015706
vt 0.626865 0.129043
vt 0.500000 0.179777
vt 0.375000 0.210594
vt 0.375000 0.062500
vt 0.375000 1.000000
s 0
f 114/49/73 98/50/73 88/51/73 106/52/73
f 106/52/74 88/51/74 92/53/74 107/54/74
f 111/55/75 104/56/75 90/57/75 108/58/75
f 108/58/76 90/57/76 86/59/76 105/60/76
f 95/61/77 99/62/77 89/63/77 85/64/77
f 104/56/78 96/65/78 86/66/78 90/57/78
f 92/53/79 88/67/79 98/68/79 102/69/79
f 102/69/80 98/68/80 97/70/80 103/71/80
f 103/71/81 97/70/81 96/65/81 104/56/81
f 87/72/82 91/73/82 101/74/82 93/75/82
f 93/75/83 101/74/83 100/76/83 94/77/83
f 94/77/84 100/76/84 99/62/84 95/61/84
f 107/54/85 92/53/85 102/69/85 109/78/85
f 109/78/75 102/69/75 103/71/75 110/79/75
f 110/79/75 103/71/75 104/56/75 111/55/75
f 105/80/86 86/81/86 96/82/86 112/83/86
f 112/83/87 96/82/87 97/84/87 113/85/87
f 113/85/88 97/84/88 98/50/88 114/49/88
f 94/86/89 113/85/89 114/49/89 93/87/89
f 95/88/90 112/83/90 113/85/90 94/86/90
f 85/89/91 105/80/91 112/83/91 95/88/91
f 100/76/75 110/79/75 111/55/75 99/62/75
f 101/74/75 109/78/75 110/79/75 100/76/75
f 91/73/75 107/54/75 109/78/75 101/74/75
f 89/63/92 108/58/92 105/60/92 85/90/92
f 99/62/75 111/55/75 108/58/75 89/63/75
f 87/91/74 106/52/74 107/54/74 91/73/74
f 93/87/93 114/49/93 106/52/93 87/91/93
f 144/92/94 128/93/94 118/94/94 136/95/94
f 136/95/92 118/94/92 122/96/92 137/54/92
f 141/97/95 134/56/95 120/57/95 138/58/95
f 138/58/96 120/57/96 116/59/96 135/60/96
f 125/98/97 129/62/97 119/99/97 115/64/97
f 134/56/98 126/65/98 116/66/98 120/57/98
f 122/96/99 118/100/99 128/68/99 132/101/99
f 132/101/100 128/68/100 127/102/100 133/71/100
f 133/71/101 127/102/101 126/65/101 134/56/101
f 117/72/102 121/103/102 131/74/102 123/75/102
f 123/75/103 131/74/103 130/76/103 124/77/103
f 124/77/104 130/76/104 129/62/104 125/98/104
f 137/54/105 122/96/105 132/101/105 139/104/105
f 139/104/95 132/101/95 133/71/95 140/79/95
f 140/79/95 133/71/95 134/56/95 141/97/95
f 135/80/106 116/81/106 126/82/106 142/105/106
f 142/105/107 126/82/107 127/106/107 143/107/107
f 143/107/108 127/106/108 128/93/108 144/92/108
f 124/86/109 143/107/109 144/92/109 123/108/109
f 125/109/110 142/105/110 143/107/110 124/86/110
f 115/89/111 135/80/111 142/105/111 125/109/111
f 130/76/95 140/79/95 141/97/95 129/62/95
f 131/74/95 139/104/95 140/79/95 130/76/95
f 121/103/95 137/54/95 139/104/95 131/74/95
f 119/99/74 138/58/74 135/60/74 115/110/74
f 129/62/95 141/97/95 138/58/95 119/99/95
f 117/91/92 136/95/92 137/54/92 121/103/92
f 123/108/112 144/92/112 136/95/112 117/91/112
f 162/52/74 148/51/74 152/53/74 163/54/74
f 166/55/95 160/56/95 150/57/95 164/58/95
f 164/58/113 150/57/113 146/59/113 161/60/113
f 154/61/114 157/62/114 149/63/114 145/64/114
f 160/56/115 155/65/115 146/66/115 150/57/115
f 151/73/116 158/76/116 153/77/116 147/72/116
f 159/71/117 156/70/117 155/65/117 160/56/117
f 151/73/95 163/54/95 165/79/95 158/76/95
f 153/77/118 158/76/118 157/62/118 154/61/118
f 168/85/119 156/84/119 148/51/119 162/52/119
f 165/79/95 159/71/95 160/56/95 166/55/95
f 161/80/120 146/81/120 155/82/120 167/83/120
f 167/83/121 155/82/121 156/84/121 168/85/121
f 152/53/122 159/71/122 165/79/122 163/54/122
f 154/88/123 167/83/123 168/85/123 153/86/123
f 145/89/124 161/80/124 167/83/124 154/88/124
f 158/76/95 165/79/95 166/55/95 157/62/95
f 168/85/125 162/52/125 147/91/125 153/86/125
f 149/63/92 164/58/92 161/60/92 145/90/92
f 157/62/95 166/55/95 164/58/95 149/63/95
f 147/91/74 162/52/74 163/54/74 151/73/74
f 148/67/126 156/70/126 159/71/126 152/53/126
f 198/49/127 182/50/127 172/51/127 190/52/127
f 190/52/74 172/51/74 176/53/74 191/54/74
f 195/55/75 188/56/75 174/57/75 192/58/75
f 192/58/128 174/57/128 170/59/128 189/60/128
f 179/61/129 183/62/129 173/63/129 169/64/129
f 188/56/130 180/65/130 170/66/130 174/57/130
f 176/53/131 172/67/131 182/68/131 186/69/131
f 186/69/132 182/68/132 181/70/132 187/71/132
f 187/71/133 181/70/133 180/65/133 188/56/133
f 171/72/134 175/73/134 185/74/134 177/75/134
f 177/75/135 185/74/135 184/76/135 178/77/135
f 178/77/136 184/76/136 183/62/136 179/61/136
f 191/54/137 176/53/137 186/69/137 193/78/137
f 193/78/75 186/69/75 187/71/75 194/79/75
f 194/79/75 187/71/75 188/56/75 195/55/75
f 189/80/138 170/81/138 180/82/138 196/83/138
f 196/83/139 180/82/139 181/84/139 197/85/139
f 197/85/140 181/84/140 182/50/140 198/49/140
f 178/86/141 197/85/141 198/49/141 177/87/141
f 179/88/142 196/83/142 197/85/142 178/86/142
f 169/89/143 189/80/143 196/83/143 179/88/143
f 184/76/75 194/79/75 195/55/75 183/62/75
f 185/74/75 193/78/75 194/79/75 184/76/75
f 175/73/75 191/54/75 193/78/75 185/74/75
f 173/63/92 192/58/92 189/60/92 169/90/92
f 183/62/75 195/55/75 192/58/75 173/63/75
f 171/91/74 190/52/74 191/54/74 175/73/74
f 177/87/144 198/49/144 190/52/144 171/91/144
f 228/92/145 212/93/145 202/94/145 220/95/145
f 220/95/74 202/94/74 206/96/74 221/54/74
f 225/97/75 218/56/75 204/57/75 222/58/75
f 222/58/146 204/57/146 200/59/146 219/60/146
f 209/98/147 213/62/147 203/99/147 199/64/147
f 218/56/148 210/65/148 200/66/148 204/57/148
f 206/96/149 202/100/149 212/68/149 216/101/149
f 216/101/150 212/68/150 211/102/150 217/71/150
f 217/71/151 211/102/151 210/65/151 218/56/151
f 201/72/152 205/103/152 215/74/152 207/75/152
f 207/75/153 215/74/153 214/76/153 208/77/153
f 208/77/154 214/76/154 213/62/154 209/98/154
f 221/54/155 206/96/155 216/101/155 223/104/155
f 223/104/75 216/101/75 217/71/75 224/79/75
f 224/79/75 217/71/75 218/56/75 225/97/75
f 219/80/156 200/81/156 210/82/156 226/105/156
f 226/105/157 210/82/157 211/106/157 227/107/157
f 227/107/158 211/106/158 212/93/158 228/92/158
f 208/86/159 227/107/159 228/92/159 207/108/159
f 209/109/160 226/105/160 227/107/160 208/86/160
f 199/89/161 219/80/161 226/105/161 209/109/161
f 214/76/75 224/79/75 225/97/75 213/62/75
f 215/74/75 223/104/75 224/79/75 214/76/75
f 205/103/75 221/54/75 223/104/75 215/74/75
f 203/99/92 222/58/92 219/60/92 199/110/92
f 213/62/75 225/97/75 222/58/75 203/99/75
f 201/91/74 220/95/74 221/54/74 205/103/74
f 207/108/162 228/92/162 220/95/162 201/91/162
f 246/52/74 232/51/74 236/53/74 247/54/74
f 250/55/95 244/56/95 234/57/95 248/58/95
f 248/58/163 234/57/163 230/59/163 245/60/163
f 238/61/164 241/62/164 233/63/164 229/64/164
f 244/56/165 239/65/165 230/66/165 234/57/165
f 235/73/166 242/76/166 237/77/166 231/72/166
f 243/71/167 240/70/167 239/65/167 244/56/167
f 235/73/95 247/54/95 249/79/95 242/76/95
f 237/77/168 242/76/168 241/62/168 238/61/168
f 252/85/169 240/84/169 232/51/169 246/52/169
f 249/79/95 243/71/95 244/56/95 250/55/95
f 245/80/170 230/81/170 239/82/170 251/83/170
f 251/83/171 239/82/171 240/84/171 252/85/171
f 236/53/172 243/71/172 249/79/172 247/54/172
f 238/88/173 251/83/173 252/85/173 237/86/173
f 229/89/174 245/80/174 251/83/174 238/88/174
f 242/76/95 249/79/95 250/55/95 241/62/95
f 252/85/175 246/52/175 231/91/175 237/86/175
f 233/63/92 248/58/92 245/60/92 229/90/92
f 241/62/95 250/55/95 248/58/95 233/63/95
f 231/91/74 246/52/74 247/54/74 235/73/74
f 232/67/176 240/70/176 243/71/176 236/53/176
f 282/49/177 266/50/177 256/51/177 274/52/177
f 274/52/92 256/51/92 260/53/92 275/54/92
f 279/55/75 272/56/75 258/57/75 276/58/75
f 276/58/178 258/57/178 254/59/178 273/60/178
f 263/61/179 267/62/179 257/63/179 253/64/179
f 272/56/180 264/65/180 254/66/180 258/57/180
f 260/53/181 256/67/181 266/68/181 270/69/181
f 270/69/182 266/68/182 265/70/182 271/71/182
f 271/71/183 265/70/183 264/65/183 272/56/183
f 255/72/184 259/73/184 269/74/184 261/75/184
f 261/75/185 269/74/185 268/76/185 262/77/185
f 262/77/186 268/76/186 267/62/186 263/61/186
f 275/54/187 260/53/187 270/69/187 277/78/187
f 277/78/75 270/69/75 271/71/75 278/79/75
f 278/79/75 271/71/75 272/56/75 279/55/75
f 273/80/188 254/81/188 264/82/188 280/83/188
f 280/83/189 264/82/189 265/84/189 281/85/189
f 281/85/190 265/84/190 266/50/190 282/49/190
f 262/86/191 281/85/191 282/49/191 261/87/191
f 263/88/192 280/83/192 281/85/192 262/86/192
f 253/89/193 273/80/193 280/83/193 263/88/193
f 268/76/75 278/79/75 279/55/75 267/62/75
f 269/74/75 277/78/75 278/79/75 268/76/75
f 259/73/75 275/54/75 277/78/75 269/74/75
f 257/63/74 276/58/74 273/60/74 253/90/74
f 267/62/75 279/55/75 276/58/75 257/63/75
f 255/91/92 274/52/92 275/54/92 259/73/92
f 261/87/194 282/49/194 274/52/194 255/91/194
f 300/52/74 286/51/74 290/53/74 301/54/74
f 304/55/195 298/56/195 288/57/195 302/58/195
f 302/58/196 288/57/196 284/59/196 299/60/196
f 292/61/197 295/62/197 287/63/197 283/64/197
f 298/56/198 293/65/198 284/66/198 288/57/198
f 289/73/199 296/76/199 291/77/199 285/72/199
f 297/71/200 294/70/200 293/65/200 298/56/200
f 289/73/195 301/54/195 303/79/195 296/76/195
f 291/77/201 296/76/201 295/62/201 292/61/201
f 306/85/202 294/84/202 286/51/202 300/52/202
f 303/79/195 297/71/195 298/56/195 304/55/195
f 299/80/203 284/81/203 293/82/203 305/83/203
f 305/83/204 293/82/204 294/84/204 306/85/204
f 290/53/205 297/71/205 303/79/205 301/54/205
f 292/88/206 305/83/206 306/85/206 291/86/206
f 283/89/207 299/80/207 305/83/207 292/88/207
f 296/76/195 303/79/195 304/55/195 295/62/195
f 306/85/208 300/52/208 285/91/208 291/86/208
f 287/63/92 302/58/92 299/60/92 283/90/92
f 295/62/195 304/55/195 302/58/195 287/63/195
f 285/91/74 300/52/74 301/54/74 289/73/74
f 286/67/209 294/70/209 297/71/209 290/53/209
f 336/92/210 320/93/210 310/94/210 328/95/210
f 328/95/92 310/94/92 314/96/92 329/54/92
f 333/97/195 326/56/195 312/57/195 330/58/195
f 330/58/211 312/57/211 308/59/211 327/60/211
f 317/98/212 321/62/212 311/99/212 307/64/212
f 326/56/213 318/65/213 308/66/213 312/57/213
f 314/96/214 310/100/214 320/68/214 324/101/214
f 324/101/215 320/68/215 319/102/215 325/71/215
f 325/71/216 319/102/216 318/65/216 326/56/216
f 309/72/217 313/103/217 323/74/217 315/75/217
f 315/75/218 323/74/218 322/76/218 316/77/218
f 316/77/219 322/76/219 321/62/219 317/98/219
f 329/54/220 314/96/220 324/101/220 331/104/220
f 331/104/195 324/101/195 325/71/195 332/79/195
f 332/79/195 325/71/195 326/56/195 333/97/195
f 327/80/221 308/81/221 318/82/221 334/105/221
f 334/105/222 318/82/222 319/106/222 335/107/222
f 335/107/223 319/106/223 320/93/223 336/92/223
f 316/86/224 335/107/224 336/92/224 315/108/224
f 317/109/225 334/105/225 335/107/225 316/86/225
f 307/89/226 327/80/226 334/105/226 317/109/226
f 322/76/195 332/79/195 333/97/195 321/62/195
f 323/74/195 331/104/195 332/79/195 322/76/195
f 313/103/195 329/54/195 331/104/195 323/74/195
f 311/99/74 330/58/74 327/60/74 307/110/74
f 321/62/195 333/97/195 330/58/195 311/99/195
f 309/91/92 328/95/92 329/54/92 313/103/92
f 315/108/227 336/92/227 328/95/227 309/91/227
f 366/92/228 350/93/228 340/94/228 358/95/228
f 358/95/92 340/94/92 344/96/92 359/54/92
f 363/97/95 356/56/95 342/57/95 360/58/95
f 360/58/229 342/57/229 338/59/229 357/60/229
f 347/98/230 351/62/230 341/99/230 337/64/230
f 356/56/231 348/65/231 338/66/231 342/57/231
f 344/96/232 340/100/232 350/68/232 354/101/232
f 354/101/233 350/68/233 349/102/233 355/71/233
f 355/71/234 349/102/234 348/65/234 356/56/234
f 339/72/235 343/103/235 353/74/235 345/75/235
f 345/75/236 353/74/236 352/76/236 346/77/236
f 346/77/237 352/76/237 351/62/237 347/98/237
f 359/54/238 344/96/238 354/101/238 361/104/238
f 361/104/95 354/101/95 355/71/95 362/79/95
f 362/79/95 355/71/95 356/56/95 363/97/95
f 357/80/239 338/81/239 348/82/239 364/105/239
f 364/105/240 348/82/240 349/106/240 365/107/240
f 365/107/241 349/106/241 350/93/241 366/92/241
f 346/86/242 365/107/242 366/92/242 345/108/242
f 347/109/243 364/105/243 365/107/243 346/86/243
f 337/89/244 357/80/244 364/105/244 347/109/244
f 352/76/95 362/79/95 363/97/95 351/62/95
f 353/74/95 361/104/95 362/79/95 352/76/95
f 343/103/95 359/54/95 361/104/95 353/74/95
f 341/99/74 360/58/74 357/60/74 337/110/74
f 351/62/95 363/97/95 360/58/95 341/99/95
f 339/91/92 358/95/92 359/54/92 343/103/92
f 345/108/245 366/92/245 358/95/245 339/91/245
f 384/52/74 370/51/74 374/53/74 385/54/74
f 388/55/246 382/56/246 372/57/246 386/58/246
f 386/58/247 372/57/247 368/59/247 383/60/247
f 376/61/248 379/62/248 371/63/248 367/64/248
f 382/56/249 377/65/249 368/66/249 372/57/249
f 373/73/250 380/76/250 375/77/250 369/72/250
f 381/71/251 378/70/251 377/65/251 382/56/251
f 373/73/246 385/54/246 387/79/246 380/76/246
f 375/77/252 380/76/252 379/62/252 376/61/252
f 390/85/253 378/84/253 370/51/253 384/52/253
f 387/79/246 381/71/246 382/56/246 388/55/246
f 383/80/254 368/81/254 377/82/254 389/83/254
f 389/83/255 377/82/255 378/84/255 390/85/255
f 374/53/256 381/71/256 387/79/256 385/54/256
f 376/88/257 389/83/257 390/85/257 375/86/257
f 367/89/258 383/80/258 389/83/258 376/88/258
f 380/76/246 387/79/246 388/55/246 379/62/246
f 390/85/259 384/52/259 369/91/259 375/86/259
f 371/63/92 386/58/92 383/60/92 367/90/92
f 379/62/246 388/55/246 386/58/246 371/63/246
f 369/91/74 384/52/74 385/54/74 373/73/74
f 370/67/260 378/70/260 381/71/260 374/53/260
f 420/49/261 404/50/261 394/51/261 412/52/261
f 412/52/74 394/51/74 398/53/74 413/54/74
f 417/55/75 410/56/75 396/57/75 414/58/75
f 414/58/262 396/57/262 392/59/262 411/60/262
f 401/61/263 405/62/263 395/63/263 391/64/263
f 410/56/264 402/65/264 392/66/264 396/57/264
f 398/53/265 394/67/265 404/68/265 408/69/265
f 408/69/266 404/68/266 403/70/266 409/71/266
f 409/71/267 403/70/267 402/65/267 410/56/267
f 393/72/268 397/73/268 407/74/268 399/75/268
f 399/75/269 407/74/269 406/76/269 400/77/269
f 400/77/270 406/76/270 405/62/270 401/61/270
f 413/54/271 398/53/271 408/69/271 415/78/271
f 415/78/75 408/69/75 409/71/75 416/79/75
f 416/79/75 409/71/75 410/56/75 417/55/75
f 411/80/272 392/81/272 402/82/272 418/83/272
f 418/83/273 402/82/273 403/84/273 419/85/273
f 419/85/274 403/84/274 404/50/274 420/49/274
f 400/86/275 419/85/275 420/49/275 399/87/275
f 401/88/276 418/83/276 419/85/276 400/86/276
f 391/89/277 411/80/277 418/83/277 401/88/277
f 406/76/75 416/79/75 417/55/75 405/62/75
f 407/74/75 415/78/75 416/79/75 406/76/75
f 397/73/75 413/54/75 415/78/75 407/74/75
f 395/63/92 414/58/92 411/60/92 391/90/92
f 405/62/75 417/55/75 414/58/75 395/63/75
f 393/91/74 412/52/74 413/54/74 397/73/74
f 399/87/278 420/49/278 412/52/278 393/91/278
f 450/92/279 434/93/279 424/94/279 442/95/279
f 442/95/74 424/94/74 428/96/74 443/54/74
f 447/97/75 440/56/75 426/57/75 444/58/75
f 444/58/280 426/57/280 422/59/280 441/60/280
f 431/98/281 435/62/281 425/99/281 421/64/281
f 440/56/282 432/65/282 422/66/282 426/57/282
f 428/96/283 424/100/283 434/68/283 438/101/283
f 438/101/284 434/68/284 433/102/284 439/71/284
f 439/71/285 433/102/285 432/65/285 440/56/285
f 423/72/286 427/103/286 437/74/286 429/75/286
f 429/75/287 437/74/287 436/76/287 430/77/287
f 430/77/288 436/76/288 435/62/288 431/98/288
f 443/54/289 428/96/289 438/101/289 445/104/289
f 445/104/75 438/101/75 439/71/75 446/79/75
f 446/79/75 439/71/75 440/56/75 447/97/75
f 441/80/290 422/81/290 432/82/290 448/105/290
f 448/105/291 432/82/291 433/106/291 449/107/291
f 449/107/292 433/106/292 434/93/292 450/92/292
f 430/86/293 449/107/293 450/92/293 429/108/293
f 431/109/294 448/105/294 449/107/294 430/86/294
f 421/89/295 441/80/295 448/105/295 431/109/295
f 436/76/75 446/79/75 447/97/75 435/62/75
f 437/74/75 445/104/75 446/79/75 436/76/75
f 427/103/75 443/54/75 445/104/75 437/74/75
f 425/99/92 444/58/92 441/60/92 421/110/92
f 435/62/75 447/97/75 444/58/75 425/99/75
f 423/91/74 442/95/74 443/54/74 427/103/74
f 429/108/296 450/92/296 442/95/296 423/91/296
f 468/52/74 454/51/74 458/53/74 469/54/74
f 472/55/95 466/56/95 456/57/95 470/58/95
f 470/58/297 456/57/297 452/59/297 467/60/297
f 460/61/164 463/62/164 455/63/164 451/64/164
f 466/56/165 461/65/165 452/66/165 456/57/165
f 457/73/166 464/76/166 459/77/166 453/72/166
f 465/71/167 462/70/167 461/65/167 466/56/167
f 457/73/95 469/54/95 471/79/95 464/76/95
f 459/77/168 464/76/168 463/62/168 460/61/168
f 474/85/169 462/84/169 454/51/169 468/52/169
f 471/79/95 465/71/95 466/56/95 472/55/95
f 467/80/170 452/81/170 461/82/170 473/83/170
f 473/83/171 461/82/171 462/84/171 474/85/171
f 458/53/172 465/71/172 471/79/172 469/54/172
f 460/88/173 473/83/173 474/85/173 459/86/173
f 451/89/174 467/80/174 473/83/174 460/88/174
f 464/76/95 471/79/95 472/55/95 463/62/95
f 474/85/175 468/52/175 453/91/175 459/86/175
f 455/63/92 470/58/92 467/60/92 451/90/92
f 463/62/95 472/55/95 470/58/95 455/63/95
f 453/91/74 468/52/74 469/54/74 457/73/74
f 454/67/176 462/70/176 465/71/176 458/53/176
f 504/92/298 488/93/298 478/94/298 496/95/298
f 496/95/92 478/94/92 482/96/92 497/54/92
f 501/97/75 494/56/75 480/57/75 498/58/75
f 498/58/299 480/57/299 476/59/299 495/60/299
f 485/98/300 489/62/300 479/99/300 475/64/300
f 494/56/301 486/65/301 476/66/301 480/57/301
f 482/96/302 478/100/302 488/68/302 492/101/302
f 492/101/303 488/68/303 487/102/303 493/71/303
f 493/71/304 487/102/304 486/65/304 494/56/304
f 477/72/305 481/103/305 491/74/305 483/75/305
f 483/75/306 491/74/306 490/76/306 484/77/306
f 484/77/307 490/76/307 489/62/307 485/98/307
f 497/54/308 482/96/308 492/101/308 499/104/308
f 499/104/75 492/101/75 493/71/75 500/79/75
f 500/79/75 493/71/75 494/56/75 501/97/75
f 495/80/309 476/81/309 486/82/309 502/105/309
f 502/105/310 486/82/310 487/106/310 503/107/310
f 503/107/311 487/106/311 488/93/311 504/92/311
f 484/86/312 503/107/312 504/92/312 483/108/312
f 485/109/313 502/105/313 503/107/313 484/86/313
f 475/89/314 495/80/314 502/105/314 485/109/314
f 490/76/75 500/79/75 501/97/75 489/62/75
f 491/74/75 499/104/75 500/79/75 490/76/75
f 481/103/75 497/54/75 499/104/75 491/74/75
f 479/99/74 498/58/74 495/60/74 475/110/74
f 489/62/75 501/97/75 498/58/75 479/99/75
f 477/91/92 496/95/92 497/54/92 481/103/92
f 483/108/315 504/92/315 496/95/315 477/91/315
f 534/49/261 518/50/261 508/51/261 526/52/261
f 526/52/74 508/51/74 512/53/74 527/54/74
f 531/55/75 524/56/75 510/57/75 528/58/75
f 528/58/262 510/57/262 506/59/262 525/60/262
f 515/61/263 519/62/263 509/63/263 505/64/263
f 524/56/264 516/65/264 506/66/264 510/57/264
f 512/53/265 508/67/265 518/68/265 522/69/265
f 522/69/266 518/68/266 517/70/266 523/71/266
f 523/71/267 517/70/267 516/65/267 524/56/267
f 507/72/268 511/73/268 521/74/268 513/75/268
f 513/75/269 521/74/269 520/76/269 514/77/269
f 514/77/270 520/76/270 519/62/270 515/61/270
f 527/54/271 512/53/271 522/69/271 529/78/271
f 529/78/75 522/69/75 523/71/75 530/79/75
f 530/79/75 523/71/75 524/56/75 531/55/75
f 525/80/272 506/81/272 516/82/272 532/83/272
f 532/83/273 516/82/273 517/84/273 533/85/273
f 533/85/274 517/84/274 518/50/274 534/49/274
f 514/86/275 533/85/275 534/49/275 513/87/275
f 515/88/276 532/83/276 533/85/276 514/86/276
f 505/89/277 525/80/277 532/83/277 515/88/277
f 520/76/75 530/79/75 531/55/75 519/62/75
f 521/74/75 529/78/75 530/79/75 520/76/75
f 511/73/75 527/54/75 529/78/75 521/74/75
f 509/63/92 528/58/92 525/60/92 505/90/92
f 519/62/75 531/55/75 528/58/75 509/63/75
f 507/91/74 526/52/74 527/54/74 511/73/74
f 513/87/278 534/49/278 526/52/278 507/91/278
f 564/92/316 548/93/316 538/94/316 556/95/316
f 556/95/92 538/94/92 542/96/92 557/54/92
f 561/97/75 554/56/75 540/57/75 558/58/75
f 558/58/317 540/57/317 536/59/317 555/60/317
f 545/98/318 549/62/318 539/99/318 535/64/318
f 554/56/319 546/65/319 536/66/319 540/57/319
f 542/96/320 538/100/320 548/68/320 552/101/320
f 552/101/321 548/68/321 547/102/321 553/71/321
f 553/71/322 547/102/322 546/65/322 554/56/322
f 537/72/323 541/103/323 551/74/323 543/75/323
f 543/75/324 551/74/324 550/76/324 544/77/324
f 544/77/325 550/76/325 549/62/325 545/98/325
f 557/54/326 542/96/326 552/101/326 559/104/326
f 559/104/75 552/101/75 553/71/75 560/79/75
f 560/79/75 553/71/75 554/56/75 561/97/75
f 555/80/327 536/81/327 546/82/327 562/105/327
f 562/105/328 546/82/328 547/106/328 563/107/328
f 563/107/329 547/106/329 548/93/329 564/92/329
f 544/86/330 563/107/330 564/92/330 543/108/330
f 545/109/331 562/105/331 563/107/331 544/86/331
f 535/89/332 555/80/332 562/105/332 545/109/332
f 550/76/75 560/79/75 561/97/75 549/62/75
f 551/74/75 559/104/75 560/79/75 550/76/75
f 541/103/75 557/54/75 559/104/75 551/74/75
f 539/99/74 558/58/74 555/60/74 535/110/74
f 549/62/75 561/97/75 558/58/75 539/99/75
f 537/91/92 556/95/92 557/54/92 541/103/92
f 543/108/333 564/92/333 556/95/333 537/91/333
f 594/92/334 578/93/334 568/94/334 586/95/334
f 586/95/74 568/94/74 572/96/74 587/54/74
f 591/97/95 584/56/95 570/57/95 588/58/95
f 588/58/335 570/57/335 566/59/335 585/60/335
f 575/98/336 579/62/336 569/99/336 565/64/336
f 584/56/337 576/65/337 566/66/337 570/57/337
f 572/96/338 568/100/338 578/68/338 582/101/338
f 582/101/339 578/68/339 577/102/339 583/71/339
f 583/71/340 577/102/340 576/65/340 584/56/340
f 567/72/341 571/103/341 581/74/341 573/75/341
f 573/75/342 581/74/342 580/76/342 574/77/342
f 574/77/343 580/76/343 579/62/343 575/98/343
f 587/54/344 572/96/344 582/101/344 589/104/344
f 589/104/95 582/101/95 583/71/95 590/79/95
f 590/79/95 583/71/95 584/56/95 591/97/95
f 585/80/345 566/81/345 576/82/345 592/105/345
f 592/105/346 576/82/346 577/106/346 593/107/346
f 593/107/347 577/106/347 578/93/347 594/92/347
f 574/86/348 593/107/348 594/92/348 573/108/348
f 575/109/349 592/105/349 593/107/349 574/86/349
f 565/89/350 585/80/350 592/105/350 575/109/350
f 580/76/95 590/79/95 591/97/95 579/62/95
f 581/74/95 589/104/95 590/79/95 580/76/95
f 571/103/95 587/54/95 589/104/95 581/74/95
f 569/99/92 588/58/92 585/60/92 565/110/92
f 579/62/95 591/97/95 588/58/95 569/99/95
f 567/91/74 586/95/74 587/54/74 571/103/74
f 573/108/351 594/92/351 586/95/351 567/91/351
f 612/52/92 598/51/92 602/53/92 613/54/92
f 616/55/95 610/56/95 600/57/95 614/58/95
f 614/58/352 600/57/352 596/59/352 611/60/352
f 604/61/353 607/62/353 599/63/353 595/64/353
f 610/56/354 605/65/354 596/66/354 600/57/354
f 601/73/355 608/76/355 603/77/355 597/72/355
f 609/71/356 606/70/356 605/65/356 610/56/356
f 601/73/95 613/54/95 615/79/95 608/76/95
f 603/77/357 608/76/357 607/62/357 604/61/357
f 618/85/358 606/84/358 598/51/358 612/52/358
f 615/79/95 609/71/95 610/56/95 616/55/95
f 611/80/359 596/81/359 605/82/359 617/83/359
f 617/83/360 605/82/360 606/84/360 618/85/360
f 602/53/361 609/71/361 615/79/361 613/54/361
f 604/88/362 617/83/362 618/85/362 603/86/362
f 595/89/363 611/80/363 617/83/363 604/88/363
f 608/76/95 615/79/95 616/55/95 607/62/95
f 618/85/364 612/52/364 597/91/364 603/86/364
f 599/63/74 614/58/74 611/60/74 595/90/74
f 607/62/95 616/55/95 614/58/95 599/63/95
f 597/91/92 612/52/92 613/54/92 601/73/92
f 598/67/365 606/70/365 609/71/365 602/53/365
f 648/49/127 632/50/127 622/51/127 640/52/127
f 640/52/74 622/51/74 626/53/74 641/54/74
f 645/55/75 638/56/75 624/57/75 642/58/75
f 642/58/128 624/57/128 620/59/128 639/60/128
f 629/61/129 633/62/129 623/63/129 619/64/129
f 638/56/130 630/65/130 620/66/130 624/57/130
f 626/53/131 622/67/131 632/68/131 636/69/131
f 636/69/132 632/68/132 631/70/132 637/71/132
f 637/71/133 631/70/133 630/65/133 638/56/133
f 621/72/134 625/73/134 635/74/134 627/75/134
f 627/75/135 635/74/135 634/76/135 628/77/135
f 628/77/136 634/76/136 633/62/136 629/61/136
f 641/54/137 626/53/137 636/69/137 643/78/137
f 643/78/75 636/69/75 637/71/75 644/79/75
f 644/79/75 637/71/75 638/56/75 645/55/75
f 639/80/138 620/81/138 630/82/138 646/83/138
f 646/83/139 630/82/139 631/84/139 647/85/139
f 647/85/140 631/84/140 632/50/140 648/49/140
f 628/86/141 647/85/141 648/49/141 627/87/141
f 629/88/142 646/83/142 647/85/142 628/86/142
f 619/89/143 639/80/143 646/83/143 629/88/143
f 634/76/75 644/79/75 645/55/75 633/62/75
f 635/74/75 643/78/75 644/79/75 634/76/75
f 625/73/75 641/54/75 643/78/75 635/74/75
f 623/63/92 642/58/92 639/60/92 619/90/92
f 633/62/75 645/55/75 642/58/75 623/63/75
f 621/91/74 640/52/74 641/54/74 625/73/74
f 627/87/144 648/49/144 640/52/144 621/91/144
f 678/92/228 662/93/228 652/94/228 670/95/228
f 670/95/92 652/94/92 656/96/92 671/54/92
f 675/97/95 668/56/95 654/57/95 672/58/95
f 672/58/229 654/57/229 650/59/229 669/60/229
f 659/98/230 663/62/230 653/99/230 649/64/230
f 668/56/231 660/65/231 650/66/231 654/57/231
f 656/96/232 652/100/232 662/68/232 666/101/232
f 666/101/233 662/68/233 661/102/233 667/71/233
f 667/71/234 661/102/234 660/65/234 668/56/234
f 651/72/235 655/103/235 665/74/235 657/75/235
f 657/75/236 665/74/236 664/76/236 658/77/236
f 658/77/237 664/76/237 663/62/237 659/98/237
f 671/54/238 656/96/238 666/101/238 673/104/238
f 673/104/95 666/101/95 667/71/95 674/79/95
f 674/79/95 667/71/95 668/56/95 675/97/95
f 669/80/239 650/81/239 660/82/239 676/105/239
f 676/105/240 660/82/240 661/106/240 677/107/240
f 677/107/241 661/106/241 662/93/241 678/92/241
f 658/86/242 677/107/242 678/92/242 657/108/242
f 659/109/243 676/105/243 677/107/243 658/86/243
f 649/89/244 669/80/244 676/105/244 659/109/244
f 664/76/95 674/79/95 675/97/95 663/62/95
f 665/74/95 673/104/95 674/79/95 664/76/95
f 655/103/95 671/54/95 673/104/95 665/74/95
f 653/99/74 672/58/74 669/60/74 649/110/74
f 663/62/95 675/97/95 672/58/95 653/99/95
f 651/91/92 670/95/92 671/54/92 655/103/92
f 657/108/245 678/92/245 670/95/245 651/91/245
f 708/49/261 692/50/261 682/51/261 700/52/261
f 700/52/74 682/51/74 686/53/74 701/54/74
f 705/55/75 698/56/75 684/57/75 702/58/75
f 702/58/262 684/57/262 680/59/262 699/60/262
f 689/61/263 693/62/263 683/63/263 679/64/263
f 698/56/264 690/65/264 680/66/264 684/57/264
f 686/53/265 682/67/265 692/68/265 696/69/265
f 696/69/266 692/68/266 691/70/266 697/71/266
f 697/71/267 691/70/267 690/65/267 698/56/267
f 681/72/268 685/73/268 695/74/268 687/75/268
f 687/75/269 695/74/269 694/76/269 688/77/269
f 688/77/270 694/76/270 693/62/270 689/61/270
f 701/54/271 686/53/271 696/69/271 703/78/271
f 703/78/75 696/69/75 697/71/75 704/79/75
f 704/79/75 697/71/75 698/56/75 705/55/75
f 699/80/272 680/81/272 690/82/272 706/83/272
f 706/83/273 690/82/273 691/84/273 707/85/273
f 707/85/274 691/84/274 692/50/274 708/49/274
f 688/86/275 707/85/275 708/49/275 687/87/275
f 689/88/276 706/83/276 707/85/276 688/86/276
f 679/89/277 699/80/277 706/83/277 689/88/277
f 694/76/75 704/79/75 705/55/75 693/62/75
f 695/74/75 703/78/75 704/79/75 694/76/75
f 685/73/75 701/54/75 703/78/75 695/74/75
f 683/63/92 702/58/92 699/60/92 679/90/92
f 693/62/75 705/55/75 702/58/75 683/63/75
f 681/91/74 700/52/74 701/54/74 685/73/74
f 687/87/278 708/49/278 700/52/278 681/91/278
f 738/92/145 722/93/145 712/94/145 730/95/145
f 730/95/74 712/94/74 716/96/74 731/54/74
f 735/97/75 728/56/75 714/57/75 732/58/75
f 732/58/146 714/57/146 710/59/146 729/60/146
f 719/98/147 723/62/147 713/99/147 709/64/147
f 728/56/148 720/65/148 710/66/148 714/57/148
f 716/96/149 712/100/149 722/68/149 726/101/149
f 726/101/150 722/68/150 721/102/150 727/71/150
f 727/71/151 721/102/151 720/65/151 728/56/151
f 711/72/152 715/103/152 725/74/152 717/75/152
f 717/75/153 725/74/153 724/76/153 718/77/153
f 718/77/154 724/76/154 723/62/154 719/98/154
f 731/54/155 716/96/155 726/101/155 733/104/155
f 733/104/75 726/101/75 727/71/75 734/79/75
f 734/79/75 727/71/75 728/56/75 735/97/75
f 729/80/156 710/81/156 720/82/156 736/105/156
f 736/105/157 720/82/157 721/106/157 737/107/157
f 737/107/158 721/106/158 722/93/158 738/92/158
f 718/86/159 737/107/159 738/92/159 717/108/159
f 719/109/160 736/105/160 737/107/160 718/86/160
f 709/89/161 729/80/161 736/105/161 719/109/161
f 724/76/75 734/79/75 735/97/75 723/62/75
f 725/74/75 733/104/75 734/79/75 724/76/75
f 715/103/75 731/54/75 733/104/75 725/74/75
f 713/99/92 732/58/92 729/60/92 709/110/92
f 723/62/75 735/97/75 732/58/75 713/99/75
f 711/91/74 730/95/74 731/54/74 715/103/74
f 717/108/162 738/92/162 730/95/162 711/91/162
f 756/52/74 742/51/74 746/53/74 757/54/74
f 760/55/95 754/56/95 744/57/95 758/58/95
f 758/58/297 744/57/297 740/59/297 755/60/297
f 748/61/164 751/62/164 743/63/164 739/64/164
f 754/56/165 749/65/165 740/66/165 744/57/165
f 745/73/166 752/76/166 747/77/166 741/72/166
f 753/71/167 750/70/167 749/65/167 754/56/167
f 745/73/95 757/54/95 759/79/95 752/76/95
f 747/77/168 752/76/168 751/62/168 748/61/168
f 762/85/169 750/84/169 742/51/169 756/52/169
f 759/79/95 753/71/95 754/56/95 760/55/95
f 755/80/170 740/81/170 749/82/170 761/83/170
f 761/83/171 749/82/171 750/84/171 762/85/171
f 746/53/172 753/71/172 759/79/172 757/54/172
f 748/88/173 761/83/173 762/85/173 747/86/173
f 739/89/174 755/80/174 761/83/174 748/88/174
f 752/76/95 759/79/95 760/55/95 751/62/95
f 762/85/175 756/52/175 741/91/175 747/86/175
f 743/63/92 758/58/92 755/60/92 739/90/92
f 751/62/95 760/55/95 758/58/95 743/63/95
f 741/91/74 756/52/74 757/54/74 745/73/74
f 742/67/176 750/70/176 753/71/176 746/53/176
f 792/49/261 776/50/261 766/51/261 784/52/261
f 784/52/74 766/51/74 770/53/74 785/54/74
f 789/55/75 782/56/75 768/57/75 786/58/75
f 786/58/262 768/57/262 764/59/262 783/60/262
f 773/61/263 777/62/263 767/63/263 763/64/263
f 782/56/264 774/65/264 764/66/264 768/57/264
f 770/53/265 766/67/265 776/68/265 780/69/265
f 780/69/266 776/68/266 775/70/266 781/71/266
f 781/71/267 775/70/267 774/65/267 782/56/267
f 765/72/268 769/73/268 779/74/268 771/75/268
f 771/75/269 779/74/269 778/76/269 772/77/269
f 772/77/270 778/76/270 777/62/270 773/61/270
f 785/54/271 770/53/271 780/69/271 787/78/271
f 787/78/75 780/69/75 781/71/75 788/79/75
f 788/79/75 781/71/75 782/56/75 789/55/75
f 783/80/272 764/81/272 774/82/272 790/83/272
f 790/83/273 774/82/273 775/84/273 791/85/273
f 791/85/274 775/84/274 776/50/274 792/49/274
f 772/86/275 791/85/275 792/49/275 771/87/275
f 773/88/276 790/83/276 791/85/276 772/86/276
f 763/89/277 783/80/277 790/83/277 773/88/277
f 778/76/75 788/79/75 789/55/75 777/62/75
f 779/74/75 787/78/75 788/79/75 778/76/75
f 769/73/75 785/54/75 787/78/75 779/74/75
f 767/63/92 786/58/92 783/60/92 763/90/92
f 777/62/75 789/55/75 786/58/75 767/63/75
f 765/91/74 784/52/74 785/54/74 769/73/74
f 771/87/278 792/49/278 784/52/278 765/91/278
f 822/92/366 806/93/366 796/94/366 814/95/366
f 814/95/74 796/94/74 800/96/74 815/54/74
f 819/97/95 812/56/95 798/57/95 816/58/95
f 816/58/367 798/57/367 794/59/367 813/60/367
f 803/98/368 807/62/368 797/99/368 793/64/368
f 812/56/369 804/65/369 794/66/369 798/57/369
f 800/96/370 796/100/370 806/68/370 810/101/370
f 810/101/371 806/68/371 805/102/371 811/71/371
f 811/71/372 805/102/372 804/65/372 812/56/372
f 795/72/373 799/103/373 809/74/373 801/75/373
f 801/75/374 809/74/374 808/76/374 802/77/374
f 802/77/375 808/76/375 807/62/375 803/98/375
f 815/54/376 800/96/376 810/101/376 817/104/376
f 817/104/95 810/101/95 811/71/95 818/79/95
f 818/79/95 811/71/95 812/56/95 819/97/95
f 813/80/377 794/81/377 804/82/377 820/105/377
f 820/105/378 804/82/378 805/106/378 821/107/378
f 821/107/379 805/106/379 806/93/379 822/92/379
f 802/86/380 821/107/380 822/92/380 801/108/380
f 803/109/381 820/105/381 821/107/381 802/86/381
f 793/89/382 813/80/382 820/105/382 803/109/382
f 808/76/95 818/79/95 819/97/95 807/62/95
f 809/74/95 817/104/95 818/79/95 808/76/95
f 799/103/95 815/54/95 817/104/95 809/74/95
f 797/99/92 816/58/92 813/60/92 793/110/92
f 807/62/95 819/97/95 816/58/95 797/99/95
f 795/91/74 814/95/74 815/54/74 799/103/74
f 801/108/383 822/92/383 814/95/383 795/91/383
f 840/52/74 826/51/74 830/53/74 841/54/74
f 844/55/95 838/56/95 828/57/95 842/58/95
f 842/58/297 828/57/297 824/59/297 839/60/297
f 832/61/164 835/62/164 827/63/164 823/64/164
f 838/56/165 833/65/165 824/66/165 828/57/165
f 829/73/166 836/76/166 831/77/166 825/72/166
f 837/71/167 834/70/167 833/65/167 838/56/167
f 829/73/95 841/54/95 843/79/95 836/76/95
f 831/77/168 836/76/168 835/62/168 832/61/168
f 846/85/169 834/84/169 826/51/169 840/52/169
f 843/79/95 837/71/95 838/56/95 844/55/95
f 839/80/170 824/81/170 833/82/170 845/83/170
f 845/83/171 833/82/171 834/84/171 846/85/171
f 830/53/172 837/71/172 843/79/172 841/54/172
f 832/88/173 845/83/173 846/85/173 831/86/173
f 823/89/174 839/80/174 845/83/174 832/88/174
f 836/76/95 843/79/95 844/55/95 835/62/95
f 846/85/175 840/52/175 825/91/175 831/86/175
f 827/63/92 842/58/92 839/60/92 823/90/92
f 835/62/95 844/55/95 842/58/95 827/63/95
f 825/91/74 840/52/74 841/54/74 829/73/74
f 826/67/176 834/70/176 837/71/176 830/53/176
f 876/92/298 860/93/298 850/94/298 868/95/298
f 868/95/92 850/94/92 854/96/92 869/54/92
f 873/97/75 866/56/75 852/57/75 870/58/75
f 870/58/299 852/57/299 848/59/299 867/60/299
f 857/98/300 861/62/300 851/99/300 847/64/300
f 866/56/301 858/65/301 848/66/301 852/57/301
f 854/96/302 850/100/302 860/68/302 864/101/302
f 864/101/303 860/68/303 859/102/303 865/71/303
f 865/71/304 859/102/304 858/65/304 866/56/304
f 849/72/305 853/103/305 863/74/305 855/75/305
f 855/75/306 863/74/306 862/76/306 856/77/306
f 856/77/307 862/76/307 861/62/307 857/98/307
f 869/54/308 854/96/308 864/101/308 871/104/308
f 871/104/75 864/101/75 865/71/75 872/79/75
f 872/79/75 865/71/75 866/56/75 873/97/75
f 867/80/309 848/81/309 858/82/309 874/105/309
f 874/105/310 858/82/310 859/106/310 875/107/310
f 875/107/311 859/106/311 860/93/311 876/92/311
f 856/86/312 875/107/312 876/92/312 855/108/312
f 857/109/313 874/105/313 875/107/313 856/86/313
f 847/89/314 867/80/314 874/105/314 857/109/314
f 862/76/75 872/79/75 873/97/75 861/62/75
f 863/74/75 871/104/75 872/79/75 862/76/75
f 853/103/75 869/54/75 871/104/75 863/74/75
f 851/99/74 870/58/74 867/60/74 847/110/74
f 861/62/75 873/97/75 870/58/75 851/99/75
f 849/91/92 868/95/92 869/54/92 853/103/92
f 855/108/315 876/92/315 868/95/315 849/91/315
f 894/52/92 880/51/92 884/53/92 895/54/92
f 898/55/95 892/56/95 882/57/95 896/58/95
f 896/58/352 882/57/352 878/59/352 893/60/352
f 886/61/353 889/62/353 881/63/353 877/64/353
f 892/56/354 887/65/354 878/66/354 882/57/354
f 883/73/355 890/76/355 885/77/355 879/72/355
f 891/71/356 888/70/356 887/65/356 892/56/356
f 883/73/95 895/54/95 897/79/95 890/76/95
f 885/77/357 890/76/357 889/62/357 886/61/357
f 900/85/358 888/84/358 880/51/358 894/52/358
f 897/79/95 891/71/95 892/56/95 898/55/95
f 893/80/359 878/81/359 887/82/359 899/83/359
f 899/83/360 887/82/360 888/84/360 900/85/360
f 884/53/361 891/71/361 897/79/361 895/54/361
f 886/88/362 899/83/362 900/85/362 885/86/362
f 877/89/363 893/80/363 899/83/363 886/88/363
f 890/76/95 897/79/95 898/55/95 889/62/95
f 900/85/364 894/52/364 879/91/364 885/86/364
f 881/63/74 896/58/74 893/60/74 877/90/74
f 889/62/95 898/55/95 896/58/95 881/63/95
f 879/91/92 894/52/92 895/54/92 883/73/92
f 880/67/365 888/70/365 891/71/365 884/53/365
f 930/49/127 914/50/127 904/51/127 922/52/127
f 922/52/74 904/51/74 908/53/74 923/54/74
f 927/55/75 920/56/75 906/57/75 924/58/75
f 924/58/128 906/57/128 902/59/128 921/60/128
f 911/61/129 915/62/129 905/63/129 901/64/129
f 920/56/130 912/65/130 902/66/130 906/57/130
f 908/53/131 904/67/131 914/68/131 918/69/131
f 918/69/132 914/68/132 913/70/132 919/71/132
f 919/71/133 913/70/133 912/65/133 920/56/133
f 903/72/134 907/73/134 917/74/134 909/75/134
f 909/75/135 917/74/135 916/76/135 910/77/135
f 910/77/136 916/76/136 915/62/136 911/61/136
f 923/54/137 908/53/137 918/69/137 925/78/137
f 925/78/75 918/69/75 919/71/75 926/79/75
f 926/79/75 919/71/75 920/56/75 927/55/75
f 921/80/138 902/81/138 912/82/138 928/83/138
f 928/83/139 912/82/139 913/84/139 929/85/139
f 929/85/140 913/84/140 914/50/140 930/49/140
f 910/86/141 929/85/141 930/49/141 909/87/141
f 911/88/142 928/83/142 929/85/142 910/86/142
f 901/89/143 921/80/143 928/83/143 911/88/143
f 916/76/75 926/79/75 927/55/75 915/62/75
f 917/74/75 925/78/75 926/79/75 916/76/75
f 907/73/75 923/54/75 925/78/75 917/74/75
f 905/63/92 924/58/92 921/60/92 901/90/92
f 915/62/75 927/55/75 924/58/75 905/63/75
f 903/91/74 922/52/74 923/54/74 907/73/74
f 909/87/144 930/49/144 922/52/144 903/91/144
f 960/49/384 944/50/384 934/51/384 952/52/384
f 952/52/74 934/51/74 938/53/74 953/54/74
f 957/55/95 950/56/95 936/57/95 954/58/95
f 954/58/385 936/57/385 932/59/385 951/60/385
f 941/61/386 945/62/386 935/63/386 931/64/386
f 950/56/387 942/65/387 932/66/387 936/57/387
f 938/53/388 934/67/388 944/68/388 948/69/388
f 948/69/389 944/68/389 943/70/389 949/71/389
f 949/71/390 943/70/390 942/65/390 950/56/390
f 933/72/391 937/73/391 947/74/391 939/75/391
f 939/75/392 947/74/392 946/76/392 940/77/392
f 940/77/393 946/76/393 945/62/393 941/61/393
f 953/54/394 938/53/394 948/69/394 955/78/394
f 955/78/95 948/69/95 949/71/95 956/79/95
f 956/79/95 949/71/95 950/56/95 957/55/95
f 951/80/395 932/81/395 942/82/395 958/83/395
f 958/83/396 942/82/396 943/84/396 959/85/396
f 959/85/397 943/84/397 944/50/397 960/49/397
f 940/86/398 959/85/398 960/49/398 939/87/398
f 941/88/399 958/83/399 959/85/399 940/86/399
f 931/89/400 951/80/400 958/83/400 941/88/400
f 946/76/95 956/79/95 957/55/95 945/62/95
f 947/74/95 955/78/95 956/79/95 946/76/95
f 937/73/95 953/54/95 955/78/95 947/74/95
f 935/63/92 954/58/92 951/60/92 931/90/92
f 945/62/95 957/55/95 954/58/95 935/63/95
f 933/91/74 952/52/74 953/54/74 937/73/74
f 939/87/401 960/49/401 952/52/401 933/91/401
f 978/52/74 964/51/74 968/53/74 979/54/74
f 982/55/95 976/56/95 966/57/95 980/58/95
f 980/58/402 966/57/402 962/59/402 977/60/402
f 970/61/403 973/62/403 965/63/403 961/64/403
f 976/56/404 971/65/404 962/66/404 966/57/404
f 967/73/405 974/76/405 969/77/405 963/72/405
f 975/71/406 972/70/406 971/65/406 976/56/406
f 967/73/95 979/54/95 981/79/95 974/76/95
f 969/77/407 974/76/407 973/62/407 970/61/407
f 984/85/408 972/84/408 964/51/408 978/52/408
f 981/79/95 975/71/95 976/56/95 982/55/95
f 977/80/409 962/81/409 971/82/409 983/83/409
f 983/83/410 971/82/410 972/84/410 984/85/410
f 968/53/411 975/71/411 981/79/411 979/54/411
f 970/88/412 983/83/412 984/85/412 969/86/412
f 961/89/413 977/80/413 983/83/413 970/88/413
f 974/76/95 981/79/95 982/55/95 973/62/95
f 984/85/414 978/52/414 963/91/414 969/86/414
f 965/63/92 980/58/92 977/60/92 961/90/92
f 973/62/95 982/55/95 980/58/95 965/63/95
f 963/91/74 978/52/74 979/54/74 967/73/74
f 964/67/415 972/70/415 975/71/415 968/53/415
f 1014/92/145 998/93/145 988/94/145 1006/95/145
f 1006/95/74 988/94/74 992/96/74 1007/54/74
f 1011/97/75 1004/56/75 990/57/75 1008/58/75
f 1008/58/146 990/57/146 986/59/146 1005/60/146
f 995/98/147 999/62/147 989/99/147 985/64/147
f 1004/56/148 996/65/148 986/66/148 990/57/148
f 992/96/149 988/100/149 998/68/149 1002/101/149
f 1002/101/150 998/68/150 997/102/150 1003/71/150
f 1003/71/151 997/102/151 996/65/151 1004/56/151
f 987/72/152 991/103/152 1001/74/152 993/75/152
f 993/75/153 1001/74/153 1000/76/153 994/77/153
f 994/77/154 1000/76/154 999/62/154 995/98/154
f 1007/54/155 992/96/155 1002/101/155 1009/104/155
f 1009/104/75 1002/101/75 1003/71/75 1010/79/75
f 1010/79/75 1003/71/75 1004/56/75 1011/97/75
f 1005/80/156 986/81/156 996/82/156 1012/105/156
f 1012/105/157 996/82/157 997/106/157 1013/107/157
f 1013/107/158 997/106/158 998/93/158 1014/92/158
f 994/86/159 1013/107/159 1014/92/159 993/108/159
f 995/109/160 1012/105/160 1013/107/160 994/86/160
f 985/89/161 1005/80/161 1012/105/161 995/109/161
f 1000/76/75 1010/79/75 1011/97/75 999/62/75
f 1001/74/75 1009/104/75 1010/79/75 1000/76/75
f 991/103/75 1007/54/75 1009/104/75 1001/74/75
f 989/99/92 1008/58/92 1005/60/92 985/110/92
f 999/62/75 1011/97/75 1008/58/75 989/99/75
f 987/91/74 1006/95/74 1007/54/74 991/103/74
f 993/108/162 1014/92/162 1006/95/162 987/91/162
f 1044/92/416 1028/93/416 1018/94/416 1036/95/416
f 1036/95/92 1018/94/92 1022/96/92 1037/54/92
f 1041/97/95 1034/56/95 1020/57/95 1038/58/95
f 1038/58/417 1020/57/417 1016/59/417 1035/60/417
f 1025/98/418 1029/62/418 1019/99/418 1015/64/418
f 1034/56/419 1026/65/419 1016/66/419 1020/57/419
f 1022/96/420 1018/100/420 1028/68/420 1032/101/420
f 1032/101/421 1028/68/421 1027/102/421 1033/71/421
f 1033/71/422 1027/102/422 1026/65/422 1034/56/422
f 1017/72/423 1021/103/423 1031/74/423 1023/75/423
f 1023/75/424 1031/74/424 1030/76/424 1024/77/424
f 1024/77/425 1030/76/425 1029/62/425 1025/98/425
f 1037/54/426 1022/96/426 1032/101/426 1039/104/426
f 1039/104/95 1032/101/95 1033/71/95 1040/79/95
f 1040/79/95 1033/71/95 1034/56/95 1041/97/95
f 1035/80/427 1016/81/427 1026/82/427 1042/105/427
f 1042/105/428 1026/82/428 1027/106/428 1043/107/428
f 1043/107/429 1027/106/429 1028/93/429 1044/92/429
f 1024/86/430 1043/107/430 1044/92/430 1023/108/430
f 1025/109/431 1042/105/431 1043/107/431 1024/86/431
f 1015/89/432 1035/80/432 1042/105/432 1025/109/432
f 1030/76/95 1040/79/95 1041/97/95 1029/62/95
f 1031/74/95 1039/104/95 1040/79/95 1030/76/95
f 1021/103/95 1037/54/95 1039/104/95 1031/74/95
f 1019/99/74 1038/58/74 1035/60/74 1015/110/74
f 1029/62/95 1041/97/95 1038/58/95 1019/99/95
f 1017/91/92 1036/95/92 1037/54/92 1021/103/92
f 1023/108/433 1044/92/433 1036/95/433 1017/91/433
f 1062/52/92 1048/51/92 1052/53/92 1063/54/92
f 1066/55/95 1060/56/95 1050/57/95 1064/58/95
f 1064/58/434 1050/57/434 1046/59/434 1061/60/434
f 1054/61/435 1057/62/435 1049/63/435 1045/64/435
f 1060/56/436 1055/65/436 1046/66/436 1050/57/436
f 1051/73/437 1058/76/437 1053/77/437 1047/72/437
f 1059/71/438 1056/70/438 1055/65/438 1060/56/438
f 1051/73/95 1063/54/95 1065/79/95 1058/76/95
f 1053/77/439 1058/76/439 1057/62/439 1054/61/439
f 1068/85/440 1056/84/440 1048/51/440 1062/52/440
f 1065/79/95 1059/71/95 1060/56/95 1066/55/95
f 1061/80/441 1046/81/441 1055/82/441 1067/83/441
f 1067/83/442 1055/82/442 1056/84/442 1068/85/442
f 1052/53/443 1059/71/443 1065/79/443 1063/54/443
f 1054/88/444 1067/83/444 1068/85/444 1053/86/444
f 1045/89/445 1061/80/445 1067/83/445 1054/88/445
f 1058/76/95 1065/79/95 1066/55/95 1057/62/95
f 1068/85/446 1062/52/446 1047/91/446 1053/86/446
f 1049/63/74 1064/58/74 1061/60/74 1045/90/74
f 1057/62/95 1066/55/95 1064/58/95 1049/63/95
f 1047/91/92 1062/52/92 1063/54/92 1051/73/92
f 1048/67/447 1056/70/447 1059/71/447 1052/53/447
f 1086/52/92 1072/51/92 1076/53/92 1087/54/92
f 1090/55/75 1084/56/75 1074/57/75 1088/58/75
f 1088/58/448 1074/57/448 1070/59/448 1085/60/448
f 1078/61/449 1081/62/449 1073/63/449 1069/64/449
f 1084/56/450 1079/65/450 1070/66/450 1074/57/450
f 1075/73/451 1082/76/451 1077/77/451 1071/72/451
f 1083/71/452 1080/70/452 1079/65/452 1084/56/452
f 1075/73/75 1087/54/75 1089/79/75 1082/76/75
f 1077/77/453 1082/76/453 1081/62/453 1078/61/453
f 1092/85/454 1080/84/454 1072/51/454 1086/52/454
f 1089/79/75 1083/71/75 1084/56/75 1090/55/75
f 1085/80/455 1070/81/455 1079/82/455 1091/83/455
f 1091/83/456 1079/82/456 1080/84/456 1092/85/456
f 1076/53/457 1083/71/457 1089/79/457 1087/54/457
f 1078/88/458 1091/83/458 1092/85/458 1077/86/458
f 1069/89/459 1085/80/459 1091/83/459 1078/88/459
f 1082/76/75 1089/79/75 1090/55/75 1081/62/75
f 1092/85/460 1086/52/460 1071/91/460 1077/86/460
f 1073/63/74 1088/58/74 1085/60/74 1069/90/74
f 1081/62/75 1090/55/75 1088/58/75 1073/63/75
f 1071/91/92 1086/52/92 1087/54/92 1075/73/92
f 1072/67/461 1080/70/461 1083/71/461 1076/53/461
f 1122/49/261 1106/50/261 1096/51/261 1114/52/261
f 1114/52/74 1096/51/74 1100/53/74 1115/54/74
f 1119/55/75 1112/56/75 1098/57/75 1116/58/75
f 1116/58/262 1098/57/262 1094/59/262 1113/60/262
f 1103/61/263 1107/62/263 1097/63/263 1093/64/263
f 1112/56/264 1104/65/264 1094/66/264 1098/57/264
f 1100/53/265 1096/67/265 1106/68/265 1110/69/265
f 1110/69/266 1106/68/266 1105/70/266 1111/71/266
f 1111/71/267 1105/70/267 1104/65/267 1112/56/267
f 1095/72/268 1099/73/268 1109/74/268 1101/75/268
f 1101/75/269 1109/74/269 1108/76/269 1102/77/269
f 1102/77/270 1108/76/270 1107/62/270 1103/61/270
f 1115/54/271 1100/53/271 1110/69/271 1117/78/271
f 1117/78/75 1110/69/75 1111/71/75 1118/79/75
f 1118/79/75 1111/71/75 1112/56/75 1119/55/75
f 1113/80/272 1094/81/272 1104/82/272 1120/83/272
f 1120/83/273 1104/82/273 1105/84/273 1121/85/273
f 1121/85/274 1105/84/274 1106/50/274 1122/49/274
f 1102/86/275 1121/85/275 1122/49/275 1101/87/275
f 1103/88/276 1120/83/276 1121/85/276 1102/86/276
f 1093/89/277 1113/80/277 1120/83/277 1103/88/277
f 1108/76/75 1118/79/75 1119/55/75 1107/62/75
f 1109/74/75 1117/78/75 1118/79/75 1108/76/75
f 1099/73/75 1115/54/75 1117/78/75 1109/74/75
f 1097/63/92 1116/58/92 1113/60/92 1093/90/92
f 1107/62/75 1119/55/75 1116/58/75 1097/63/75
f 1095/91/74 1114/52/74 1115/54/74 1099/73/74
f 1101/87/278 1122/49/278 1114/52/278 1095/91/278
f 1152/92/298 1136/93/298 1126/94/298 1144/95/298
f 1144/95/92 1126/94/92 1130/96/92 1145/54/92
f 1149/97/75 1142/56/75 1128/57/75 1146/58/75
f 1146/58/299 1128/57/299 1124/59/299 1143/60/299
f 1133/98/300 1137/62/300 1127/99/300 1123/64/300
f 1142/56/301 1134/65/301 1124/66/301 1128/57/301
f 1130/96/302 1126/100/302 1136/68/302 1140/101/302
f 1140/101/303 1136/68/303 1135/102/303 1141/71/303
f 1141/71/304 1135/102/304 1134/65/304 1142/56/304
f 1125/72/305 1129/103/305 1139/74/305 1131/75/305
f 1131/75/306 1139/74/306 1138/76/306 1132/77/306
f 1132/77/307 1138/76/307 1137/62/307 1133/98/307
f 1145/54/308 1130/96/308 1140/101/308 1147/104/308
f 1147/104/75 1140/101/75 1141/71/75 1148/79/75
f 1148/79/75 1141/71/75 1142/56/75 1149/97/75
f 1143/80/309 1124/81/309 1134/82/309 1150/105/309
f 1150/105/310 1134/82/310 1135/106/310 1151/107/310
f 1151/107/311 1135/106/311 1136/93/311 1152/92/311
f 1132/86/312 1151/107/312 1152/92/312 1131/108/312
f 1133/109/313 1150/105/313 1151/107/313 1132/86/313
f 1123/89/314 1143/80/314 1150/105/314 1133/109/314
f 1138/76/75 1148/79/75 1149/97/75 1137/62/75
f 1139/74/75 1147/104/75 1148/79/75 1138/76/75
f 1129/103/75 1145/54/75 1147/104/75 1139/74/75
f 1127/99/74 1146/58/74 1143/60/74 1123/110/74
f 1137/62/75 1149/97/75 1146/58/75 1127/99/75
f 1125/91/92 1144/95/92 1145/54/92 1129/103/92
f 1131/108/315 1152/92/315 1144/95/315 1125/91/315
f 1170/52/74 1156/51/74 1160/53/74 1171/54/74
f 1174/55/95 1168/56/95 1158/57/95 1172/58/95
f 1172/58/297 1158/57/297 1154/59/297 1169/60/297
f 1162/61/164 1165/62/164 1157/63/164 1153/64/164
f 1168/56/165 1163/65/165 1154/66/165 1158/57/165
f 1159/73/166 1166/76/166 1161/77/166 1155/72/166
f 1167/71/167 1164/70/167 1163/65/167 1168/56/167
f 1159/73/95 1171/54/95 1173/79/95 1166/76/95
f 1161/77/168 1166/76/168 1165/62/168 1162/61/168
f 1176/85/169 1164/84/169 1156/51/169 1170/52/169
f 1173/79/95 1167/71/95 1168/56/95 1174/55/95
f 1169/80/170 1154/81/170 1163/82/170 1175/83/170
f 1175/83/171 1163/82/171 1164/84/171 1176/85/171
f 1160/53/172 1167/71/172 1173/79/172 1171/54/172
f 1162/88/173 1175/83/173 1176/85/173 1161/86/173
f 1153/89/174 1169/80/174 1175/83/174 1162/88/174
f 1166/76/95 1173/79/95 1174/55/95 1165/62/95
f 1176/85/175 1170/52/175 1155/91/175 1161/86/175
f 1157/63/92 1172/58/92 1169/60/92 1153/90/92
f 1165/62/95 1174/55/95 1172/58/95 1157/63/95
f 1155/91/74 1170/52/74 1171/54/74 1159/73/74
f 1156/67/176 1164/70/176 1167/71/176 1160/53/176
f 1206/92/228 1190/93/228 1180/94/228 1198/95/228
f 1198/95/92 1180/94/92 1184/96/92 1199/54/92
f 1203/97/95 1196/56/95 1182/57/95 1200/58/95
f 1200/58/229 1182/57/229 1178/59/229 1197/60/229
f 1187/98/230 1191/62/230 1181/99/230 1177/64/230
f 1196/56/231 1188/65/231 1178/66/231 1182/57/231
f 1184/96/232 1180/100/232 1190/68/232 1194/101/232
f 1194/101/233 1190/68/233 1189/102/233 1195/71/233
f 1195/71/234 1189/102/234 1188/65/234 1196/56/234
f 1179/72/235 1183/103/235 1193/74/235 1185/75/235
f 1185/75/236 1193/74/236 1192/76/236 1186/77/236
f 1186/77/237 1192/76/237 1191/62/237 1187/98/237
f 1199/54/238 1184/96/238 1194/101/238 1201/104/238
f 1201/104/95 1194/101/95 1195/71/95 1202/79/95
f 1202/79/95 1195/71/95 1196/56/95 1203/97/95
f 1197/80/239 1178/81/239 1188/82/239 1204/105/239
f 1204/105/240 1188/82/240 1189/106/240 1205/107/240
f 1205/107/241 1189/106/241 1190/93/241 1206/92/241
f 1186/86/242 1205/107/242 1206/92/242 1185/108/242
f 1187/109/243 1204/105/243 1205/107/243 1186/86/243
f 1177/89/244 1197/80/244 1204/105/244 1187/109/244
f 1192/76/95 1202/79/95 1203/97/95 1191/62/95
f 1193/74/95 1201/104/95 1202/79/95 1192/76/95
f 1183/103/95 1199/54/95 1201/104/95 1193/74/95
f 1181/99/74 1200/58/74 1197/60/74 1177/110/74
f 1191/62/95 1203/97/95 1200/58/95 1181/99/95
f 1179/91/92 1198/95/92 1199/54/92 1183/103/92
f 1185/108/245 1206/92/245 1198/95/245 1179/91/245
f 1224/52/74 1210/51/74 1214/53/74 1225/54/74
f 1228/55/95 1222/56/95 1212/57/95 1226/58/95
f 1226/58/297 1212/57/297 1208/59/297 1223/60/297
f 1216/61/164 1219/62/164 1211/63/164 1207/64/164
f 1222/56/165 1217/65/165 1208/66/165 1212/57/165
f 1213/73/166 1220/76/166 1215/77/166 1209/72/166
f 1221/71/167 1218/70/167 1217/65/167 1222/56/167
f 1213/73/95 1225/54/95 1227/79/95 1220/76/95
f 1215/77/168 1220/76/168 1219/62/168 1216/61/168
f 1230/85/169 1218/84/169 1210/51/169 1224/52/169
f 1227/79/95 1221/71/95 1222/56/95 1228/55/95
f 1223/80/170 1208/81/170 1217/82/170 1229/83/170
f 1229/83/171 1217/82/171 1218/84/171 1230/85/171
f 1214/53/172 1221/71/172 1227/79/172 1225/54/172
f 1216/88/173 1229/83/173 1230/85/173 1215/86/173
f 1207/89/174 1223/80/174 1229/83/174 1216/88/174
f 1220/76/95 1227/79/95 1228/55/95 1219/62/95
f 1230/85/175 1224/52/175 1209/91/175 1215/86/175
f 1211/63/92 1226/58/92 1223/60/92 1207/90/92
f 1219/62/95 1228/55/95 1226/58/95 1211/63/95
f 1209/91/74 1224/52/74 1225/54/74 1213/73/74
f 1210/67/176 1218/70/176 1221/71/176 1214/53/176
f 1260/92/416 1244/93/416 1234/94/416 1252/95/416
f 1252/95/92 1234/94/92 1238/96/92 1253/54/92
f 1257/97/95 1250/56/95 1236/57/95 1254/58/95
f 1254/58/417 1236/57/417 1232/59/417 1251/60/417
f 1241/98/418 1245/62/418 1235/99/418 1231/64/418
f 1250/56/419 1242/65/419 1232/66/419 1236/57/419
f 1238/96/420 1234/100/420 1244/68/420 1248/101/420
f 1248/101/421 1244/68/421 1243/102/421 1249/71/421
f 1249/71/422 1243/102/422 1242/65/422 1250/56/422
f 1233/72/423 1237/103/423 1247/74/423 1239/75/423
f 1239/75/424 1247/74/424 1246/76/424 1240/77/424
f 1240/77/425 1246/76/425 1245/62/425 1241/98/425
f 1253/54/426 1238/96/426 1248/101/426 1255/104/426
f 1255/104/95 1248/101/95 1249/71/95 1256/79/95
f 1256/79/95 1249/71/95 1250/56/95 1257/97/95
f 1251/80/427 1232/81/427 1242/82/427 1258/105/427
f 1258/105/428 1242/82/428 1243/106/428 1259/107/428
f 1259/107/429 1243/106/429 1244/93/429 1260/92/429
f 1240/86/430 1259/107/430 1260/92/430 1239/108/430
f 1241/109/431 1258/105/431 1259/107/431 1240/86/431
f 1231/89/432 1251/80/432 1258/105/432 1241/109/432
f 1246/76/95 1256/79/95 1257/97/95 1245/62/95
f 1247/74/95 1255/104/95 1256/79/95 1246/76/95
f 1237/103/95 1253/54/95 1255/104/95 1247/74/95
f 1235/99/74 1254/58/74 1251/60/74 1231/110/74
f 1245/62/95 1257/97/95 1254/58/95 1235/99/95
f 1233/91/92 1252/95/92 1253/54/92 1237/103/92
f 1239/108/433 1260/92/433 1252/95/433 1233/91/433
f 1290/49/462 1274/50/462 1264/51/462 1282/52/462
f 1282/52/92 1264/51/92 1268/53/92 1283/54/92
f 1287/55/75 1280/56/75 1266/57/75 1284/58/75
f 1284/58/463 1266/57/463 1262/59/463 1281/60/463
f 1271/61/464 1275/62/464 1265/63/464 1261/64/464
f 1280/56/465 1272/65/465 1262/66/465 1266/57/465
f 1268/53/466 1264/67/466 1274/68/466 1278/69/466
f 1278/69/467 1274/68/467 1273/70/467 1279/71/467
f 1279/71/468 1273/70/468 1272/65/468 1280/56/468
f 1263/72/469 1267/73/469 1277/74/469 1269/75/469
f 1269/75/470 1277/74/470 1276/76/470 1270/77/470
f 1270/77/471 1276/76/471 1275/62/471 1271/61/471
f 1283/54/472 1268/53/472 1278/69/472 1285/78/472
f 1285/78/75 1278/69/75 1279/71/75 1286/79/75
f 1286/79/75 1279/71/75 1280/56/75 1287/55/75
f 1281/80/473 1262/81/473 1272/82/473 1288/83/473
f 1288/83/474 1272/82/474 1273/84/474 1289/85/474
f 1289/85/475 1273/84/475 1274/50/475 1290/49/475
f 1270/86/476 1289/85/476 1290/49/476 1269/87/476
f 1271/88/477 1288/83/477 1289/85/477 1270/86/477
f 1261/89/478 1281/80/478 1288/83/478 1271/88/478
f 1276/76/75 1286/79/75 1287/55/75 1275/62/75
f 1277/74/75 1285/78/75 1286/79/75 1276/76/75
f 1267/73/75 1283/54/75 1285/78/75 1277/74/75
f 1265/63/74 1284/58/74 1281/60/74 1261/90/74
f 1275/62/75 1287/55/75 1284/58/75 1265/63/75
f 1263/91/92 1282/52/92 1283/54/92 1267/73/92
f 1269/87/479 1290/49/479 1282/52/479 1263/91/479
f 1320/49/177 1304/50/177 1294/51/177 1312/52/177
f 1312/52/92 1294/51/92 1298/53/92 1313/54/92
f 1317/55/75 1310/56/75 1296/57/75 1314/58/75
f 1314/58/178 1296/57/178 1292/59/178 1311/60/178
f 1301/61/179 1305/62/179 1295/63/179 1291/64/179
f 1310/56/180 1302/65/180 1292/66/180 1296/57/180
f 1298/53/181 1294/67/181 1304/68/181 1308/69/181
f 1308/69/182 1304/68/182 1303/70/182 1309/71/182
f 1309/71/183 1303/70/183 1302/65/183 1310/56/183
f 1293/72/184 1297/73/184 1307/74/184 1299/75/184
f 1299/75/185 1307/74/185 1306/76/185 1300/77/185
f 1300/77/186 1306/76/186 1305/62/186 1301/61/186
f 1313/54/187 1298/53/187 1308/69/187 1315/78/187
f 1315/78/75 1308/69/75 1309/71/75 1316/79/75
f 1316/79/75 1309/71/75 1310/56/75 1317/55/75
f 1311/80/188 1292/81/188 1302/82/188 1318/83/188
f 1318/83/189 1302/82/189 1303/84/189 1319/85/189
f 1319/85/190 1303/84/190 1304/50/190 1320/49/190
f 1300/86/191 1319/85/191 1320/49/191 1299/87/191
f 1301/88/192 1318/83/192 1319/85/192 1300/86/192
f 1291/89/193 1311/80/193 1318/83/193 1301/88/193
f 1306/76/75 1316/79/75 1317/55/75 1305/62/75
f 1307/74/75 1315/78/75 1316/79/75 1306/76/75
f 1297/73/75 1313/54/75 1315/78/75 1307/74/75
f 1295/63/74 1314/58/74 1311/60/74 1291/90/74
f 1305/62/75 1317/55/75 1314/58/75 1295/63/75
f 1293/91/92 1312/52/92 1313/54/92 1297/73/92
f 1299/87/194 1320/49/194 1312/52/194 1293/91/194
f 1350/92/480 1334/93/480 1324/94/480 1342/95/480
f 1342/95/92 1324/94/92 1328/96/92 1343/54/92
f 1347/97/95 1340/56/95 1326/57/95 1344/58/95
f 1344/58/481 1326/57/481 1322/59/481 1341/60/481
f 1331/98/482 1335/62/482 1325/99/482 1321/64/482
f 1340/56/483 1332/65/483 1322/66/483 1326/57/483
f 1328/96/484 1324/100/484 1334/68/484 1338/101/484
f 1338/101/485 1334/68/485 1333/102/485 1339/71/485
f 1339/71/486 1333/102/486 1332/65/486 1340/56/486
f 1323/72/487 1327/103/487 1337/74/487 1329/75/487
f 1329/75/488 1337/74/488 1336/76/488 1330/77/488
f 1330/77/489 1336/76/489 1335/62/489 1331/98/489
f 1343/54/490 1328/96/490 1338/101/490 1345/104/490
f 1345/104/95 1338/101/95 1339/71/95 1346/79/95
f 1346/79/95 1339/71/95 1340/56/95 1347/97/95
f 1341/80/491 1322/81/491 1332/82/491 1348/105/491
f 1348/105/492 1332/82/492 1333/106/492 1349/107/492
f 1349/107/493 1333/106/493 1334/93/493 1350/92/493
f 1330/86/494 1349/107/494 1350/92/494 1329/108/494
f 1331/109/495 1348/105/495 1349/107/495 1330/86/495
f 1321/89/496 1341/80/496 1348/105/496 1331/109/496
f 1336/76/95 1346/79/95 1347/97/95 1335/62/95
f 1337/74/95 1345/104/95 1346/79/95 1336/76/95
f 1327/103/95 1343/54/95 1345/104/95 1337/74/95
f 1325/99/74 1344/58/74 1341/60/74 1321/110/74
f 1335/62/95 1347/97/95 1344/58/95 1325/99/95
f 1323/91/92 1342/95/92 1343/54/92 1327/103/92
f 1329/108/497 1350/92/497 1342/95/497 1323/91/497
o M_Brickwall_T1
v 4.224928 0.353779 4.452556
v 4.246723 0.608680 4.419052
v 4.638711 0.348247 4.452556
v 4.638711 0.587323 4.452556
v 4.224928 0.353779 4.707456
v 4.224928 0.625120 4.707456
v 4.638711 0.353779 4.707456
v 4.638711 0.608680 4.684935
v 4.515118 0.338942 4.452556
v 4.431820 0.344972 4.452556
v 4.420952 0.349376 4.452556
v 4.354519 0.608680 4.422932
v 4.473952 0.601567 4.442577
v 4.530009 0.608680 4.446500
v 4.420952 0.353779 4.707456
v 4.431820 0.353779 4.707456
v 4.442687 0.353779 4.707456
v 4.623718 0.609081 4.707456
v 4.473952 0.613439 4.707456
v 4.362800 0.620464 4.707456
v 4.224928 0.481230 4.435411
v 4.638711 0.472423 4.452556
v 4.638711 0.481230 4.707456
v 4.224928 0.489449 4.707456
v 4.442687 0.483285 4.707456
v 4.431820 0.485340 4.707456
v 4.420952 0.487395 4.707456
v 4.274189 0.480676 4.442641
v 4.389003 0.478194 4.447741
v 4.393279 0.477910 4.448161
v 4.411906 0.649482 4.691795
v 4.390111 0.904383 4.658247
v 3.998123 0.643950 4.691795
v 3.998123 0.883025 4.691795
v 4.411906 0.649482 4.436894
v 4.411906 0.920822 4.436894
v 3.998123 0.649482 4.436894
v 3.998123 0.904383 4.459415
v 4.121717 0.634644 4.691795
v 4.205015 0.640675 4.691795
v 4.215882 0.645078 4.691795
v 4.282316 0.904383 4.654368
v 4.162883 0.898923 4.677934
v 4.106826 0.904383 4.697850
v 4.215882 0.649482 4.436894
v 4.205015 0.649482 4.436894
v 4.194148 0.649482 4.436894
v 4.013116 0.904783 4.436894
v 4.162883 0.909142 4.436894
v 4.274035 0.916166 4.436894
v 4.411906 0.776932 4.708939
v 3.998123 0.768125 4.691795
v 3.998123 0.776932 4.436894
v 4.411906 0.785152 4.436894
v 4.194148 0.778987 4.436894
v 4.205015 0.781042 4.436894
v 4.215882 0.783097 4.436894
v 4.362645 0.776379 4.701709
v 4.106057 0.770599 4.693838
v 4.038764 0.769034 4.692523
v 4.198195 1.204780 4.712928
v 4.219990 0.949879 4.746432
v 4.611979 1.210312 4.712928
v 4.611979 0.971237 4.712928
v 4.198195 1.204780 4.458027
v 4.198195 0.933440 4.458027
v 4.611979 1.204780 4.458027
v 4.611979 0.949879 4.480548
v 4.405087 1.213587 4.712928
v 4.394219 1.209183 4.712928
v 4.327785 0.949879 4.742552
v 4.447218 0.956993 4.722907
v 4.394219 1.204780 4.458027
v 4.405087 1.204780 4.458027
v 4.447218 0.945120 4.458027
v 4.336067 0.938096 4.458027
v 4.198195 1.077330 4.730072
v 4.611979 1.086137 4.712928
v 4.611979 1.077330 4.458027
v 4.198195 1.069110 4.458027
v 4.405087 1.073220 4.458027
v 4.394219 1.071165 4.458027
v 4.247457 1.077883 4.722843
v 4.362270 1.080365 4.717743
v 3.690726 0.948468 4.452556
v 3.716350 1.203368 4.419052
v 4.177204 0.942936 4.452556
v 4.177204 1.182011 4.452556
v 3.690726 0.948468 4.707456
v 3.690726 1.219808 4.707456
v 4.177204 0.948468 4.707456
v 4.177204 1.203368 4.684935
v 4.031897 0.933630 4.452556
v 3.933965 0.939661 4.452556
v 3.921188 0.944064 4.452556
v 3.843083 1.203368 4.422932
v 3.983498 1.196255 4.442577
v 4.049404 1.203368 4.446500
v 3.921188 0.948468 4.707456
v 3.933965 0.948468 4.707456
v 3.946741 0.948468 4.707456
v 4.159576 1.203769 4.707456
v 3.983498 1.208127 4.707456
v 3.852819 1.215152 4.707456
v 3.690726 1.075918 4.435411
v 4.177204 1.067111 4.452556
v 4.177204 1.075918 4.707456
v 3.690726 1.084138 4.707456
v 3.946741 1.077973 4.707456
v 3.933965 1.080028 4.707456
v 3.921188 1.082083 4.707456
v 3.748641 1.075365 4.442641
v 3.883626 1.072882 4.447741
v 3.888653 1.072598 4.448161
v 3.611506 0.342357 4.438714
v 3.641675 0.597257 4.472261
v 4.184274 0.336825 4.438714
v 4.184274 0.575900 4.438714
v 3.611506 0.342357 4.693614
v 3.611506 0.613697 4.693614
v 4.184274 0.342357 4.693614
v 4.184274 0.597257 4.671093
v 4.013193 0.327519 4.438714
v 3.897890 0.333550 4.438714
v 3.882847 0.337953 4.438714
v 3.790888 0.597257 4.476141
v 3.956209 0.591798 4.452574
v 4.033805 0.597257 4.432659
v 3.882847 0.342357 4.693614
v 3.897890 0.342357 4.693614
v 3.912933 0.342357 4.693614
v 4.163520 0.597658 4.693614
v 3.956209 0.602016 4.693614
v 3.802351 0.609041 4.693614
v 3.611506 0.469807 4.421570
v 4.184274 0.461000 4.438714
v 4.184274 0.469807 4.693614
v 3.611506 0.478027 4.693614
v 3.912933 0.471862 4.693614
v 3.897890 0.473917 4.693614
v 3.882847 0.475972 4.693614
v 3.679694 0.469254 4.428800
v 4.034869 0.463474 4.436670
v 4.128017 0.461909 4.437986
v 3.297708 0.903524 4.712928
v 3.332964 0.648623 4.746432
v 3.967058 0.909055 4.712928
v 3.967058 0.669980 4.712928
v 3.297708 0.903523 4.458027
v 3.297708 0.632183 4.458027
v 3.967058 0.903523 4.458027
v 3.967058 0.648623 4.480548
v 3.632383 0.912330 4.712928
v 3.614804 0.907927 4.712928
v 3.507338 0.648623 4.742552
v 3.700536 0.655736 4.722907
v 3.614804 0.903523 4.458027
v 3.632383 0.903523 4.458027
v 3.700536 0.643863 4.458027
v 3.520734 0.636839 4.458027
v 3.297708 0.776073 4.730072
v 3.967058 0.784880 4.712928
v 3.967058 0.776073 4.458027
v 3.297708 0.767853 4.458027
v 3.632383 0.771963 4.458027
v 3.614804 0.769908 4.458027
v 3.377395 0.776626 4.722843
v 3.563122 0.779109 4.717743
v 3.258620 0.892759 4.452556
v 3.232104 0.637858 4.419052
v 2.755211 0.898291 4.452556
v 2.755211 0.659216 4.452556
v 3.258620 0.892759 4.707456
v 3.258620 0.621419 4.707456
v 2.755211 0.892759 4.707456
v 2.755211 0.637858 4.684935
v 2.905575 0.907596 4.452556
v 3.006916 0.901566 4.452556
v 3.020137 0.897163 4.452556
v 3.100960 0.637858 4.422932
v 2.955658 0.644972 4.442577
v 2.887459 0.637858 4.446500
v 3.020137 0.892759 4.707456
v 3.006916 0.892759 4.707456
v 2.993695 0.892759 4.707456
v 2.773452 0.637458 4.707456
v 2.955658 0.633099 4.707456
v 3.090885 0.626075 4.707456
v 3.258620 0.765309 4.435411
v 2.755211 0.774115 4.452556
v 2.755211 0.765309 4.707456
v 3.258620 0.757089 4.707456
v 2.993695 0.763254 4.707456
v 3.006916 0.761199 4.707456
v 3.020137 0.759144 4.707456
v 3.198689 0.765862 4.442641
v 3.059006 0.768344 4.447741
v 3.053804 0.768629 4.448161
v 2.932759 0.569064 4.449456
v 2.967182 0.602568 4.704356
v 3.586300 0.569064 4.443924
v 3.586300 0.569064 4.682999
v 2.932759 0.314164 4.449456
v 2.932759 0.314164 4.720796
v 3.586300 0.314163 4.449456
v 3.586300 0.336684 4.704356
v 3.259529 0.569064 4.440649
v 3.242365 0.569064 4.445052
v 3.137438 0.598688 4.704356
v 3.326073 0.579043 4.697243
v 3.242365 0.314163 4.449456
v 3.259529 0.314163 4.449456
v 3.326073 0.314163 4.709116
v 3.150517 0.314163 4.716140
v 2.932759 0.586208 4.576906
v 3.586300 0.569064 4.568099
v 3.586300 0.314163 4.576906
v 2.932759 0.314164 4.585126
v 3.259529 0.314163 4.581016
v 3.242365 0.314163 4.583071
v 3.010563 0.578979 4.576353
v 3.191904 0.573879 4.573871
v 3.641956 1.182255 4.709348
v 3.610357 1.148707 4.454447
v 3.042044 1.182255 4.714880
v 3.042044 1.182255 4.475804
v 3.641956 0.927354 4.709348
v 3.641956 0.927354 4.438007
v 3.042044 0.927354 4.709348
v 3.042044 0.949875 4.454447
v 3.221232 1.182255 4.724185
v 3.342000 1.182255 4.718155
v 3.357755 1.182255 4.713751
v 3.454072 1.144828 4.454447
v 3.280916 1.168394 4.459907
v 3.199643 1.188309 4.454447
v 3.357755 0.927354 4.709348
v 3.342000 0.927354 4.709348
v 3.326245 0.927354 4.709348
v 3.063781 0.927354 4.454047
v 3.280916 0.927354 4.449688
v 3.442066 0.927354 4.442664
v 3.641956 1.199399 4.581898
v 3.042044 1.182255 4.590704
v 3.042044 0.927354 4.581898
v 3.641956 0.927354 4.573678
v 3.326245 0.927354 4.579843
v 3.342000 0.927354 4.577787
v 3.357755 0.927354 4.575733
v 3.570535 1.192169 4.582451
v 3.198529 1.184298 4.588231
v 3.100966 1.182982 4.589796
v 2.113828 0.648243 4.691795
v 2.082229 0.903143 4.658247
v 1.513916 0.642711 4.691795
v 1.513916 0.881786 4.691795
v 2.113828 0.648243 4.436894
v 2.113828 0.919583 4.436894
v 1.513916 0.648243 4.436894
v 1.513916 0.903143 4.459415
v 1.693105 0.633405 4.691795
v 1.813872 0.639436 4.691795
v 1.829628 0.643839 4.691795
v 1.925945 0.903143 4.654368
v 1.752789 0.897684 4.677934
v 1.671516 0.903143 4.697850
v 1.829628 0.648243 4.436894
v 1.813872 0.648243 4.436894
v 1.798117 0.648243 4.436894
v 1.535654 0.903544 4.436894
v 1.752789 0.907902 4.436894
v 1.913939 0.914927 4.436894
v 2.113828 0.775693 4.708939
v 1.513916 0.766886 4.691795
v 1.513916 0.775693 4.436894
v 2.113828 0.783913 4.436894
v 1.798117 0.777748 4.436894
v 1.813872 0.779803 4.436894
v 1.829628 0.781858 4.436894
v 2.042408 0.775140 4.701709
v 1.670401 0.769360 4.693838
v 1.572839 0.767795 4.692523
v 2.350575 0.972677 4.687427
v 2.385832 0.939173 4.432526
v 3.019925 0.972677 4.692958
v 3.019925 0.972677 4.453883
v 2.350575 1.227578 4.687427
v 2.350575 1.227578 4.416086
v 3.019925 1.227578 4.687426
v 3.019925 1.205057 4.432525
v 2.685250 0.972677 4.696233
v 2.667671 0.972677 4.691830
v 2.560205 0.943053 4.432526
v 2.753404 0.962699 4.439639
v 2.667671 1.227578 4.687427
v 2.685250 1.227578 4.687427
v 2.753404 1.227578 4.427766
v 2.573601 1.227578 4.420742
v 2.350575 0.955533 4.559976
v 3.019925 0.972677 4.568783
v 3.019925 1.227578 4.559976
v 2.350575 1.227578 4.551756
v 2.685250 1.227578 4.555866
v 2.667671 1.227578 4.553811
v 2.430262 0.962763 4.560529
v 2.615989 0.967862 4.563011
v 1.808078 0.944360 4.452556
v 1.834594 1.199260 4.419052
v 2.311487 0.938828 4.452556
v 2.311487 1.177903 4.452556
v 1.808078 0.944360 4.707456
v 1.808078 1.215700 4.707456
v 2.311487 0.944360 4.707456
v 2.311487 1.199260 4.684935
v 2.161124 0.929522 4.452556
v 2.059783 0.935553 4.452556
v 2.046562 0.939956 4.452556
v 1.965738 1.199260 4.422932
v 2.111040 1.192147 4.442577
v 2.179240 1.199260 4.446500
v 2.046562 0.944360 4.707456
v 2.059783 0.944360 4.707456
v 2.073004 0.944360 4.707456
v 2.293247 1.199661 4.707456
v 2.111040 1.204020 4.707456
v 1.975813 1.211044 4.707456
v 1.808078 1.071810 4.435411
v 2.311487 1.063003 4.452556
v 2.311487 1.071810 4.707456
v 1.808078 1.080030 4.707456
v 2.073004 1.073865 4.707456
v 2.059783 1.075920 4.707456
v 2.046562 1.077975 4.707456
v 1.868010 1.071257 4.442641
v 2.007692 1.068774 4.447741
v 2.012894 1.068490 4.448161
v 2.306834 0.341769 4.435264
v 2.338433 0.596670 4.468811
v 2.906746 0.336237 4.435264
v 2.906746 0.575313 4.435264
v 2.306834 0.341769 4.690165
v 2.306834 0.613109 4.690165
v 2.906746 0.341769 4.690165
v 2.906746 0.596670 4.667644
v 2.727558 0.326932 4.435264
v 2.606790 0.332962 4.435264
v 2.591035 0.337366 4.435264
v 2.494718 0.596670 4.472691
v 2.667874 0.591211 4.449124
v 2.749147 0.596670 4.429209
v 2.591035 0.341769 4.690165
v 2.606790 0.341769 4.690165
v 2.622546 0.341769 4.690165
v 2.885009 0.597071 4.690165
v 2.667874 0.601429 4.690165
v 2.506724 0.608454 4.690165
v 2.306834 0.469220 4.418120
v 2.906746 0.460413 4.435264
v 2.906746 0.469220 4.690165
v 2.306834 0.477439 4.690165
v 2.622546 0.471275 4.690165
v 2.606790 0.473330 4.690165
v 2.591035 0.475384 4.690165
v 2.378254 0.468666 4.425350
v 2.750261 0.462887 4.433221
v 2.847823 0.461322 4.434536
v 1.615366 0.610092 4.712928
v 1.650622 0.355191 4.746432
v 2.284715 0.615624 4.712928
v 2.284715 0.376548 4.712928
v 1.615366 0.610092 4.458027
v 1.615366 0.338751 4.458027
v 2.284715 0.610092 4.458027
v 2.284715 0.355191 4.480548
v 1.950040 0.618898 4.712928
v 1.932461 0.614495 4.712928
v 1.824996 0.355191 4.742552
v 2.018194 0.362304 4.722907
v 1.932461 0.610092 4.458027
v 1.950040 0.610092 4.458027
v 2.018194 0.350432 4.458027
v 1.838392 0.343407 4.458027
v 1.615366 0.482641 4.730072
v 2.284715 0.491448 4.712928
v 2.284715 0.482641 4.458027
v 1.615366 0.474421 4.458027
v 1.950040 0.478531 4.458027
v 1.932461 0.476476 4.458027
v 1.695052 0.483195 4.722843
v 1.880779 0.485677 4.717743
v 2.717115 0.898160 4.430029
v 2.686946 0.643259 4.463577
v 2.144346 0.903692 4.430029
v 2.144346 0.664616 4.430029
v 2.717115 0.898160 4.684930
v 2.717115 0.626820 4.684930
v 2.144346 0.898160 4.684930
v 2.144346 0.643259 4.662409
v 2.315428 0.912997 4.430029
v 2.430731 0.906967 4.430029
v 2.445773 0.902563 4.430029
v 2.537733 0.643259 4.467456
v 2.372411 0.648719 4.443890
v 2.294815 0.643259 4.423975
v 2.445773 0.898160 4.684930
v 2.430731 0.898160 4.684930
v 2.415688 0.898160 4.684930
v 2.165100 0.642859 4.684930
v 2.372411 0.638500 4.684930
v 2.526270 0.631475 4.684930
v 2.717115 0.770710 4.412886
v 2.144346 0.779516 4.430029
v 2.144346 0.770709 4.684930
v 2.717115 0.762490 4.684930
v 2.415688 0.768655 4.684930
v 2.430731 0.766600 4.684930
v 2.445773 0.764545 4.684930
v 2.648926 0.771263 4.420115
v 2.293751 0.777043 4.427986
v 2.200603 0.778608 4.429302
v 0.978971 0.636256 4.452556
v 1.005486 0.891157 4.419052
v 1.482379 0.630724 4.452556
v 1.482379 0.869800 4.452556
v 0.978971 0.636256 4.707456
v 0.978971 0.907597 4.707456
v 1.482379 0.636256 4.707456
v 1.482379 0.891157 4.684935
v 1.332016 0.621419 4.452556
v 1.230675 0.627449 4.452556
v 1.217454 0.631853 4.452556
v 1.136631 0.891157 4.422932
v 1.281932 0.884044 4.442577
v 1.350132 0.891157 4.446500
v 1.217454 0.636256 4.707456
v 1.230675 0.636256 4.707456
v 1.243896 0.636256 4.707456
v 1.464139 0.891557 4.707456
v 1.281932 0.895916 4.707456
v 1.146705 0.902941 4.707456
v 0.978971 0.763707 4.435411
v 1.482379 0.754900 4.452556
v 1.482379 0.763707 4.707456
v 0.978971 0.771926 4.707456
v 1.243896 0.765762 4.707456
v 1.230675 0.767816 4.707456
v 1.217454 0.769871 4.707456
v 1.038902 0.763153 4.442641
v 1.178585 0.760671 4.447741
v 1.183786 0.760387 4.448161
v 1.787467 1.199807 4.438837
v 1.755868 0.944907 4.472384
v 1.187555 1.205340 4.438837
v 1.187555 0.966264 4.438837
v 1.787467 1.199807 4.693738
v 1.787467 0.928467 4.693738
v 1.187555 1.199808 4.693738
v 1.187555 0.944907 4.671216
v 1.366744 1.214645 4.438837
v 1.487511 1.208614 4.438837
v 1.503267 1.204211 4.438837
v 1.599584 0.944907 4.476264
v 1.426428 0.950366 4.452697
v 1.345154 0.944907 4.432782
v 1.503267 1.199808 4.693738
v 1.487511 1.199808 4.693738
v 1.471756 1.199808 4.693738
v 1.209292 0.944506 4.693738
v 1.426428 0.940148 4.693738
v 1.587577 0.933123 4.693738
v 1.787467 1.072357 4.421693
v 1.187555 1.081164 4.438837
v 1.187555 1.072357 4.693738
v 1.787467 1.064137 4.693738
v 1.471756 1.070302 4.693738
v 1.487511 1.068247 4.693738
v 1.503267 1.066192 4.693738
v 1.716047 1.072910 4.428923
v 1.344040 1.078690 4.436794
v 1.246478 1.080256 4.438109
v 1.019524 0.598859 4.691795
v 1.049694 0.343959 4.658247
v 1.592293 0.604392 4.691795
v 1.592293 0.365316 4.691795
v 1.019524 0.598859 4.436894
v 1.019525 0.327519 4.436894
v 1.592293 0.598859 4.436894
v 1.592293 0.343959 4.459415
v 1.421212 0.613697 4.691795
v 1.305909 0.607666 4.691795
v 1.290866 0.603263 4.691795
v 1.198907 0.343959 4.654368
v 1.364228 0.349418 4.677934
v 1.441824 0.343959 4.697850
v 1.290866 0.598859 4.436894
v 1.305909 0.598859 4.436894
v 1.320951 0.598859 4.436894
v 1.571539 0.343558 4.436894
v 1.364228 0.339200 4.436894
v 1.210370 0.332175 4.436894
v 1.019524 0.471409 4.708939
v 1.592293 0.480216 4.691795
v 1.592293 0.471409 4.436894
v 1.019524 0.463189 4.436894
v 1.320951 0.469354 4.436894
v 1.305909 0.467299 4.436894
v 1.290866 0.465244 4.436894
v 1.087713 0.471962 4.701709
v 1.442888 0.477742 4.693838
v 1.536036 0.479307 4.692523
v 0.994319 0.330114 4.712928
v 0.959895 0.585015 4.746432
v 0.340778 0.324582 4.712928
v 0.340778 0.563657 4.712928
v 0.994319 0.330114 4.458027
v 0.994319 0.601455 4.458027
v 0.340778 0.330114 4.458027
v 0.340778 0.585015 4.480548
v 0.667548 0.321307 4.712928
v 0.684713 0.325711 4.712928
v 0.789640 0.585015 4.742552
v 0.601005 0.577902 4.722907
v 0.684713 0.330114 4.458027
v 0.667548 0.330114 4.458027
v 0.601005 0.589774 4.458027
v 0.776560 0.596799 4.458027
v 0.994319 0.457565 4.730072
v 0.340778 0.448758 4.712928
v 0.340778 0.457565 4.458027
v 0.994319 0.465785 4.458027
v 0.667548 0.461675 4.458027
v 0.684713 0.463730 4.458027
v 0.916514 0.457011 4.722843
v 0.735174 0.454529 4.717743
v 0.678159 0.948468 4.452556
v 0.703783 1.203368 4.419052
v 1.164637 0.942936 4.452556
v 1.164637 1.182011 4.452556
v 0.678159 0.948468 4.707456
v 0.678159 1.219808 4.707456
v 1.164637 0.948468 4.707456
v 1.164637 1.203368 4.684935
v 1.019330 0.933630 4.452556
v 0.921398 0.939661 4.452556
v 0.908622 0.944064 4.452556
v 0.830517 1.203368 4.422932
v 0.970932 1.196255 4.442577
v 1.036837 1.203368 4.446500
v 0.908622 0.948468 4.707456
v 0.921398 0.948468 4.707456
v 0.934174 0.948468 4.707456
v 1.147010 1.203769 4.707456
v 0.970932 1.208127 4.707456
v 0.840253 1.215152 4.707456
v 0.678159 1.075918 4.435411
v 1.164637 1.067111 4.452556
v 1.164637 1.075918 4.707456
v 0.678159 1.084138 4.707456
v 0.934174 1.077973 4.707456
v 0.921398 1.080028 4.707456
v 0.908622 1.082083 4.707456
v 0.736075 1.075365 4.442641
v 0.871059 1.072882 4.447741
v 0.876086 1.072598 4.448161
v 0.629390 0.943305 4.691795
v 0.597791 1.198205 4.658247
v 0.029478 0.937773 4.691795
v 0.029478 1.176848 4.691795
v 0.629390 0.943305 4.436894
v 0.629390 1.214645 4.436894
v 0.029478 0.943305 4.436894
v 0.029478 1.198205 4.459415
v 0.208666 0.928467 4.691795
v 0.329434 0.934498 4.691795
v 0.345189 0.938901 4.691795
v 0.441506 1.198205 4.654368
v 0.268350 1.192746 4.677934
v 0.187077 1.198205 4.697850
v 0.345189 0.943305 4.436894
v 0.329434 0.943305 4.436894
v 0.313678 0.943305 4.436894
v 0.051215 1.198606 4.436894
v 0.268350 1.202965 4.436894
v 0.429500 1.209989 4.436894
v 0.629390 1.070755 4.708939
v 0.029478 1.061948 4.691795
v 0.029478 1.070755 4.436894
v 0.629390 1.078975 4.436894
v 0.313678 1.072810 4.436894
v 0.329434 1.074865 4.436894
v 0.345189 1.076920 4.436894
v 0.557969 1.070202 4.701709
v 0.185963 1.064422 4.693838
v 0.088400 1.062857 4.692523
v 0.449823 0.636256 4.452556
v 0.476338 0.891157 4.419052
v 0.953232 0.630724 4.452556
v 0.953232 0.869800 4.452556
v 0.449823 0.636256 4.707456
v 0.449823 0.907597 4.707456
v 0.953232 0.636256 4.707456
v 0.953232 0.891157 4.684935
v 0.802868 0.621419 4.452556
v 0.701527 0.627449 4.452556
v 0.688306 0.631853 4.452556
v 0.607483 0.891157 4.422932
v 0.752784 0.884044 4.442577
v 0.820984 0.891157 4.446500
v 0.688306 0.636256 4.707456
v 0.701527 0.636256 4.707456
v 0.714748 0.636256 4.707456
v 0.934991 0.891557 4.707456
v 0.752784 0.895916 4.707456
v 0.617557 0.902941 4.707456
v 0.449823 0.763707 4.435411
v 0.953232 0.754900 4.452556
v 0.953232 0.763707 4.707456
v 0.449823 0.771926 4.707456
v 0.714748 0.765762 4.707456
v 0.701527 0.767816 4.707456
v 0.688306 0.769871 4.707456
v 0.509754 0.763153 4.442641
v 0.649437 0.760671 4.447741
v 0.654639 0.760387 4.448161
v -0.161042 0.641657 4.432386
v -0.130873 0.896558 4.465934
v 0.411727 0.636125 4.432386
v 0.411726 0.875200 4.432386
v -0.161042 0.641657 4.687287
v -0.161042 0.912997 4.687287
v 0.411727 0.641657 4.687287
v 0.411726 0.896558 4.664766
v 0.240645 0.626820 4.432386
v 0.125342 0.632850 4.432386
v 0.110299 0.637254 4.432386
v 0.018340 0.896558 4.469813
v 0.183662 0.891098 4.446247
v 0.261258 0.896558 4.426332
v 0.110299 0.641657 4.687287
v 0.125342 0.641657 4.687287
v 0.140385 0.641657 4.687287
v 0.390973 0.896958 4.687287
v 0.183662 0.901317 4.687287
v 0.029803 0.908341 4.687287
v -0.161042 0.769107 4.415243
v 0.411727 0.760301 4.432386
v 0.411727 0.769107 4.687287
v -0.161042 0.777327 4.687287
v 0.140385 0.771162 4.687287
v 0.125342 0.773217 4.687287
v 0.110299 0.775272 4.687287
v -0.092853 0.768554 4.422472
v 0.262322 0.762774 4.430344
v 0.355469 0.761209 4.431659
v -2.823215 0.589551 4.712928
v -2.787958 0.334651 4.746432
v -2.153865 0.595083 4.712928
v -2.153865 0.356008 4.712928
v -2.823215 0.589551 4.458027
v -2.823215 0.318211 4.458027
v -2.153865 0.589551 4.458027
v -2.153865 0.334651 4.480548
v -2.488540 0.598358 4.712928
v -2.506119 0.593955 4.712928
v -2.613585 0.334651 4.742552
v -2.420386 0.341764 4.722907
v -2.506119 0.589551 4.458027
v -2.488540 0.589551 4.458027
v -2.420386 0.329891 4.458027
v -2.600189 0.322867 4.458027
v -2.823215 0.462101 4.730072
v -2.153865 0.470908 4.712928
v -2.153865 0.462101 4.458027
v -2.823215 0.453881 4.458027
v -2.488540 0.457991 4.458027
v -2.506119 0.455936 4.458027
v -2.743528 0.462654 4.722843
v -2.557801 0.465137 4.717743
v -1.487748 0.322284 4.452556
v -1.461232 0.577185 4.419052
v -0.984339 0.316752 4.452556
v -0.984339 0.555827 4.452556
v -1.487748 0.322284 4.707456
v -1.487748 0.593624 4.707456
v -0.984339 0.322284 4.707456
v -0.984339 0.577185 4.684935
v -1.134703 0.307447 4.452556
v -1.236043 0.313477 4.452556
v -1.249264 0.317881 4.452556
v -1.330088 0.577185 4.422932
v -1.184786 0.570071 4.442577
v -1.116586 0.577185 4.446500
v -1.249264 0.322284 4.707456
v -1.236043 0.322284 4.707456
v -1.222822 0.322284 4.707456
v -1.002579 0.577585 4.707456
v -1.184786 0.581944 4.707456
v -1.320013 0.588968 4.707456
v -1.487748 0.449735 4.435411
v -0.984339 0.440928 4.452556
v -0.984339 0.449735 4.707456
v -1.487748 0.457954 4.707456
v -1.222822 0.451789 4.707456
v -1.236043 0.453844 4.707456
v -1.249264 0.455899 4.707456
v -1.427816 0.449181 4.442641
v -1.288134 0.446699 4.447741
v -1.282932 0.446415 4.448161
v -0.596967 1.192178 4.691795
v -0.565368 0.937277 4.658247
v 0.002945 1.197711 4.691795
v 0.002945 0.958635 4.691795
v -0.596967 1.192178 4.436894
v -0.596967 0.920838 4.436894
v 0.002945 1.192178 4.436894
v 0.002945 0.937277 4.459415
v -0.176244 1.207016 4.691795
v -0.297011 1.200985 4.691795
v -0.312767 1.196582 4.691795
v -0.409083 0.937277 4.654368
v -0.235927 0.942737 4.677934
v -0.154654 0.937277 4.697850
v -0.312767 1.192178 4.436894
v -0.297011 1.192178 4.436894
v -0.281256 1.192178 4.436894
v -0.018792 0.936877 4.436894
v -0.235927 0.932518 4.436894
v -0.397077 0.925494 4.436894
v -0.596967 1.064728 4.708939
v 0.002945 1.073535 4.691795
v 0.002945 1.064728 4.436894
v -0.596967 1.056508 4.436894
v -0.281256 1.062673 4.436894
v -0.297011 1.060618 4.436894
v -0.312766 1.058563 4.436894
v -0.525546 1.065281 4.701709
v -0.153540 1.071061 4.693838
v -0.055978 1.072626 4.692523
v -1.288436 1.203998 4.712928
v -1.253180 0.949097 4.746432
v -0.619086 1.209530 4.712928
v -0.619086 0.970454 4.712928
v -1.288436 1.203998 4.458027
v -1.288436 0.932657 4.458027
v -0.619086 1.203998 4.458027
v -0.619086 0.949097 4.480548
v -0.953761 1.212805 4.712928
v -0.971340 1.208401 4.712928
v -1.078805 0.949097 4.742552
v -0.885607 0.956210 4.722907
v -0.971340 1.203998 4.458027
v -0.953761 1.203998 4.458027
v -0.885607 0.944338 4.458027
v -1.065410 0.937313 4.458027
v -1.288436 1.076547 4.730072
v -0.619086 1.085354 4.712928
v -0.619086 1.076547 4.458027
v -1.288436 1.068327 4.458027
v -0.953761 1.072437 4.458027
v -0.971340 1.070382 4.458027
v -1.208749 1.077101 4.722843
v -1.023022 1.079583 4.717743
v -0.184809 0.883371 4.407556
v -0.214978 0.628470 4.441103
v -0.757578 0.888903 4.407556
v -0.757577 0.649828 4.407556
v -0.184809 0.883371 4.662457
v -0.184809 0.612031 4.662457
v -0.757578 0.883371 4.662457
v -0.757577 0.628470 4.639936
v -0.586497 0.898208 4.407556
v -0.471193 0.892178 4.407556
v -0.456151 0.887774 4.407556
v -0.364192 0.628470 4.444983
v -0.529513 0.633930 4.421417
v -0.607109 0.628470 4.401501
v -0.456151 0.883371 4.662457
v -0.471193 0.883371 4.662457
v -0.486236 0.883371 4.662457
v -0.736824 0.628070 4.662457
v -0.529513 0.623711 4.662457
v -0.375654 0.616687 4.662457
v -0.184809 0.755921 4.390412
v -0.757577 0.764727 4.407556
v -0.757578 0.755920 4.662457
v -0.184809 0.747701 4.662457
v -0.486236 0.753866 4.662457
v -0.471193 0.751811 4.662457
v -0.456151 0.749756 4.662457
v -0.252998 0.756474 4.397642
v -0.608173 0.762254 4.405513
v -0.701321 0.763819 4.406828
v -0.782783 0.614626 4.712928
v -0.817207 0.869527 4.746432
v -1.436325 0.609094 4.712928
v -1.436325 0.848169 4.712928
v -0.782783 0.614626 4.458027
v -0.782783 0.885966 4.458027
v -1.436325 0.614626 4.458027
v -1.436325 0.869527 4.480548
v -1.109554 0.605819 4.712928
v -1.092390 0.610222 4.712928
v -0.987462 0.869527 4.742552
v -1.176098 0.862413 4.722907
v -1.092390 0.614626 4.458027
v -1.109554 0.614626 4.458027
v -1.176098 0.874286 4.458027
v -1.000542 0.881310 4.458027
v -0.782783 0.742076 4.730072
v -1.436325 0.733269 4.712928
v -1.436325 0.742076 4.458027
v -0.782783 0.750296 4.458027
v -1.109554 0.746186 4.458027
v -1.092390 0.748241 4.458027
v -0.860588 0.741523 4.722843
v -1.041928 0.739041 4.717743
v -1.809756 0.948468 4.452556
v -1.784132 1.203368 4.419052
v -1.323278 0.942936 4.452556
v -1.323278 1.182011 4.452556
v -1.809756 0.948468 4.707456
v -1.809756 1.219808 4.707456
v -1.323278 0.948468 4.707456
v -1.323278 1.203368 4.684935
v -1.468584 0.933630 4.452556
v -1.566517 0.939661 4.452556
v -1.579293 0.944064 4.452556
v -1.657398 1.203368 4.422932
v -1.516983 1.196255 4.442577
v -1.451077 1.203368 4.446500
v -1.579293 0.948468 4.707456
v -1.566517 0.948468 4.707456
v -1.553740 0.948468 4.707456
v -1.340905 1.203769 4.707456
v -1.516983 1.208127 4.707456
v -1.647662 1.215152 4.707456
v -1.809756 1.075918 4.435411
v -1.323278 1.067111 4.452556
v -1.323278 1.075918 4.707456
v -1.809756 1.084138 4.707456
v -1.553740 1.077973 4.707456
v -1.566517 1.080028 4.707456
v -1.579293 1.082083 4.707456
v -1.751840 1.075365 4.442641
v -1.616855 1.072882 4.447741
v -1.611828 1.072598 4.448161
v -3.111474 0.892759 4.673952
v -3.084958 0.637858 4.707456
v -2.608064 0.898291 4.673952
v -2.608064 0.659216 4.673952
v -3.111474 0.892759 4.419052
v -3.111474 0.621419 4.419052
v -2.608064 0.892759 4.419052
v -2.608064 0.637858 4.441573
v -2.758428 0.907597 4.673952
v -2.859769 0.901566 4.673952
v -2.872990 0.897163 4.673952
v -2.953813 0.637858 4.703576
v -2.808511 0.644972 4.683931
v -2.740312 0.637858 4.680007
v -2.872990 0.892759 4.419052
v -2.859769 0.892759 4.419052
v -2.846547 0.892759 4.419052
v -2.626304 0.637458 4.419052
v -2.808511 0.633099 4.419052
v -2.943738 0.626075 4.419052
v -3.111474 0.765309 4.691096
v -2.608064 0.774116 4.673952
v -2.608064 0.765309 4.419052
v -3.111474 0.757089 4.419052
v -2.846547 0.763254 4.419052
v -2.859769 0.761199 4.419052
v -2.872990 0.759144 4.419052
v -3.051542 0.765862 4.683867
v -2.911859 0.768344 4.678767
v -2.906657 0.768629 4.678347
v -4.819585 0.586617 4.712928
v -4.785161 0.331716 4.746432
v -4.166043 0.592149 4.712928
v -4.166043 0.353074 4.712928
v -4.819585 0.586617 4.458027
v -4.819585 0.315277 4.458027
v -4.166043 0.586617 4.458027
v -4.166043 0.331716 4.480548
v -4.492814 0.595424 4.712928
v -4.509978 0.591021 4.712928
v -4.614905 0.331716 4.742552
v -4.426270 0.338830 4.722907
v -4.509978 0.586617 4.458027
v -4.492814 0.586617 4.458027
v -4.426270 0.326957 4.458027
v -4.601827 0.319933 4.458027
v -4.819585 0.459167 4.730072
v -4.166043 0.467974 4.712928
v -4.166043 0.459167 4.458027
v -4.819585 0.450947 4.458027
v -4.492814 0.455057 4.458027
v -4.509978 0.453002 4.458027
v -4.741780 0.459720 4.722843
v -4.560439 0.462202 4.717743
v -3.427682 0.342356 4.455427
v -3.397513 0.597257 4.488974
v -2.854913 0.336825 4.455427
v -2.854913 0.575900 4.455427
v -3.427682 0.342356 4.710328
v -3.427682 0.613697 4.710328
v -2.854913 0.342357 4.710328
v -2.854913 0.597257 4.687807
v -3.025995 0.327519 4.455427
v -3.141298 0.333550 4.455427
v -3.156340 0.337953 4.455427
v -3.248300 0.597257 4.492854
v -3.082978 0.591798 4.469287
v -3.005382 0.597257 4.449372
v -3.156340 0.342356 4.710328
v -3.141298 0.342356 4.710328
v -3.126255 0.342356 4.710328
v -2.875667 0.597658 4.710328
v -3.082978 0.602016 4.710328
v -3.236836 0.609041 4.710328
v -3.427682 0.469807 4.438283
v -2.854913 0.461000 4.455427
v -2.854913 0.469807 4.710328
v -3.427682 0.478027 4.710328
v -3.126255 0.471862 4.710328
v -3.141298 0.473917 4.710328
v -3.156340 0.475972 4.710328
v -3.359493 0.469254 4.445513
v -3.004318 0.463474 4.453384
v -2.911170 0.461909 4.454699
v -3.136405 0.641657 4.691795
v -3.166574 0.896558 4.658247
v -3.709174 0.636125 4.691795
v -3.709174 0.875200 4.691795
v -3.136405 0.641657 4.436894
v -3.136405 0.912997 4.436894
v -3.709174 0.641657 4.436894
v -3.709174 0.896558 4.459415
v -3.538093 0.626820 4.691795
v -3.422789 0.632850 4.691795
v -3.407747 0.637253 4.691795
v -3.315787 0.896558 4.654368
v -3.481109 0.891098 4.677934
v -3.558705 0.896558 4.697850
v -3.407747 0.641657 4.436894
v -3.422789 0.641657 4.436894
v -3.437832 0.641657 4.436894
v -3.688420 0.896958 4.436894
v -3.481109 0.901317 4.436894
v -3.327251 0.908341 4.436894
v -3.136405 0.769107 4.708939
v -3.709174 0.760300 4.691795
v -3.709174 0.769107 4.436894
v -3.136405 0.777327 4.436894
v -3.437832 0.771162 4.436894
v -3.422789 0.773217 4.436894
v -3.407747 0.775272 4.436894
v -3.204594 0.768554 4.701709
v -3.559769 0.762774 4.693838
v -3.652917 0.761209 4.692523
v -3.453604 0.333049 4.712928
v -3.488860 0.587949 4.746432
v -4.122954 0.327516 4.712928
v -4.122954 0.566592 4.712928
v -3.453604 0.333049 4.458027
v -3.453604 0.604389 4.458027
v -4.122954 0.333048 4.458027
v -4.122954 0.587949 4.480548
v -3.788279 0.324242 4.712928
v -3.770700 0.328645 4.712928
v -3.663234 0.587949 4.742552
v -3.856433 0.580836 4.722907
v -3.770700 0.333049 4.458027
v -3.788279 0.333049 4.458027
v -3.856433 0.592708 4.458027
v -3.676630 0.599733 4.458027
v -3.453604 0.460499 4.730072
v -4.122954 0.451692 4.712928
v -4.122954 0.460499 4.458027
v -3.453604 0.468719 4.458027
v -3.788279 0.464609 4.458027
v -3.770700 0.466664 4.458027
v -3.533291 0.459946 4.722843
v -3.719018 0.457463 4.717743
v -3.746868 0.871129 4.453322
v -3.781292 0.616228 4.419819
v -4.400410 0.876661 4.453322
v -4.400410 0.637586 4.453322
v -3.746868 0.871129 4.708223
v -3.746868 0.599788 4.708223
v -4.400410 0.871129 4.708223
v -4.400410 0.616228 4.685702
v -4.073639 0.879936 4.453322
v -4.056475 0.875532 4.453322
v -3.951548 0.616228 4.423698
v -4.140183 0.623342 4.443344
v -4.056475 0.871129 4.708223
v -4.073639 0.871129 4.708223
v -4.140183 0.611469 4.708223
v -3.964627 0.604444 4.708223
v -3.746868 0.743678 4.436178
v -4.400410 0.752485 4.453322
v -4.400410 0.743679 4.708223
v -3.746868 0.735458 4.708223
v -4.073639 0.739569 4.708223
v -4.056475 0.737514 4.708223
v -3.824673 0.744232 4.443408
v -4.006014 0.746714 4.448507
v -4.433805 0.937317 4.452556
v -4.407289 1.192218 4.419052
v -3.930395 0.931785 4.452556
v -3.930395 1.170861 4.452556
v -4.433805 0.937317 4.707456
v -4.433805 1.208658 4.707456
v -3.930395 0.937317 4.707456
v -3.930395 1.192218 4.684935
v -4.080759 0.922480 4.452556
v -4.182099 0.928510 4.452556
v -4.195321 0.932914 4.452556
v -4.276144 1.192218 4.422932
v -4.130842 1.185105 4.442577
v -4.062643 1.192218 4.446500
v -4.195321 0.937317 4.707456
v -4.182099 0.937317 4.707456
v -4.168879 0.937317 4.707456
v -3.948635 1.192619 4.707456
v -4.130842 1.196977 4.707456
v -4.266069 1.204002 4.707456
v -4.433805 1.064768 4.435411
v -3.930395 1.055961 4.452556
v -3.930395 1.064768 4.707456
v -4.433805 1.072988 4.707456
v -4.168879 1.066823 4.707456
v -4.182099 1.068878 4.707456
v -4.195321 1.070932 4.707456
v -4.373873 1.064214 4.442641
v -4.234190 1.061732 4.447741
v -4.228988 1.061448 4.448161
v -2.001457 0.898160 4.427588
v -2.031626 0.643259 4.461135
v -2.574226 0.903692 4.427588
v -2.574226 0.664617 4.427588
v -2.001457 0.898160 4.682489
v -2.001457 0.626820 4.682489
v -2.574226 0.898160 4.682489
v -2.574226 0.643259 4.659968
v -2.403144 0.912997 4.427588
v -2.287841 0.906967 4.427588
v -2.272799 0.902563 4.427588
v -2.180840 0.643259 4.465015
v -2.346160 0.648719 4.441449
v -2.423757 0.643259 4.421533
v -2.272799 0.898160 4.682489
v -2.287841 0.898160 4.682489
v -2.302884 0.898160 4.682489
v -2.553472 0.642859 4.682489
v -2.346160 0.638500 4.682489
v -2.192303 0.631476 4.682489
v -2.001457 0.770709 4.410444
v -2.574226 0.779516 4.427588
v -2.574226 0.770710 4.682489
v -2.001457 0.762490 4.682489
v -2.302884 0.768655 4.682489
v -2.287841 0.766600 4.682489
v -2.272799 0.764545 4.682489
v -2.069646 0.771263 4.417674
v -2.424821 0.777043 4.425545
v -2.517969 0.778608 4.426860
v -3.903109 1.203998 4.712928
v -3.867853 0.949097 4.746432
v -3.233760 1.209530 4.712928
v -3.233760 0.970454 4.712928
v -3.903109 1.203998 4.458027
v -3.903109 0.932657 4.458027
v -3.233760 1.203998 4.458027
v -3.233760 0.949097 4.480548
v -3.568434 1.212805 4.712928
v -3.586014 1.208401 4.712928
v -3.693479 0.949097 4.742552
v -3.500281 0.956210 4.722907
v -3.586014 1.203998 4.458027
v -3.568434 1.203998 4.458027
v -3.500281 0.944338 4.458027
v -3.680084 0.937313 4.458027
v -3.903109 1.076547 4.730072
v -3.233760 1.085354 4.712928
v -3.233760 1.076547 4.458027
v -3.903109 1.068327 4.458027
v -3.568434 1.072437 4.458027
v -3.586014 1.070382 4.458027
v -3.823422 1.077101 4.722843
v -3.637696 1.079583 4.717743
v -1.520879 0.330619 4.691795
v -1.552478 0.585520 4.658247
v -2.120791 0.325087 4.691795
v -2.120791 0.564162 4.691795
v -1.520879 0.330619 4.436894
v -1.520879 0.601959 4.436894
v -2.120791 0.330619 4.436894
v -2.120791 0.585520 4.459415
v -1.941603 0.315782 4.691795
v -1.820835 0.321812 4.691795
v -1.805080 0.326215 4.691795
v -1.708763 0.585520 4.654368
v -1.881918 0.580060 4.677934
v -1.963192 0.585520 4.697850
v -1.805080 0.330619 4.436894
v -1.820835 0.330619 4.436894
v -1.836591 0.330619 4.436894
v -2.099054 0.585920 4.436894
v -1.881918 0.590279 4.436894
v -1.720769 0.597303 4.436894
v -1.520879 0.458069 4.708939
v -2.120791 0.449262 4.691795
v -2.120791 0.458069 4.436894
v -1.520879 0.466289 4.436894
v -1.836591 0.460124 4.436894
v -1.820835 0.462179 4.436894
v -1.805080 0.464234 4.436894
v -1.592299 0.457516 4.701709
v -1.964306 0.451736 4.693838
v -2.061868 0.450171 4.692523
v -0.955097 0.588964 4.712928
v -0.919841 0.334064 4.746432
v -0.285747 0.594496 4.712928
v -0.285747 0.355421 4.712928
v -0.955097 0.588964 4.458027
v -0.955097 0.317624 4.458027
v -0.285747 0.588964 4.458027
v -0.285747 0.334064 4.480548
v -0.620422 0.597771 4.712928
v -0.638002 0.593368 4.712928
v -0.745467 0.334064 4.742552
v -0.552269 0.341177 4.722907
v -0.638002 0.588964 4.458027
v -0.620422 0.588964 4.458027
v -0.552269 0.329304 4.458027
v -0.732071 0.322280 4.458027
v -0.955097 0.461514 4.730072
v -0.285747 0.470321 4.712928
v -0.285747 0.461514 4.458027
v -0.955097 0.453294 4.458027
v -0.620422 0.457404 4.458027
v -0.638002 0.455349 4.458027
v -0.875410 0.462067 4.722843
v -0.689684 0.464550 4.717743
v 0.319785 0.344313 4.691795
v 0.289615 0.599213 4.658247
v -0.252984 0.338781 4.691795
v -0.252984 0.577856 4.691795
v 0.319785 0.344313 4.436894
v 0.319785 0.615653 4.436894
v -0.252984 0.344313 4.436894
v -0.252984 0.599213 4.459415
v -0.081903 0.329475 4.691795
v 0.033400 0.335506 4.691795
v 0.048443 0.339909 4.691795
v 0.140402 0.599213 4.654368
v -0.024920 0.593754 4.677934
v -0.102515 0.599213 4.697850
v 0.048443 0.344313 4.436894
v 0.033400 0.344313 4.436894
v 0.018357 0.344313 4.436894
v -0.232230 0.599614 4.436894
v -0.024920 0.603973 4.436894
v 0.128939 0.610997 4.436894
v 0.319785 0.471763 4.708939
v -0.252984 0.462956 4.691795
v -0.252984 0.471763 4.436894
v 0.319785 0.479983 4.436894
v 0.018357 0.473818 4.436894
v 0.033400 0.475873 4.436894
v 0.048443 0.477928 4.436894
v 0.251596 0.471210 4.701709
v -0.103579 0.465430 4.693838
v -0.196727 0.463865 4.692523
v -1.478210 0.885717 4.452556
v -1.503834 0.630816 4.419052
v -1.964687 0.891248 4.452556
v -1.964687 0.652173 4.452556
v -1.478210 0.885717 4.707456
v -1.478210 0.614376 4.707456
v -1.964687 0.885716 4.707456
v -1.964687 0.630816 4.684935
v -1.819381 0.900554 4.452556
v -1.721449 0.894523 4.452556
v -1.708672 0.890120 4.452556
v -1.630567 0.630816 4.422932
v -1.770982 0.637929 4.442577
v -1.836888 0.630816 4.446500
v -1.708672 0.885717 4.707456
v -1.721449 0.885717 4.707456
v -1.734225 0.885717 4.707456
v -1.947060 0.630415 4.707456
v -1.770982 0.626057 4.707456
v -1.640303 0.619032 4.707456
v -1.478210 0.758266 4.435411
v -1.964687 0.767073 4.452556
v -1.964687 0.758266 4.707456
v -1.478210 0.750046 4.707456
v -1.734225 0.756211 4.707456
v -1.721449 0.754156 4.707456
v -1.708672 0.752101 4.707456
v -1.536125 0.758819 4.442641
v -1.671110 0.761302 4.447741
v -1.676137 0.761586 4.448161
v -1.856672 1.204971 4.452556
v -1.883187 0.950070 4.419052
v -2.360081 1.210503 4.452556
v -2.360081 0.971427 4.452556
v -1.856672 1.204971 4.707456
v -1.856672 0.933630 4.707456
v -2.360081 1.204971 4.707456
v -2.360081 0.950070 4.684935
v -2.209717 1.219808 4.452556
v -2.108376 1.213778 4.452556
v -2.095155 1.209374 4.452556
v -2.014332 0.950070 4.422932
v -2.159633 0.957183 4.442577
v -2.227833 0.950070 4.446500
v -2.095155 1.204971 4.707456
v -2.108376 1.204971 4.707456
v -2.121597 1.204971 4.707456
v -2.341840 0.949669 4.707456
v -2.159633 0.945311 4.707456
v -2.024406 0.938286 4.707456
v -1.856672 1.077520 4.435411
v -2.360081 1.086327 4.452556
v -2.360081 1.077520 4.707456
v -1.856672 1.069301 4.707456
v -2.121597 1.075465 4.707456
v -2.108376 1.073410 4.707456
v -2.095155 1.071356 4.707456
v -1.916603 1.078074 4.442641
v -2.056286 1.080556 4.447741
v -2.061488 1.080840 4.448161
v -2.409394 0.953868 4.691795
v -2.449261 1.208769 4.658247
v -3.166305 0.948336 4.691795
v -3.166305 1.187412 4.691795
v -2.409394 0.953868 4.436894
v -2.409394 1.225209 4.436894
v -3.166305 0.953868 4.436894
v -3.166305 1.208769 4.459415
v -2.940223 0.939031 4.691795
v -2.787849 0.945062 4.691795
v -2.767970 0.949465 4.691795
v -2.646446 1.208769 4.654368
v -2.864918 1.203310 4.677934
v -2.967461 1.208769 4.697850
v -2.767970 0.953868 4.436894
v -2.787849 0.953868 4.436894
v -2.807729 0.953868 4.436894
v -3.138880 1.209170 4.436894
v -2.864918 1.213528 4.436894
v -2.661595 1.220553 4.436894
v -2.409394 1.081319 4.708939
v -3.166305 1.072512 4.691795
v -3.166305 1.081319 4.436894
v -2.409394 1.089539 4.436894
v -2.807729 1.083374 4.436894
v -2.787849 1.085429 4.436894
v -2.767970 1.087484 4.436894
v -2.499505 1.080765 4.701709
v -2.968867 1.074986 4.693838
v -3.091962 1.073421 4.692523
vn 0.0278 -0.0222 -0.9994
vn 1.0000 -0.0000 -0.0000
vn -0.0000 -0.0000 1.0000
vn -0.9959 0.0799 -0.0422
vn -0.0112 -0.9999 0.0086
vn 0.0197 0.9986 -0.0487
vn 0.1631 0.9838 -0.0744
vn -0.0130 0.9997 -0.0210
vn 0.0649 0.9969 -0.0439
vn 0.0291 -0.9986 0.0440
vn -0.0639 -0.9973 0.0372
vn -0.1985 -0.9798 0.0254
vn 0.1063 0.0125 0.9943
vn 0.0690 -0.1665 -0.9836
vn 0.0972 -0.1611 -0.9822
vn 0.0826 -0.0986 -0.9917
vn 0.0025 -0.0323 -0.9995
vn 0.0390 -0.0277 -0.9989
vn 0.0276 -0.0885 -0.9957
vn -1.0000 -0.0000 -0.0000
vn 0.0120 -0.0111 -0.9999
vn -0.0440 -0.0093 0.9990
vn -0.0000 -0.0000 -1.0000
vn 0.9946 0.0917 0.0485
vn 0.0112 -0.9999 -0.0086
vn -0.0199 0.9978 0.0636
vn -0.1631 0.9838 0.0744
vn 0.0073 0.9998 0.0198
vn -0.0490 0.9976 0.0488
vn -0.0291 -0.9986 -0.0440
vn 0.0639 -0.9973 -0.0372
vn 0.1985 -0.9798 -0.0254
vn -0.1063 0.0125 -0.9943
vn -0.0677 0.3338 0.9402
vn 0.0332 0.2423 0.9696
vn 0.1481 -0.0305 0.9885
vn -0.0079 -0.0159 0.9998
vn -0.0278 -0.0406 0.9988
vn -0.0276 -0.0885 0.9957
vn -0.0047 -0.0043 1.0000
vn -0.9959 -0.0799 0.0422
vn -0.0112 0.9999 -0.0086
vn 0.0197 -0.9986 0.0487
vn 0.0079 0.9996 -0.0281
vn 0.0649 -0.9969 0.0439
vn -0.1985 0.9798 -0.0254
vn 0.0340 0.0338 0.9989
vn 0.0690 0.1665 0.9836
vn 0.0972 0.1611 0.9822
vn 0.0621 -0.0774 -0.9951
vn 0.0390 0.0277 0.9989
vn 0.0276 0.0885 0.9957
vn 0.0104 0.0170 0.9998
vn 0.0549 -0.9963 0.0666
vn 0.0237 -0.0222 -0.9995
vn -0.9944 0.0938 -0.0496
vn -0.0096 -0.9999 0.0086
vn 0.0168 0.9987 -0.0487
vn 0.1393 0.9874 -0.0747
vn -0.0110 0.9997 -0.0210
vn 0.0552 0.9975 -0.0439
vn 0.0247 -0.9987 0.0440
vn -0.0544 -0.9978 0.0372
vn -0.1698 -0.9852 0.0255
vn 0.0905 0.0125 0.9958
vn 0.0587 -0.1666 -0.9843
vn 0.0827 -0.1613 -0.9834
vn 0.0703 -0.0987 -0.9926
vn 0.0021 -0.0323 -0.9995
vn 0.0332 -0.0277 -0.9991
vn 0.0234 -0.0885 -0.9958
vn 0.0102 -0.0111 -0.9999
vn 0.0318 -0.0093 -0.9995
vn -0.9897 0.1264 -0.0668
vn -0.0081 -0.9999 0.0086
vn 0.0144 0.9979 -0.0636
vn 0.1186 0.9901 -0.0749
vn -0.0052 0.9998 -0.0198
vn 0.0354 0.9982 -0.0488
vn 0.0210 -0.9988 0.0440
vn -0.0462 -0.9982 0.0372
vn -0.1448 -0.9891 0.0256
vn 0.0770 0.0125 0.9970
vn 0.0489 0.3341 -0.9413
vn -0.0240 0.2424 -0.9699
vn -0.1076 -0.0307 -0.9937
vn 0.0057 -0.0159 -0.9999
vn 0.0201 -0.0406 -0.9990
vn 0.0199 -0.0885 -0.9959
vn 0.0034 -0.0043 -1.0000
vn -0.9894 -0.1284 0.0679
vn -0.0069 0.9999 -0.0086
vn 0.0122 -0.9987 0.0487
vn 0.0049 0.9996 -0.0281
vn 0.0402 -0.9982 0.0440
vn -0.1242 0.9919 -0.0257
vn 0.0210 0.0338 0.9992
vn 0.0427 0.1667 0.9851
vn 0.0602 0.1615 0.9850
vn 0.0385 -0.0775 -0.9962
vn 0.0241 0.0277 0.9993
vn 0.0170 0.0885 0.9959
vn 0.0065 0.0170 0.9998
vn 0.0340 -0.9972 0.0666
vn -0.0229 0.0222 -0.9995
vn 0.9940 -0.0970 -0.0513
vn 0.0092 0.9999 0.0086
vn -0.0162 -0.9987 -0.0487
vn -0.1347 -0.9881 -0.0747
vn 0.0107 -0.9997 -0.0210
vn -0.0534 -0.9976 -0.0439
vn -0.0239 0.9987 0.0440
vn 0.0525 0.9979 0.0372
vn 0.1642 0.9861 0.0256
vn -0.0875 -0.0125 0.9961
vn -0.0568 0.1666 -0.9844
vn -0.0800 0.1613 -0.9837
vn -0.0679 0.0988 -0.9928
vn -0.0020 0.0323 -0.9995
vn -0.0321 0.0277 -0.9991
vn -0.0227 0.0885 -0.9958
vn -0.0099 0.0111 -0.9999
vn -0.0000 -1.0000 -0.0000
vn -0.9899 0.0663 0.1254
vn -0.0071 -0.0086 -0.9999
vn 0.0125 0.0487 0.9987
vn 0.0050 -0.0281 -0.9996
vn 0.0411 0.0440 0.9982
vn -0.1272 -0.0257 -0.9915
vn 0.0215 0.9992 -0.0338
vn 0.0437 0.9850 -0.1667
vn 0.0617 0.9849 -0.1615
vn 0.0394 -0.9962 0.0775
vn 0.0247 0.9993 -0.0277
vn 0.0175 0.9959 -0.0885
vn 0.0066 0.9998 -0.0170
vn 0.0348 0.0666 0.9972
vn -0.0304 0.9995 0.0093
vn 0.9888 0.0699 -0.1322
vn 0.0077 -0.0086 0.9999
vn -0.0137 0.0636 -0.9979
vn -0.1133 0.0749 -0.9907
vn 0.0050 0.0198 -0.9998
vn -0.0338 0.0488 -0.9982
vn -0.0201 -0.0440 0.9988
vn 0.0441 -0.0372 0.9983
vn 0.1384 -0.0257 0.9901
vn -0.0735 -0.9972 -0.0125
vn -0.0467 0.9414 -0.3342
vn 0.0229 0.9699 -0.2424
vn 0.1027 0.9942 0.0307
vn -0.0055 0.9999 0.0159
vn -0.0192 0.9990 0.0406
vn -0.0190 0.9959 0.0885
vn -0.0032 1.0000 0.0043
vn -0.0304 -0.0093 0.9995
vn 0.9888 0.1322 0.0699
vn 0.0077 -0.9999 -0.0086
vn -0.0137 0.9979 0.0636
vn -0.1133 0.9907 0.0749
vn 0.0050 0.9998 0.0198
vn -0.0338 0.9982 0.0488
vn -0.0201 -0.9988 -0.0440
vn 0.0441 -0.9983 -0.0372
vn 0.1384 -0.9901 -0.0257
vn -0.0735 0.0125 -0.9972
vn -0.0467 0.3342 0.9414
vn 0.0229 0.2424 0.9699
vn 0.1027 -0.0307 0.9942
vn -0.0055 -0.0159 0.9999
vn -0.0192 -0.0406 0.9990
vn -0.0190 -0.0885 0.9959
vn -0.0032 -0.0043 1.0000
vn -0.0000 1.0000 -0.0000
vn -0.9894 -0.0679 -0.1284
vn -0.0069 0.0086 0.9999
vn 0.0122 -0.0487 -0.9987
vn 0.0049 0.0281 0.9996
vn 0.0402 -0.0440 -0.9982
vn -0.1242 0.0257 0.9919
vn 0.0210 -0.9992 0.0338
vn 0.0427 -0.9851 0.1667
vn 0.0602 -0.9850 0.1615
vn 0.0385 0.9962 -0.0775
vn 0.0241 -0.9993 0.0277
vn 0.0170 -0.9959 0.0885
vn 0.0065 -0.9998 0.0170
vn 0.0340 -0.0666 -0.9972
vn 0.0229 -0.0222 -0.9995
vn -0.9940 0.0970 -0.0513
vn -0.0092 -0.9999 0.0086
vn 0.0162 0.9987 -0.0487
vn 0.1347 0.9881 -0.0747
vn -0.0107 0.9997 -0.0210
vn 0.0534 0.9976 -0.0439
vn 0.0239 -0.9987 0.0440
vn -0.0525 -0.9979 0.0372
vn -0.1642 -0.9861 0.0256
vn 0.0875 0.0125 0.9961
vn 0.0568 -0.1666 -0.9844
vn 0.0800 -0.1613 -0.9837
vn 0.0679 -0.0988 -0.9928
vn 0.0020 -0.0323 -0.9995
vn 0.0321 -0.0277 -0.9991
vn 0.0227 -0.0885 -0.9958
vn 0.0099 -0.0111 -0.9999
vn 0.0304 -0.0093 -0.9995
vn -0.9888 0.1322 -0.0699
vn -0.0077 -0.9999 0.0086
vn 0.0137 0.9979 -0.0636
vn 0.1133 0.9907 -0.0749
vn -0.0050 0.9998 -0.0198
vn 0.0338 0.9982 -0.0488
vn 0.0201 -0.9988 0.0440
vn -0.0441 -0.9983 0.0372
vn -0.1384 -0.9901 0.0257
vn 0.0735 0.0125 0.9972
vn 0.0467 0.3342 -0.9414
vn -0.0229 0.2424 -0.9699
vn -0.1027 -0.0307 -0.9942
vn 0.0055 -0.0159 -0.9999
vn 0.0192 -0.0406 -0.9990
vn 0.0190 -0.0885 -0.9959
vn 0.0032 -0.0043 -1.0000
vn -0.0318 0.0093 -0.9995
vn 0.9897 -0.1264 -0.0668
vn 0.0081 0.9999 0.0086
vn -0.0144 -0.9979 -0.0636
vn -0.1186 -0.9901 -0.0749
vn 0.0052 -0.9998 -0.0198
vn -0.0354 -0.9982 -0.0488
vn -0.0210 0.9988 0.0440
vn 0.0462 0.9982 0.0372
vn 0.1448 0.9891 0.0256
vn -0.0770 -0.0125 0.9970
vn -0.0489 -0.3341 -0.9413
vn 0.0240 -0.2424 -0.9699
vn 0.1076 0.0307 -0.9937
vn -0.0057 0.0159 -0.9999
vn -0.0201 0.0406 -0.9990
vn -0.0199 0.0885 -0.9959
vn -0.0034 0.0043 -1.0000
vn -0.0304 0.0093 -0.9995
vn 0.9888 -0.1322 -0.0699
vn 0.0077 0.9999 0.0086
vn -0.0137 -0.9979 -0.0636
vn -0.1133 -0.9907 -0.0749
vn 0.0050 -0.9998 -0.0198
vn -0.0338 -0.9982 -0.0488
vn -0.0201 0.9988 0.0440
vn 0.0441 0.9983 0.0372
vn 0.1384 0.9901 0.0257
vn -0.0735 -0.0125 0.9972
vn -0.0467 -0.3342 -0.9414
vn 0.0229 -0.2424 -0.9699
vn 0.1027 0.0307 -0.9942
vn -0.0055 0.0159 -0.9999
vn -0.0192 0.0406 -0.9990
vn -0.0190 0.0885 -0.9959
vn -0.0032 0.0043 -1.0000
vn 0.0318 0.0093 0.9995
vn -0.9897 -0.1264 0.0668
vn -0.0081 0.9999 -0.0086
vn 0.0144 -0.9979 0.0636
vn 0.1186 -0.9901 0.0749
vn -0.0052 -0.9998 0.0198
vn 0.0354 -0.9982 0.0488
vn 0.0210 0.9988 -0.0440
vn -0.0462 0.9982 -0.0372
vn -0.1448 0.9891 -0.0256
vn 0.0770 -0.0125 -0.9970
vn 0.0489 -0.3341 0.9413
vn -0.0240 -0.2424 0.9699
vn -0.1076 0.0307 0.9937
vn 0.0057 0.0159 0.9999
vn 0.0201 0.0406 0.9990
vn 0.0199 0.0885 0.9959
vn 0.0034 0.0043 1.0000
vn 0.9899 0.1254 0.0663
vn 0.0071 -0.9999 -0.0086
vn -0.0125 0.9987 0.0487
vn -0.0050 -0.9996 -0.0281
vn -0.0411 0.9982 0.0440
vn 0.1272 -0.9915 -0.0257
vn -0.0215 -0.0338 0.9992
vn -0.0437 -0.1667 0.9850
vn -0.0617 -0.1615 0.9849
vn -0.0394 0.0775 -0.9962
vn -0.0247 -0.0277 0.9993
vn -0.0175 -0.0885 0.9959
vn -0.0066 -0.0170 0.9998
vn -0.0348 0.9972 0.0666
vn 0.0304 0.0093 0.9995
vn -0.9888 -0.1322 0.0699
vn -0.0077 0.9999 -0.0086
vn 0.0137 -0.9979 0.0636
vn 0.1133 -0.9907 0.0749
vn -0.0050 -0.9998 0.0198
vn 0.0338 -0.9982 0.0488
vn 0.0201 0.9988 -0.0440
vn -0.0441 0.9983 -0.0372
vn -0.1384 0.9901 -0.0257
vn 0.0735 -0.0125 -0.9972
vn 0.0467 -0.3342 0.9414
vn -0.0229 -0.2424 0.9699
vn -0.1027 0.0307 0.9942
vn 0.0055 0.0159 0.9999
vn 0.0192 0.0406 0.9990
vn 0.0190 0.0885 0.9959
vn 0.0032 0.0043 1.0000
vn 0.0229 0.0222 0.9995
vn -0.9940 -0.0970 0.0513
vn -0.0092 0.9999 -0.0086
vn 0.0162 -0.9987 0.0487
vn 0.1347 -0.9881 0.0747
vn -0.0107 -0.9997 0.0210
vn 0.0534 -0.9976 0.0439
vn 0.0239 0.9987 -0.0440
vn -0.0525 0.9979 -0.0372
vn -0.1642 0.9861 -0.0256
vn 0.0875 -0.0125 -0.9961
vn 0.0568 0.1666 0.9844
vn 0.0800 0.1613 0.9837
vn 0.0679 0.0988 0.9928
vn 0.0020 0.0323 0.9995
vn 0.0321 0.0277 0.9991
vn 0.0227 0.0885 0.9958
vn 0.0099 0.0111 0.9999
vn -0.9899 -0.1254 0.0663
vn -0.0071 0.9999 -0.0086
vn 0.0125 -0.9987 0.0487
vn 0.0050 0.9996 -0.0281
vn 0.0411 -0.9982 0.0440
vn -0.1272 0.9915 -0.0257
vn 0.0215 0.0338 0.9992
vn 0.0437 0.1667 0.9850
vn 0.0617 0.1615 0.9849
vn 0.0394 -0.0775 -0.9962
vn 0.0247 0.0277 0.9993
vn 0.0175 0.0885 0.9959
vn 0.0066 0.0170 0.9998
vn 0.0348 -0.9972 0.0666
vn -0.0318 -0.0093 0.9995
vn 0.9897 0.1264 0.0668
vn 0.0081 -0.9999 -0.0086
vn -0.0144 0.9979 0.0636
vn -0.1186 0.9901 0.0749
vn 0.0052 0.9998 0.0198
vn -0.0354 0.9982 0.0488
vn -0.0210 -0.9988 -0.0440
vn 0.0462 -0.9982 -0.0372
vn 0.1448 -0.9891 -0.0256
vn -0.0770 0.0125 -0.9970
vn -0.0489 0.3341 0.9413
vn 0.0240 0.2424 0.9699
vn 0.1076 -0.0307 0.9937
vn -0.0057 -0.0159 0.9999
vn -0.0201 -0.0406 0.9990
vn -0.0199 -0.0885 0.9959
vn -0.0034 -0.0043 1.0000
vn 0.9894 0.1284 0.0679
vn 0.0069 -0.9999 -0.0086
vn -0.0122 0.9987 0.0487
vn -0.0049 -0.9996 -0.0281
vn -0.0402 0.9982 0.0440
vn 0.1242 -0.9919 -0.0257
vn -0.0210 -0.0338 0.9992
vn -0.0427 -0.1667 0.9851
vn -0.0602 -0.1615 0.9850
vn -0.0385 0.0775 -0.9962
vn -0.0241 -0.0277 0.9993
vn -0.0170 -0.0885 0.9959
vn -0.0065 -0.0170 0.9998
vn -0.0340 0.9972 0.0666
vn 0.9899 -0.1254 -0.0663
vn 0.0071 0.9999 0.0086
vn -0.0125 -0.9987 -0.0487
vn -0.0050 0.9996 0.0281
vn -0.0411 -0.9982 -0.0440
vn 0.1272 0.9915 0.0257
vn -0.0215 0.0338 -0.9992
vn -0.0437 0.1667 -0.9850
vn -0.0617 0.1615 -0.9849
vn -0.0394 -0.0775 0.9962
vn -0.0247 0.0277 -0.9993
vn -0.0175 0.0885 -0.9959
vn -0.0066 0.0170 -0.9998
vn -0.0348 -0.9972 -0.0666
vn -0.0237 0.0222 -0.9995
vn 0.9944 -0.0938 -0.0496
vn 0.0096 0.9999 0.0086
vn -0.0168 -0.9987 -0.0487
vn -0.1393 -0.9874 -0.0747
vn 0.0110 -0.9997 -0.0210
vn -0.0552 -0.9975 -0.0439
vn -0.0247 0.9987 0.0440
vn 0.0544 0.9978 0.0372
vn 0.1698 0.9852 0.0255
vn -0.0905 -0.0125 0.9958
vn -0.0587 0.1666 -0.9843
vn -0.0827 0.1613 -0.9834
vn -0.0703 0.0987 -0.9926
vn -0.0021 0.0323 -0.9995
vn -0.0332 0.0277 -0.9991
vn -0.0234 0.0885 -0.9958
vn -0.0102 0.0111 -0.9999
vn -0.0241 -0.0093 0.9997
vn 0.9823 0.1657 0.0877
vn 0.0061 -0.9999 -0.0086
vn -0.0109 0.9979 0.0636
vn -0.0900 0.9931 0.0751
vn 0.0040 0.9998 0.0198
vn -0.0268 0.9984 0.0488
vn -0.0159 -0.9989 -0.0440
vn 0.0350 -0.9987 -0.0372
vn 0.1100 -0.9936 -0.0257
vn -0.0583 0.0125 -0.9982
vn -0.0371 0.3343 0.9417
vn 0.0182 0.2424 0.9700
vn 0.0816 -0.0307 0.9962
vn -0.0043 -0.0159 0.9999
vn -0.0152 -0.0406 0.9991
vn -0.0151 -0.0885 0.9960
vn -0.0025 -0.0043 1.0000
vt 0.500000 0.094241
vt 0.625000 0.205853
vt 0.605407 0.250000
vt 0.500000 0.250000
vt 0.636044 0.488956
vt 0.500000 0.500000
vt 0.500000 0.687500
vt 0.625000 0.713818
vt 0.625000 0.750000
vt 0.500000 0.750000
vt 0.624957 0.999326
vt 0.500000 1.000000
vt 0.125000 0.687500
vt 0.375000 0.687500
vt 0.375000 0.750000
vt 0.125000 0.750000
vt 0.875000 0.715991
vt 0.875000 0.744280
vt 0.875034 0.499926
vt 0.875000 0.544147
vt 0.625000 0.506089
vt 0.875000 0.625000
vt 0.625000 0.625000
vt 0.125736 0.500088
vt 0.375000 0.500000
vt 0.375000 0.562500
vt 0.125000 0.539406
vt 0.375000 0.625000
vt 0.125000 0.625000
vt 0.500000 0.562500
vt 0.500000 0.625000
vt 0.500000 0.000000
vt 0.625000 0.005720
vt 0.625000 0.034009
vt 0.500000 0.015706
vt 0.625000 0.125000
vt 0.500000 0.086170
vt 0.375000 0.125000
vt 0.375000 0.210594
vt 0.375000 0.062500
vt 0.375000 0.000000
vt 0.375000 1.000000
vt 0.386084 0.250000
vt 0.500000 0.224208
vt 0.625000 0.205853
vt 0.605407 0.250000
vt 0.500000 0.250000
vt 0.636044 0.488956
vt 0.500000 0.687500
vt 0.125000 0.687500
vt 0.375000 0.750000
vt 0.875034 0.499926
vt 0.625000 0.506089
vt 0.840176 0.625000
vt 0.375000 0.500000
vt 0.500000 0.562500
vt 0.500000 0.015706
vt 0.626865 0.129043
vt 0.500000 0.179777
vt 0.375000 0.210594
vt 0.375000 0.062500
vt 0.375000 1.000000
s 0
f 1380/111/498 1364/112/498 1354/113/498 1372/114/498
f 1372/114/499 1354/113/499 1358/115/499 1373/116/499
f 1377/117/500 1370/118/500 1356/119/500 1374/120/500
f 1374/120/501 1356/119/501 1352/121/501 1371/122/501
f 1361/123/502 1365/124/502 1355/125/502 1351/126/502
f 1370/118/503 1362/127/503 1352/128/503 1356/119/503
f 1358/115/504 1354/129/504 1364/130/504 1368/131/504
f 1368/131/505 1364/130/505 1363/132/505 1369/133/505
f 1369/133/506 1363/132/506 1362/127/506 1370/118/506
f 1353/134/507 1357/135/507 1367/136/507 1359/137/507
f 1359/137/508 1367/136/508 1366/138/508 1360/139/508
f 1360/139/509 1366/138/509 1365/124/509 1361/123/509
f 1373/116/510 1358/115/510 1368/131/510 1375/140/510
f 1375/140/500 1368/131/500 1369/133/500 1376/141/500
f 1376/141/500 1369/133/500 1370/118/500 1377/117/500
f 1371/142/511 1352/143/511 1362/144/511 1378/145/511
f 1378/145/512 1362/144/512 1363/146/512 1379/147/512
f 1379/147/513 1363/146/513 1364/112/513 1380/111/513
f 1360/148/514 1379/147/514 1380/111/514 1359/149/514
f 1361/150/515 1378/145/515 1379/147/515 1360/148/515
f 1351/151/516 1371/142/516 1378/145/516 1361/150/516
f 1366/138/500 1376/141/500 1377/117/500 1365/124/500
f 1367/136/500 1375/140/500 1376/141/500 1366/138/500
f 1357/135/500 1373/116/500 1375/140/500 1367/136/500
f 1355/125/517 1374/120/517 1371/122/517 1351/152/517
f 1365/124/500 1377/117/500 1374/120/500 1355/125/500
f 1353/153/499 1372/114/499 1373/116/499 1357/135/499
f 1359/149/518 1380/111/518 1372/114/518 1353/153/518
f 1410/154/519 1394/155/519 1384/156/519 1402/157/519
f 1402/157/517 1384/156/517 1388/158/517 1403/116/517
f 1407/159/520 1400/118/520 1386/119/520 1404/120/520
f 1404/120/521 1386/119/521 1382/121/521 1401/122/521
f 1391/160/522 1395/124/522 1385/161/522 1381/126/522
f 1400/118/523 1392/127/523 1382/128/523 1386/119/523
f 1388/158/524 1384/162/524 1394/130/524 1398/163/524
f 1398/163/525 1394/130/525 1393/164/525 1399/133/525
f 1399/133/526 1393/164/526 1392/127/526 1400/118/526
f 1383/134/527 1387/165/527 1397/136/527 1389/137/527
f 1389/137/528 1397/136/528 1396/138/528 1390/139/528
f 1390/139/529 1396/138/529 1395/124/529 1391/160/529
f 1403/116/530 1388/158/530 1398/163/530 1405/166/530
f 1405/166/520 1398/163/520 1399/133/520 1406/141/520
f 1406/141/520 1399/133/520 1400/118/520 1407/159/520
f 1401/142/531 1382/143/531 1392/144/531 1408/167/531
f 1408/167/532 1392/144/532 1393/168/532 1409/169/532
f 1409/169/533 1393/168/533 1394/155/533 1410/154/533
f 1390/148/534 1409/169/534 1410/154/534 1389/170/534
f 1391/171/535 1408/167/535 1409/169/535 1390/148/535
f 1381/151/536 1401/142/536 1408/167/536 1391/171/536
f 1396/138/520 1406/141/520 1407/159/520 1395/124/520
f 1397/136/520 1405/166/520 1406/141/520 1396/138/520
f 1387/165/520 1403/116/520 1405/166/520 1397/136/520
f 1385/161/499 1404/120/499 1401/122/499 1381/172/499
f 1395/124/520 1407/159/520 1404/120/520 1385/161/520
f 1383/153/517 1402/157/517 1403/116/517 1387/165/517
f 1389/170/537 1410/154/537 1402/157/537 1383/153/537
f 1428/114/499 1414/113/499 1418/115/499 1429/116/499
f 1432/117/520 1426/118/520 1416/119/520 1430/120/520
f 1430/120/538 1416/119/538 1412/121/538 1427/122/538
f 1420/123/539 1423/124/539 1415/125/539 1411/126/539
f 1426/118/540 1421/127/540 1412/128/540 1416/119/540
f 1417/135/541 1424/138/541 1419/139/541 1413/134/541
f 1425/133/542 1422/132/542 1421/127/542 1426/118/542
f 1417/135/520 1429/116/520 1431/141/520 1424/138/520
f 1419/139/543 1424/138/543 1423/124/543 1420/123/543
f 1434/147/544 1422/146/544 1414/113/544 1428/114/544
f 1431/141/520 1425/133/520 1426/118/520 1432/117/520
f 1427/142/545 1412/143/545 1421/144/545 1433/145/545
f 1433/145/546 1421/144/546 1422/146/546 1434/147/546
f 1418/115/547 1425/133/547 1431/141/547 1429/116/547
f 1420/150/548 1433/145/548 1434/147/548 1419/148/548
f 1411/151/549 1427/142/549 1433/145/549 1420/150/549
f 1424/138/520 1431/141/520 1432/117/520 1423/124/520
f 1434/147/550 1428/114/550 1413/153/550 1419/148/550
f 1415/125/517 1430/120/517 1427/122/517 1411/152/517
f 1423/124/520 1432/117/520 1430/120/520 1415/125/520
f 1413/153/499 1428/114/499 1429/116/499 1417/135/499
f 1414/129/551 1422/132/551 1425/133/551 1418/115/551
f 1464/111/552 1448/112/552 1438/113/552 1456/114/552
f 1456/114/499 1438/113/499 1442/115/499 1457/116/499
f 1461/117/500 1454/118/500 1440/119/500 1458/120/500
f 1458/120/553 1440/119/553 1436/121/553 1455/122/553
f 1445/123/554 1449/124/554 1439/125/554 1435/126/554
f 1454/118/555 1446/127/555 1436/128/555 1440/119/555
f 1442/115/556 1438/129/556 1448/130/556 1452/131/556
f 1452/131/557 1448/130/557 1447/132/557 1453/133/557
f 1453/133/558 1447/132/558 1446/127/558 1454/118/558
f 1437/134/559 1441/135/559 1451/136/559 1443/137/559
f 1443/137/560 1451/136/560 1450/138/560 1444/139/560
f 1444/139/561 1450/138/561 1449/124/561 1445/123/561
f 1457/116/562 1442/115/562 1452/131/562 1459/140/562
f 1459/140/500 1452/131/500 1453/133/500 1460/141/500
f 1460/141/500 1453/133/500 1454/118/500 1461/117/500
f 1455/142/563 1436/143/563 1446/144/563 1462/145/563
f 1462/145/564 1446/144/564 1447/146/564 1463/147/564
f 1463/147/565 1447/146/565 1448/112/565 1464/111/565
f 1444/148/566 1463/147/566 1464/111/566 1443/149/566
f 1445/150/567 1462/145/567 1463/147/567 1444/148/567
f 1435/151/568 1455/142/568 1462/145/568 1445/150/568
f 1450/138/500 1460/141/500 1461/117/500 1449/124/500
f 1451/136/500 1459/140/500 1460/141/500 1450/138/500
f 1441/135/500 1457/116/500 1459/140/500 1451/136/500
f 1439/125/517 1458/120/517 1455/122/517 1435/152/517
f 1449/124/500 1461/117/500 1458/120/500 1439/125/500
f 1437/153/499 1456/114/499 1457/116/499 1441/135/499
f 1443/149/569 1464/111/569 1456/114/569 1437/153/569
f 1494/154/570 1478/155/570 1468/156/570 1486/157/570
f 1486/157/499 1468/156/499 1472/158/499 1487/116/499
f 1491/159/500 1484/118/500 1470/119/500 1488/120/500
f 1488/120/571 1470/119/571 1466/121/571 1485/122/571
f 1475/160/572 1479/124/572 1469/161/572 1465/126/572
f 1484/118/573 1476/127/573 1466/128/573 1470/119/573
f 1472/158/574 1468/162/574 1478/130/574 1482/163/574
f 1482/163/575 1478/130/575 1477/164/575 1483/133/575
f 1483/133/576 1477/164/576 1476/127/576 1484/118/576
f 1467/134/577 1471/165/577 1481/136/577 1473/137/577
f 1473/137/578 1481/136/578 1480/138/578 1474/139/578
f 1474/139/579 1480/138/579 1479/124/579 1475/160/579
f 1487/116/580 1472/158/580 1482/163/580 1489/166/580
f 1489/166/500 1482/163/500 1483/133/500 1490/141/500
f 1490/141/500 1483/133/500 1484/118/500 1491/159/500
f 1485/142/581 1466/143/581 1476/144/581 1492/167/581
f 1492/167/582 1476/144/582 1477/168/582 1493/169/582
f 1493/169/583 1477/168/583 1478/155/583 1494/154/583
f 1474/148/584 1493/169/584 1494/154/584 1473/170/584
f 1475/171/585 1492/167/585 1493/169/585 1474/148/585
f 1465/151/586 1485/142/586 1492/167/586 1475/171/586
f 1480/138/500 1490/141/500 1491/159/500 1479/124/500
f 1481/136/500 1489/166/500 1490/141/500 1480/138/500
f 1471/165/500 1487/116/500 1489/166/500 1481/136/500
f 1469/161/517 1488/120/517 1485/122/517 1465/172/517
f 1479/124/500 1491/159/500 1488/120/500 1469/161/500
f 1467/153/499 1486/157/499 1487/116/499 1471/165/499
f 1473/170/587 1494/154/587 1486/157/587 1467/153/587
f 1512/114/499 1498/113/499 1502/115/499 1513/116/499
f 1516/117/520 1510/118/520 1500/119/520 1514/120/520
f 1514/120/588 1500/119/588 1496/121/588 1511/122/588
f 1504/123/589 1507/124/589 1499/125/589 1495/126/589
f 1510/118/590 1505/127/590 1496/128/590 1500/119/590
f 1501/135/591 1508/138/591 1503/139/591 1497/134/591
f 1509/133/592 1506/132/592 1505/127/592 1510/118/592
f 1501/135/520 1513/116/520 1515/141/520 1508/138/520
f 1503/139/593 1508/138/593 1507/124/593 1504/123/593
f 1518/147/594 1506/146/594 1498/113/594 1512/114/594
f 1515/141/520 1509/133/520 1510/118/520 1516/117/520
f 1511/142/595 1496/143/595 1505/144/595 1517/145/595
f 1517/145/596 1505/144/596 1506/146/596 1518/147/596
f 1502/115/597 1509/133/597 1515/141/597 1513/116/597
f 1504/150/598 1517/145/598 1518/147/598 1503/148/598
f 1495/151/599 1511/142/599 1517/145/599 1504/150/599
f 1508/138/520 1515/141/520 1516/117/520 1507/124/520
f 1518/147/600 1512/114/600 1497/153/600 1503/148/600
f 1499/125/517 1514/120/517 1511/122/517 1495/152/517
f 1507/124/520 1516/117/520 1514/120/520 1499/125/520
f 1497/153/499 1512/114/499 1513/116/499 1501/135/499
f 1498/129/601 1506/132/601 1509/133/601 1502/115/601
f 1548/111/602 1532/112/602 1522/113/602 1540/114/602
f 1540/114/517 1522/113/517 1526/115/517 1541/116/517
f 1545/117/500 1538/118/500 1524/119/500 1542/120/500
f 1542/120/603 1524/119/603 1520/121/603 1539/122/603
f 1529/123/604 1533/124/604 1523/125/604 1519/126/604
f 1538/118/605 1530/127/605 1520/128/605 1524/119/605
f 1526/115/606 1522/129/606 1532/130/606 1536/131/606
f 1536/131/607 1532/130/607 1531/132/607 1537/133/607
f 1537/133/608 1531/132/608 1530/127/608 1538/118/608
f 1521/134/609 1525/135/609 1535/136/609 1527/137/609
f 1527/137/610 1535/136/610 1534/138/610 1528/139/610
f 1528/139/611 1534/138/611 1533/124/611 1529/123/611
f 1541/116/612 1526/115/612 1536/131/612 1543/140/612
f 1543/140/500 1536/131/500 1537/133/500 1544/141/500
f 1544/141/500 1537/133/500 1538/118/500 1545/117/500
f 1539/142/613 1520/143/613 1530/144/613 1546/145/613
f 1546/145/614 1530/144/614 1531/146/614 1547/147/614
f 1547/147/615 1531/146/615 1532/112/615 1548/111/615
f 1528/148/616 1547/147/616 1548/111/616 1527/149/616
f 1529/150/617 1546/145/617 1547/147/617 1528/148/617
f 1519/151/618 1539/142/618 1546/145/618 1529/150/618
f 1534/138/500 1544/141/500 1545/117/500 1533/124/500
f 1535/136/500 1543/140/500 1544/141/500 1534/138/500
f 1525/135/500 1541/116/500 1543/140/500 1535/136/500
f 1523/125/499 1542/120/499 1539/122/499 1519/152/499
f 1533/124/500 1545/117/500 1542/120/500 1523/125/500
f 1521/153/517 1540/114/517 1541/116/517 1525/135/517
f 1527/149/619 1548/111/619 1540/114/619 1521/153/619
f 1566/114/499 1552/113/499 1556/115/499 1567/116/499
f 1570/117/620 1564/118/620 1554/119/620 1568/120/620
f 1568/120/621 1554/119/621 1550/121/621 1565/122/621
f 1558/123/622 1561/124/622 1553/125/622 1549/126/622
f 1564/118/623 1559/127/623 1550/128/623 1554/119/623
f 1555/135/624 1562/138/624 1557/139/624 1551/134/624
f 1563/133/625 1560/132/625 1559/127/625 1564/118/625
f 1555/135/620 1567/116/620 1569/141/620 1562/138/620
f 1557/139/626 1562/138/626 1561/124/626 1558/123/626
f 1572/147/627 1560/146/627 1552/113/627 1566/114/627
f 1569/141/620 1563/133/620 1564/118/620 1570/117/620
f 1565/142/628 1550/143/628 1559/144/628 1571/145/628
f 1571/145/629 1559/144/629 1560/146/629 1572/147/629
f 1556/115/630 1563/133/630 1569/141/630 1567/116/630
f 1558/150/631 1571/145/631 1572/147/631 1557/148/631
f 1549/151/632 1565/142/632 1571/145/632 1558/150/632
f 1562/138/620 1569/141/620 1570/117/620 1561/124/620
f 1572/147/633 1566/114/633 1551/153/633 1557/148/633
f 1553/125/517 1568/120/517 1565/122/517 1549/152/517
f 1561/124/620 1570/117/620 1568/120/620 1553/125/620
f 1551/153/499 1566/114/499 1567/116/499 1555/135/499
f 1552/129/634 1560/132/634 1563/133/634 1556/115/634
f 1602/154/635 1586/155/635 1576/156/635 1594/157/635
f 1594/157/517 1576/156/517 1580/158/517 1595/116/517
f 1599/159/620 1592/118/620 1578/119/620 1596/120/620
f 1596/120/636 1578/119/636 1574/121/636 1593/122/636
f 1583/160/637 1587/124/637 1577/161/637 1573/126/637
f 1592/118/638 1584/127/638 1574/128/638 1578/119/638
f 1580/158/639 1576/162/639 1586/130/639 1590/163/639
f 1590/163/640 1586/130/640 1585/164/640 1591/133/640
f 1591/133/641 1585/164/641 1584/127/641 1592/118/641
f 1575/134/642 1579/165/642 1589/136/642 1581/137/642
f 1581/137/643 1589/136/643 1588/138/643 1582/139/643
f 1582/139/644 1588/138/644 1587/124/644 1583/160/644
f 1595/116/645 1580/158/645 1590/163/645 1597/166/645
f 1597/166/620 1590/163/620 1591/133/620 1598/141/620
f 1598/141/620 1591/133/620 1592/118/620 1599/159/620
f 1593/142/646 1574/143/646 1584/144/646 1600/167/646
f 1600/167/647 1584/144/647 1585/168/647 1601/169/647
f 1601/169/648 1585/168/648 1586/155/648 1602/154/648
f 1582/148/649 1601/169/649 1602/154/649 1581/170/649
f 1583/171/650 1600/167/650 1601/169/650 1582/148/650
f 1573/151/651 1593/142/651 1600/167/651 1583/171/651
f 1588/138/620 1598/141/620 1599/159/620 1587/124/620
f 1589/136/620 1597/166/620 1598/141/620 1588/138/620
f 1579/165/620 1595/116/620 1597/166/620 1589/136/620
f 1577/161/499 1596/120/499 1593/122/499 1573/172/499
f 1587/124/620 1599/159/620 1596/120/620 1577/161/620
f 1575/153/517 1594/157/517 1595/116/517 1579/165/517
f 1581/170/652 1602/154/652 1594/157/652 1575/153/652
f 1632/154/653 1616/155/653 1606/156/653 1624/157/653
f 1624/157/517 1606/156/517 1610/158/517 1625/116/517
f 1629/159/520 1622/118/520 1608/119/520 1626/120/520
f 1626/120/654 1608/119/654 1604/121/654 1623/122/654
f 1613/160/655 1617/124/655 1607/161/655 1603/126/655
f 1622/118/656 1614/127/656 1604/128/656 1608/119/656
f 1610/158/657 1606/162/657 1616/130/657 1620/163/657
f 1620/163/658 1616/130/658 1615/164/658 1621/133/658
f 1621/133/659 1615/164/659 1614/127/659 1622/118/659
f 1605/134/660 1609/165/660 1619/136/660 1611/137/660
f 1611/137/661 1619/136/661 1618/138/661 1612/139/661
f 1612/139/662 1618/138/662 1617/124/662 1613/160/662
f 1625/116/663 1610/158/663 1620/163/663 1627/166/663
f 1627/166/520 1620/163/520 1621/133/520 1628/141/520
f 1628/141/520 1621/133/520 1622/118/520 1629/159/520
f 1623/142/664 1604/143/664 1614/144/664 1630/167/664
f 1630/167/665 1614/144/665 1615/168/665 1631/169/665
f 1631/169/666 1615/168/666 1616/155/666 1632/154/666
f 1612/148/667 1631/169/667 1632/154/667 1611/170/667
f 1613/171/668 1630/167/668 1631/169/668 1612/148/668
f 1603/151/669 1623/142/669 1630/167/669 1613/171/669
f 1618/138/520 1628/141/520 1629/159/520 1617/124/520
f 1619/136/520 1627/166/520 1628/141/520 1618/138/520
f 1609/165/520 1625/116/520 1627/166/520 1619/136/520
f 1607/161/499 1626/120/499 1623/122/499 1603/172/499
f 1617/124/520 1629/159/520 1626/120/520 1607/161/520
f 1605/153/517 1624/157/517 1625/116/517 1609/165/517
f 1611/170/670 1632/154/670 1624/157/670 1605/153/670
f 1650/114/499 1636/113/499 1640/115/499 1651/116/499
f 1654/117/671 1648/118/671 1638/119/671 1652/120/671
f 1652/120/672 1638/119/672 1634/121/672 1649/122/672
f 1642/123/673 1645/124/673 1637/125/673 1633/126/673
f 1648/118/674 1643/127/674 1634/128/674 1638/119/674
f 1639/135/675 1646/138/675 1641/139/675 1635/134/675
f 1647/133/676 1644/132/676 1643/127/676 1648/118/676
f 1639/135/671 1651/116/671 1653/141/671 1646/138/671
f 1641/139/677 1646/138/677 1645/124/677 1642/123/677
f 1656/147/678 1644/146/678 1636/113/678 1650/114/678
f 1653/141/671 1647/133/671 1648/118/671 1654/117/671
f 1649/142/679 1634/143/679 1643/144/679 1655/145/679
f 1655/145/680 1643/144/680 1644/146/680 1656/147/680
f 1640/115/681 1647/133/681 1653/141/681 1651/116/681
f 1642/150/682 1655/145/682 1656/147/682 1641/148/682
f 1633/151/683 1649/142/683 1655/145/683 1642/150/683
f 1646/138/671 1653/141/671 1654/117/671 1645/124/671
f 1656/147/684 1650/114/684 1635/153/684 1641/148/684
f 1637/125/517 1652/120/517 1649/122/517 1633/152/517
f 1645/124/671 1654/117/671 1652/120/671 1637/125/671
f 1635/153/499 1650/114/499 1651/116/499 1639/135/499
f 1636/129/685 1644/132/685 1647/133/685 1640/115/685
f 1686/111/686 1670/112/686 1660/113/686 1678/114/686
f 1678/114/499 1660/113/499 1664/115/499 1679/116/499
f 1683/117/500 1676/118/500 1662/119/500 1680/120/500
f 1680/120/687 1662/119/687 1658/121/687 1677/122/687
f 1667/123/688 1671/124/688 1661/125/688 1657/126/688
f 1676/118/689 1668/127/689 1658/128/689 1662/119/689
f 1664/115/690 1660/129/690 1670/130/690 1674/131/690
f 1674/131/691 1670/130/691 1669/132/691 1675/133/691
f 1675/133/692 1669/132/692 1668/127/692 1676/118/692
f 1659/134/693 1663/135/693 1673/136/693 1665/137/693
f 1665/137/694 1673/136/694 1672/138/694 1666/139/694
f 1666/139/695 1672/138/695 1671/124/695 1667/123/695
f 1679/116/696 1664/115/696 1674/131/696 1681/140/696
f 1681/140/500 1674/131/500 1675/133/500 1682/141/500
f 1682/141/500 1675/133/500 1676/118/500 1683/117/500
f 1677/142/697 1658/143/697 1668/144/697 1684/145/697
f 1684/145/698 1668/144/698 1669/146/698 1685/147/698
f 1685/147/699 1669/146/699 1670/112/699 1686/111/699
f 1666/148/700 1685/147/700 1686/111/700 1665/149/700
f 1667/150/701 1684/145/701 1685/147/701 1666/148/701
f 1657/151/702 1677/142/702 1684/145/702 1667/150/702
f 1672/138/500 1682/141/500 1683/117/500 1671/124/500
f 1673/136/500 1681/140/500 1682/141/500 1672/138/500
f 1663/135/500 1679/116/500 1681/140/500 1673/136/500
f 1661/125/517 1680/120/517 1677/122/517 1657/152/517
f 1671/124/500 1683/117/500 1680/120/500 1661/125/500
f 1659/153/499 1678/114/499 1679/116/499 1663/135/499
f 1665/149/703 1686/111/703 1678/114/703 1659/153/703
f 1716/154/704 1700/155/704 1690/156/704 1708/157/704
f 1708/157/499 1690/156/499 1694/158/499 1709/116/499
f 1713/159/500 1706/118/500 1692/119/500 1710/120/500
f 1710/120/705 1692/119/705 1688/121/705 1707/122/705
f 1697/160/706 1701/124/706 1691/161/706 1687/126/706
f 1706/118/707 1698/127/707 1688/128/707 1692/119/707
f 1694/158/708 1690/162/708 1700/130/708 1704/163/708
f 1704/163/709 1700/130/709 1699/164/709 1705/133/709
f 1705/133/710 1699/164/710 1698/127/710 1706/118/710
f 1689/134/711 1693/165/711 1703/136/711 1695/137/711
f 1695/137/712 1703/136/712 1702/138/712 1696/139/712
f 1696/139/713 1702/138/713 1701/124/713 1697/160/713
f 1709/116/714 1694/158/714 1704/163/714 1711/166/714
f 1711/166/500 1704/163/500 1705/133/500 1712/141/500
f 1712/141/500 1705/133/500 1706/118/500 1713/159/500
f 1707/142/715 1688/143/715 1698/144/715 1714/167/715
f 1714/167/716 1698/144/716 1699/168/716 1715/169/716
f 1715/169/717 1699/168/717 1700/155/717 1716/154/717
f 1696/148/718 1715/169/718 1716/154/718 1695/170/718
f 1697/171/719 1714/167/719 1715/169/719 1696/148/719
f 1687/151/720 1707/142/720 1714/167/720 1697/171/720
f 1702/138/500 1712/141/500 1713/159/500 1701/124/500
f 1703/136/500 1711/166/500 1712/141/500 1702/138/500
f 1693/165/500 1709/116/500 1711/166/500 1703/136/500
f 1691/161/517 1710/120/517 1707/122/517 1687/172/517
f 1701/124/500 1713/159/500 1710/120/500 1691/161/500
f 1689/153/499 1708/157/499 1709/116/499 1693/165/499
f 1695/170/721 1716/154/721 1708/157/721 1689/153/721
f 1734/114/499 1720/113/499 1724/115/499 1735/116/499
f 1738/117/520 1732/118/520 1722/119/520 1736/120/520
f 1736/120/588 1722/119/588 1718/121/588 1733/122/588
f 1726/123/589 1729/124/589 1721/125/589 1717/126/589
f 1732/118/590 1727/127/590 1718/128/590 1722/119/590
f 1723/135/591 1730/138/591 1725/139/591 1719/134/591
f 1731/133/592 1728/132/592 1727/127/592 1732/118/592
f 1723/135/520 1735/116/520 1737/141/520 1730/138/520
f 1725/139/593 1730/138/593 1729/124/593 1726/123/593
f 1740/147/594 1728/146/594 1720/113/594 1734/114/594
f 1737/141/520 1731/133/520 1732/118/520 1738/117/520
f 1733/142/595 1718/143/595 1727/144/595 1739/145/595
f 1739/145/596 1727/144/596 1728/146/596 1740/147/596
f 1724/115/597 1731/133/597 1737/141/597 1735/116/597
f 1726/150/598 1739/145/598 1740/147/598 1725/148/598
f 1717/151/599 1733/142/599 1739/145/599 1726/150/599
f 1730/138/520 1737/141/520 1738/117/520 1729/124/520
f 1740/147/600 1734/114/600 1719/153/600 1725/148/600
f 1721/125/517 1736/120/517 1733/122/517 1717/152/517
f 1729/124/520 1738/117/520 1736/120/520 1721/125/520
f 1719/153/499 1734/114/499 1735/116/499 1723/135/499
f 1720/129/601 1728/132/601 1731/133/601 1724/115/601
f 1770/154/722 1754/155/722 1744/156/722 1762/157/722
f 1762/157/517 1744/156/517 1748/158/517 1763/116/517
f 1767/159/500 1760/118/500 1746/119/500 1764/120/500
f 1764/120/723 1746/119/723 1742/121/723 1761/122/723
f 1751/160/724 1755/124/724 1745/161/724 1741/126/724
f 1760/118/725 1752/127/725 1742/128/725 1746/119/725
f 1748/158/726 1744/162/726 1754/130/726 1758/163/726
f 1758/163/727 1754/130/727 1753/164/727 1759/133/727
f 1759/133/728 1753/164/728 1752/127/728 1760/118/728
f 1743/134/729 1747/165/729 1757/136/729 1749/137/729
f 1749/137/730 1757/136/730 1756/138/730 1750/139/730
f 1750/139/731 1756/138/731 1755/124/731 1751/160/731
f 1763/116/732 1748/158/732 1758/163/732 1765/166/732
f 1765/166/500 1758/163/500 1759/133/500 1766/141/500
f 1766/141/500 1759/133/500 1760/118/500 1767/159/500
f 1761/142/733 1742/143/733 1752/144/733 1768/167/733
f 1768/167/734 1752/144/734 1753/168/734 1769/169/734
f 1769/169/735 1753/168/735 1754/155/735 1770/154/735
f 1750/148/736 1769/169/736 1770/154/736 1749/170/736
f 1751/171/737 1768/167/737 1769/169/737 1750/148/737
f 1741/151/738 1761/142/738 1768/167/738 1751/171/738
f 1756/138/500 1766/141/500 1767/159/500 1755/124/500
f 1757/136/500 1765/166/500 1766/141/500 1756/138/500
f 1747/165/500 1763/116/500 1765/166/500 1757/136/500
f 1745/161/499 1764/120/499 1761/122/499 1741/172/499
f 1755/124/500 1767/159/500 1764/120/500 1745/161/500
f 1743/153/517 1762/157/517 1763/116/517 1747/165/517
f 1749/170/739 1770/154/739 1762/157/739 1743/153/739
f 1800/111/686 1784/112/686 1774/113/686 1792/114/686
f 1792/114/499 1774/113/499 1778/115/499 1793/116/499
f 1797/117/500 1790/118/500 1776/119/500 1794/120/500
f 1794/120/687 1776/119/687 1772/121/687 1791/122/687
f 1781/123/688 1785/124/688 1775/125/688 1771/126/688
f 1790/118/689 1782/127/689 1772/128/689 1776/119/689
f 1778/115/690 1774/129/690 1784/130/690 1788/131/690
f 1788/131/691 1784/130/691 1783/132/691 1789/133/691
f 1789/133/692 1783/132/692 1782/127/692 1790/118/692
f 1773/134/693 1777/135/693 1787/136/693 1779/137/693
f 1779/137/694 1787/136/694 1786/138/694 1780/139/694
f 1780/139/695 1786/138/695 1785/124/695 1781/123/695
f 1793/116/696 1778/115/696 1788/131/696 1795/140/696
f 1795/140/500 1788/131/500 1789/133/500 1796/141/500
f 1796/141/500 1789/133/500 1790/118/500 1797/117/500
f 1791/142/697 1772/143/697 1782/144/697 1798/145/697
f 1798/145/698 1782/144/698 1783/146/698 1799/147/698
f 1799/147/699 1783/146/699 1784/112/699 1800/111/699
f 1780/148/700 1799/147/700 1800/111/700 1779/149/700
f 1781/150/701 1798/145/701 1799/147/701 1780/148/701
f 1771/151/702 1791/142/702 1798/145/702 1781/150/702
f 1786/138/500 1796/141/500 1797/117/500 1785/124/500
f 1787/136/500 1795/140/500 1796/141/500 1786/138/500
f 1777/135/500 1793/116/500 1795/140/500 1787/136/500
f 1775/125/517 1794/120/517 1791/122/517 1771/152/517
f 1785/124/500 1797/117/500 1794/120/500 1775/125/500
f 1773/153/499 1792/114/499 1793/116/499 1777/135/499
f 1779/149/703 1800/111/703 1792/114/703 1773/153/703
f 1830/154/740 1814/155/740 1804/156/740 1822/157/740
f 1822/157/517 1804/156/517 1808/158/517 1823/116/517
f 1827/159/500 1820/118/500 1806/119/500 1824/120/500
f 1824/120/741 1806/119/741 1802/121/741 1821/122/741
f 1811/160/742 1815/124/742 1805/161/742 1801/126/742
f 1820/118/743 1812/127/743 1802/128/743 1806/119/743
f 1808/158/744 1804/162/744 1814/130/744 1818/163/744
f 1818/163/745 1814/130/745 1813/164/745 1819/133/745
f 1819/133/746 1813/164/746 1812/127/746 1820/118/746
f 1803/134/747 1807/165/747 1817/136/747 1809/137/747
f 1809/137/748 1817/136/748 1816/138/748 1810/139/748
f 1810/139/749 1816/138/749 1815/124/749 1811/160/749
f 1823/116/750 1808/158/750 1818/163/750 1825/166/750
f 1825/166/500 1818/163/500 1819/133/500 1826/141/500
f 1826/141/500 1819/133/500 1820/118/500 1827/159/500
f 1821/142/751 1802/143/751 1812/144/751 1828/167/751
f 1828/167/752 1812/144/752 1813/168/752 1829/169/752
f 1829/169/753 1813/168/753 1814/155/753 1830/154/753
f 1810/148/754 1829/169/754 1830/154/754 1809/170/754
f 1811/171/755 1828/167/755 1829/169/755 1810/148/755
f 1801/151/756 1821/142/756 1828/167/756 1811/171/756
f 1816/138/500 1826/141/500 1827/159/500 1815/124/500
f 1817/136/500 1825/166/500 1826/141/500 1816/138/500
f 1807/165/500 1823/116/500 1825/166/500 1817/136/500
f 1805/161/499 1824/120/499 1821/122/499 1801/172/499
f 1815/124/500 1827/159/500 1824/120/500 1805/161/500
f 1803/153/517 1822/157/517 1823/116/517 1807/165/517
f 1809/170/757 1830/154/757 1822/157/757 1803/153/757
f 1860/154/758 1844/155/758 1834/156/758 1852/157/758
f 1852/157/499 1834/156/499 1838/158/499 1853/116/499
f 1857/159/520 1850/118/520 1836/119/520 1854/120/520
f 1854/120/759 1836/119/759 1832/121/759 1851/122/759
f 1841/160/760 1845/124/760 1835/161/760 1831/126/760
f 1850/118/761 1842/127/761 1832/128/761 1836/119/761
f 1838/158/762 1834/162/762 1844/130/762 1848/163/762
f 1848/163/763 1844/130/763 1843/164/763 1849/133/763
f 1849/133/764 1843/164/764 1842/127/764 1850/118/764
f 1833/134/765 1837/165/765 1847/136/765 1839/137/765
f 1839/137/766 1847/136/766 1846/138/766 1840/139/766
f 1840/139/767 1846/138/767 1845/124/767 1841/160/767
f 1853/116/768 1838/158/768 1848/163/768 1855/166/768
f 1855/166/520 1848/163/520 1849/133/520 1856/141/520
f 1856/141/520 1849/133/520 1850/118/520 1857/159/520
f 1851/142/769 1832/143/769 1842/144/769 1858/167/769
f 1858/167/770 1842/144/770 1843/168/770 1859/169/770
f 1859/169/771 1843/168/771 1844/155/771 1860/154/771
f 1840/148/772 1859/169/772 1860/154/772 1839/170/772
f 1841/171/773 1858/167/773 1859/169/773 1840/148/773
f 1831/151/774 1851/142/774 1858/167/774 1841/171/774
f 1846/138/520 1856/141/520 1857/159/520 1845/124/520
f 1847/136/520 1855/166/520 1856/141/520 1846/138/520
f 1837/165/520 1853/116/520 1855/166/520 1847/136/520
f 1835/161/517 1854/120/517 1851/122/517 1831/172/517
f 1845/124/520 1857/159/520 1854/120/520 1835/161/520
f 1833/153/499 1852/157/499 1853/116/499 1837/165/499
f 1839/170/775 1860/154/775 1852/157/775 1833/153/775
f 1878/114/517 1864/113/517 1868/115/517 1879/116/517
f 1882/117/520 1876/118/520 1866/119/520 1880/120/520
f 1880/120/776 1866/119/776 1862/121/776 1877/122/776
f 1870/123/777 1873/124/777 1865/125/777 1861/126/777
f 1876/118/778 1871/127/778 1862/128/778 1866/119/778
f 1867/135/779 1874/138/779 1869/139/779 1863/134/779
f 1875/133/780 1872/132/780 1871/127/780 1876/118/780
f 1867/135/520 1879/116/520 1881/141/520 1874/138/520
f 1869/139/781 1874/138/781 1873/124/781 1870/123/781
f 1884/147/782 1872/146/782 1864/113/782 1878/114/782
f 1881/141/520 1875/133/520 1876/118/520 1882/117/520
f 1877/142/783 1862/143/783 1871/144/783 1883/145/783
f 1883/145/784 1871/144/784 1872/146/784 1884/147/784
f 1868/115/785 1875/133/785 1881/141/785 1879/116/785
f 1870/150/786 1883/145/786 1884/147/786 1869/148/786
f 1861/151/787 1877/142/787 1883/145/787 1870/150/787
f 1874/138/520 1881/141/520 1882/117/520 1873/124/520
f 1884/147/788 1878/114/788 1863/153/788 1869/148/788
f 1865/125/499 1880/120/499 1877/122/499 1861/152/499
f 1873/124/520 1882/117/520 1880/120/520 1865/125/520
f 1863/153/517 1878/114/517 1879/116/517 1867/135/517
f 1864/129/789 1872/132/789 1875/133/789 1868/115/789
f 1914/111/552 1898/112/552 1888/113/552 1906/114/552
f 1906/114/499 1888/113/499 1892/115/499 1907/116/499
f 1911/117/500 1904/118/500 1890/119/500 1908/120/500
f 1908/120/553 1890/119/553 1886/121/553 1905/122/553
f 1895/123/554 1899/124/554 1889/125/554 1885/126/554
f 1904/118/555 1896/127/555 1886/128/555 1890/119/555
f 1892/115/556 1888/129/556 1898/130/556 1902/131/556
f 1902/131/557 1898/130/557 1897/132/557 1903/133/557
f 1903/133/558 1897/132/558 1896/127/558 1904/118/558
f 1887/134/559 1891/135/559 1901/136/559 1893/137/559
f 1893/137/560 1901/136/560 1900/138/560 1894/139/560
f 1894/139/561 1900/138/561 1899/124/561 1895/123/561
f 1907/116/562 1892/115/562 1902/131/562 1909/140/562
f 1909/140/500 1902/131/500 1903/133/500 1910/141/500
f 1910/141/500 1903/133/500 1904/118/500 1911/117/500
f 1905/142/563 1886/143/563 1896/144/563 1912/145/563
f 1912/145/564 1896/144/564 1897/146/564 1913/147/564
f 1913/147/565 1897/146/565 1898/112/565 1914/111/565
f 1894/148/566 1913/147/566 1914/111/566 1893/149/566
f 1895/150/567 1912/145/567 1913/147/567 1894/148/567
f 1885/151/568 1905/142/568 1912/145/568 1895/150/568
f 1900/138/500 1910/141/500 1911/117/500 1899/124/500
f 1901/136/500 1909/140/500 1910/141/500 1900/138/500
f 1891/135/500 1907/116/500 1909/140/500 1901/136/500
f 1889/125/517 1908/120/517 1905/122/517 1885/152/517
f 1899/124/500 1911/117/500 1908/120/500 1889/125/500
f 1887/153/499 1906/114/499 1907/116/499 1891/135/499
f 1893/149/569 1914/111/569 1906/114/569 1887/153/569
f 1944/154/653 1928/155/653 1918/156/653 1936/157/653
f 1936/157/517 1918/156/517 1922/158/517 1937/116/517
f 1941/159/520 1934/118/520 1920/119/520 1938/120/520
f 1938/120/654 1920/119/654 1916/121/654 1935/122/654
f 1925/160/655 1929/124/655 1919/161/655 1915/126/655
f 1934/118/656 1926/127/656 1916/128/656 1920/119/656
f 1922/158/657 1918/162/657 1928/130/657 1932/163/657
f 1932/163/658 1928/130/658 1927/164/658 1933/133/658
f 1933/133/659 1927/164/659 1926/127/659 1934/118/659
f 1917/134/660 1921/165/660 1931/136/660 1923/137/660
f 1923/137/661 1931/136/661 1930/138/661 1924/139/661
f 1924/139/662 1930/138/662 1929/124/662 1925/160/662
f 1937/116/663 1922/158/663 1932/163/663 1939/166/663
f 1939/166/520 1932/163/520 1933/133/520 1940/141/520
f 1940/141/520 1933/133/520 1934/118/520 1941/159/520
f 1935/142/664 1916/143/664 1926/144/664 1942/167/664
f 1942/167/665 1926/144/665 1927/168/665 1943/169/665
f 1943/169/666 1927/168/666 1928/155/666 1944/154/666
f 1924/148/667 1943/169/667 1944/154/667 1923/170/667
f 1925/171/668 1942/167/668 1943/169/668 1924/148/668
f 1915/151/669 1935/142/669 1942/167/669 1925/171/669
f 1930/138/520 1940/141/520 1941/159/520 1929/124/520
f 1931/136/520 1939/166/520 1940/141/520 1930/138/520
f 1921/165/520 1937/116/520 1939/166/520 1931/136/520
f 1919/161/499 1938/120/499 1935/122/499 1915/172/499
f 1929/124/520 1941/159/520 1938/120/520 1919/161/520
f 1917/153/517 1936/157/517 1937/116/517 1921/165/517
f 1923/170/670 1944/154/670 1936/157/670 1917/153/670
f 1974/111/686 1958/112/686 1948/113/686 1966/114/686
f 1966/114/499 1948/113/499 1952/115/499 1967/116/499
f 1971/117/500 1964/118/500 1950/119/500 1968/120/500
f 1968/120/687 1950/119/687 1946/121/687 1965/122/687
f 1955/123/688 1959/124/688 1949/125/688 1945/126/688
f 1964/118/689 1956/127/689 1946/128/689 1950/119/689
f 1952/115/690 1948/129/690 1958/130/690 1962/131/690
f 1962/131/691 1958/130/691 1957/132/691 1963/133/691
f 1963/133/692 1957/132/692 1956/127/692 1964/118/692
f 1947/134/693 1951/135/693 1961/136/693 1953/137/693
f 1953/137/694 1961/136/694 1960/138/694 1954/139/694
f 1954/139/695 1960/138/695 1959/124/695 1955/123/695
f 1967/116/696 1952/115/696 1962/131/696 1969/140/696
f 1969/140/500 1962/131/500 1963/133/500 1970/141/500
f 1970/141/500 1963/133/500 1964/118/500 1971/117/500
f 1965/142/697 1946/143/697 1956/144/697 1972/145/697
f 1972/145/698 1956/144/698 1957/146/698 1973/147/698
f 1973/147/699 1957/146/699 1958/112/699 1974/111/699
f 1954/148/700 1973/147/700 1974/111/700 1953/149/700
f 1955/150/701 1972/145/701 1973/147/701 1954/148/701
f 1945/151/702 1965/142/702 1972/145/702 1955/150/702
f 1960/138/500 1970/141/500 1971/117/500 1959/124/500
f 1961/136/500 1969/140/500 1970/141/500 1960/138/500
f 1951/135/500 1967/116/500 1969/140/500 1961/136/500
f 1949/125/517 1968/120/517 1965/122/517 1945/152/517
f 1959/124/500 1971/117/500 1968/120/500 1949/125/500
f 1947/153/499 1966/114/499 1967/116/499 1951/135/499
f 1953/149/703 1974/111/703 1966/114/703 1947/153/703
f 2004/154/570 1988/155/570 1978/156/570 1996/157/570
f 1996/157/499 1978/156/499 1982/158/499 1997/116/499
f 2001/159/500 1994/118/500 1980/119/500 1998/120/500
f 1998/120/571 1980/119/571 1976/121/571 1995/122/571
f 1985/160/572 1989/124/572 1979/161/572 1975/126/572
f 1994/118/573 1986/127/573 1976/128/573 1980/119/573
f 1982/158/574 1978/162/574 1988/130/574 1992/163/574
f 1992/163/575 1988/130/575 1987/164/575 1993/133/575
f 1993/133/576 1987/164/576 1986/127/576 1994/118/576
f 1977/134/577 1981/165/577 1991/136/577 1983/137/577
f 1983/137/578 1991/136/578 1990/138/578 1984/139/578
f 1984/139/579 1990/138/579 1989/124/579 1985/160/579
f 1997/116/580 1982/158/580 1992/163/580 1999/166/580
f 1999/166/500 1992/163/500 1993/133/500 2000/141/500
f 2000/141/500 1993/133/500 1994/118/500 2001/159/500
f 1995/142/581 1976/143/581 1986/144/581 2002/167/581
f 2002/167/582 1986/144/582 1987/168/582 2003/169/582
f 2003/169/583 1987/168/583 1988/155/583 2004/154/583
f 1984/148/584 2003/169/584 2004/154/584 1983/170/584
f 1985/171/585 2002/167/585 2003/169/585 1984/148/585
f 1975/151/586 1995/142/586 2002/167/586 1985/171/586
f 1990/138/500 2000/141/500 2001/159/500 1989/124/500
f 1991/136/500 1999/166/500 2000/141/500 1990/138/500
f 1981/165/500 1997/116/500 1999/166/500 1991/136/500
f 1979/161/517 1998/120/517 1995/122/517 1975/172/517
f 1989/124/500 2001/159/500 1998/120/500 1979/161/500
f 1977/153/499 1996/157/499 1997/116/499 1981/165/499
f 1983/170/587 2004/154/587 1996/157/587 1977/153/587
f 2022/114/499 2008/113/499 2012/115/499 2023/116/499
f 2026/117/520 2020/118/520 2010/119/520 2024/120/520
f 2024/120/588 2010/119/588 2006/121/588 2021/122/588
f 2014/123/589 2017/124/589 2009/125/589 2005/126/589
f 2020/118/590 2015/127/590 2006/128/590 2010/119/590
f 2011/135/591 2018/138/591 2013/139/591 2007/134/591
f 2019/133/592 2016/132/592 2015/127/592 2020/118/592
f 2011/135/520 2023/116/520 2025/141/520 2018/138/520
f 2013/139/593 2018/138/593 2017/124/593 2014/123/593
f 2028/147/594 2016/146/594 2008/113/594 2022/114/594
f 2025/141/520 2019/133/520 2020/118/520 2026/117/520
f 2021/142/595 2006/143/595 2015/144/595 2027/145/595
f 2027/145/596 2015/144/596 2016/146/596 2028/147/596
f 2012/115/597 2019/133/597 2025/141/597 2023/116/597
f 2014/150/598 2027/145/598 2028/147/598 2013/148/598
f 2005/151/599 2021/142/599 2027/145/599 2014/150/599
f 2018/138/520 2025/141/520 2026/117/520 2017/124/520
f 2028/147/600 2022/114/600 2007/153/600 2013/148/600
f 2009/125/517 2024/120/517 2021/122/517 2005/152/517
f 2017/124/520 2026/117/520 2024/120/520 2009/125/520
f 2007/153/499 2022/114/499 2023/116/499 2011/135/499
f 2008/129/601 2016/132/601 2019/133/601 2012/115/601
f 2058/111/686 2042/112/686 2032/113/686 2050/114/686
f 2050/114/499 2032/113/499 2036/115/499 2051/116/499
f 2055/117/500 2048/118/500 2034/119/500 2052/120/500
f 2052/120/687 2034/119/687 2030/121/687 2049/122/687
f 2039/123/688 2043/124/688 2033/125/688 2029/126/688
f 2048/118/689 2040/127/689 2030/128/689 2034/119/689
f 2036/115/690 2032/129/690 2042/130/690 2046/131/690
f 2046/131/691 2042/130/691 2041/132/691 2047/133/691
f 2047/133/692 2041/132/692 2040/127/692 2048/118/692
f 2031/134/693 2035/135/693 2045/136/693 2037/137/693
f 2037/137/694 2045/136/694 2044/138/694 2038/139/694
f 2038/139/695 2044/138/695 2043/124/695 2039/123/695
f 2051/116/696 2036/115/696 2046/131/696 2053/140/696
f 2053/140/500 2046/131/500 2047/133/500 2054/141/500
f 2054/141/500 2047/133/500 2048/118/500 2055/117/500
f 2049/142/697 2030/143/697 2040/144/697 2056/145/697
f 2056/145/698 2040/144/698 2041/146/698 2057/147/698
f 2057/147/699 2041/146/699 2042/112/699 2058/111/699
f 2038/148/700 2057/147/700 2058/111/700 2037/149/700
f 2039/150/701 2056/145/701 2057/147/701 2038/148/701
f 2029/151/702 2049/142/702 2056/145/702 2039/150/702
f 2044/138/500 2054/141/500 2055/117/500 2043/124/500
f 2045/136/500 2053/140/500 2054/141/500 2044/138/500
f 2035/135/500 2051/116/500 2053/140/500 2045/136/500
f 2033/125/517 2052/120/517 2049/122/517 2029/152/517
f 2043/124/500 2055/117/500 2052/120/500 2033/125/500
f 2031/153/499 2050/114/499 2051/116/499 2035/135/499
f 2037/149/703 2058/111/703 2050/114/703 2031/153/703
f 2088/154/790 2072/155/790 2062/156/790 2080/157/790
f 2080/157/499 2062/156/499 2066/158/499 2081/116/499
f 2085/159/520 2078/118/520 2064/119/520 2082/120/520
f 2082/120/791 2064/119/791 2060/121/791 2079/122/791
f 2069/160/792 2073/124/792 2063/161/792 2059/126/792
f 2078/118/793 2070/127/793 2060/128/793 2064/119/793
f 2066/158/794 2062/162/794 2072/130/794 2076/163/794
f 2076/163/795 2072/130/795 2071/164/795 2077/133/795
f 2077/133/796 2071/164/796 2070/127/796 2078/118/796
f 2061/134/797 2065/165/797 2075/136/797 2067/137/797
f 2067/137/798 2075/136/798 2074/138/798 2068/139/798
f 2068/139/799 2074/138/799 2073/124/799 2069/160/799
f 2081/116/800 2066/158/800 2076/163/800 2083/166/800
f 2083/166/520 2076/163/520 2077/133/520 2084/141/520
f 2084/141/520 2077/133/520 2078/118/520 2085/159/520
f 2079/142/801 2060/143/801 2070/144/801 2086/167/801
f 2086/167/802 2070/144/802 2071/168/802 2087/169/802
f 2087/169/803 2071/168/803 2072/155/803 2088/154/803
f 2068/148/804 2087/169/804 2088/154/804 2067/170/804
f 2069/171/805 2086/167/805 2087/169/805 2068/148/805
f 2059/151/806 2079/142/806 2086/167/806 2069/171/806
f 2074/138/520 2084/141/520 2085/159/520 2073/124/520
f 2075/136/520 2083/166/520 2084/141/520 2074/138/520
f 2065/165/520 2081/116/520 2083/166/520 2075/136/520
f 2063/161/517 2082/120/517 2079/122/517 2059/172/517
f 2073/124/520 2085/159/520 2082/120/520 2063/161/520
f 2061/153/499 2080/157/499 2081/116/499 2065/165/499
f 2067/170/807 2088/154/807 2080/157/807 2061/153/807
f 2106/114/499 2092/113/499 2096/115/499 2107/116/499
f 2110/117/520 2104/118/520 2094/119/520 2108/120/520
f 2108/120/588 2094/119/588 2090/121/588 2105/122/588
f 2098/123/589 2101/124/589 2093/125/589 2089/126/589
f 2104/118/590 2099/127/590 2090/128/590 2094/119/590
f 2095/135/591 2102/138/591 2097/139/591 2091/134/591
f 2103/133/592 2100/132/592 2099/127/592 2104/118/592
f 2095/135/520 2107/116/520 2109/141/520 2102/138/520
f 2097/139/593 2102/138/593 2101/124/593 2098/123/593
f 2112/147/594 2100/146/594 2092/113/594 2106/114/594
f 2109/141/520 2103/133/520 2104/118/520 2110/117/520
f 2105/142/595 2090/143/595 2099/144/595 2111/145/595
f 2111/145/596 2099/144/596 2100/146/596 2112/147/596
f 2096/115/597 2103/133/597 2109/141/597 2107/116/597
f 2098/150/598 2111/145/598 2112/147/598 2097/148/598
f 2089/151/599 2105/142/599 2111/145/599 2098/150/599
f 2102/138/520 2109/141/520 2110/117/520 2101/124/520
f 2112/147/600 2106/114/600 2091/153/600 2097/148/600
f 2093/125/517 2108/120/517 2105/122/517 2089/152/517
f 2101/124/520 2110/117/520 2108/120/520 2093/125/520
f 2091/153/499 2106/114/499 2107/116/499 2095/135/499
f 2092/129/601 2100/132/601 2103/133/601 2096/115/601
f 2142/154/722 2126/155/722 2116/156/722 2134/157/722
f 2134/157/517 2116/156/517 2120/158/517 2135/116/517
f 2139/159/500 2132/118/500 2118/119/500 2136/120/500
f 2136/120/723 2118/119/723 2114/121/723 2133/122/723
f 2123/160/724 2127/124/724 2117/161/724 2113/126/724
f 2132/118/725 2124/127/725 2114/128/725 2118/119/725
f 2120/158/726 2116/162/726 2126/130/726 2130/163/726
f 2130/163/727 2126/130/727 2125/164/727 2131/133/727
f 2131/133/728 2125/164/728 2124/127/728 2132/118/728
f 2115/134/729 2119/165/729 2129/136/729 2121/137/729
f 2121/137/730 2129/136/730 2128/138/730 2122/139/730
f 2122/139/731 2128/138/731 2127/124/731 2123/160/731
f 2135/116/732 2120/158/732 2130/163/732 2137/166/732
f 2137/166/500 2130/163/500 2131/133/500 2138/141/500
f 2138/141/500 2131/133/500 2132/118/500 2139/159/500
f 2133/142/733 2114/143/733 2124/144/733 2140/167/733
f 2140/167/734 2124/144/734 2125/168/734 2141/169/734
f 2141/169/735 2125/168/735 2126/155/735 2142/154/735
f 2122/148/736 2141/169/736 2142/154/736 2121/170/736
f 2123/171/737 2140/167/737 2141/169/737 2122/148/737
f 2113/151/738 2133/142/738 2140/167/738 2123/171/738
f 2128/138/500 2138/141/500 2139/159/500 2127/124/500
f 2129/136/500 2137/166/500 2138/141/500 2128/138/500
f 2119/165/500 2135/116/500 2137/166/500 2129/136/500
f 2117/161/499 2136/120/499 2133/122/499 2113/172/499
f 2127/124/500 2139/159/500 2136/120/500 2117/161/500
f 2115/153/517 2134/157/517 2135/116/517 2119/165/517
f 2121/170/739 2142/154/739 2134/157/739 2115/153/739
f 2160/114/517 2146/113/517 2150/115/517 2161/116/517
f 2164/117/520 2158/118/520 2148/119/520 2162/120/520
f 2162/120/776 2148/119/776 2144/121/776 2159/122/776
f 2152/123/777 2155/124/777 2147/125/777 2143/126/777
f 2158/118/778 2153/127/778 2144/128/778 2148/119/778
f 2149/135/779 2156/138/779 2151/139/779 2145/134/779
f 2157/133/780 2154/132/780 2153/127/780 2158/118/780
f 2149/135/520 2161/116/520 2163/141/520 2156/138/520
f 2151/139/781 2156/138/781 2155/124/781 2152/123/781
f 2166/147/782 2154/146/782 2146/113/782 2160/114/782
f 2163/141/520 2157/133/520 2158/118/520 2164/117/520
f 2159/142/783 2144/143/783 2153/144/783 2165/145/783
f 2165/145/784 2153/144/784 2154/146/784 2166/147/784
f 2150/115/785 2157/133/785 2163/141/785 2161/116/785
f 2152/150/786 2165/145/786 2166/147/786 2151/148/786
f 2143/151/787 2159/142/787 2165/145/787 2152/150/787
f 2156/138/520 2163/141/520 2164/117/520 2155/124/520
f 2166/147/788 2160/114/788 2145/153/788 2151/148/788
f 2147/125/499 2162/120/499 2159/122/499 2143/152/499
f 2155/124/520 2164/117/520 2162/120/520 2147/125/520
f 2145/153/517 2160/114/517 2161/116/517 2149/135/517
f 2146/129/789 2154/132/789 2157/133/789 2150/115/789
f 2196/111/552 2180/112/552 2170/113/552 2188/114/552
f 2188/114/499 2170/113/499 2174/115/499 2189/116/499
f 2193/117/500 2186/118/500 2172/119/500 2190/120/500
f 2190/120/553 2172/119/553 2168/121/553 2187/122/553
f 2177/123/554 2181/124/554 2171/125/554 2167/126/554
f 2186/118/555 2178/127/555 2168/128/555 2172/119/555
f 2174/115/556 2170/129/556 2180/130/556 2184/131/556
f 2184/131/557 2180/130/557 2179/132/557 2185/133/557
f 2185/133/558 2179/132/558 2178/127/558 2186/118/558
f 2169/134/559 2173/135/559 2183/136/559 2175/137/559
f 2175/137/560 2183/136/560 2182/138/560 2176/139/560
f 2176/139/561 2182/138/561 2181/124/561 2177/123/561
f 2189/116/562 2174/115/562 2184/131/562 2191/140/562
f 2191/140/500 2184/131/500 2185/133/500 2192/141/500
f 2192/141/500 2185/133/500 2186/118/500 2193/117/500
f 2187/142/563 2168/143/563 2178/144/563 2194/145/563
f 2194/145/564 2178/144/564 2179/146/564 2195/147/564
f 2195/147/565 2179/146/565 2180/112/565 2196/111/565
f 2176/148/566 2195/147/566 2196/111/566 2175/149/566
f 2177/150/567 2194/145/567 2195/147/567 2176/148/567
f 2167/151/568 2187/142/568 2194/145/568 2177/150/568
f 2182/138/500 2192/141/500 2193/117/500 2181/124/500
f 2183/136/500 2191/140/500 2192/141/500 2182/138/500
f 2173/135/500 2189/116/500 2191/140/500 2183/136/500
f 2171/125/517 2190/120/517 2187/122/517 2167/152/517
f 2181/124/500 2193/117/500 2190/120/500 2171/125/500
f 2169/153/499 2188/114/499 2189/116/499 2173/135/499
f 2175/149/569 2196/111/569 2188/114/569 2169/153/569
f 2226/111/808 2210/112/808 2200/113/808 2218/114/808
f 2218/114/499 2200/113/499 2204/115/499 2219/116/499
f 2223/117/520 2216/118/520 2202/119/520 2220/120/520
f 2220/120/809 2202/119/809 2198/121/809 2217/122/809
f 2207/123/810 2211/124/810 2201/125/810 2197/126/810
f 2216/118/811 2208/127/811 2198/128/811 2202/119/811
f 2204/115/812 2200/129/812 2210/130/812 2214/131/812
f 2214/131/813 2210/130/813 2209/132/813 2215/133/813
f 2215/133/814 2209/132/814 2208/127/814 2216/118/814
f 2199/134/815 2203/135/815 2213/136/815 2205/137/815
f 2205/137/816 2213/136/816 2212/138/816 2206/139/816
f 2206/139/817 2212/138/817 2211/124/817 2207/123/817
f 2219/116/818 2204/115/818 2214/131/818 2221/140/818
f 2221/140/520 2214/131/520 2215/133/520 2222/141/520
f 2222/141/520 2215/133/520 2216/118/520 2223/117/520
f 2217/142/819 2198/143/819 2208/144/819 2224/145/819
f 2224/145/820 2208/144/820 2209/146/820 2225/147/820
f 2225/147/821 2209/146/821 2210/112/821 2226/111/821
f 2206/148/822 2225/147/822 2226/111/822 2205/149/822
f 2207/150/823 2224/145/823 2225/147/823 2206/148/823
f 2197/151/824 2217/142/824 2224/145/824 2207/150/824
f 2212/138/520 2222/141/520 2223/117/520 2211/124/520
f 2213/136/520 2221/140/520 2222/141/520 2212/138/520
f 2203/135/520 2219/116/520 2221/140/520 2213/136/520
f 2201/125/517 2220/120/517 2217/122/517 2197/152/517
f 2211/124/520 2223/117/520 2220/120/520 2201/125/520
f 2199/153/499 2218/114/499 2219/116/499 2203/135/499
f 2205/149/825 2226/111/825 2218/114/825 2199/153/825
f 2244/114/499 2230/113/499 2234/115/499 2245/116/499
f 2248/117/520 2242/118/520 2232/119/520 2246/120/520
f 2246/120/826 2232/119/826 2228/121/826 2243/122/826
f 2236/123/827 2239/124/827 2231/125/827 2227/126/827
f 2242/118/828 2237/127/828 2228/128/828 2232/119/828
f 2233/135/829 2240/138/829 2235/139/829 2229/134/829
f 2241/133/830 2238/132/830 2237/127/830 2242/118/830
f 2233/135/520 2245/116/520 2247/141/520 2240/138/520
f 2235/139/831 2240/138/831 2239/124/831 2236/123/831
f 2250/147/832 2238/146/832 2230/113/832 2244/114/832
f 2247/141/520 2241/133/520 2242/118/520 2248/117/520
f 2243/142/833 2228/143/833 2237/144/833 2249/145/833
f 2249/145/834 2237/144/834 2238/146/834 2250/147/834
f 2234/115/835 2241/133/835 2247/141/835 2245/116/835
f 2236/150/836 2249/145/836 2250/147/836 2235/148/836
f 2227/151/837 2243/142/837 2249/145/837 2236/150/837
f 2240/138/520 2247/141/520 2248/117/520 2239/124/520
f 2250/147/838 2244/114/838 2229/153/838 2235/148/838
f 2231/125/517 2246/120/517 2243/122/517 2227/152/517
f 2239/124/520 2248/117/520 2246/120/520 2231/125/520
f 2229/153/499 2244/114/499 2245/116/499 2233/135/499
f 2230/129/839 2238/132/839 2241/133/839 2234/115/839
f 2280/154/570 2264/155/570 2254/156/570 2272/157/570
f 2272/157/499 2254/156/499 2258/158/499 2273/116/499
f 2277/159/500 2270/118/500 2256/119/500 2274/120/500
f 2274/120/571 2256/119/571 2252/121/571 2271/122/571
f 2261/160/572 2265/124/572 2255/161/572 2251/126/572
f 2270/118/573 2262/127/573 2252/128/573 2256/119/573
f 2258/158/574 2254/162/574 2264/130/574 2268/163/574
f 2268/163/575 2264/130/575 2263/164/575 2269/133/575
f 2269/133/576 2263/164/576 2262/127/576 2270/118/576
f 2253/134/577 2257/165/577 2267/136/577 2259/137/577
f 2259/137/578 2267/136/578 2266/138/578 2260/139/578
f 2260/139/579 2266/138/579 2265/124/579 2261/160/579
f 2273/116/580 2258/158/580 2268/163/580 2275/166/580
f 2275/166/500 2268/163/500 2269/133/500 2276/141/500
f 2276/141/500 2269/133/500 2270/118/500 2277/159/500
f 2271/142/581 2252/143/581 2262/144/581 2278/167/581
f 2278/167/582 2262/144/582 2263/168/582 2279/169/582
f 2279/169/583 2263/168/583 2264/155/583 2280/154/583
f 2260/148/584 2279/169/584 2280/154/584 2259/170/584
f 2261/171/585 2278/167/585 2279/169/585 2260/148/585
f 2251/151/586 2271/142/586 2278/167/586 2261/171/586
f 2266/138/500 2276/141/500 2277/159/500 2265/124/500
f 2267/136/500 2275/166/500 2276/141/500 2266/138/500
f 2257/165/500 2273/116/500 2275/166/500 2267/136/500
f 2255/161/517 2274/120/517 2271/122/517 2251/172/517
f 2265/124/500 2277/159/500 2274/120/500 2255/161/500
f 2253/153/499 2272/157/499 2273/116/499 2257/165/499
f 2259/170/587 2280/154/587 2272/157/587 2253/153/587
f 2310/154/840 2294/155/840 2284/156/840 2302/157/840
f 2302/157/517 2284/156/517 2288/158/517 2303/116/517
f 2307/159/520 2300/118/520 2286/119/520 2304/120/520
f 2304/120/841 2286/119/841 2282/121/841 2301/122/841
f 2291/160/842 2295/124/842 2285/161/842 2281/126/842
f 2300/118/843 2292/127/843 2282/128/843 2286/119/843
f 2288/158/844 2284/162/844 2294/130/844 2298/163/844
f 2298/163/845 2294/130/845 2293/164/845 2299/133/845
f 2299/133/846 2293/164/846 2292/127/846 2300/118/846
f 2283/134/847 2287/165/847 2297/136/847 2289/137/847
f 2289/137/848 2297/136/848 2296/138/848 2290/139/848
f 2290/139/849 2296/138/849 2295/124/849 2291/160/849
f 2303/116/850 2288/158/850 2298/163/850 2305/166/850
f 2305/166/520 2298/163/520 2299/133/520 2306/141/520
f 2306/141/520 2299/133/520 2300/118/520 2307/159/520
f 2301/142/851 2282/143/851 2292/144/851 2308/167/851
f 2308/167/852 2292/144/852 2293/168/852 2309/169/852
f 2309/169/853 2293/168/853 2294/155/853 2310/154/853
f 2290/148/854 2309/169/854 2310/154/854 2289/170/854
f 2291/171/855 2308/167/855 2309/169/855 2290/148/855
f 2281/151/856 2301/142/856 2308/167/856 2291/171/856
f 2296/138/520 2306/141/520 2307/159/520 2295/124/520
f 2297/136/520 2305/166/520 2306/141/520 2296/138/520
f 2287/165/520 2303/116/520 2305/166/520 2297/136/520
f 2285/161/499 2304/120/499 2301/122/499 2281/172/499
f 2295/124/520 2307/159/520 2304/120/520 2285/161/520
f 2283/153/517 2302/157/517 2303/116/517 2287/165/517
f 2289/170/857 2310/154/857 2302/157/857 2283/153/857
f 2328/114/517 2314/113/517 2318/115/517 2329/116/517
f 2332/117/520 2326/118/520 2316/119/520 2330/120/520
f 2330/120/858 2316/119/858 2312/121/858 2327/122/858
f 2320/123/859 2323/124/859 2315/125/859 2311/126/859
f 2326/118/860 2321/127/860 2312/128/860 2316/119/860
f 2317/135/861 2324/138/861 2319/139/861 2313/134/861
f 2325/133/862 2322/132/862 2321/127/862 2326/118/862
f 2317/135/520 2329/116/520 2331/141/520 2324/138/520
f 2319/139/863 2324/138/863 2323/124/863 2320/123/863
f 2334/147/864 2322/146/864 2314/113/864 2328/114/864
f 2331/141/520 2325/133/520 2326/118/520 2332/117/520
f 2327/142/865 2312/143/865 2321/144/865 2333/145/865
f 2333/145/866 2321/144/866 2322/146/866 2334/147/866
f 2318/115/867 2325/133/867 2331/141/867 2329/116/867
f 2320/150/868 2333/145/868 2334/147/868 2319/148/868
f 2311/151/869 2327/142/869 2333/145/869 2320/150/869
f 2324/138/520 2331/141/520 2332/117/520 2323/124/520
f 2334/147/870 2328/114/870 2313/153/870 2319/148/870
f 2315/125/499 2330/120/499 2327/122/499 2311/152/499
f 2323/124/520 2332/117/520 2330/120/520 2315/125/520
f 2313/153/517 2328/114/517 2329/116/517 2317/135/517
f 2314/129/871 2322/132/871 2325/133/871 2318/115/871
f 2352/114/517 2338/113/517 2342/115/517 2353/116/517
f 2356/117/500 2350/118/500 2340/119/500 2354/120/500
f 2354/120/872 2340/119/872 2336/121/872 2351/122/872
f 2344/123/873 2347/124/873 2339/125/873 2335/126/873
f 2350/118/874 2345/127/874 2336/128/874 2340/119/874
f 2341/135/875 2348/138/875 2343/139/875 2337/134/875
f 2349/133/876 2346/132/876 2345/127/876 2350/118/876
f 2341/135/500 2353/116/500 2355/141/500 2348/138/500
f 2343/139/877 2348/138/877 2347/124/877 2344/123/877
f 2358/147/878 2346/146/878 2338/113/878 2352/114/878
f 2355/141/500 2349/133/500 2350/118/500 2356/117/500
f 2351/142/879 2336/143/879 2345/144/879 2357/145/879
f 2357/145/880 2345/144/880 2346/146/880 2358/147/880
f 2342/115/881 2349/133/881 2355/141/881 2353/116/881
f 2344/150/882 2357/145/882 2358/147/882 2343/148/882
f 2335/151/883 2351/142/883 2357/145/883 2344/150/883
f 2348/138/500 2355/141/500 2356/117/500 2347/124/500
f 2358/147/884 2352/114/884 2337/153/884 2343/148/884
f 2339/125/499 2354/120/499 2351/122/499 2335/152/499
f 2347/124/500 2356/117/500 2354/120/500 2339/125/500
f 2337/153/517 2352/114/517 2353/116/517 2341/135/517
f 2338/129/885 2346/132/885 2349/133/885 2342/115/885
f 2388/111/686 2372/112/686 2362/113/686 2380/114/686
f 2380/114/499 2362/113/499 2366/115/499 2381/116/499
f 2385/117/500 2378/118/500 2364/119/500 2382/120/500
f 2382/120/687 2364/119/687 2360/121/687 2379/122/687
f 2369/123/688 2373/124/688 2363/125/688 2359/126/688
f 2378/118/689 2370/127/689 2360/128/689 2364/119/689
f 2366/115/690 2362/129/690 2372/130/690 2376/131/690
f 2376/131/691 2372/130/691 2371/132/691 2377/133/691
f 2377/133/692 2371/132/692 2370/127/692 2378/118/692
f 2361/134/693 2365/135/693 2375/136/693 2367/137/693
f 2367/137/694 2375/136/694 2374/138/694 2368/139/694
f 2368/139/695 2374/138/695 2373/124/695 2369/123/695
f 2381/116/696 2366/115/696 2376/131/696 2383/140/696
f 2383/140/500 2376/131/500 2377/133/500 2384/141/500
f 2384/141/500 2377/133/500 2378/118/500 2385/117/500
f 2379/142/697 2360/143/697 2370/144/697 2386/145/697
f 2386/145/698 2370/144/698 2371/146/698 2387/147/698
f 2387/147/699 2371/146/699 2372/112/699 2388/111/699
f 2368/148/700 2387/147/700 2388/111/700 2367/149/700
f 2369/150/701 2386/145/701 2387/147/701 2368/148/701
f 2359/151/702 2379/142/702 2386/145/702 2369/150/702
f 2374/138/500 2384/141/500 2385/117/500 2373/124/500
f 2375/136/500 2383/140/500 2384/141/500 2374/138/500
f 2365/135/500 2381/116/500 2383/140/500 2375/136/500
f 2363/125/517 2382/120/517 2379/122/517 2359/152/517
f 2373/124/500 2385/117/500 2382/120/500 2363/125/500
f 2361/153/499 2380/114/499 2381/116/499 2365/135/499
f 2367/149/703 2388/111/703 2380/114/703 2361/153/703
f 2418/154/722 2402/155/722 2392/156/722 2410/157/722
f 2410/157/517 2392/156/517 2396/158/517 2411/116/517
f 2415/159/500 2408/118/500 2394/119/500 2412/120/500
f 2412/120/723 2394/119/723 2390/121/723 2409/122/723
f 2399/160/724 2403/124/724 2393/161/724 2389/126/724
f 2408/118/725 2400/127/725 2390/128/725 2394/119/725
f 2396/158/726 2392/162/726 2402/130/726 2406/163/726
f 2406/163/727 2402/130/727 2401/164/727 2407/133/727
f 2407/133/728 2401/164/728 2400/127/728 2408/118/728
f 2391/134/729 2395/165/729 2405/136/729 2397/137/729
f 2397/137/730 2405/136/730 2404/138/730 2398/139/730
f 2398/139/731 2404/138/731 2403/124/731 2399/160/731
f 2411/116/732 2396/158/732 2406/163/732 2413/166/732
f 2413/166/500 2406/163/500 2407/133/500 2414/141/500
f 2414/141/500 2407/133/500 2408/118/500 2415/159/500
f 2409/142/733 2390/143/733 2400/144/733 2416/167/733
f 2416/167/734 2400/144/734 2401/168/734 2417/169/734
f 2417/169/735 2401/168/735 2402/155/735 2418/154/735
f 2398/148/736 2417/169/736 2418/154/736 2397/170/736
f 2399/171/737 2416/167/737 2417/169/737 2398/148/737
f 2389/151/738 2409/142/738 2416/167/738 2399/171/738
f 2404/138/500 2414/141/500 2415/159/500 2403/124/500
f 2405/136/500 2413/166/500 2414/141/500 2404/138/500
f 2395/165/500 2411/116/500 2413/166/500 2405/136/500
f 2393/161/499 2412/120/499 2409/122/499 2389/172/499
f 2403/124/500 2415/159/500 2412/120/500 2393/161/500
f 2391/153/517 2410/157/517 2411/116/517 2395/165/517
f 2397/170/739 2418/154/739 2410/157/739 2391/153/739
f 2436/114/499 2422/113/499 2426/115/499 2437/116/499
f 2440/117/520 2434/118/520 2424/119/520 2438/120/520
f 2438/120/588 2424/119/588 2420/121/588 2435/122/588
f 2428/123/589 2431/124/589 2423/125/589 2419/126/589
f 2434/118/590 2429/127/590 2420/128/590 2424/119/590
f 2425/135/591 2432/138/591 2427/139/591 2421/134/591
f 2433/133/592 2430/132/592 2429/127/592 2434/118/592
f 2425/135/520 2437/116/520 2439/141/520 2432/138/520
f 2427/139/593 2432/138/593 2431/124/593 2428/123/593
f 2442/147/594 2430/146/594 2422/113/594 2436/114/594
f 2439/141/520 2433/133/520 2434/118/520 2440/117/520
f 2435/142/595 2420/143/595 2429/144/595 2441/145/595
f 2441/145/596 2429/144/596 2430/146/596 2442/147/596
f 2426/115/597 2433/133/597 2439/141/597 2437/116/597
f 2428/150/598 2441/145/598 2442/147/598 2427/148/598
f 2419/151/599 2435/142/599 2441/145/599 2428/150/599
f 2432/138/520 2439/141/520 2440/117/520 2431/124/520
f 2442/147/600 2436/114/600 2421/153/600 2427/148/600
f 2423/125/517 2438/120/517 2435/122/517 2419/152/517
f 2431/124/520 2440/117/520 2438/120/520 2423/125/520
f 2421/153/499 2436/114/499 2437/116/499 2425/135/499
f 2422/129/601 2430/132/601 2433/133/601 2426/115/601
f 2472/154/653 2456/155/653 2446/156/653 2464/157/653
f 2464/157/517 2446/156/517 2450/158/517 2465/116/517
f 2469/159/520 2462/118/520 2448/119/520 2466/120/520
f 2466/120/654 2448/119/654 2444/121/654 2463/122/654
f 2453/160/655 2457/124/655 2447/161/655 2443/126/655
f 2462/118/656 2454/127/656 2444/128/656 2448/119/656
f 2450/158/657 2446/162/657 2456/130/657 2460/163/657
f 2460/163/658 2456/130/658 2455/164/658 2461/133/658
f 2461/133/659 2455/164/659 2454/127/659 2462/118/659
f 2445/134/660 2449/165/660 2459/136/660 2451/137/660
f 2451/137/661 2459/136/661 2458/138/661 2452/139/661
f 2452/139/662 2458/138/662 2457/124/662 2453/160/662
f 2465/116/663 2450/158/663 2460/163/663 2467/166/663
f 2467/166/520 2460/163/520 2461/133/520 2468/141/520
f 2468/141/520 2461/133/520 2462/118/520 2469/159/520
f 2463/142/664 2444/143/664 2454/144/664 2470/167/664
f 2470/167/665 2454/144/665 2455/168/665 2471/169/665
f 2471/169/666 2455/168/666 2456/155/666 2472/154/666
f 2452/148/667 2471/169/667 2472/154/667 2451/170/667
f 2453/171/668 2470/167/668 2471/169/668 2452/148/668
f 2443/151/669 2463/142/669 2470/167/669 2453/171/669
f 2458/138/520 2468/141/520 2469/159/520 2457/124/520
f 2459/136/520 2467/166/520 2468/141/520 2458/138/520
f 2449/165/520 2465/116/520 2467/166/520 2459/136/520
f 2447/161/499 2466/120/499 2463/122/499 2443/172/499
f 2457/124/520 2469/159/520 2466/120/520 2447/161/520
f 2445/153/517 2464/157/517 2465/116/517 2449/165/517
f 2451/170/670 2472/154/670 2464/157/670 2445/153/670
f 2490/114/499 2476/113/499 2480/115/499 2491/116/499
f 2494/117/520 2488/118/520 2478/119/520 2492/120/520
f 2492/120/588 2478/119/588 2474/121/588 2489/122/588
f 2482/123/589 2485/124/589 2477/125/589 2473/126/589
f 2488/118/590 2483/127/590 2474/128/590 2478/119/590
f 2479/135/591 2486/138/591 2481/139/591 2475/134/591
f 2487/133/592 2484/132/592 2483/127/592 2488/118/592
f 2479/135/520 2491/116/520 2493/141/520 2486/138/520
f 2481/139/593 2486/138/593 2485/124/593 2482/123/593
f 2496/147/594 2484/146/594 2476/113/594 2490/114/594
f 2493/141/520 2487/133/520 2488/118/520 2494/117/520
f 2489/142/595 2474/143/595 2483/144/595 2495/145/595
f 2495/145/596 2483/144/596 2484/146/596 2496/147/596
f 2480/115/597 2487/133/597 2493/141/597 2491/116/597
f 2482/150/598 2495/145/598 2496/147/598 2481/148/598
f 2473/151/599 2489/142/599 2495/145/599 2482/150/599
f 2486/138/520 2493/141/520 2494/117/520 2485/124/520
f 2496/147/600 2490/114/600 2475/153/600 2481/148/600
f 2477/125/517 2492/120/517 2489/122/517 2473/152/517
f 2485/124/520 2494/117/520 2492/120/520 2477/125/520
f 2475/153/499 2490/114/499 2491/116/499 2479/135/499
f 2476/129/601 2484/132/601 2487/133/601 2480/115/601
f 2526/154/840 2510/155/840 2500/156/840 2518/157/840
f 2518/157/517 2500/156/517 2504/158/517 2519/116/517
f 2523/159/520 2516/118/520 2502/119/520 2520/120/520
f 2520/120/841 2502/119/841 2498/121/841 2517/122/841
f 2507/160/842 2511/124/842 2501/161/842 2497/126/842
f 2516/118/843 2508/127/843 2498/128/843 2502/119/843
f 2504/158/844 2500/162/844 2510/130/844 2514/163/844
f 2514/163/845 2510/130/845 2509/164/845 2515/133/845
f 2515/133/846 2509/164/846 2508/127/846 2516/118/846
f 2499/134/847 2503/165/847 2513/136/847 2505/137/847
f 2505/137/848 2513/136/848 2512/138/848 2506/139/848
f 2506/139/849 2512/138/849 2511/124/849 2507/160/849
f 2519/116/850 2504/158/850 2514/163/850 2521/166/850
f 2521/166/520 2514/163/520 2515/133/520 2522/141/520
f 2522/141/520 2515/133/520 2516/118/520 2523/159/520
f 2517/142/851 2498/143/851 2508/144/851 2524/167/851
f 2524/167/852 2508/144/852 2509/168/852 2525/169/852
f 2525/169/853 2509/168/853 2510/155/853 2526/154/853
f 2506/148/854 2525/169/854 2526/154/854 2505/170/854
f 2507/171/855 2524/167/855 2525/169/855 2506/148/855
f 2497/151/856 2517/142/856 2524/167/856 2507/171/856
f 2512/138/520 2522/141/520 2523/159/520 2511/124/520
f 2513/136/520 2521/166/520 2522/141/520 2512/138/520
f 2503/165/520 2519/116/520 2521/166/520 2513/136/520
f 2501/161/499 2520/120/499 2517/122/499 2497/172/499
f 2511/124/520 2523/159/520 2520/120/520 2501/161/520
f 2499/153/517 2518/157/517 2519/116/517 2503/165/517
f 2505/170/857 2526/154/857 2518/157/857 2499/153/857
f 2556/111/886 2540/112/886 2530/113/886 2548/114/886
f 2548/114/517 2530/113/517 2534/115/517 2549/116/517
f 2553/117/500 2546/118/500 2532/119/500 2550/120/500
f 2550/120/887 2532/119/887 2528/121/887 2547/122/887
f 2537/123/888 2541/124/888 2531/125/888 2527/126/888
f 2546/118/889 2538/127/889 2528/128/889 2532/119/889
f 2534/115/890 2530/129/890 2540/130/890 2544/131/890
f 2544/131/891 2540/130/891 2539/132/891 2545/133/891
f 2545/133/892 2539/132/892 2538/127/892 2546/118/892
f 2529/134/893 2533/135/893 2543/136/893 2535/137/893
f 2535/137/894 2543/136/894 2542/138/894 2536/139/894
f 2536/139/895 2542/138/895 2541/124/895 2537/123/895
f 2549/116/896 2534/115/896 2544/131/896 2551/140/896
f 2551/140/500 2544/131/500 2545/133/500 2552/141/500
f 2552/141/500 2545/133/500 2546/118/500 2553/117/500
f 2547/142/897 2528/143/897 2538/144/897 2554/145/897
f 2554/145/898 2538/144/898 2539/146/898 2555/147/898
f 2555/147/899 2539/146/899 2540/112/899 2556/111/899
f 2536/148/900 2555/147/900 2556/111/900 2535/149/900
f 2537/150/901 2554/145/901 2555/147/901 2536/148/901
f 2527/151/902 2547/142/902 2554/145/902 2537/150/902
f 2542/138/500 2552/141/500 2553/117/500 2541/124/500
f 2543/136/500 2551/140/500 2552/141/500 2542/138/500
f 2533/135/500 2549/116/500 2551/140/500 2543/136/500
f 2531/125/499 2550/120/499 2547/122/499 2527/152/499
f 2541/124/500 2553/117/500 2550/120/500 2531/125/500
f 2529/153/517 2548/114/517 2549/116/517 2533/135/517
f 2535/149/903 2556/111/903 2548/114/903 2529/153/903
f 2586/111/602 2570/112/602 2560/113/602 2578/114/602
f 2578/114/517 2560/113/517 2564/115/517 2579/116/517
f 2583/117/500 2576/118/500 2562/119/500 2580/120/500
f 2580/120/603 2562/119/603 2558/121/603 2577/122/603
f 2567/123/604 2571/124/604 2561/125/604 2557/126/604
f 2576/118/605 2568/127/605 2558/128/605 2562/119/605
f 2564/115/606 2560/129/606 2570/130/606 2574/131/606
f 2574/131/607 2570/130/607 2569/132/607 2575/133/607
f 2575/133/608 2569/132/608 2568/127/608 2576/118/608
f 2559/134/609 2563/135/609 2573/136/609 2565/137/609
f 2565/137/610 2573/136/610 2572/138/610 2566/139/610
f 2566/139/611 2572/138/611 2571/124/611 2567/123/611
f 2579/116/612 2564/115/612 2574/131/612 2581/140/612
f 2581/140/500 2574/131/500 2575/133/500 2582/141/500
f 2582/141/500 2575/133/500 2576/118/500 2583/117/500
f 2577/142/613 2558/143/613 2568/144/613 2584/145/613
f 2584/145/614 2568/144/614 2569/146/614 2585/147/614
f 2585/147/615 2569/146/615 2570/112/615 2586/111/615
f 2566/148/616 2585/147/616 2586/111/616 2565/149/616
f 2567/150/617 2584/145/617 2585/147/617 2566/148/617
f 2557/151/618 2577/142/618 2584/145/618 2567/150/618
f 2572/138/500 2582/141/500 2583/117/500 2571/124/500
f 2573/136/500 2581/140/500 2582/141/500 2572/138/500
f 2563/135/500 2579/116/500 2581/140/500 2573/136/500
f 2561/125/499 2580/120/499 2577/122/499 2557/152/499
f 2571/124/500 2583/117/500 2580/120/500 2561/125/500
f 2559/153/517 2578/114/517 2579/116/517 2563/135/517
f 2565/149/619 2586/111/619 2578/114/619 2559/153/619
f 2616/154/904 2600/155/904 2590/156/904 2608/157/904
f 2608/157/517 2590/156/517 2594/158/517 2609/116/517
f 2613/159/520 2606/118/520 2592/119/520 2610/120/520
f 2610/120/905 2592/119/905 2588/121/905 2607/122/905
f 2597/160/906 2601/124/906 2591/161/906 2587/126/906
f 2606/118/907 2598/127/907 2588/128/907 2592/119/907
f 2594/158/908 2590/162/908 2600/130/908 2604/163/908
f 2604/163/909 2600/130/909 2599/164/909 2605/133/909
f 2605/133/910 2599/164/910 2598/127/910 2606/118/910
f 2589/134/911 2593/165/911 2603/136/911 2595/137/911
f 2595/137/912 2603/136/912 2602/138/912 2596/139/912
f 2596/139/913 2602/138/913 2601/124/913 2597/160/913
f 2609/116/914 2594/158/914 2604/163/914 2611/166/914
f 2611/166/520 2604/163/520 2605/133/520 2612/141/520
f 2612/141/520 2605/133/520 2606/118/520 2613/159/520
f 2607/142/915 2588/143/915 2598/144/915 2614/167/915
f 2614/167/916 2598/144/916 2599/168/916 2615/169/916
f 2615/169/917 2599/168/917 2600/155/917 2616/154/917
f 2596/148/918 2615/169/918 2616/154/918 2595/170/918
f 2597/171/919 2614/167/919 2615/169/919 2596/148/919
f 2587/151/920 2607/142/920 2614/167/920 2597/171/920
f 2602/138/520 2612/141/520 2613/159/520 2601/124/520
f 2603/136/520 2611/166/520 2612/141/520 2602/138/520
f 2593/165/520 2609/116/520 2611/166/520 2603/136/520
f 2591/161/499 2610/120/499 2607/122/499 2587/172/499
f 2601/124/520 2613/159/520 2610/120/520 2591/161/520
f 2589/153/517 2608/157/517 2609/116/517 2593/165/517
f 2595/170/921 2616/154/921 2608/157/921 2589/153/921
o M_Brickwall_T3
v -4.458151 0.348199 4.315191
v -4.424647 0.603100 4.336986
v -4.458151 0.342667 4.728974
v -4.458151 0.581742 4.728974
v -4.713052 0.348199 4.315191
v -4.713052 0.619539 4.315191
v -4.713052 0.348199 4.728974
v -4.690531 0.603100 4.728974
v -4.458151 0.333361 4.605381
v -4.458151 0.339392 4.522083
v -4.458151 0.343795 4.511215
v -4.428527 0.603100 4.444782
v -4.448173 0.595986 4.564214
v -4.452096 0.603100 4.620272
v -4.713052 0.348199 4.511215
v -4.713052 0.348199 4.522083
v -4.713052 0.348199 4.532950
v -4.713052 0.603500 4.713982
v -4.713052 0.607859 4.564214
v -4.713052 0.614883 4.453063
v -4.441007 0.475649 4.315191
v -4.458151 0.466842 4.728974
v -4.713052 0.475649 4.728974
v -4.713052 0.483869 4.315191
v -4.713052 0.477704 4.532950
v -4.713052 0.479759 4.522083
v -4.713052 0.481814 4.511215
v -4.448237 0.475096 4.364452
v -4.453336 0.472614 4.479266
v -4.453756 0.472329 4.483541
v -4.697391 0.643901 4.502169
v -4.663843 0.898802 4.480374
v -4.697391 0.638369 4.088386
v -4.697391 0.877444 4.088386
v -4.442490 0.643901 4.502169
v -4.442490 0.915241 4.502169
v -4.442490 0.643901 4.088386
v -4.465011 0.898802 4.088386
v -4.697391 0.629064 4.211980
v -4.697391 0.635094 4.295278
v -4.697391 0.639498 4.306145
v -4.659963 0.898802 4.372579
v -4.683530 0.893342 4.253146
v -4.703445 0.898802 4.197089
v -4.442490 0.643901 4.306145
v -4.442490 0.643901 4.295278
v -4.442490 0.643901 4.284410
v -4.442490 0.899202 4.103379
v -4.442490 0.903561 4.253146
v -4.442490 0.910586 4.364297
v -4.714534 0.771352 4.502169
v -4.697391 0.762545 4.088386
v -4.442490 0.771352 4.088386
v -4.442490 0.779571 4.502169
v -4.442490 0.773407 4.284410
v -4.442490 0.775461 4.295278
v -4.442490 0.777516 4.306145
v -4.707304 0.770798 4.452908
v -4.699434 0.765018 4.196320
v -4.698118 0.763453 4.129027
v -4.718524 1.199199 4.288458
v -4.752028 0.944299 4.310253
v -4.718524 1.204731 4.702241
v -4.718524 0.965656 4.702241
v -4.463623 1.199199 4.288458
v -4.463623 0.927859 4.288458
v -4.463623 1.199199 4.702241
v -4.486144 0.944299 4.702241
v -4.718524 1.208006 4.495349
v -4.718524 1.203603 4.484482
v -4.748147 0.944299 4.418048
v -4.728502 0.951412 4.537481
v -4.463623 1.199199 4.484482
v -4.463623 1.199199 4.495349
v -4.463623 0.939539 4.537481
v -4.463623 0.932515 4.426330
v -4.735668 1.071749 4.288458
v -4.718524 1.080556 4.702241
v -4.463623 1.071749 4.702241
v -4.463623 1.063529 4.288458
v -4.463623 1.067639 4.495349
v -4.463623 1.065584 4.484482
v -4.728438 1.072302 4.337719
v -4.723339 1.074785 4.452533
v -4.458151 0.942887 3.780989
v -4.424647 1.197788 3.806613
v -4.458151 0.937355 4.267467
v -4.458151 1.176430 4.267467
v -4.713052 0.942887 3.780989
v -4.713052 1.214227 3.780989
v -4.713052 0.942887 4.267467
v -4.690531 1.197788 4.267467
v -4.458151 0.928050 4.122160
v -4.458151 0.934080 4.024228
v -4.458151 0.938484 4.011451
v -4.428527 1.197788 3.933347
v -4.448173 1.190674 4.073761
v -4.452096 1.197788 4.139667
v -4.713052 0.942887 4.011451
v -4.713052 0.942887 4.024228
v -4.713052 0.942887 4.037004
v -4.713052 1.198188 4.249839
v -4.713052 1.202547 4.073761
v -4.713052 1.209571 3.943082
v -4.441007 1.070337 3.780989
v -4.458151 1.061530 4.267467
v -4.713052 1.070337 4.267467
v -4.713052 1.078557 3.780989
v -4.713052 1.072392 4.037004
v -4.713052 1.074447 4.024228
v -4.713052 1.076502 4.011451
v -4.448237 1.069784 3.838904
v -4.453336 1.067302 3.973889
v -4.453756 1.067017 3.978916
v -4.444309 0.336776 3.701768
v -4.477857 0.591677 3.731938
v -4.444309 0.331244 4.274537
v -4.444309 0.570319 4.274537
v -4.699210 0.336776 3.701768
v -4.699210 0.608116 3.701768
v -4.699210 0.336776 4.274537
v -4.676689 0.591677 4.274537
v -4.444309 0.321939 4.103456
v -4.444309 0.327969 3.988153
v -4.444309 0.332373 3.973110
v -4.481736 0.591677 3.881151
v -4.458170 0.586217 4.046472
v -4.438254 0.591677 4.124068
v -4.699210 0.336776 3.973110
v -4.699210 0.336776 3.988153
v -4.699210 0.336776 4.003196
v -4.699210 0.592077 4.253783
v -4.699210 0.596436 4.046472
v -4.699210 0.603460 3.892614
v -4.427166 0.464226 3.701768
v -4.444309 0.455419 4.274537
v -4.699210 0.464226 4.274537
v -4.699210 0.472446 3.701768
v -4.699210 0.466281 4.003196
v -4.699210 0.468336 3.988153
v -4.699210 0.470391 3.973110
v -4.434395 0.463673 3.769957
v -4.442266 0.457893 4.125132
v -4.443582 0.456328 4.218280
v -4.718524 0.897943 3.387971
v -4.752028 0.643042 3.423227
v -4.718524 0.903475 4.057321
v -4.718524 0.664400 4.057321
v -4.463623 0.897943 3.387971
v -4.463623 0.626603 3.387971
v -4.463623 0.897943 4.057321
v -4.486144 0.643042 4.057321
v -4.718524 0.906750 3.722646
v -4.718524 0.902346 3.705067
v -4.748147 0.643042 3.597601
v -4.728502 0.650155 3.790799
v -4.463623 0.897943 3.705067
v -4.463623 0.897943 3.722646
v -4.463623 0.638283 3.790799
v -4.463623 0.631258 3.610997
v -4.735668 0.770493 3.387971
v -4.718524 0.779299 4.057321
v -4.463623 0.770492 4.057321
v -4.463623 0.762273 3.387971
v -4.463623 0.766383 3.722646
v -4.463623 0.764328 3.705067
v -4.728438 0.771046 3.467658
v -4.723339 0.773528 3.653385
v -4.458151 0.887179 3.348882
v -4.424647 0.632278 3.322367
v -4.458151 0.892711 2.845474
v -4.458151 0.653635 2.845474
v -4.713052 0.887179 3.348882
v -4.713052 0.615838 3.348882
v -4.713052 0.887178 2.845474
v -4.690531 0.632278 2.845474
v -4.458151 0.902016 2.995837
v -4.458151 0.895985 3.097178
v -4.458151 0.891582 3.110399
v -4.428527 0.632278 3.191223
v -4.448173 0.639391 3.045921
v -4.452096 0.632278 2.977721
v -4.713052 0.887179 3.110399
v -4.713052 0.887179 3.097178
v -4.713052 0.887179 3.083957
v -4.713052 0.631877 2.863714
v -4.713052 0.627519 3.045921
v -4.713052 0.620494 3.181148
v -4.441007 0.759728 3.348882
v -4.458151 0.768535 2.845474
v -4.713052 0.759728 2.845474
v -4.713052 0.751508 3.348882
v -4.713052 0.757673 3.083957
v -4.713052 0.755618 3.097178
v -4.713052 0.753563 3.110399
v -4.448237 0.760282 3.288951
v -4.453336 0.762764 3.149268
v -4.453756 0.763048 3.144067
v -4.455051 0.563484 3.023021
v -4.709952 0.596987 3.057445
v -4.449519 0.563483 3.676563
v -4.688595 0.563483 3.676563
v -4.455051 0.308583 3.023021
v -4.726392 0.308583 3.023021
v -4.455051 0.308583 3.676563
v -4.709952 0.331104 3.676563
v -4.446244 0.563484 3.349792
v -4.450648 0.563484 3.332628
v -4.709952 0.593107 3.227700
v -4.702838 0.573462 3.416336
v -4.455051 0.308583 3.332628
v -4.455051 0.308583 3.349792
v -4.714711 0.308583 3.416336
v -4.721735 0.308583 3.240780
v -4.582501 0.580628 3.023021
v -4.573695 0.563483 3.676563
v -4.582501 0.308583 3.676563
v -4.590722 0.308583 3.023021
v -4.586612 0.308583 3.349792
v -4.588666 0.308583 3.332628
v -4.581948 0.573398 3.100826
v -4.579466 0.568298 3.282166
v -4.714943 1.176674 3.732219
v -4.460043 1.143127 3.700620
v -4.720475 1.176674 3.132306
v -4.481400 1.176674 3.132306
v -4.714943 0.921773 3.732219
v -4.443603 0.921773 3.732219
v -4.714943 0.921773 3.132306
v -4.460043 0.944294 3.132306
v -4.729781 1.176674 3.311495
v -4.723750 1.176674 3.432263
v -4.719347 1.176674 3.448018
v -4.460043 1.139247 3.544335
v -4.465502 1.162813 3.371179
v -4.460043 1.182729 3.289905
v -4.714943 0.921773 3.448018
v -4.714943 0.921773 3.432263
v -4.714943 0.921773 3.416507
v -4.459642 0.921773 3.154044
v -4.455284 0.921773 3.371179
v -4.448259 0.921773 3.532329
v -4.587493 1.193818 3.732219
v -4.596300 1.176674 3.132306
v -4.587493 0.921773 3.132306
v -4.579273 0.921773 3.732219
v -4.585438 0.921773 3.416507
v -4.583383 0.921773 3.432263
v -4.581328 0.921773 3.448018
v -4.588047 1.186588 3.660798
v -4.593826 1.178717 3.288791
v -4.595391 1.177402 3.191229
v -4.697391 0.642662 2.204091
v -4.663844 0.897563 2.172492
v -4.697391 0.637130 1.604179
v -4.697391 0.876205 1.604179
v -4.442490 0.642662 2.204091
v -4.442490 0.914002 2.204091
v -4.442490 0.642662 1.604179
v -4.465011 0.897563 1.604179
v -4.697391 0.627825 1.783367
v -4.697391 0.633855 1.904134
v -4.697391 0.638259 1.919890
v -4.659964 0.897563 2.016207
v -4.683530 0.892103 1.843051
v -4.703446 0.897563 1.761778
v -4.442490 0.642662 1.919890
v -4.442490 0.642662 1.904134
v -4.442490 0.642662 1.888379
v -4.442490 0.897963 1.625916
v -4.442490 0.902322 1.843051
v -4.442490 0.909346 2.004201
v -4.714535 0.770112 2.204091
v -4.697391 0.761306 1.604179
v -4.442490 0.770112 1.604179
v -4.442490 0.778332 2.204091
v -4.442490 0.772167 1.888379
v -4.442490 0.774222 1.904134
v -4.442490 0.776277 1.919890
v -4.707305 0.769559 2.132670
v -4.699434 0.763779 1.760664
v -4.698119 0.762214 1.663101
v -4.693022 0.967096 2.440838
v -4.438122 0.933593 2.476094
v -4.698554 0.967097 3.110188
v -4.459478 0.967097 3.110188
v -4.693022 1.221997 2.440838
v -4.421682 1.221997 2.440837
v -4.693021 1.221997 3.110188
v -4.438121 1.199476 3.110187
v -4.701829 0.967096 2.775513
v -4.697425 0.967096 2.757934
v -4.438122 0.937473 2.650468
v -4.445234 0.957118 2.843666
v -4.693022 1.221997 2.757933
v -4.693022 1.221997 2.775513
v -4.433362 1.221997 2.843666
v -4.426338 1.221997 2.663864
v -4.565572 0.949952 2.440838
v -4.574378 0.967097 3.110188
v -4.565571 1.221997 3.110188
v -4.557352 1.221997 2.440837
v -4.561461 1.221997 2.775513
v -4.559407 1.221997 2.757933
v -4.566125 0.957182 2.520525
v -4.568607 0.962282 2.706251
v -4.458151 0.938779 1.898341
v -4.424648 1.193680 1.924856
v -4.458151 0.933247 2.401750
v -4.458151 1.172322 2.401750
v -4.713052 0.938779 1.898341
v -4.713052 1.210119 1.898341
v -4.713052 0.938779 2.401750
v -4.690531 1.193680 2.401750
v -4.458151 0.923942 2.251386
v -4.458151 0.929972 2.150045
v -4.458151 0.934376 2.136824
v -4.428528 1.193680 2.056001
v -4.448173 1.186566 2.201303
v -4.452096 1.193680 2.269502
v -4.713052 0.938779 2.136824
v -4.713052 0.938779 2.150045
v -4.713052 0.938779 2.163266
v -4.713052 1.194080 2.383509
v -4.713052 1.198439 2.201303
v -4.713052 1.205463 2.066076
v -4.441008 1.066229 1.898341
v -4.458151 1.057423 2.401750
v -4.713052 1.066229 2.401750
v -4.713052 1.074449 1.898341
v -4.713052 1.068284 2.163266
v -4.713052 1.070339 2.150045
v -4.713052 1.072394 2.136824
v -4.448237 1.065676 1.958272
v -4.453337 1.063194 2.097955
v -4.453757 1.062910 2.103157
v -4.440860 0.336189 2.397097
v -4.474407 0.591089 2.428695
v -4.440859 0.330657 2.997009
v -4.440859 0.569732 2.997008
v -4.695761 0.336189 2.397097
v -4.695761 0.607529 2.397097
v -4.695760 0.336189 2.997009
v -4.673239 0.591090 2.997008
v -4.440859 0.321351 2.817820
v -4.440860 0.327382 2.697052
v -4.440860 0.331785 2.681297
v -4.478287 0.591090 2.584980
v -4.454720 0.585630 2.758136
v -4.434804 0.591090 2.839409
v -4.695761 0.336189 2.681297
v -4.695761 0.336189 2.697052
v -4.695761 0.336189 2.712808
v -4.695760 0.591490 2.975271
v -4.695760 0.595849 2.758136
v -4.695761 0.602873 2.596986
v -4.423716 0.463639 2.397097
v -4.440859 0.454832 2.997009
v -4.695760 0.463639 2.997009
v -4.695761 0.471859 2.397097
v -4.695761 0.465694 2.712808
v -4.695761 0.467749 2.697052
v -4.695761 0.469804 2.681297
v -4.430945 0.463086 2.468517
v -4.438817 0.457306 2.840523
v -4.440132 0.455741 2.938086
v -4.718524 0.604511 1.705628
v -4.752028 0.349610 1.740884
v -4.718524 0.610043 2.374978
v -4.718524 0.370968 2.374978
v -4.463624 0.604511 1.705628
v -4.463624 0.333171 1.705628
v -4.463624 0.604511 2.374978
v -4.486145 0.349610 2.374978
v -4.718524 0.613318 2.040303
v -4.718524 0.608914 2.022723
v -4.748148 0.349610 1.915258
v -4.728503 0.356724 2.108456
v -4.463624 0.604511 2.022723
v -4.463624 0.604511 2.040303
v -4.463624 0.344851 2.108456
v -4.463624 0.337827 1.928654
v -4.735668 0.477061 1.705628
v -4.718524 0.485867 2.374978
v -4.463624 0.477061 2.374978
v -4.463624 0.468841 1.705628
v -4.463624 0.472951 2.040303
v -4.463624 0.470896 2.022723
v -4.728438 0.477614 1.785315
v -4.723339 0.480096 1.971042
v -4.435625 0.892579 2.807377
v -4.469172 0.637679 2.777209
v -4.435626 0.898111 2.234609
v -4.435626 0.659036 2.234609
v -4.690526 0.892579 2.807377
v -4.690526 0.621239 2.807377
v -4.690526 0.892579 2.234609
v -4.668005 0.637678 2.234609
v -4.435626 0.907417 2.405690
v -4.435626 0.901386 2.520993
v -4.435626 0.896983 2.536036
v -4.473053 0.637679 2.627995
v -4.449486 0.643138 2.462674
v -4.429571 0.637678 2.385078
v -4.690526 0.892579 2.536036
v -4.690526 0.892579 2.520993
v -4.690526 0.892579 2.505950
v -4.690526 0.637278 2.255363
v -4.690526 0.632919 2.462674
v -4.690526 0.625895 2.616532
v -4.418481 0.765129 2.807377
v -4.435626 0.773936 2.234609
v -4.690526 0.765129 2.234609
v -4.690526 0.756909 2.807377
v -4.690526 0.763074 2.505950
v -4.690526 0.761019 2.520993
v -4.690526 0.758964 2.536036
v -4.425711 0.765682 2.739188
v -4.433582 0.771462 2.384014
v -4.434898 0.773027 2.290866
v -4.458151 0.630676 1.069233
v -4.424648 0.885576 1.095749
v -4.458151 0.625144 1.572642
v -4.458151 0.864219 1.572642
v -4.713052 0.630676 1.069233
v -4.713052 0.902016 1.069233
v -4.713052 0.630676 1.572642
v -4.690531 0.885576 1.572642
v -4.458151 0.615838 1.422278
v -4.458151 0.621869 1.320937
v -4.458151 0.626272 1.307716
v -4.428528 0.885576 1.226893
v -4.448173 0.878463 1.372195
v -4.452096 0.885576 1.440394
v -4.713052 0.630676 1.307716
v -4.713052 0.630676 1.320937
v -4.713052 0.630676 1.334159
v -4.713052 0.885977 1.554401
v -4.713052 0.890336 1.372195
v -4.713052 0.897360 1.236968
v -4.441008 0.758126 1.069233
v -4.458151 0.749319 1.572642
v -4.713052 0.758126 1.572642
v -4.713052 0.766346 1.069233
v -4.713052 0.760181 1.334159
v -4.713052 0.762236 1.320937
v -4.713052 0.764291 1.307716
v -4.448237 0.757573 1.129164
v -4.453337 0.755091 1.268847
v -4.453757 0.754806 1.274049
v -4.444433 1.194227 1.877729
v -4.477980 0.939326 1.846130
v -4.444433 1.199759 1.277817
v -4.444433 0.960684 1.277817
v -4.699334 1.194227 1.877729
v -4.699334 0.922887 1.877729
v -4.699334 1.194227 1.277818
v -4.676813 0.939326 1.277817
v -4.444433 1.209064 1.457006
v -4.444433 1.203034 1.577773
v -4.444433 1.198630 1.593529
v -4.481860 0.939326 1.689846
v -4.458293 0.944786 1.516690
v -4.438378 0.939326 1.435417
v -4.699334 1.194227 1.593529
v -4.699334 1.194227 1.577774
v -4.699334 1.194227 1.562018
v -4.699334 0.938926 1.299555
v -4.699334 0.934567 1.516690
v -4.699334 0.927543 1.677840
v -4.427289 1.066776 1.877729
v -4.444433 1.075584 1.277817
v -4.699334 1.066777 1.277817
v -4.699334 1.058557 1.877729
v -4.699334 1.064722 1.562018
v -4.699334 1.062667 1.577773
v -4.699334 1.060612 1.593529
v -4.434518 1.067330 1.806309
v -4.442390 1.073110 1.434303
v -4.443705 1.074675 1.336740
v -4.697391 0.593279 1.109787
v -4.663844 0.338378 1.139956
v -4.697391 0.598811 1.682555
v -4.697391 0.359736 1.682555
v -4.442490 0.593279 1.109787
v -4.442490 0.321939 1.109787
v -4.442490 0.593279 1.682555
v -4.465011 0.338378 1.682555
v -4.697391 0.608116 1.511474
v -4.697391 0.602086 1.396171
v -4.697391 0.597682 1.381128
v -4.659964 0.338378 1.289169
v -4.683530 0.343838 1.454491
v -4.703446 0.338378 1.532087
v -4.442490 0.593279 1.381128
v -4.442490 0.593279 1.396171
v -4.442490 0.593279 1.411214
v -4.442490 0.337978 1.661801
v -4.442490 0.333619 1.454491
v -4.442490 0.326594 1.300632
v -4.714535 0.465828 1.109787
v -4.697391 0.474635 1.682555
v -4.442490 0.465829 1.682555
v -4.442490 0.457609 1.109787
v -4.442490 0.463774 1.411214
v -4.442490 0.461719 1.396171
v -4.442490 0.459664 1.381128
v -4.707305 0.466382 1.177976
v -4.699434 0.472162 1.533150
v -4.698119 0.473727 1.626299
v -4.718524 0.324534 1.084581
v -4.752028 0.579435 1.050158
v -4.718524 0.319002 0.431040
v -4.718524 0.558077 0.431040
v -4.463624 0.324534 1.084581
v -4.463624 0.595874 1.084581
v -4.463624 0.324534 0.431040
v -4.486145 0.579434 0.431040
v -4.718524 0.315727 0.757811
v -4.718524 0.320130 0.774975
v -4.748148 0.579435 0.879902
v -4.728503 0.572321 0.691267
v -4.463624 0.324534 0.774975
v -4.463624 0.324534 0.757811
v -4.463624 0.584194 0.691267
v -4.463624 0.591218 0.866823
v -4.735668 0.451984 1.084581
v -4.718524 0.443177 0.431040
v -4.463624 0.451984 0.431040
v -4.463624 0.460204 1.084581
v -4.463624 0.456094 0.757811
v -4.463624 0.458149 0.774975
v -4.728438 0.451431 1.006777
v -4.723339 0.448949 0.825436
v -4.458151 0.942887 0.768422
v -4.424648 1.197788 0.794045
v -4.458151 0.937355 1.254899
v -4.458151 1.176430 1.254899
v -4.713052 0.942887 0.768422
v -4.713052 1.214227 0.768422
v -4.713052 0.942887 1.254899
v -4.690531 1.197788 1.254899
v -4.458151 0.928050 1.109593
v -4.458151 0.934080 1.011660
v -4.458151 0.938484 0.998884
v -4.428528 1.197788 0.920779
v -4.448173 1.190674 1.061194
v -4.452096 1.197788 1.127100
v -4.713052 0.942887 0.998884
v -4.713052 0.942887 1.011660
v -4.713052 0.942887 1.024437
v -4.713052 1.198188 1.237272
v -4.713052 1.202547 1.061194
v -4.713052 1.209571 0.930515
v -4.441008 1.070337 0.768422
v -4.458151 1.061530 1.254899
v -4.713052 1.070337 1.254899
v -4.713052 1.078557 0.768422
v -4.713052 1.072392 1.024437
v -4.713052 1.074447 1.011660
v -4.713052 1.076502 0.998884
v -4.448237 1.069784 0.826337
v -4.453337 1.067302 0.961322
v -4.453757 1.067017 0.966349
v -4.697391 0.937724 0.719652
v -4.663844 1.192625 0.688053
v -4.697391 0.932192 0.119740
v -4.697391 1.171267 0.119740
v -4.442490 0.937724 0.719652
v -4.442490 1.209064 0.719652
v -4.442490 0.937724 0.119740
v -4.465011 1.192625 0.119740
v -4.697391 0.922887 0.298929
v -4.697391 0.928917 0.419696
v -4.697391 0.933321 0.435451
v -4.659964 1.192625 0.531769
v -4.683530 1.187165 0.358613
v -4.703446 1.192625 0.277339
v -4.442490 0.937724 0.435451
v -4.442490 0.937724 0.419696
v -4.442490 0.937724 0.403941
v -4.442490 1.193025 0.141477
v -4.442490 1.197384 0.358613
v -4.442490 1.204408 0.519762
v -4.714535 1.065174 0.719652
v -4.697391 1.056368 0.119740
v -4.442490 1.065174 0.119740
v -4.442490 1.073394 0.719652
v -4.442490 1.067229 0.403941
v -4.442490 1.069284 0.419696
v -4.442490 1.071339 0.435451
v -4.707305 1.064621 0.648232
v -4.699434 1.058841 0.276225
v -4.698119 1.057276 0.178663
v -4.458151 0.630676 0.540085
v -4.424648 0.885576 0.566601
v -4.458151 0.625144 1.043494
v -4.458151 0.864219 1.043494
v -4.713052 0.630676 0.540085
v -4.713052 0.902016 0.540085
v -4.713052 0.630676 1.043494
v -4.690531 0.885576 1.043494
v -4.458151 0.615838 0.893130
v -4.458151 0.621869 0.791790
v -4.458151 0.626272 0.778568
v -4.428528 0.885576 0.697745
v -4.448173 0.878463 0.843047
v -4.452096 0.885576 0.911246
v -4.713052 0.630676 0.778568
v -4.713052 0.630676 0.791790
v -4.713052 0.630676 0.805011
v -4.713052 0.885977 1.025254
v -4.713052 0.890336 0.843047
v -4.713052 0.897360 0.707820
v -4.441008 0.758126 0.540085
v -4.458151 0.749319 1.043494
v -4.713052 0.758126 1.043494
v -4.713052 0.766346 0.540085
v -4.713052 0.760181 0.805011
v -4.713052 0.762236 0.791790
v -4.713052 0.764291 0.778568
v -4.448237 0.757573 0.600016
v -4.453337 0.755091 0.739699
v -4.453757 0.754806 0.744901
v -4.437983 0.636076 -0.070779
v -4.471530 0.890977 -0.040611
v -4.437983 0.630544 0.501989
v -4.437983 0.869620 0.501989
v -4.692883 0.636076 -0.070779
v -4.692883 0.907417 -0.070780
v -4.692883 0.636076 0.501989
v -4.670362 0.890977 0.501989
v -4.437983 0.621239 0.330908
v -4.437983 0.627270 0.215605
v -4.437983 0.631673 0.200562
v -4.475410 0.890977 0.108603
v -4.451843 0.885518 0.273924
v -4.431928 0.890977 0.351520
v -4.692883 0.636076 0.200562
v -4.692883 0.636076 0.215605
v -4.692883 0.636076 0.230647
v -4.692883 0.891378 0.481235
v -4.692883 0.895736 0.273924
v -4.692883 0.902761 0.120066
v -4.420839 0.763527 -0.070780
v -4.437983 0.754720 0.501989
v -4.692883 0.763527 0.501989
v -4.692883 0.771746 -0.070780
v -4.692883 0.765582 0.230647
v -4.692883 0.767637 0.215605
v -4.692883 0.769692 0.200562
v -4.428068 0.762973 -0.002591
v -4.435940 0.757194 0.352584
v -4.437255 0.755629 0.445732
v -4.718525 0.583971 -2.732952
v -4.752028 0.329070 -2.697696
v -4.718524 0.589503 -2.063602
v -4.718524 0.350428 -2.063602
v -4.463624 0.583971 -2.732952
v -4.463624 0.312631 -2.732952
v -4.463624 0.583971 -2.063602
v -4.486145 0.329070 -2.063602
v -4.718524 0.592778 -2.398277
v -4.718524 0.588374 -2.415857
v -4.748148 0.329070 -2.523322
v -4.728503 0.336183 -2.330123
v -4.463624 0.583971 -2.415857
v -4.463624 0.583971 -2.398277
v -4.463624 0.324311 -2.330123
v -4.463624 0.317286 -2.509926
v -4.735669 0.456520 -2.732952
v -4.718524 0.465327 -2.063602
v -4.463624 0.456520 -2.063602
v -4.463624 0.448301 -2.732952
v -4.463624 0.452410 -2.398277
v -4.463624 0.450356 -2.415857
v -4.728438 0.457074 -2.653265
v -4.723339 0.459556 -2.467539
v -4.458151 0.316704 -1.397485
v -4.424648 0.571604 -1.370970
v -4.458151 0.311172 -0.894076
v -4.458151 0.550247 -0.894076
v -4.713052 0.316704 -1.397485
v -4.713052 0.588044 -1.397485
v -4.713052 0.316704 -0.894076
v -4.690531 0.571604 -0.894076
v -4.458151 0.301866 -1.044440
v -4.458151 0.307897 -1.145781
v -4.458151 0.312300 -1.159002
v -4.428528 0.571604 -1.239825
v -4.448173 0.564491 -1.094524
v -4.452096 0.571604 -1.026324
v -4.713052 0.316704 -1.159002
v -4.713052 0.316704 -1.145781
v -4.713052 0.316704 -1.132560
v -4.713052 0.572005 -0.912317
v -4.713052 0.576363 -1.094524
v -4.713052 0.583388 -1.229750
v -4.441008 0.444154 -1.397485
v -4.458151 0.435347 -0.894076
v -4.713052 0.444154 -0.894076
v -4.713052 0.452374 -1.397485
v -4.713052 0.446209 -1.132560
v -4.713052 0.448264 -1.145781
v -4.713052 0.450319 -1.159002
v -4.448237 0.443601 -1.337554
v -4.453337 0.441118 -1.197871
v -4.453757 0.440834 -1.192669
v -4.697391 1.186597 -0.506704
v -4.663844 0.931697 -0.475106
v -4.697391 1.192130 0.093207
v -4.697391 0.953054 0.093207
v -4.442490 1.186597 -0.506704
v -4.442490 0.915257 -0.506704
v -4.442490 1.186598 0.093207
v -4.465011 0.931697 0.093207
v -4.697391 1.201435 -0.085981
v -4.697391 1.195405 -0.206749
v -4.697391 1.191001 -0.222504
v -4.659964 0.931697 -0.318821
v -4.683530 0.937157 -0.145665
v -4.703446 0.931697 -0.064392
v -4.442490 1.186597 -0.222504
v -4.442490 1.186597 -0.206749
v -4.442490 1.186597 -0.190993
v -4.442490 0.931297 0.071470
v -4.442490 0.926938 -0.145665
v -4.442490 0.919913 -0.306815
v -4.714535 1.059147 -0.506704
v -4.697391 1.067954 0.093207
v -4.442490 1.059147 0.093207
v -4.442490 1.050927 -0.506704
v -4.442490 1.057092 -0.190993
v -4.442490 1.055037 -0.206749
v -4.442490 1.052982 -0.222504
v -4.707305 1.059700 -0.435284
v -4.699434 1.065480 -0.063278
v -4.698119 1.067046 0.034285
v -4.718524 1.198417 -1.198173
v -4.752028 0.943516 -1.162917
v -4.718524 1.203949 -0.528823
v -4.718524 0.964874 -0.528823
v -4.463624 1.198417 -1.198173
v -4.463624 0.927077 -1.198173
v -4.463624 1.198417 -0.528823
v -4.486145 0.943516 -0.528823
v -4.718524 1.207224 -0.863498
v -4.718524 1.202821 -0.881078
v -4.748148 0.943516 -0.988543
v -4.728503 0.950630 -0.795345
v -4.463624 1.198417 -0.881078
v -4.463624 1.198417 -0.863498
v -4.463624 0.938757 -0.795345
v -4.463624 0.931733 -0.975147
v -4.735668 1.070967 -1.198173
v -4.718524 1.079773 -0.528823
v -4.463624 1.070966 -0.528823
v -4.463624 1.062747 -1.198173
v -4.463624 1.066857 -0.863498
v -4.463624 1.064802 -0.881078
v -4.728438 1.071520 -1.118487
v -4.723339 1.074002 -0.932760
v -4.413152 0.877791 -0.094547
v -4.446700 0.622890 -0.124716
v -4.413152 0.883322 -0.667315
v -4.413152 0.644247 -0.667315
v -4.668053 0.877791 -0.094547
v -4.668053 0.606450 -0.094547
v -4.668053 0.877790 -0.667315
v -4.645532 0.622890 -0.667315
v -4.413152 0.892628 -0.496234
v -4.413152 0.886597 -0.380931
v -4.413152 0.882194 -0.365888
v -4.450579 0.622890 -0.273929
v -4.427013 0.628349 -0.439251
v -4.407097 0.622890 -0.516847
v -4.668053 0.877790 -0.365888
v -4.668053 0.877790 -0.380931
v -4.668053 0.877790 -0.395974
v -4.668053 0.622489 -0.646561
v -4.668053 0.618131 -0.439251
v -4.668053 0.611106 -0.285392
v -4.396008 0.750340 -0.094547
v -4.413152 0.759147 -0.667315
v -4.668053 0.750340 -0.667315
v -4.668053 0.742120 -0.094547
v -4.668053 0.748285 -0.395974
v -4.668053 0.746230 -0.380931
v -4.668053 0.744175 -0.365888
v -4.403238 0.750893 -0.162736
v -4.411108 0.756673 -0.517910
v -4.412425 0.758238 -0.611058
v -4.718524 0.609045 -0.692521
v -4.752028 0.863946 -0.726944
v -4.718524 0.603513 -1.346062
v -4.718524 0.842588 -1.346062
v -4.463624 0.609046 -0.692521
v -4.463624 0.880386 -0.692521
v -4.463624 0.609045 -1.346062
v -4.486145 0.863946 -1.346062
v -4.718524 0.600238 -1.019291
v -4.718524 0.604642 -1.002127
v -4.748148 0.863946 -0.897200
v -4.728503 0.856833 -1.085835
v -4.463624 0.609045 -1.002127
v -4.463624 0.609045 -1.019291
v -4.463624 0.868705 -1.085835
v -4.463624 0.875730 -0.910280
v -4.735668 0.736496 -0.692521
v -4.718524 0.727689 -1.346062
v -4.463624 0.736496 -1.346062
v -4.463624 0.744716 -0.692521
v -4.463624 0.740606 -1.019291
v -4.463624 0.742661 -1.002127
v -4.728438 0.735943 -0.770326
v -4.723339 0.733460 -0.951666
v -4.458151 0.942887 -1.719493
v -4.424648 1.197788 -1.693869
v -4.458151 0.937355 -1.233015
v -4.458151 1.176430 -1.233015
v -4.713052 0.942887 -1.719493
v -4.713052 1.214227 -1.719493
v -4.713052 0.942887 -1.233015
v -4.690531 1.197788 -1.233015
v -4.458151 0.928050 -1.378322
v -4.458151 0.934080 -1.476254
v -4.458151 0.938484 -1.489031
v -4.428528 1.197788 -1.567136
v -4.448173 1.190674 -1.426721
v -4.452096 1.197788 -1.360815
v -4.713052 0.942887 -1.489031
v -4.713052 0.942887 -1.476254
v -4.713052 0.942887 -1.463478
v -4.713052 1.198188 -1.250642
v -4.713052 1.202547 -1.426721
v -4.713052 1.209571 -1.557400
v -4.441008 1.070337 -1.719493
v -4.458151 1.061530 -1.233015
v -4.713052 1.070337 -1.233015
v -4.713052 1.078557 -1.719493
v -4.713052 1.072392 -1.463478
v -4.713052 1.074447 -1.476254
v -4.713052 1.076502 -1.489031
v -4.448237 1.069784 -1.661577
v -4.453337 1.067302 -1.526593
v -4.453757 1.067017 -1.521566
v -4.679549 0.887179 -3.021211
v -4.713052 0.632278 -2.994695
v -4.679548 0.892711 -2.517801
v -4.679548 0.653635 -2.517801
v -4.424648 0.887178 -3.021211
v -4.424648 0.615838 -3.021211
v -4.424647 0.887178 -2.517801
v -4.447168 0.632278 -2.517801
v -4.679548 0.902016 -2.668165
v -4.679549 0.895985 -2.769506
v -4.679549 0.891582 -2.782727
v -4.709173 0.632278 -2.863551
v -4.689527 0.639391 -2.718249
v -4.685603 0.632278 -2.650049
v -4.424648 0.887178 -2.782727
v -4.424648 0.887178 -2.769506
v -4.424648 0.887178 -2.756285
v -4.424647 0.631877 -2.536042
v -4.424647 0.627519 -2.718249
v -4.424648 0.620494 -2.853475
v -4.696692 0.759728 -3.021211
v -4.679548 0.768535 -2.517801
v -4.424647 0.759728 -2.517801
v -4.424648 0.751508 -3.021211
v -4.424648 0.757673 -2.756285
v -4.424648 0.755618 -2.769506
v -4.424648 0.753563 -2.782727
v -4.689463 0.760282 -2.961279
v -4.684363 0.762764 -2.821597
v -4.683943 0.763048 -2.816395
v -4.718525 0.581037 -4.729322
v -4.752028 0.326136 -4.694899
v -4.718525 0.586569 -4.075781
v -4.718525 0.347493 -4.075781
v -4.463624 0.581037 -4.729322
v -4.463624 0.309696 -4.729322
v -4.463624 0.581037 -4.075781
v -4.486145 0.326136 -4.075781
v -4.718525 0.589844 -4.402552
v -4.718525 0.585440 -4.419716
v -4.748148 0.326136 -4.524643
v -4.728503 0.333249 -4.336008
v -4.463624 0.581037 -4.419716
v -4.463624 0.581037 -4.402552
v -4.463624 0.321377 -4.336008
v -4.463624 0.314352 -4.511564
v -4.735669 0.453586 -4.729322
v -4.718525 0.462393 -4.075781
v -4.463624 0.453586 -4.075781
v -4.463624 0.445366 -4.729322
v -4.463624 0.449476 -4.402552
v -4.463624 0.447421 -4.419716
v -4.728439 0.454140 -4.651517
v -4.723340 0.456622 -4.470177
v -4.461023 0.336776 -3.337419
v -4.494571 0.591677 -3.307250
v -4.461023 0.331244 -2.764651
v -4.461023 0.570319 -2.764651
v -4.715924 0.336776 -3.337419
v -4.715924 0.608116 -3.337419
v -4.715924 0.336776 -2.764651
v -4.693403 0.591677 -2.764651
v -4.461023 0.321939 -2.935732
v -4.461023 0.327969 -3.051035
v -4.461023 0.332373 -3.066078
v -4.498450 0.591677 -3.158037
v -4.474884 0.586217 -2.992716
v -4.454968 0.591677 -2.915120
v -4.715924 0.336776 -3.066078
v -4.715924 0.336776 -3.051035
v -4.715924 0.336776 -3.035993
v -4.715924 0.592077 -2.785404
v -4.715924 0.596436 -2.992716
v -4.715924 0.603460 -3.146574
v -4.443880 0.464226 -3.337419
v -4.461023 0.455420 -2.764651
v -4.715924 0.464226 -2.764651
v -4.715924 0.472446 -3.337419
v -4.715924 0.466281 -3.035993
v -4.715924 0.468336 -3.051035
v -4.715924 0.470391 -3.066078
v -4.451109 0.463673 -3.269231
v -4.458981 0.457893 -2.914056
v -4.460296 0.456328 -2.820908
v -4.697392 0.636076 -3.046143
v -4.663844 0.890977 -3.076312
v -4.697392 0.630544 -3.618911
v -4.697392 0.869620 -3.618911
v -4.442491 0.636076 -3.046143
v -4.442491 0.907417 -3.046143
v -4.442491 0.636076 -3.618911
v -4.465012 0.890977 -3.618911
v -4.697392 0.621239 -3.447830
v -4.697392 0.627270 -3.332527
v -4.697392 0.631673 -3.317484
v -4.659964 0.890977 -3.225525
v -4.683531 0.885518 -3.390846
v -4.703446 0.890977 -3.468442
v -4.442491 0.636076 -3.317484
v -4.442491 0.636076 -3.332527
v -4.442491 0.636076 -3.347569
v -4.442491 0.891378 -3.598158
v -4.442491 0.895736 -3.390846
v -4.442491 0.902761 -3.236989
v -4.714535 0.763527 -3.046143
v -4.697392 0.754720 -3.618911
v -4.442491 0.763527 -3.618911
v -4.442491 0.771747 -3.046143
v -4.442491 0.765582 -3.347569
v -4.442491 0.767637 -3.332527
v -4.442491 0.769692 -3.317484
v -4.707305 0.762973 -3.114331
v -4.699435 0.757194 -3.469506
v -4.698119 0.755629 -3.562654
v -4.718525 0.327468 -3.363341
v -4.752028 0.582369 -3.398598
v -4.718525 0.321936 -4.032691
v -4.718525 0.561011 -4.032691
v -4.463624 0.327468 -3.363341
v -4.463624 0.598808 -3.363341
v -4.463624 0.327468 -4.032691
v -4.486145 0.582369 -4.032691
v -4.718525 0.318661 -3.698016
v -4.718525 0.323064 -3.680437
v -4.748148 0.582369 -3.572972
v -4.728503 0.575255 -3.766170
v -4.463624 0.327468 -3.680437
v -4.463624 0.327468 -3.698016
v -4.463624 0.587128 -3.766170
v -4.463624 0.594152 -3.586367
v -4.735669 0.454918 -3.363341
v -4.718525 0.446111 -4.032691
v -4.463624 0.454918 -4.032691
v -4.463624 0.463138 -3.363341
v -4.463624 0.459028 -3.698016
v -4.463624 0.461083 -3.680437
v -4.728439 0.454365 -3.443028
v -4.723340 0.451883 -3.628755
v -4.458919 0.865548 -3.656605
v -4.425415 0.610647 -3.691029
v -4.458919 0.871081 -4.310147
v -4.458919 0.632005 -4.310147
v -4.713820 0.865548 -3.656605
v -4.713820 0.594208 -3.656605
v -4.713820 0.865548 -4.310147
v -4.691298 0.610648 -4.310147
v -4.458919 0.874355 -3.983376
v -4.458919 0.869952 -3.966212
v -4.429295 0.610647 -3.861285
v -4.448940 0.617761 -4.049920
v -4.713820 0.865548 -3.966212
v -4.713820 0.865548 -3.983376
v -4.713820 0.605888 -4.049920
v -4.713820 0.598864 -3.874364
v -4.441775 0.738098 -3.656605
v -4.458919 0.746905 -4.310147
v -4.713820 0.738098 -4.310147
v -4.713820 0.729878 -3.656605
v -4.713820 0.733988 -3.983376
v -4.713820 0.731933 -3.966212
v -4.449004 0.738651 -3.734411
v -4.454104 0.741133 -3.915751
v -4.458152 0.931737 -4.343542
v -4.424648 1.186637 -4.317026
v -4.458152 0.926205 -3.840132
v -4.458152 1.165280 -3.840132
v -4.713053 0.931737 -4.343542
v -4.713053 1.203077 -4.343542
v -4.713053 0.931737 -3.840132
v -4.690532 1.186637 -3.840132
v -4.458152 0.916899 -3.990496
v -4.458152 0.922930 -4.091837
v -4.458152 0.927333 -4.105058
v -4.428528 1.186637 -4.185882
v -4.448174 1.179524 -4.040580
v -4.452097 1.186637 -3.972380
v -4.713053 0.931737 -4.105058
v -4.713053 0.931737 -4.091837
v -4.713053 0.931737 -4.078616
v -4.713053 1.187038 -3.858373
v -4.713053 1.191397 -4.040580
v -4.713053 1.198421 -4.175806
v -4.441008 1.059187 -4.343542
v -4.458152 1.050380 -3.840132
v -4.713053 1.059187 -3.840132
v -4.713053 1.067407 -4.343542
v -4.713053 1.061242 -4.078616
v -4.713053 1.063297 -4.091837
v -4.713053 1.065352 -4.105058
v -4.448238 1.058634 -4.283610
v -4.453337 1.056152 -4.143928
v -4.453757 1.055867 -4.138726
v -4.433184 0.892579 -1.911195
v -4.466731 0.637678 -1.941364
v -4.433184 0.898111 -2.483963
v -4.433184 0.659036 -2.483963
v -4.688085 0.892579 -1.911195
v -4.688085 0.621239 -1.911195
v -4.688085 0.892579 -2.483963
v -4.665564 0.637679 -2.483963
v -4.433184 0.907417 -2.312882
v -4.433184 0.901386 -2.197579
v -4.433184 0.896983 -2.182536
v -4.470611 0.637678 -2.090577
v -4.447044 0.643138 -2.255898
v -4.427129 0.637678 -2.333494
v -4.688085 0.892579 -2.182536
v -4.688085 0.892579 -2.197579
v -4.688085 0.892579 -2.212621
v -4.688085 0.637278 -2.463210
v -4.688085 0.632919 -2.255898
v -4.688085 0.625895 -2.102040
v -4.416040 0.765129 -1.911195
v -4.433184 0.773936 -2.483963
v -4.688085 0.765129 -2.483963
v -4.688085 0.756909 -1.911195
v -4.688085 0.763074 -2.212621
v -4.688085 0.761019 -2.197579
v -4.688085 0.758964 -2.182536
v -4.423270 0.765682 -1.979384
v -4.431141 0.771462 -2.334558
v -4.432456 0.773027 -2.427706
v -4.718525 1.198417 -3.812847
v -4.752028 0.943516 -3.777590
v -4.718525 1.203949 -3.143497
v -4.718525 0.964874 -3.143497
v -4.463624 1.198417 -3.812847
v -4.463624 0.927077 -3.812847
v -4.463624 1.198417 -3.143497
v -4.486145 0.943516 -3.143497
v -4.718525 1.207224 -3.478172
v -4.718525 1.202821 -3.495751
v -4.748148 0.943516 -3.603216
v -4.728503 0.950630 -3.410018
v -4.463624 1.198417 -3.495751
v -4.463624 1.198417 -3.478172
v -4.463624 0.938757 -3.410018
v -4.463624 0.931733 -3.589821
v -4.735669 1.070967 -3.812847
v -4.718525 1.079773 -3.143497
v -4.463624 1.070966 -3.143497
v -4.463624 1.062747 -3.812847
v -4.463624 1.066857 -3.478172
v -4.463624 1.064802 -3.495751
v -4.728439 1.071520 -3.733160
v -4.723340 1.074002 -3.547433
v -4.697391 0.325038 -1.430617
v -4.663844 0.579939 -1.462215
v -4.697391 0.319506 -2.030529
v -4.697391 0.558582 -2.030529
v -4.442490 0.325038 -1.430617
v -4.442490 0.596379 -1.430617
v -4.442490 0.325038 -2.030529
v -4.465011 0.579939 -2.030529
v -4.697391 0.310201 -1.851340
v -4.697391 0.316231 -1.730573
v -4.697391 0.320635 -1.714817
v -4.659964 0.579939 -1.618500
v -4.683530 0.574480 -1.791656
v -4.703446 0.579939 -1.872930
v -4.442490 0.325038 -1.714817
v -4.442490 0.325038 -1.730573
v -4.442490 0.325038 -1.746328
v -4.442490 0.580340 -2.008791
v -4.442490 0.584698 -1.791656
v -4.442490 0.591723 -1.630506
v -4.714535 0.452489 -1.430617
v -4.697391 0.443682 -2.030529
v -4.442490 0.452489 -2.030529
v -4.442490 0.460708 -1.430617
v -4.442490 0.454544 -1.746328
v -4.442490 0.456599 -1.730573
v -4.442490 0.458654 -1.714817
v -4.707305 0.451935 -1.502037
v -4.699434 0.446156 -1.874044
v -4.698119 0.444590 -1.971606
v -4.718524 0.583384 -0.864835
v -4.752028 0.328483 -0.829579
v -4.718524 0.588916 -0.195485
v -4.718524 0.349841 -0.195485
v -4.463624 0.583384 -0.864835
v -4.463624 0.312043 -0.864835
v -4.463624 0.583384 -0.195485
v -4.486145 0.328483 -0.195485
v -4.718524 0.592191 -0.530160
v -4.718524 0.587787 -0.547739
v -4.748148 0.328483 -0.655205
v -4.728503 0.335596 -0.462006
v -4.463624 0.583384 -0.547739
v -4.463624 0.583384 -0.530160
v -4.463624 0.323724 -0.462007
v -4.463624 0.316699 -0.641809
v -4.735668 0.455933 -0.864835
v -4.718524 0.464740 -0.195485
v -4.463624 0.455933 -0.195485
v -4.463624 0.447714 -0.864835
v -4.463624 0.451824 -0.530160
v -4.463624 0.449769 -0.547739
v -4.728438 0.456487 -0.785148
v -4.723339 0.458969 -0.599421
v -4.697391 0.338732 0.410047
v -4.663844 0.593633 0.379878
v -4.697391 0.333200 -0.162722
v -4.697391 0.572275 -0.162722
v -4.442490 0.338732 0.410047
v -4.442490 0.610072 0.410047
v -4.442490 0.338732 -0.162722
v -4.465011 0.593633 -0.162722
v -4.697391 0.323895 0.008359
v -4.697391 0.329925 0.123663
v -4.697391 0.334329 0.138705
v -4.659964 0.593633 0.230664
v -4.683530 0.588173 0.065343
v -4.703446 0.593633 -0.012253
v -4.442490 0.338732 0.138705
v -4.442490 0.338732 0.123663
v -4.442490 0.338732 0.108620
v -4.442490 0.594033 -0.141968
v -4.442490 0.598392 0.065343
v -4.442490 0.605417 0.219201
v -4.714535 0.466183 0.410047
v -4.697391 0.457376 -0.162722
v -4.442490 0.466183 -0.162722
v -4.442490 0.474402 0.410047
v -4.442490 0.468237 0.108620
v -4.442490 0.470292 0.123663
v -4.442490 0.472347 0.138705
v -4.707305 0.465629 0.341858
v -4.699434 0.459849 -0.013317
v -4.698119 0.458284 -0.106465
v -4.458151 0.880136 -1.387947
v -4.424648 0.625235 -1.413571
v -4.458151 0.885668 -1.874425
v -4.458151 0.646593 -1.874425
v -4.713052 0.880136 -1.387947
v -4.713052 0.608796 -1.387947
v -4.713052 0.880136 -1.874425
v -4.690531 0.625235 -1.874425
v -4.458151 0.894973 -1.729119
v -4.458151 0.888943 -1.631186
v -4.458151 0.884539 -1.618410
v -4.428528 0.625235 -1.540305
v -4.448173 0.632349 -1.680720
v -4.452096 0.625235 -1.746625
v -4.713052 0.880136 -1.618410
v -4.713052 0.880136 -1.631186
v -4.713052 0.880136 -1.643963
v -4.713052 0.624835 -1.856798
v -4.713052 0.620476 -1.680720
v -4.713052 0.613452 -1.550041
v -4.441008 0.752686 -1.387947
v -4.458151 0.761492 -1.874425
v -4.713052 0.752686 -1.874425
v -4.713052 0.744466 -1.387947
v -4.713052 0.750631 -1.643963
v -4.713052 0.748576 -1.631186
v -4.713052 0.746521 -1.618410
v -4.448237 0.753239 -1.445863
v -4.453337 0.755721 -1.580848
v -4.453757 0.756005 -1.585875
v -4.458151 1.199390 -1.766409
v -4.424648 0.944489 -1.792925
v -4.458151 1.204922 -2.269819
v -4.458151 0.965847 -2.269819
v -4.713052 1.199390 -1.766409
v -4.713052 0.928050 -1.766409
v -4.713052 1.199390 -2.269819
v -4.690531 0.944489 -2.269819
v -4.458151 1.214227 -2.119455
v -4.458151 1.208197 -2.018114
v -4.458151 1.203793 -2.004893
v -4.428528 0.944489 -1.924069
v -4.448173 0.951603 -2.069371
v -4.452096 0.944489 -2.137571
v -4.713052 1.199390 -2.004893
v -4.713052 1.199390 -2.018114
v -4.713052 1.199390 -2.031335
v -4.713052 0.944089 -2.251578
v -4.713052 0.939730 -2.069371
v -4.713052 0.932706 -1.934144
v -4.441008 1.071940 -1.766409
v -4.458151 1.080746 -2.269819
v -4.713052 1.071940 -2.269819
v -4.713052 1.063720 -1.766409
v -4.713052 1.069885 -2.031335
v -4.713052 1.067830 -2.018114
v -4.713052 1.065775 -2.004893
v -4.448237 1.072493 -1.826341
v -4.453337 1.074975 -1.966023
v -4.453757 1.075259 -1.971225
v -4.697391 0.948288 -2.319131
v -4.663844 1.203189 -2.358999
v -4.697392 0.942756 -3.076043
v -4.697392 1.181831 -3.076043
v -4.442490 0.948288 -2.319131
v -4.442490 1.219628 -2.319131
v -4.442491 0.948288 -3.076043
v -4.465012 1.203189 -3.076043
v -4.697392 0.933451 -2.849960
v -4.697391 0.939481 -2.697587
v -4.697391 0.943884 -2.677708
v -4.659964 1.203189 -2.556184
v -4.683531 1.197729 -2.774656
v -4.703446 1.203189 -2.877199
v -4.442490 0.948288 -2.677708
v -4.442490 0.948288 -2.697587
v -4.442490 0.948288 -2.717466
v -4.442491 1.203589 -3.048617
v -4.442491 1.207948 -2.774656
v -4.442490 1.214972 -2.571332
v -4.714535 1.075738 -2.319131
v -4.697392 1.066931 -3.076043
v -4.442491 1.075738 -3.076043
v -4.442490 1.083958 -2.319131
v -4.442490 1.077793 -2.717466
v -4.442490 1.079848 -2.697587
v -4.442490 1.081903 -2.677708
v -4.707305 1.075185 -2.409242
v -4.699435 1.069405 -2.878604
v -4.698119 1.067840 -3.001700
vn 0.9994 -0.0222 0.0278
vn -0.0000 -0.0000 1.0000
vn -1.0000 -0.0000 -0.0000
vn 0.0422 0.0799 -0.9959
vn -0.0086 -0.9999 -0.0112
vn 0.0487 0.9986 0.0197
vn 0.0744 0.9838 0.1631
vn 0.0210 0.9997 -0.0130
vn 0.0439 0.9969 0.0649
vn -0.0440 -0.9986 0.0291
vn -0.0372 -0.9973 -0.0639
vn -0.0254 -0.9798 -0.1985
vn -0.9943 0.0125 0.1063
vn 0.9836 -0.1665 0.0690
vn 0.9822 -0.1611 0.0972
vn 0.9917 -0.0986 0.0826
vn 0.9995 -0.0323 0.0025
vn 0.9989 -0.0277 0.0390
vn 0.9957 -0.0885 0.0276
vn -0.0000 -0.0000 -1.0000
vn 0.9999 -0.0111 0.0120
vn -0.9990 -0.0093 -0.0440
vn 1.0000 -0.0000 -0.0000
vn -0.0485 0.0917 0.9946
vn 0.0086 -0.9999 0.0112
vn -0.0636 0.9978 -0.0199
vn -0.0744 0.9838 -0.1631
vn -0.0198 0.9998 0.0073
vn -0.0488 0.9976 -0.0490
vn 0.0440 -0.9986 -0.0291
vn 0.0372 -0.9973 0.0639
vn 0.0254 -0.9798 0.1985
vn 0.9943 0.0125 -0.1063
vn -0.9402 0.3338 -0.0677
vn -0.9696 0.2423 0.0332
vn -0.9885 -0.0305 0.1481
vn -0.9998 -0.0159 -0.0079
vn -0.9988 -0.0406 -0.0278
vn -0.9957 -0.0885 -0.0276
vn -1.0000 -0.0043 -0.0047
vn -0.0422 -0.0799 -0.9959
vn 0.0086 0.9999 -0.0112
vn -0.0487 -0.9986 0.0197
vn 0.0281 0.9996 0.0079
vn -0.0439 -0.9969 0.0649
vn 0.0254 0.9798 -0.1985
vn -0.9989 0.0338 0.0340
vn -0.9836 0.1665 0.0690
vn -0.9822 0.1611 0.0972
vn 0.9951 -0.0774 0.0621
vn -0.9989 0.0277 0.0390
vn -0.9957 0.0885 0.0276
vn -0.9998 0.0170 0.0104
vn -0.0666 -0.9963 0.0549
vn 0.9995 -0.0222 0.0237
vn 0.0496 0.0938 -0.9944
vn -0.0086 -0.9999 -0.0096
vn 0.0487 0.9987 0.0168
vn 0.0747 0.9874 0.1393
vn 0.0210 0.9997 -0.0110
vn 0.0439 0.9975 0.0552
vn -0.0440 -0.9987 0.0247
vn -0.0372 -0.9978 -0.0544
vn -0.0255 -0.9852 -0.1698
vn -0.9958 0.0125 0.0905
vn 0.9843 -0.1666 0.0587
vn 0.9834 -0.1613 0.0827
vn 0.9926 -0.0987 0.0703
vn 0.9995 -0.0323 0.0021
vn 0.9991 -0.0277 0.0332
vn 0.9958 -0.0885 0.0234
vn 0.9999 -0.0111 0.0102
vn 0.9995 -0.0093 0.0318
vn 0.0668 0.1264 -0.9897
vn -0.0086 -0.9999 -0.0081
vn 0.0636 0.9979 0.0144
vn 0.0749 0.9901 0.1186
vn 0.0198 0.9998 -0.0052
vn 0.0488 0.9982 0.0354
vn -0.0440 -0.9988 0.0210
vn -0.0372 -0.9982 -0.0462
vn -0.0256 -0.9891 -0.1448
vn -0.9970 0.0125 0.0770
vn 0.9413 0.3341 0.0489
vn 0.9699 0.2424 -0.0240
vn 0.9937 -0.0307 -0.1076
vn 0.9999 -0.0159 0.0057
vn 0.9990 -0.0406 0.0201
vn 0.9959 -0.0885 0.0199
vn 1.0000 -0.0043 0.0034
vn -0.0679 -0.1284 -0.9894
vn 0.0086 0.9999 -0.0069
vn -0.0487 -0.9987 0.0122
vn 0.0281 0.9996 0.0049
vn -0.0440 -0.9982 0.0402
vn 0.0257 0.9919 -0.1242
vn -0.9992 0.0338 0.0210
vn -0.9851 0.1667 0.0427
vn -0.9850 0.1615 0.0602
vn 0.9962 -0.0775 0.0385
vn -0.9993 0.0277 0.0241
vn -0.9959 0.0885 0.0170
vn -0.9998 0.0170 0.0065
vn -0.0666 -0.9972 0.0340
vn 0.9995 0.0222 -0.0229
vn 0.0513 -0.0970 0.9940
vn -0.0086 0.9999 0.0092
vn 0.0487 -0.9987 -0.0162
vn 0.0747 -0.9881 -0.1347
vn 0.0210 -0.9997 0.0107
vn 0.0439 -0.9976 -0.0534
vn -0.0440 0.9987 -0.0239
vn -0.0372 0.9979 0.0525
vn -0.0256 0.9861 0.1642
vn -0.9961 -0.0125 -0.0875
vn 0.9844 0.1666 -0.0568
vn 0.9837 0.1613 -0.0800
vn 0.9928 0.0988 -0.0679
vn 0.9995 0.0323 -0.0020
vn 0.9991 0.0277 -0.0321
vn 0.9958 0.0885 -0.0227
vn 0.9999 0.0111 -0.0099
vn -0.0000 -1.0000 -0.0000
vn -0.1254 0.0663 -0.9899
vn 0.9999 -0.0086 -0.0071
vn -0.9987 0.0487 0.0125
vn 0.9996 -0.0281 0.0050
vn -0.9982 0.0440 0.0411
vn 0.9915 -0.0257 -0.1272
vn 0.0338 0.9992 0.0215
vn 0.1667 0.9850 0.0437
vn 0.1615 0.9849 0.0617
vn -0.0775 -0.9962 0.0394
vn 0.0277 0.9993 0.0247
vn 0.0885 0.9959 0.0175
vn 0.0170 0.9998 0.0066
vn -0.9972 0.0666 0.0348
vn -0.0093 0.9995 -0.0304
vn 0.1322 0.0699 0.9888
vn -0.9999 -0.0086 0.0077
vn 0.9979 0.0636 -0.0137
vn 0.9907 0.0749 -0.1133
vn 0.9998 0.0198 0.0050
vn 0.9982 0.0488 -0.0338
vn -0.9988 -0.0440 -0.0201
vn -0.9983 -0.0372 0.0441
vn -0.9901 -0.0257 0.1384
vn 0.0125 -0.9972 -0.0735
vn 0.3342 0.9414 -0.0467
vn 0.2424 0.9699 0.0229
vn -0.0307 0.9942 0.1027
vn -0.0159 0.9999 -0.0055
vn -0.0406 0.9990 -0.0192
vn -0.0885 0.9959 -0.0190
vn -0.0043 1.0000 -0.0032
vn -0.9995 -0.0093 -0.0304
vn -0.0699 0.1322 0.9888
vn 0.0086 -0.9999 0.0077
vn -0.0636 0.9979 -0.0137
vn -0.0749 0.9907 -0.1133
vn -0.0198 0.9998 0.0050
vn -0.0488 0.9982 -0.0338
vn 0.0440 -0.9988 -0.0201
vn 0.0372 -0.9983 0.0441
vn 0.0257 -0.9901 0.1384
vn 0.9972 0.0125 -0.0735
vn -0.9414 0.3342 -0.0467
vn -0.9699 0.2424 0.0229
vn -0.9942 -0.0307 0.1027
vn -0.9999 -0.0159 -0.0055
vn -0.9990 -0.0406 -0.0192
vn -0.9959 -0.0885 -0.0190
vn -1.0000 -0.0043 -0.0032
vn -0.0000 1.0000 -0.0000
vn 0.1284 -0.0679 -0.9894
vn -0.9999 0.0086 -0.0069
vn 0.9987 -0.0487 0.0122
vn -0.9996 0.0281 0.0049
vn 0.9982 -0.0440 0.0402
vn -0.9919 0.0257 -0.1242
vn -0.0338 -0.9992 0.0210
vn -0.1667 -0.9851 0.0427
vn -0.1615 -0.9850 0.0602
vn 0.0775 0.9962 0.0385
vn -0.0277 -0.9993 0.0241
vn -0.0885 -0.9959 0.0170
vn -0.0170 -0.9998 0.0065
vn 0.9972 -0.0666 0.0340
vn 0.9995 -0.0222 0.0229
vn 0.0513 0.0970 -0.9940
vn -0.0086 -0.9999 -0.0092
vn 0.0487 0.9987 0.0162
vn 0.0747 0.9881 0.1347
vn 0.0210 0.9997 -0.0107
vn 0.0439 0.9976 0.0534
vn -0.0440 -0.9987 0.0239
vn -0.0372 -0.9979 -0.0525
vn -0.0256 -0.9861 -0.1642
vn -0.9961 0.0125 0.0875
vn 0.9844 -0.1666 0.0568
vn 0.9837 -0.1613 0.0800
vn 0.9928 -0.0988 0.0679
vn 0.9995 -0.0323 0.0020
vn 0.9991 -0.0277 0.0321
vn 0.9958 -0.0885 0.0227
vn 0.9999 -0.0111 0.0099
vn 0.9995 -0.0093 0.0304
vn 0.0699 0.1322 -0.9888
vn -0.0086 -0.9999 -0.0077
vn 0.0636 0.9979 0.0137
vn 0.0749 0.9907 0.1133
vn 0.0198 0.9998 -0.0050
vn 0.0488 0.9982 0.0338
vn -0.0440 -0.9988 0.0201
vn -0.0372 -0.9983 -0.0441
vn -0.0257 -0.9901 -0.1384
vn -0.9972 0.0125 0.0735
vn 0.9414 0.3342 0.0467
vn 0.9699 0.2424 -0.0229
vn 0.9942 -0.0307 -0.1027
vn 0.9999 -0.0159 0.0055
vn 0.9990 -0.0406 0.0192
vn 0.9959 -0.0885 0.0190
vn 1.0000 -0.0043 0.0032
vn 0.9995 0.0093 -0.0318
vn 0.0668 -0.1264 0.9897
vn -0.0086 0.9999 0.0081
vn 0.0636 -0.9979 -0.0144
vn 0.0749 -0.9901 -0.1186
vn 0.0198 -0.9998 0.0052
vn 0.0488 -0.9982 -0.0354
vn -0.0440 0.9988 -0.0210
vn -0.0372 0.9982 0.0462
vn -0.0256 0.9891 0.1448
vn -0.9970 -0.0125 -0.0770
vn 0.9413 -0.3341 -0.0489
vn 0.9699 -0.2424 0.0240
vn 0.9937 0.0307 0.1076
vn 0.9999 0.0159 -0.0057
vn 0.9990 0.0406 -0.0201
vn 0.9959 0.0885 -0.0199
vn 1.0000 0.0043 -0.0034
vn 0.9995 0.0093 -0.0304
vn 0.0699 -0.1322 0.9888
vn -0.0086 0.9999 0.0077
vn 0.0636 -0.9979 -0.0137
vn 0.0749 -0.9907 -0.1133
vn 0.0198 -0.9998 0.0050
vn 0.0488 -0.9982 -0.0338
vn -0.0440 0.9988 -0.0201
vn -0.0372 0.9983 0.0441
vn -0.0257 0.9901 0.1384
vn -0.9972 -0.0125 -0.0735
vn 0.9414 -0.3342 -0.0467
vn 0.9699 -0.2424 0.0229
vn 0.9942 0.0307 0.1027
vn 0.9999 0.0159 -0.0055
vn 0.9990 0.0406 -0.0192
vn 0.9959 0.0885 -0.0190
vn 1.0000 0.0043 -0.0032
vn -0.9995 0.0093 0.0318
vn -0.0668 -0.1264 -0.9897
vn 0.0086 0.9999 -0.0081
vn -0.0636 -0.9979 0.0144
vn -0.0749 -0.9901 0.1186
vn -0.0198 -0.9998 -0.0052
vn -0.0488 -0.9982 0.0354
vn 0.0440 0.9988 0.0210
vn 0.0372 0.9982 -0.0462
vn 0.0256 0.9891 -0.1448
vn 0.9970 -0.0125 0.0770
vn -0.9413 -0.3341 0.0489
vn -0.9699 -0.2424 -0.0240
vn -0.9937 0.0307 -0.1076
vn -0.9999 0.0159 0.0057
vn -0.9990 0.0406 0.0201
vn -0.9959 0.0885 0.0199
vn -1.0000 0.0043 0.0034
vn -0.0663 0.1254 0.9899
vn 0.0086 -0.9999 0.0071
vn -0.0487 0.9987 -0.0125
vn 0.0281 -0.9996 -0.0050
vn -0.0440 0.9982 -0.0411
vn 0.0257 -0.9915 0.1272
vn -0.9992 -0.0338 -0.0215
vn -0.9850 -0.1667 -0.0437
vn -0.9849 -0.1615 -0.0617
vn 0.9962 0.0775 -0.0394
vn -0.9993 -0.0277 -0.0247
vn -0.9959 -0.0885 -0.0175
vn -0.9998 -0.0170 -0.0066
vn -0.0666 0.9972 -0.0348
vn -0.9995 0.0093 0.0304
vn -0.0699 -0.1322 -0.9888
vn 0.0086 0.9999 -0.0077
vn -0.0636 -0.9979 0.0137
vn -0.0749 -0.9907 0.1133
vn -0.0198 -0.9998 -0.0050
vn -0.0488 -0.9982 0.0338
vn 0.0440 0.9988 0.0201
vn 0.0372 0.9983 -0.0441
vn 0.0257 0.9901 -0.1383
vn 0.9972 -0.0125 0.0735
vn -0.9414 -0.3342 0.0467
vn -0.9699 -0.2424 -0.0229
vn -0.9942 0.0307 -0.1027
vn -0.9999 0.0159 0.0055
vn -0.9990 0.0406 0.0192
vn -0.9959 0.0885 0.0190
vn -1.0000 0.0043 0.0032
vn -0.9995 0.0222 0.0229
vn -0.0513 -0.0970 -0.9940
vn 0.0086 0.9999 -0.0092
vn -0.0487 -0.9987 0.0162
vn -0.0747 -0.9881 0.1347
vn -0.0210 -0.9997 -0.0107
vn -0.0439 -0.9976 0.0534
vn 0.0440 0.9987 0.0239
vn 0.0372 0.9979 -0.0525
vn 0.0256 0.9861 -0.1642
vn 0.9961 -0.0125 0.0875
vn -0.9844 0.1666 0.0568
vn -0.9837 0.1613 0.0800
vn -0.9928 0.0988 0.0679
vn -0.9995 0.0323 0.0020
vn -0.9991 0.0277 0.0321
vn -0.9958 0.0885 0.0227
vn -0.9999 0.0111 0.0099
vn -0.0663 -0.1254 -0.9899
vn 0.0086 0.9999 -0.0071
vn -0.0487 -0.9987 0.0125
vn 0.0281 0.9996 0.0050
vn -0.0440 -0.9982 0.0411
vn 0.0257 0.9915 -0.1272
vn -0.9992 0.0338 0.0215
vn -0.9850 0.1667 0.0437
vn -0.9849 0.1615 0.0617
vn 0.9962 -0.0775 0.0394
vn -0.9993 0.0277 0.0247
vn -0.9959 0.0885 0.0175
vn -0.9998 0.0170 0.0066
vn -0.0666 -0.9972 0.0348
vn -0.9995 -0.0093 -0.0318
vn -0.0668 0.1264 0.9897
vn 0.0086 -0.9999 0.0081
vn -0.0636 0.9979 -0.0144
vn -0.0749 0.9901 -0.1186
vn -0.0198 0.9998 0.0052
vn -0.0488 0.9982 -0.0354
vn 0.0440 -0.9988 -0.0210
vn 0.0372 -0.9982 0.0462
vn 0.0256 -0.9891 0.1448
vn 0.9970 0.0125 -0.0770
vn -0.9413 0.3341 -0.0489
vn -0.9699 0.2424 0.0240
vn -0.9937 -0.0307 0.1076
vn -0.9999 -0.0159 -0.0057
vn -0.9990 -0.0406 -0.0201
vn -0.9959 -0.0885 -0.0199
vn -1.0000 -0.0043 -0.0034
vn -0.0679 0.1284 0.9894
vn 0.0086 -0.9999 0.0069
vn -0.0487 0.9987 -0.0122
vn 0.0281 -0.9996 -0.0049
vn -0.0440 0.9982 -0.0402
vn 0.0257 -0.9919 0.1242
vn -0.9992 -0.0338 -0.0210
vn -0.9851 -0.1667 -0.0427
vn -0.9850 -0.1615 -0.0602
vn 0.9962 0.0775 -0.0385
vn -0.9993 -0.0277 -0.0241
vn -0.9959 -0.0885 -0.0170
vn -0.9998 -0.0170 -0.0065
vn -0.0666 0.9972 -0.0340
vn 0.0663 -0.1254 0.9899
vn -0.0086 0.9999 0.0071
vn 0.0487 -0.9987 -0.0125
vn -0.0281 0.9996 -0.0050
vn 0.0440 -0.9982 -0.0411
vn -0.0257 0.9915 0.1272
vn 0.9992 0.0338 -0.0215
vn 0.9850 0.1667 -0.0437
vn 0.9849 0.1615 -0.0617
vn -0.9962 -0.0775 -0.0394
vn 0.9993 0.0277 -0.0247
vn 0.9959 0.0885 -0.0175
vn 0.9998 0.0170 -0.0066
vn 0.0666 -0.9972 -0.0348
vn 0.9995 0.0222 -0.0237
vn 0.0496 -0.0938 0.9944
vn -0.0086 0.9999 0.0096
vn 0.0487 -0.9987 -0.0168
vn 0.0747 -0.9874 -0.1393
vn 0.0210 -0.9997 0.0110
vn 0.0439 -0.9975 -0.0552
vn -0.0440 0.9987 -0.0247
vn -0.0372 0.9978 0.0544
vn -0.0255 0.9852 0.1698
vn -0.9958 -0.0125 -0.0905
vn 0.9843 0.1666 -0.0587
vn 0.9834 0.1613 -0.0827
vn 0.9926 0.0987 -0.0703
vn 0.9995 0.0323 -0.0021
vn 0.9991 0.0277 -0.0332
vn 0.9958 0.0885 -0.0234
vn 0.9999 0.0111 -0.0102
vn -0.9997 -0.0093 -0.0241
vn -0.0877 0.1657 0.9823
vn 0.0086 -0.9999 0.0061
vn -0.0636 0.9979 -0.0109
vn -0.0751 0.9931 -0.0900
vn -0.0198 0.9998 0.0040
vn -0.0488 0.9984 -0.0268
vn 0.0440 -0.9989 -0.0159
vn 0.0372 -0.9987 0.0350
vn 0.0257 -0.9936 0.1100
vn 0.9982 0.0125 -0.0583
vn -0.9417 0.3343 -0.0371
vn -0.9700 0.2424 0.0182
vn -0.9962 -0.0307 0.0816
vn -0.9999 -0.0159 -0.0043
vn -0.9991 -0.0406 -0.0152
vn -0.9960 -0.0885 -0.0151
vn -1.0000 -0.0043 -0.0025
vt 0.500000 0.094241
vt 0.625000 0.205853
vt 0.605407 0.250000
vt 0.500000 0.250000
vt 0.636044 0.488956
vt 0.500000 0.500000
vt 0.500000 0.687500
vt 0.625000 0.713818
vt 0.625000 0.750000
vt 0.500000 0.750000
vt 0.624957 0.999326
vt 0.500000 1.000000
vt 0.125000 0.687500
vt 0.375000 0.687500
vt 0.375000 0.750000
vt 0.125000 0.750000
vt 0.875000 0.715991
vt 0.875000 0.744280
vt 0.875034 0.499926
vt 0.875000 0.544147
vt 0.625000 0.506089
vt 0.875000 0.625000
vt 0.625000 0.625000
vt 0.125736 0.500088
vt 0.375000 0.500000
vt 0.375000 0.562500
vt 0.125000 0.539406
vt 0.375000 0.625000
vt 0.125000 0.625000
vt 0.500000 0.562500
vt 0.500000 0.625000
vt 0.500000 0.000000
vt 0.625000 0.005720
vt 0.625000 0.034009
vt 0.500000 0.015706
vt 0.625000 0.125000
vt 0.500000 0.086170
vt 0.375000 0.125000
vt 0.375000 0.210594
vt 0.375000 0.062500
vt 0.375000 0.000000
vt 0.375000 1.000000
vt 0.386084 0.250000
vt 0.500000 0.224208
vt 0.625000 0.205853
vt 0.605407 0.250000
vt 0.500000 0.250000
vt 0.636044 0.488956
vt 0.500000 0.687500
vt 0.125000 0.687500
vt 0.375000 0.750000
vt 0.875034 0.499926
vt 0.625000 0.506089
vt 0.840176 0.625000
vt 0.375000 0.500000
vt 0.500000 0.562500
vt 0.500000 0.015706
vt 0.626865 0.129043
vt 0.500000 0.179777
vt 0.375000 0.210594
vt 0.375000 0.062500
vt 0.375000 1.000000
s 0
usemtl BRICKS
f 2646/173/922 2630/174/922 2620/175/922 2638/176/922
f 2638/176/923 2620/175/923 2624/177/923 2639/178/923
f 2643/179/924 2636/180/924 2622/181/924 2640/182/924
f 2640/182/925 2622/181/925 2618/183/925 2637/184/925
f 2627/185/926 2631/186/926 2621/187/926 2617/188/926
f 2636/180/927 2628/189/927 2618/190/927 2622/181/927
f 2624/177/928 2620/191/928 2630/192/928 2634/193/928
f 2634/193/929 2630/192/929 2629/194/929 2635/195/929
f 2635/195/930 2629/194/930 2628/189/930 2636/180/930
f 2619/196/931 2623/197/931 2633/198/931 2625/199/931
f 2625/199/932 2633/198/932 2632/200/932 2626/201/932
f 2626/201/933 2632/200/933 2631/186/933 2627/185/933
f 2639/178/934 2624/177/934 2634/193/934 2641/202/934
f 2641/202/924 2634/193/924 2635/195/924 2642/203/924
f 2642/203/924 2635/195/924 2636/180/924 2643/179/924
f 2637/204/935 2618/205/935 2628/206/935 2644/207/935
f 2644/207/936 2628/206/936 2629/208/936 2645/209/936
f 2645/209/937 2629/208/937 2630/174/937 2646/173/937
f 2626/210/938 2645/209/938 2646/173/938 2625/211/938
f 2627/212/939 2644/207/939 2645/209/939 2626/210/939
f 2617/213/940 2637/204/940 2644/207/940 2627/212/940
f 2632/200/924 2642/203/924 2643/179/924 2631/186/924
f 2633/198/924 2641/202/924 2642/203/924 2632/200/924
f 2623/197/924 2639/178/924 2641/202/924 2633/198/924
f 2621/187/941 2640/182/941 2637/184/941 2617/214/941
f 2631/186/924 2643/179/924 2640/182/924 2621/187/924
f 2619/215/923 2638/176/923 2639/178/923 2623/197/923
f 2625/211/942 2646/173/942 2638/176/942 2619/215/942
f 2676/216/943 2660/217/943 2650/218/943 2668/219/943
f 2668/219/941 2650/218/941 2654/220/941 2669/178/941
f 2673/221/944 2666/180/944 2652/181/944 2670/182/944
f 2670/182/945 2652/181/945 2648/183/945 2667/184/945
f 2657/222/946 2661/186/946 2651/223/946 2647/188/946
f 2666/180/947 2658/189/947 2648/190/947 2652/181/947
f 2654/220/948 2650/224/948 2660/192/948 2664/225/948
f 2664/225/949 2660/192/949 2659/226/949 2665/195/949
f 2665/195/950 2659/226/950 2658/189/950 2666/180/950
f 2649/196/951 2653/227/951 2663/198/951 2655/199/951
f 2655/199/952 2663/198/952 2662/200/952 2656/201/952
f 2656/201/953 2662/200/953 2661/186/953 2657/222/953
f 2669/178/954 2654/220/954 2664/225/954 2671/228/954
f 2671/228/944 2664/225/944 2665/195/944 2672/203/944
f 2672/203/944 2665/195/944 2666/180/944 2673/221/944
f 2667/204/955 2648/205/955 2658/206/955 2674/229/955
f 2674/229/956 2658/206/956 2659/230/956 2675/231/956
f 2675/231/957 2659/230/957 2660/217/957 2676/216/957
f 2656/210/958 2675/231/958 2676/216/958 2655/232/958
f 2657/233/959 2674/229/959 2675/231/959 2656/210/959
f 2647/213/960 2667/204/960 2674/229/960 2657/233/960
f 2662/200/944 2672/203/944 2673/221/944 2661/186/944
f 2663/198/944 2671/228/944 2672/203/944 2662/200/944
f 2653/227/944 2669/178/944 2671/228/944 2663/198/944
f 2651/223/923 2670/182/923 2667/184/923 2647/234/923
f 2661/186/944 2673/221/944 2670/182/944 2651/223/944
f 2649/215/941 2668/219/941 2669/178/941 2653/227/941
f 2655/232/961 2676/216/961 2668/219/961 2649/215/961
f 2694/176/923 2680/175/923 2684/177/923 2695/178/923
f 2698/179/944 2692/180/944 2682/181/944 2696/182/944
f 2696/182/962 2682/181/962 2678/183/962 2693/184/962
f 2686/185/963 2689/186/963 2681/187/963 2677/188/963
f 2692/180/964 2687/189/964 2678/190/964 2682/181/964
f 2683/197/965 2690/200/965 2685/201/965 2679/196/965
f 2691/195/966 2688/194/966 2687/189/966 2692/180/966
f 2683/197/944 2695/178/944 2697/203/944 2690/200/944
f 2685/201/967 2690/200/967 2689/186/967 2686/185/967
f 2700/209/968 2688/208/968 2680/175/968 2694/176/968
f 2697/203/944 2691/195/944 2692/180/944 2698/179/944
f 2693/204/969 2678/205/969 2687/206/969 2699/207/969
f 2699/207/970 2687/206/970 2688/208/970 2700/209/970
f 2684/177/971 2691/195/971 2697/203/971 2695/178/971
f 2686/212/972 2699/207/972 2700/209/972 2685/210/972
f 2677/213/973 2693/204/973 2699/207/973 2686/212/973
f 2690/200/944 2697/203/944 2698/179/944 2689/186/944
f 2700/209/974 2694/176/974 2679/215/974 2685/210/974
f 2681/187/941 2696/182/941 2693/184/941 2677/214/941
f 2689/186/944 2698/179/944 2696/182/944 2681/187/944
f 2679/215/923 2694/176/923 2695/178/923 2683/197/923
f 2680/191/975 2688/194/975 2691/195/975 2684/177/975
f 2730/173/976 2714/174/976 2704/175/976 2722/176/976
f 2722/176/923 2704/175/923 2708/177/923 2723/178/923
f 2727/179/924 2720/180/924 2706/181/924 2724/182/924
f 2724/182/977 2706/181/977 2702/183/977 2721/184/977
f 2711/185/978 2715/186/978 2705/187/978 2701/188/978
f 2720/180/979 2712/189/979 2702/190/979 2706/181/979
f 2708/177/980 2704/191/980 2714/192/980 2718/193/980
f 2718/193/981 2714/192/981 2713/194/981 2719/195/981
f 2719/195/982 2713/194/982 2712/189/982 2720/180/982
f 2703/196/983 2707/197/983 2717/198/983 2709/199/983
f 2709/199/984 2717/198/984 2716/200/984 2710/201/984
f 2710/201/985 2716/200/985 2715/186/985 2711/185/985
f 2723/178/986 2708/177/986 2718/193/986 2725/202/986
f 2725/202/924 2718/193/924 2719/195/924 2726/203/924
f 2726/203/924 2719/195/924 2720/180/924 2727/179/924
f 2721/204/987 2702/205/987 2712/206/987 2728/207/987
f 2728/207/988 2712/206/988 2713/208/988 2729/209/988
f 2729/209/989 2713/208/989 2714/174/989 2730/173/989
f 2710/210/990 2729/209/990 2730/173/990 2709/211/990
f 2711/212/991 2728/207/991 2729/209/991 2710/210/991
f 2701/213/992 2721/204/992 2728/207/992 2711/212/992
f 2716/200/924 2726/203/924 2727/179/924 2715/186/924
f 2717/198/924 2725/202/924 2726/203/924 2716/200/924
f 2707/197/924 2723/178/924 2725/202/924 2717/198/924
f 2705/187/941 2724/182/941 2721/184/941 2701/214/941
f 2715/186/924 2727/179/924 2724/182/924 2705/187/924
f 2703/215/923 2722/176/923 2723/178/923 2707/197/923
f 2709/211/993 2730/173/993 2722/176/993 2703/215/993
f 2760/216/994 2744/217/994 2734/218/994 2752/219/994
f 2752/219/923 2734/218/923 2738/220/923 2753/178/923
f 2757/221/924 2750/180/924 2736/181/924 2754/182/924
f 2754/182/995 2736/181/995 2732/183/995 2751/184/995
f 2741/222/996 2745/186/996 2735/223/996 2731/188/996
f 2750/180/997 2742/189/997 2732/190/997 2736/181/997
f 2738/220/998 2734/224/998 2744/192/998 2748/225/998
f 2748/225/999 2744/192/999 2743/226/999 2749/195/999
f 2749/195/1000 2743/226/1000 2742/189/1000 2750/180/1000
f 2733/196/1001 2737/227/1001 2747/198/1001 2739/199/1001
f 2739/199/1002 2747/198/1002 2746/200/1002 2740/201/1002
f 2740/201/1003 2746/200/1003 2745/186/1003 2741/222/1003
f 2753/178/1004 2738/220/1004 2748/225/1004 2755/228/1004
f 2755/228/924 2748/225/924 2749/195/924 2756/203/924
f 2756/203/924 2749/195/924 2750/180/924 2757/221/924
f 2751/204/1005 2732/205/1005 2742/206/1005 2758/229/1005
f 2758/229/1006 2742/206/1006 2743/230/1006 2759/231/1006
f 2759/231/1007 2743/230/1007 2744/217/1007 2760/216/1007
f 2740/210/1008 2759/231/1008 2760/216/1008 2739/232/1008
f 2741/233/1009 2758/229/1009 2759/231/1009 2740/210/1009
f 2731/213/1010 2751/204/1010 2758/229/1010 2741/233/1010
f 2746/200/924 2756/203/924 2757/221/924 2745/186/924
f 2747/198/924 2755/228/924 2756/203/924 2746/200/924
f 2737/227/924 2753/178/924 2755/228/924 2747/198/924
f 2735/223/941 2754/182/941 2751/184/941 2731/234/941
f 2745/186/924 2757/221/924 2754/182/924 2735/223/924
f 2733/215/923 2752/219/923 2753/178/923 2737/227/923
f 2739/232/1011 2760/216/1011 2752/219/1011 2733/215/1011
f 2778/176/923 2764/175/923 2768/177/923 2779/178/923
f 2782/179/944 2776/180/944 2766/181/944 2780/182/944
f 2780/182/1012 2766/181/1012 2762/183/1012 2777/184/1012
f 2770/185/1013 2773/186/1013 2765/187/1013 2761/188/1013
f 2776/180/1014 2771/189/1014 2762/190/1014 2766/181/1014
f 2767/197/1015 2774/200/1015 2769/201/1015 2763/196/1015
f 2775/195/1016 2772/194/1016 2771/189/1016 2776/180/1016
f 2767/197/944 2779/178/944 2781/203/944 2774/200/944
f 2769/201/1017 2774/200/1017 2773/186/1017 2770/185/1017
f 2784/209/1018 2772/208/1018 2764/175/1018 2778/176/1018
f 2781/203/944 2775/195/944 2776/180/944 2782/179/944
f 2777/204/1019 2762/205/1019 2771/206/1019 2783/207/1019
f 2783/207/1020 2771/206/1020 2772/208/1020 2784/209/1020
f 2768/177/1021 2775/195/1021 2781/203/1021 2779/178/1021
f 2770/212/1022 2783/207/1022 2784/209/1022 2769/210/1022
f 2761/213/1023 2777/204/1023 2783/207/1023 2770/212/1023
f 2774/200/944 2781/203/944 2782/179/944 2773/186/944
f 2784/209/1024 2778/176/1024 2763/215/1024 2769/210/1024
f 2765/187/941 2780/182/941 2777/184/941 2761/214/941
f 2773/186/944 2782/179/944 2780/182/944 2765/187/944
f 2763/215/923 2778/176/923 2779/178/923 2767/197/923
f 2764/191/1025 2772/194/1025 2775/195/1025 2768/177/1025
f 2814/173/1026 2798/174/1026 2788/175/1026 2806/176/1026
f 2806/176/941 2788/175/941 2792/177/941 2807/178/941
f 2811/179/924 2804/180/924 2790/181/924 2808/182/924
f 2808/182/1027 2790/181/1027 2786/183/1027 2805/184/1027
f 2795/185/1028 2799/186/1028 2789/187/1028 2785/188/1028
f 2804/180/1029 2796/189/1029 2786/190/1029 2790/181/1029
f 2792/177/1030 2788/191/1030 2798/192/1030 2802/193/1030
f 2802/193/1031 2798/192/1031 2797/194/1031 2803/195/1031
f 2803/195/1032 2797/194/1032 2796/189/1032 2804/180/1032
f 2787/196/1033 2791/197/1033 2801/198/1033 2793/199/1033
f 2793/199/1034 2801/198/1034 2800/200/1034 2794/201/1034
f 2794/201/1035 2800/200/1035 2799/186/1035 2795/185/1035
f 2807/178/1036 2792/177/1036 2802/193/1036 2809/202/1036
f 2809/202/924 2802/193/924 2803/195/924 2810/203/924
f 2810/203/924 2803/195/924 2804/180/924 2811/179/924
f 2805/204/1037 2786/205/1037 2796/206/1037 2812/207/1037
f 2812/207/1038 2796/206/1038 2797/208/1038 2813/209/1038
f 2813/209/1039 2797/208/1039 2798/174/1039 2814/173/1039
f 2794/210/1040 2813/209/1040 2814/173/1040 2793/211/1040
f 2795/212/1041 2812/207/1041 2813/209/1041 2794/210/1041
f 2785/213/1042 2805/204/1042 2812/207/1042 2795/212/1042
f 2800/200/924 2810/203/924 2811/179/924 2799/186/924
f 2801/198/924 2809/202/924 2810/203/924 2800/200/924
f 2791/197/924 2807/178/924 2809/202/924 2801/198/924
f 2789/187/923 2808/182/923 2805/184/923 2785/214/923
f 2799/186/924 2811/179/924 2808/182/924 2789/187/924
f 2787/215/941 2806/176/941 2807/178/941 2791/197/941
f 2793/211/1043 2814/173/1043 2806/176/1043 2787/215/1043
f 2832/176/923 2818/175/923 2822/177/923 2833/178/923
f 2836/179/1044 2830/180/1044 2820/181/1044 2834/182/1044
f 2834/182/1045 2820/181/1045 2816/183/1045 2831/184/1045
f 2824/185/1046 2827/186/1046 2819/187/1046 2815/188/1046
f 2830/180/1047 2825/189/1047 2816/190/1047 2820/181/1047
f 2821/197/1048 2828/200/1048 2823/201/1048 2817/196/1048
f 2829/195/1049 2826/194/1049 2825/189/1049 2830/180/1049
f 2821/197/1044 2833/178/1044 2835/203/1044 2828/200/1044
f 2823/201/1050 2828/200/1050 2827/186/1050 2824/185/1050
f 2838/209/1051 2826/208/1051 2818/175/1051 2832/176/1051
f 2835/203/1044 2829/195/1044 2830/180/1044 2836/179/1044
f 2831/204/1052 2816/205/1052 2825/206/1052 2837/207/1052
f 2837/207/1053 2825/206/1053 2826/208/1053 2838/209/1053
f 2822/177/1054 2829/195/1054 2835/203/1054 2833/178/1054
f 2824/212/1055 2837/207/1055 2838/209/1055 2823/210/1055
f 2815/213/1056 2831/204/1056 2837/207/1056 2824/212/1056
f 2828/200/1044 2835/203/1044 2836/179/1044 2827/186/1044
f 2838/209/1057 2832/176/1057 2817/215/1057 2823/210/1057
f 2819/187/941 2834/182/941 2831/184/941 2815/214/941
f 2827/186/1044 2836/179/1044 2834/182/1044 2819/187/1044
f 2817/215/923 2832/176/923 2833/178/923 2821/197/923
f 2818/191/1058 2826/194/1058 2829/195/1058 2822/177/1058
f 2868/216/1059 2852/217/1059 2842/218/1059 2860/219/1059
f 2860/219/941 2842/218/941 2846/220/941 2861/178/941
f 2865/221/1044 2858/180/1044 2844/181/1044 2862/182/1044
f 2862/182/1060 2844/181/1060 2840/183/1060 2859/184/1060
f 2849/222/1061 2853/186/1061 2843/223/1061 2839/188/1061
f 2858/180/1062 2850/189/1062 2840/190/1062 2844/181/1062
f 2846/220/1063 2842/224/1063 2852/192/1063 2856/225/1063
f 2856/225/1064 2852/192/1064 2851/226/1064 2857/195/1064
f 2857/195/1065 2851/226/1065 2850/189/1065 2858/180/1065
f 2841/196/1066 2845/227/1066 2855/198/1066 2847/199/1066
f 2847/199/1067 2855/198/1067 2854/200/1067 2848/201/1067
f 2848/201/1068 2854/200/1068 2853/186/1068 2849/222/1068
f 2861/178/1069 2846/220/1069 2856/225/1069 2863/228/1069
f 2863/228/1044 2856/225/1044 2857/195/1044 2864/203/1044
f 2864/203/1044 2857/195/1044 2858/180/1044 2865/221/1044
f 2859/204/1070 2840/205/1070 2850/206/1070 2866/229/1070
f 2866/229/1071 2850/206/1071 2851/230/1071 2867/231/1071
f 2867/231/1072 2851/230/1072 2852/217/1072 2868/216/1072
f 2848/210/1073 2867/231/1073 2868/216/1073 2847/232/1073
f 2849/233/1074 2866/229/1074 2867/231/1074 2848/210/1074
f 2839/213/1075 2859/204/1075 2866/229/1075 2849/233/1075
f 2854/200/1044 2864/203/1044 2865/221/1044 2853/186/1044
f 2855/198/1044 2863/228/1044 2864/203/1044 2854/200/1044
f 2845/227/1044 2861/178/1044 2863/228/1044 2855/198/1044
f 2843/223/923 2862/182/923 2859/184/923 2839/234/923
f 2853/186/1044 2865/221/1044 2862/182/1044 2843/223/1044
f 2841/215/941 2860/219/941 2861/178/941 2845/227/941
f 2847/232/1076 2868/216/1076 2860/219/1076 2841/215/1076
f 2898/216/1077 2882/217/1077 2872/218/1077 2890/219/1077
f 2890/219/941 2872/218/941 2876/220/941 2891/178/941
f 2895/221/944 2888/180/944 2874/181/944 2892/182/944
f 2892/182/1078 2874/181/1078 2870/183/1078 2889/184/1078
f 2879/222/1079 2883/186/1079 2873/223/1079 2869/188/1079
f 2888/180/1080 2880/189/1080 2870/190/1080 2874/181/1080
f 2876/220/1081 2872/224/1081 2882/192/1081 2886/225/1081
f 2886/225/1082 2882/192/1082 2881/226/1082 2887/195/1082
f 2887/195/1083 2881/226/1083 2880/189/1083 2888/180/1083
f 2871/196/1084 2875/227/1084 2885/198/1084 2877/199/1084
f 2877/199/1085 2885/198/1085 2884/200/1085 2878/201/1085
f 2878/201/1086 2884/200/1086 2883/186/1086 2879/222/1086
f 2891/178/1087 2876/220/1087 2886/225/1087 2893/228/1087
f 2893/228/944 2886/225/944 2887/195/944 2894/203/944
f 2894/203/944 2887/195/944 2888/180/944 2895/221/944
f 2889/204/1088 2870/205/1088 2880/206/1088 2896/229/1088
f 2896/229/1089 2880/206/1089 2881/230/1089 2897/231/1089
f 2897/231/1090 2881/230/1090 2882/217/1090 2898/216/1090
f 2878/210/1091 2897/231/1091 2898/216/1091 2877/232/1091
f 2879/233/1092 2896/229/1092 2897/231/1092 2878/210/1092
f 2869/213/1093 2889/204/1093 2896/229/1093 2879/233/1093
f 2884/200/944 2894/203/944 2895/221/944 2883/186/944
f 2885/198/944 2893/228/944 2894/203/944 2884/200/944
f 2875/227/944 2891/178/944 2893/228/944 2885/198/944
f 2873/223/923 2892/182/923 2889/184/923 2869/234/923
f 2883/186/944 2895/221/944 2892/182/944 2873/223/944
f 2871/215/941 2890/219/941 2891/178/941 2875/227/941
f 2877/232/1094 2898/216/1094 2890/219/1094 2871/215/1094
f 2916/176/923 2902/175/923 2906/177/923 2917/178/923
f 2920/179/1095 2914/180/1095 2904/181/1095 2918/182/1095
f 2918/182/1096 2904/181/1096 2900/183/1096 2915/184/1096
f 2908/185/1097 2911/186/1097 2903/187/1097 2899/188/1097
f 2914/180/1098 2909/189/1098 2900/190/1098 2904/181/1098
f 2905/197/1099 2912/200/1099 2907/201/1099 2901/196/1099
f 2913/195/1100 2910/194/1100 2909/189/1100 2914/180/1100
f 2905/197/1095 2917/178/1095 2919/203/1095 2912/200/1095
f 2907/201/1101 2912/200/1101 2911/186/1101 2908/185/1101
f 2922/209/1102 2910/208/1102 2902/175/1102 2916/176/1102
f 2919/203/1095 2913/195/1095 2914/180/1095 2920/179/1095
f 2915/204/1103 2900/205/1103 2909/206/1103 2921/207/1103
f 2921/207/1104 2909/206/1104 2910/208/1104 2922/209/1104
f 2906/177/1105 2913/195/1105 2919/203/1105 2917/178/1105
f 2908/212/1106 2921/207/1106 2922/209/1106 2907/210/1106
f 2899/213/1107 2915/204/1107 2921/207/1107 2908/212/1107
f 2912/200/1095 2919/203/1095 2920/179/1095 2911/186/1095
f 2922/209/1108 2916/176/1108 2901/215/1108 2907/210/1108
f 2903/187/941 2918/182/941 2915/184/941 2899/214/941
f 2911/186/1095 2920/179/1095 2918/182/1095 2903/187/1095
f 2901/215/923 2916/176/923 2917/178/923 2905/197/923
f 2902/191/1109 2910/194/1109 2913/195/1109 2906/177/1109
f 2952/173/1110 2936/174/1110 2926/175/1110 2944/176/1110
f 2944/176/923 2926/175/923 2930/177/923 2945/178/923
f 2949/179/924 2942/180/924 2928/181/924 2946/182/924
f 2946/182/1111 2928/181/1111 2924/183/1111 2943/184/1111
f 2933/185/1112 2937/186/1112 2927/187/1112 2923/188/1112
f 2942/180/1113 2934/189/1113 2924/190/1113 2928/181/1113
f 2930/177/1114 2926/191/1114 2936/192/1114 2940/193/1114
f 2940/193/1115 2936/192/1115 2935/194/1115 2941/195/1115
f 2941/195/1116 2935/194/1116 2934/189/1116 2942/180/1116
f 2925/196/1117 2929/197/1117 2939/198/1117 2931/199/1117
f 2931/199/1118 2939/198/1118 2938/200/1118 2932/201/1118
f 2932/201/1119 2938/200/1119 2937/186/1119 2933/185/1119
f 2945/178/1120 2930/177/1120 2940/193/1120 2947/202/1120
f 2947/202/924 2940/193/924 2941/195/924 2948/203/924
f 2948/203/924 2941/195/924 2942/180/924 2949/179/924
f 2943/204/1121 2924/205/1121 2934/206/1121 2950/207/1121
f 2950/207/1122 2934/206/1122 2935/208/1122 2951/209/1122
f 2951/209/1123 2935/208/1123 2936/174/1123 2952/173/1123
f 2932/210/1124 2951/209/1124 2952/173/1124 2931/211/1124
f 2933/212/1125 2950/207/1125 2951/209/1125 2932/210/1125
f 2923/213/1126 2943/204/1126 2950/207/1126 2933/212/1126
f 2938/200/924 2948/203/924 2949/179/924 2937/186/924
f 2939/198/924 2947/202/924 2948/203/924 2938/200/924
f 2929/197/924 2945/178/924 2947/202/924 2939/198/924
f 2927/187/941 2946/182/941 2943/184/941 2923/214/941
f 2937/186/924 2949/179/924 2946/182/924 2927/187/924
f 2925/215/923 2944/176/923 2945/178/923 2929/197/923
f 2931/211/1127 2952/173/1127 2944/176/1127 2925/215/1127
f 2982/216/1128 2966/217/1128 2956/218/1128 2974/219/1128
f 2974/219/923 2956/218/923 2960/220/923 2975/178/923
f 2979/221/924 2972/180/924 2958/181/924 2976/182/924
f 2976/182/1129 2958/181/1129 2954/183/1129 2973/184/1129
f 2963/222/1130 2967/186/1130 2957/223/1130 2953/188/1130
f 2972/180/1131 2964/189/1131 2954/190/1131 2958/181/1131
f 2960/220/1132 2956/224/1132 2966/192/1132 2970/225/1132
f 2970/225/1133 2966/192/1133 2965/226/1133 2971/195/1133
f 2971/195/1134 2965/226/1134 2964/189/1134 2972/180/1134
f 2955/196/1135 2959/227/1135 2969/198/1135 2961/199/1135
f 2961/199/1136 2969/198/1136 2968/200/1136 2962/201/1136
f 2962/201/1137 2968/200/1137 2967/186/1137 2963/222/1137
f 2975/178/1138 2960/220/1138 2970/225/1138 2977/228/1138
f 2977/228/924 2970/225/924 2971/195/924 2978/203/924
f 2978/203/924 2971/195/924 2972/180/924 2979/221/924
f 2973/204/1139 2954/205/1139 2964/206/1139 2980/229/1139
f 2980/229/1140 2964/206/1140 2965/230/1140 2981/231/1140
f 2981/231/1141 2965/230/1141 2966/217/1141 2982/216/1141
f 2962/210/1142 2981/231/1142 2982/216/1142 2961/232/1142
f 2963/233/1143 2980/229/1143 2981/231/1143 2962/210/1143
f 2953/213/1144 2973/204/1144 2980/229/1144 2963/233/1144
f 2968/200/924 2978/203/924 2979/221/924 2967/186/924
f 2969/198/924 2977/228/924 2978/203/924 2968/200/924
f 2959/227/924 2975/178/924 2977/228/924 2969/198/924
f 2957/223/941 2976/182/941 2973/184/941 2953/234/941
f 2967/186/924 2979/221/924 2976/182/924 2957/223/924
f 2955/215/923 2974/219/923 2975/178/923 2959/227/923
f 2961/232/1145 2982/216/1145 2974/219/1145 2955/215/1145
f 3000/176/923 2986/175/923 2990/177/923 3001/178/923
f 3004/179/944 2998/180/944 2988/181/944 3002/182/944
f 3002/182/1012 2988/181/1012 2984/183/1012 2999/184/1012
f 2992/185/1013 2995/186/1013 2987/187/1013 2983/188/1013
f 2998/180/1014 2993/189/1014 2984/190/1014 2988/181/1014
f 2989/197/1015 2996/200/1015 2991/201/1015 2985/196/1015
f 2997/195/1016 2994/194/1016 2993/189/1016 2998/180/1016
f 2989/197/944 3001/178/944 3003/203/944 2996/200/944
f 2991/201/1017 2996/200/1017 2995/186/1017 2992/185/1017
f 3006/209/1018 2994/208/1018 2986/175/1018 3000/176/1018
f 3003/203/944 2997/195/944 2998/180/944 3004/179/944
f 2999/204/1019 2984/205/1019 2993/206/1019 3005/207/1019
f 3005/207/1020 2993/206/1020 2994/208/1020 3006/209/1020
f 2990/177/1021 2997/195/1021 3003/203/1021 3001/178/1021
f 2992/212/1022 3005/207/1022 3006/209/1022 2991/210/1022
f 2983/213/1023 2999/204/1023 3005/207/1023 2992/212/1023
f 2996/200/944 3003/203/944 3004/179/944 2995/186/944
f 3006/209/1024 3000/176/1024 2985/215/1024 2991/210/1024
f 2987/187/941 3002/182/941 2999/184/941 2983/214/941
f 2995/186/944 3004/179/944 3002/182/944 2987/187/944
f 2985/215/923 3000/176/923 3001/178/923 2989/197/923
f 2986/191/1025 2994/194/1025 2997/195/1025 2990/177/1025
f 3036/216/1146 3020/217/1146 3010/218/1146 3028/219/1146
f 3028/219/941 3010/218/941 3014/220/941 3029/178/941
f 3033/221/924 3026/180/924 3012/181/924 3030/182/924
f 3030/182/1147 3012/181/1147 3008/183/1147 3027/184/1147
f 3017/222/1148 3021/186/1148 3011/223/1148 3007/188/1148
f 3026/180/1149 3018/189/1149 3008/190/1149 3012/181/1149
f 3014/220/1150 3010/224/1150 3020/192/1150 3024/225/1150
f 3024/225/1151 3020/192/1151 3019/226/1151 3025/195/1151
f 3025/195/1152 3019/226/1152 3018/189/1152 3026/180/1152
f 3009/196/1153 3013/227/1153 3023/198/1153 3015/199/1153
f 3015/199/1154 3023/198/1154 3022/200/1154 3016/201/1154
f 3016/201/1155 3022/200/1155 3021/186/1155 3017/222/1155
f 3029/178/1156 3014/220/1156 3024/225/1156 3031/228/1156
f 3031/228/924 3024/225/924 3025/195/924 3032/203/924
f 3032/203/924 3025/195/924 3026/180/924 3033/221/924
f 3027/204/1157 3008/205/1157 3018/206/1157 3034/229/1157
f 3034/229/1158 3018/206/1158 3019/230/1158 3035/231/1158
f 3035/231/1159 3019/230/1159 3020/217/1159 3036/216/1159
f 3016/210/1160 3035/231/1160 3036/216/1160 3015/232/1160
f 3017/233/1161 3034/229/1161 3035/231/1161 3016/210/1161
f 3007/213/1162 3027/204/1162 3034/229/1162 3017/233/1162
f 3022/200/924 3032/203/924 3033/221/924 3021/186/924
f 3023/198/924 3031/228/924 3032/203/924 3022/200/924
f 3013/227/924 3029/178/924 3031/228/924 3023/198/924
f 3011/223/923 3030/182/923 3027/184/923 3007/234/923
f 3021/186/924 3033/221/924 3030/182/924 3011/223/924
f 3009/215/941 3028/219/941 3029/178/941 3013/227/941
f 3015/232/1163 3036/216/1163 3028/219/1163 3009/215/1163
f 3066/173/1110 3050/174/1110 3040/175/1110 3058/176/1110
f 3058/176/923 3040/175/923 3044/177/923 3059/178/923
f 3063/179/924 3056/180/924 3042/181/924 3060/182/924
f 3060/182/1111 3042/181/1111 3038/183/1111 3057/184/1111
f 3047/185/1112 3051/186/1112 3041/187/1112 3037/188/1112
f 3056/180/1113 3048/189/1113 3038/190/1113 3042/181/1113
f 3044/177/1114 3040/191/1114 3050/192/1114 3054/193/1114
f 3054/193/1115 3050/192/1115 3049/194/1115 3055/195/1115
f 3055/195/1116 3049/194/1116 3048/189/1116 3056/180/1116
f 3039/196/1117 3043/197/1117 3053/198/1117 3045/199/1117
f 3045/199/1118 3053/198/1118 3052/200/1118 3046/201/1118
f 3046/201/1119 3052/200/1119 3051/186/1119 3047/185/1119
f 3059/178/1120 3044/177/1120 3054/193/1120 3061/202/1120
f 3061/202/924 3054/193/924 3055/195/924 3062/203/924
f 3062/203/924 3055/195/924 3056/180/924 3063/179/924
f 3057/204/1121 3038/205/1121 3048/206/1121 3064/207/1121
f 3064/207/1122 3048/206/1122 3049/208/1122 3065/209/1122
f 3065/209/1123 3049/208/1123 3050/174/1123 3066/173/1123
f 3046/210/1124 3065/209/1124 3066/173/1124 3045/211/1124
f 3047/212/1125 3064/207/1125 3065/209/1125 3046/210/1125
f 3037/213/1126 3057/204/1126 3064/207/1126 3047/212/1126
f 3052/200/924 3062/203/924 3063/179/924 3051/186/924
f 3053/198/924 3061/202/924 3062/203/924 3052/200/924
f 3043/197/924 3059/178/924 3061/202/924 3053/198/924
f 3041/187/941 3060/182/941 3057/184/941 3037/214/941
f 3051/186/924 3063/179/924 3060/182/924 3041/187/924
f 3039/215/923 3058/176/923 3059/178/923 3043/197/923
f 3045/211/1127 3066/173/1127 3058/176/1127 3039/215/1127
f 3096/216/1164 3080/217/1164 3070/218/1164 3088/219/1164
f 3088/219/941 3070/218/941 3074/220/941 3089/178/941
f 3093/221/924 3086/180/924 3072/181/924 3090/182/924
f 3090/182/1165 3072/181/1165 3068/183/1165 3087/184/1165
f 3077/222/1166 3081/186/1166 3071/223/1166 3067/188/1166
f 3086/180/1167 3078/189/1167 3068/190/1167 3072/181/1167
f 3074/220/1168 3070/224/1168 3080/192/1168 3084/225/1168
f 3084/225/1169 3080/192/1169 3079/226/1169 3085/195/1169
f 3085/195/1170 3079/226/1170 3078/189/1170 3086/180/1170
f 3069/196/1171 3073/227/1171 3083/198/1171 3075/199/1171
f 3075/199/1172 3083/198/1172 3082/200/1172 3076/201/1172
f 3076/201/1173 3082/200/1173 3081/186/1173 3077/222/1173
f 3089/178/1174 3074/220/1174 3084/225/1174 3091/228/1174
f 3091/228/924 3084/225/924 3085/195/924 3092/203/924
f 3092/203/924 3085/195/924 3086/180/924 3093/221/924
f 3087/204/1175 3068/205/1175 3078/206/1175 3094/229/1175
f 3094/229/1176 3078/206/1176 3079/230/1176 3095/231/1176
f 3095/231/1177 3079/230/1177 3080/217/1177 3096/216/1177
f 3076/210/1178 3095/231/1178 3096/216/1178 3075/232/1178
f 3077/233/1179 3094/229/1179 3095/231/1179 3076/210/1179
f 3067/213/1180 3087/204/1180 3094/229/1180 3077/233/1180
f 3082/200/924 3092/203/924 3093/221/924 3081/186/924
f 3083/198/924 3091/228/924 3092/203/924 3082/200/924
f 3073/227/924 3089/178/924 3091/228/924 3083/198/924
f 3071/223/923 3090/182/923 3087/184/923 3067/234/923
f 3081/186/924 3093/221/924 3090/182/924 3071/223/924
f 3069/215/941 3088/219/941 3089/178/941 3073/227/941
f 3075/232/1181 3096/216/1181 3088/219/1181 3069/215/1181
f 3126/216/1182 3110/217/1182 3100/218/1182 3118/219/1182
f 3118/219/923 3100/218/923 3104/220/923 3119/178/923
f 3123/221/944 3116/180/944 3102/181/944 3120/182/944
f 3120/182/1183 3102/181/1183 3098/183/1183 3117/184/1183
f 3107/222/1184 3111/186/1184 3101/223/1184 3097/188/1184
f 3116/180/1185 3108/189/1185 3098/190/1185 3102/181/1185
f 3104/220/1186 3100/224/1186 3110/192/1186 3114/225/1186
f 3114/225/1187 3110/192/1187 3109/226/1187 3115/195/1187
f 3115/195/1188 3109/226/1188 3108/189/1188 3116/180/1188
f 3099/196/1189 3103/227/1189 3113/198/1189 3105/199/1189
f 3105/199/1190 3113/198/1190 3112/200/1190 3106/201/1190
f 3106/201/1191 3112/200/1191 3111/186/1191 3107/222/1191
f 3119/178/1192 3104/220/1192 3114/225/1192 3121/228/1192
f 3121/228/944 3114/225/944 3115/195/944 3122/203/944
f 3122/203/944 3115/195/944 3116/180/944 3123/221/944
f 3117/204/1193 3098/205/1193 3108/206/1193 3124/229/1193
f 3124/229/1194 3108/206/1194 3109/230/1194 3125/231/1194
f 3125/231/1195 3109/230/1195 3110/217/1195 3126/216/1195
f 3106/210/1196 3125/231/1196 3126/216/1196 3105/232/1196
f 3107/233/1197 3124/229/1197 3125/231/1197 3106/210/1197
f 3097/213/1198 3117/204/1198 3124/229/1198 3107/233/1198
f 3112/200/944 3122/203/944 3123/221/944 3111/186/944
f 3113/198/944 3121/228/944 3122/203/944 3112/200/944
f 3103/227/944 3119/178/944 3121/228/944 3113/198/944
f 3101/223/941 3120/182/941 3117/184/941 3097/234/941
f 3111/186/944 3123/221/944 3120/182/944 3101/223/944
f 3099/215/923 3118/219/923 3119/178/923 3103/227/923
f 3105/232/1199 3126/216/1199 3118/219/1199 3099/215/1199
f 3144/176/941 3130/175/941 3134/177/941 3145/178/941
f 3148/179/944 3142/180/944 3132/181/944 3146/182/944
f 3146/182/1200 3132/181/1200 3128/183/1200 3143/184/1200
f 3136/185/1201 3139/186/1201 3131/187/1201 3127/188/1201
f 3142/180/1202 3137/189/1202 3128/190/1202 3132/181/1202
f 3133/197/1203 3140/200/1203 3135/201/1203 3129/196/1203
f 3141/195/1204 3138/194/1204 3137/189/1204 3142/180/1204
f 3133/197/944 3145/178/944 3147/203/944 3140/200/944
f 3135/201/1205 3140/200/1205 3139/186/1205 3136/185/1205
f 3150/209/1206 3138/208/1206 3130/175/1206 3144/176/1206
f 3147/203/944 3141/195/944 3142/180/944 3148/179/944
f 3143/204/1207 3128/205/1207 3137/206/1207 3149/207/1207
f 3149/207/1208 3137/206/1208 3138/208/1208 3150/209/1208
f 3134/177/1209 3141/195/1209 3147/203/1209 3145/178/1209
f 3136/212/1210 3149/207/1210 3150/209/1210 3135/210/1210
f 3127/213/1211 3143/204/1211 3149/207/1211 3136/212/1211
f 3140/200/944 3147/203/944 3148/179/944 3139/186/944
f 3150/209/1212 3144/176/1212 3129/215/1212 3135/210/1212
f 3131/187/923 3146/182/923 3143/184/923 3127/214/923
f 3139/186/944 3148/179/944 3146/182/944 3131/187/944
f 3129/215/941 3144/176/941 3145/178/941 3133/197/941
f 3130/191/1213 3138/194/1213 3141/195/1213 3134/177/1213
f 3180/173/976 3164/174/976 3154/175/976 3172/176/976
f 3172/176/923 3154/175/923 3158/177/923 3173/178/923
f 3177/179/924 3170/180/924 3156/181/924 3174/182/924
f 3174/182/977 3156/181/977 3152/183/977 3171/184/977
f 3161/185/978 3165/186/978 3155/187/978 3151/188/978
f 3170/180/979 3162/189/979 3152/190/979 3156/181/979
f 3158/177/980 3154/191/980 3164/192/980 3168/193/980
f 3168/193/981 3164/192/981 3163/194/981 3169/195/981
f 3169/195/982 3163/194/982 3162/189/982 3170/180/982
f 3153/196/983 3157/197/983 3167/198/983 3159/199/983
f 3159/199/984 3167/198/984 3166/200/984 3160/201/984
f 3160/201/985 3166/200/985 3165/186/985 3161/185/985
f 3173/178/986 3158/177/986 3168/193/986 3175/202/986
f 3175/202/924 3168/193/924 3169/195/924 3176/203/924
f 3176/203/924 3169/195/924 3170/180/924 3177/179/924
f 3171/204/987 3152/205/987 3162/206/987 3178/207/987
f 3178/207/988 3162/206/988 3163/208/988 3179/209/988
f 3179/209/989 3163/208/989 3164/174/989 3180/173/989
f 3160/210/990 3179/209/990 3180/173/990 3159/211/990
f 3161/212/991 3178/207/991 3179/209/991 3160/210/991
f 3151/213/992 3171/204/992 3178/207/992 3161/212/992
f 3166/200/924 3176/203/924 3177/179/924 3165/186/924
f 3167/198/924 3175/202/924 3176/203/924 3166/200/924
f 3157/197/924 3173/178/924 3175/202/924 3167/198/924
f 3155/187/941 3174/182/941 3171/184/941 3151/214/941
f 3165/186/924 3177/179/924 3174/182/924 3155/187/924
f 3153/215/923 3172/176/923 3173/178/923 3157/197/923
f 3159/211/993 3180/173/993 3172/176/993 3153/215/993
f 3210/216/1077 3194/217/1077 3184/218/1077 3202/219/1077
f 3202/219/941 3184/218/941 3188/220/941 3203/178/941
f 3207/221/944 3200/180/944 3186/181/944 3204/182/944
f 3204/182/1078 3186/181/1078 3182/183/1078 3201/184/1078
f 3191/222/1079 3195/186/1079 3185/223/1079 3181/188/1079
f 3200/180/1080 3192/189/1080 3182/190/1080 3186/181/1080
f 3188/220/1081 3184/224/1081 3194/192/1081 3198/225/1081
f 3198/225/1082 3194/192/1082 3193/226/1082 3199/195/1082
f 3199/195/1083 3193/226/1083 3192/189/1083 3200/180/1083
f 3183/196/1084 3187/227/1084 3197/198/1084 3189/199/1084
f 3189/199/1085 3197/198/1085 3196/200/1085 3190/201/1085
f 3190/201/1086 3196/200/1086 3195/186/1086 3191/222/1086
f 3203/178/1087 3188/220/1087 3198/225/1087 3205/228/1087
f 3205/228/944 3198/225/944 3199/195/944 3206/203/944
f 3206/203/944 3199/195/944 3200/180/944 3207/221/944
f 3201/204/1088 3182/205/1088 3192/206/1088 3208/229/1088
f 3208/229/1089 3192/206/1089 3193/230/1089 3209/231/1089
f 3209/231/1090 3193/230/1090 3194/217/1090 3210/216/1090
f 3190/210/1091 3209/231/1091 3210/216/1091 3189/232/1091
f 3191/233/1092 3208/229/1092 3209/231/1092 3190/210/1092
f 3181/213/1093 3201/204/1093 3208/229/1093 3191/233/1093
f 3196/200/944 3206/203/944 3207/221/944 3195/186/944
f 3197/198/944 3205/228/944 3206/203/944 3196/200/944
f 3187/227/944 3203/178/944 3205/228/944 3197/198/944
f 3185/223/923 3204/182/923 3201/184/923 3181/234/923
f 3195/186/944 3207/221/944 3204/182/944 3185/223/944
f 3183/215/941 3202/219/941 3203/178/941 3187/227/941
f 3189/232/1094 3210/216/1094 3202/219/1094 3183/215/1094
f 3240/173/1110 3224/174/1110 3214/175/1110 3232/176/1110
f 3232/176/923 3214/175/923 3218/177/923 3233/178/923
f 3237/179/924 3230/180/924 3216/181/924 3234/182/924
f 3234/182/1111 3216/181/1111 3212/183/1111 3231/184/1111
f 3221/185/1112 3225/186/1112 3215/187/1112 3211/188/1112
f 3230/180/1113 3222/189/1113 3212/190/1113 3216/181/1113
f 3218/177/1114 3214/191/1114 3224/192/1114 3228/193/1114
f 3228/193/1115 3224/192/1115 3223/194/1115 3229/195/1115
f 3229/195/1116 3223/194/1116 3222/189/1116 3230/180/1116
f 3213/196/1117 3217/197/1117 3227/198/1117 3219/199/1117
f 3219/199/1118 3227/198/1118 3226/200/1118 3220/201/1118
f 3220/201/1119 3226/200/1119 3225/186/1119 3221/185/1119
f 3233/178/1120 3218/177/1120 3228/193/1120 3235/202/1120
f 3235/202/924 3228/193/924 3229/195/924 3236/203/924
f 3236/203/924 3229/195/924 3230/180/924 3237/179/924
f 3231/204/1121 3212/205/1121 3222/206/1121 3238/207/1121
f 3238/207/1122 3222/206/1122 3223/208/1122 3239/209/1122
f 3239/209/1123 3223/208/1123 3224/174/1123 3240/173/1123
f 3220/210/1124 3239/209/1124 3240/173/1124 3219/211/1124
f 3221/212/1125 3238/207/1125 3239/209/1125 3220/210/1125
f 3211/213/1126 3231/204/1126 3238/207/1126 3221/212/1126
f 3226/200/924 3236/203/924 3237/179/924 3225/186/924
f 3227/198/924 3235/202/924 3236/203/924 3226/200/924
f 3217/197/924 3233/178/924 3235/202/924 3227/198/924
f 3215/187/941 3234/182/941 3231/184/941 3211/214/941
f 3225/186/924 3237/179/924 3234/182/924 3215/187/924
f 3213/215/923 3232/176/923 3233/178/923 3217/197/923
f 3219/211/1127 3240/173/1127 3232/176/1127 3213/215/1127
f 3270/216/994 3254/217/994 3244/218/994 3262/219/994
f 3262/219/923 3244/218/923 3248/220/923 3263/178/923
f 3267/221/924 3260/180/924 3246/181/924 3264/182/924
f 3264/182/995 3246/181/995 3242/183/995 3261/184/995
f 3251/222/996 3255/186/996 3245/223/996 3241/188/996
f 3260/180/997 3252/189/997 3242/190/997 3246/181/997
f 3248/220/998 3244/224/998 3254/192/998 3258/225/998
f 3258/225/999 3254/192/999 3253/226/999 3259/195/999
f 3259/195/1000 3253/226/1000 3252/189/1000 3260/180/1000
f 3243/196/1001 3247/227/1001 3257/198/1001 3249/199/1001
f 3249/199/1002 3257/198/1002 3256/200/1002 3250/201/1002
f 3250/201/1003 3256/200/1003 3255/186/1003 3251/222/1003
f 3263/178/1004 3248/220/1004 3258/225/1004 3265/228/1004
f 3265/228/924 3258/225/924 3259/195/924 3266/203/924
f 3266/203/924 3259/195/924 3260/180/924 3267/221/924
f 3261/204/1005 3242/205/1005 3252/206/1005 3268/229/1005
f 3268/229/1006 3252/206/1006 3253/230/1006 3269/231/1006
f 3269/231/1007 3253/230/1007 3254/217/1007 3270/216/1007
f 3250/210/1008 3269/231/1008 3270/216/1008 3249/232/1008
f 3251/233/1009 3268/229/1009 3269/231/1009 3250/210/1009
f 3241/213/1010 3261/204/1010 3268/229/1010 3251/233/1010
f 3256/200/924 3266/203/924 3267/221/924 3255/186/924
f 3257/198/924 3265/228/924 3266/203/924 3256/200/924
f 3247/227/924 3263/178/924 3265/228/924 3257/198/924
f 3245/223/941 3264/182/941 3261/184/941 3241/234/941
f 3255/186/924 3267/221/924 3264/182/924 3245/223/924
f 3243/215/923 3262/219/923 3263/178/923 3247/227/923
f 3249/232/1011 3270/216/1011 3262/219/1011 3243/215/1011
f 3288/176/923 3274/175/923 3278/177/923 3289/178/923
f 3292/179/944 3286/180/944 3276/181/944 3290/182/944
f 3290/182/1012 3276/181/1012 3272/183/1012 3287/184/1012
f 3280/185/1013 3283/186/1013 3275/187/1013 3271/188/1013
f 3286/180/1014 3281/189/1014 3272/190/1014 3276/181/1014
f 3277/197/1015 3284/200/1015 3279/201/1015 3273/196/1015
f 3285/195/1016 3282/194/1016 3281/189/1016 3286/180/1016
f 3277/197/944 3289/178/944 3291/203/944 3284/200/944
f 3279/201/1017 3284/200/1017 3283/186/1017 3280/185/1017
f 3294/209/1018 3282/208/1018 3274/175/1018 3288/176/1018
f 3291/203/944 3285/195/944 3286/180/944 3292/179/944
f 3287/204/1019 3272/205/1019 3281/206/1019 3293/207/1019
f 3293/207/1020 3281/206/1020 3282/208/1020 3294/209/1020
f 3278/177/1021 3285/195/1021 3291/203/1021 3289/178/1021
f 3280/212/1022 3293/207/1022 3294/209/1022 3279/210/1022
f 3271/213/1023 3287/204/1023 3293/207/1023 3280/212/1023
f 3284/200/944 3291/203/944 3292/179/944 3283/186/944
f 3294/209/1024 3288/176/1024 3273/215/1024 3279/210/1024
f 3275/187/941 3290/182/941 3287/184/941 3271/214/941
f 3283/186/944 3292/179/944 3290/182/944 3275/187/944
f 3273/215/923 3288/176/923 3289/178/923 3277/197/923
f 3274/191/1025 3282/194/1025 3285/195/1025 3278/177/1025
f 3324/173/1110 3308/174/1110 3298/175/1110 3316/176/1110
f 3316/176/923 3298/175/923 3302/177/923 3317/178/923
f 3321/179/924 3314/180/924 3300/181/924 3318/182/924
f 3318/182/1111 3300/181/1111 3296/183/1111 3315/184/1111
f 3305/185/1112 3309/186/1112 3299/187/1112 3295/188/1112
f 3314/180/1113 3306/189/1113 3296/190/1113 3300/181/1113
f 3302/177/1114 3298/191/1114 3308/192/1114 3312/193/1114
f 3312/193/1115 3308/192/1115 3307/194/1115 3313/195/1115
f 3313/195/1116 3307/194/1116 3306/189/1116 3314/180/1116
f 3297/196/1117 3301/197/1117 3311/198/1117 3303/199/1117
f 3303/199/1118 3311/198/1118 3310/200/1118 3304/201/1118
f 3304/201/1119 3310/200/1119 3309/186/1119 3305/185/1119
f 3317/178/1120 3302/177/1120 3312/193/1120 3319/202/1120
f 3319/202/924 3312/193/924 3313/195/924 3320/203/924
f 3320/203/924 3313/195/924 3314/180/924 3321/179/924
f 3315/204/1121 3296/205/1121 3306/206/1121 3322/207/1121
f 3322/207/1122 3306/206/1122 3307/208/1122 3323/209/1122
f 3323/209/1123 3307/208/1123 3308/174/1123 3324/173/1123
f 3304/210/1124 3323/209/1124 3324/173/1124 3303/211/1124
f 3305/212/1125 3322/207/1125 3323/209/1125 3304/210/1125
f 3295/213/1126 3315/204/1126 3322/207/1126 3305/212/1126
f 3310/200/924 3320/203/924 3321/179/924 3309/186/924
f 3311/198/924 3319/202/924 3320/203/924 3310/200/924
f 3301/197/924 3317/178/924 3319/202/924 3311/198/924
f 3299/187/941 3318/182/941 3315/184/941 3295/214/941
f 3309/186/924 3321/179/924 3318/182/924 3299/187/924
f 3297/215/923 3316/176/923 3317/178/923 3301/197/923
f 3303/211/1127 3324/173/1127 3316/176/1127 3297/215/1127
f 3354/216/1214 3338/217/1214 3328/218/1214 3346/219/1214
f 3346/219/923 3328/218/923 3332/220/923 3347/178/923
f 3351/221/944 3344/180/944 3330/181/944 3348/182/944
f 3348/182/1215 3330/181/1215 3326/183/1215 3345/184/1215
f 3335/222/1216 3339/186/1216 3329/223/1216 3325/188/1216
f 3344/180/1217 3336/189/1217 3326/190/1217 3330/181/1217
f 3332/220/1218 3328/224/1218 3338/192/1218 3342/225/1218
f 3342/225/1219 3338/192/1219 3337/226/1219 3343/195/1219
f 3343/195/1220 3337/226/1220 3336/189/1220 3344/180/1220
f 3327/196/1221 3331/227/1221 3341/198/1221 3333/199/1221
f 3333/199/1222 3341/198/1222 3340/200/1222 3334/201/1222
f 3334/201/1223 3340/200/1223 3339/186/1223 3335/222/1223
f 3347/178/1224 3332/220/1224 3342/225/1224 3349/228/1224
f 3349/228/944 3342/225/944 3343/195/944 3350/203/944
f 3350/203/944 3343/195/944 3344/180/944 3351/221/944
f 3345/204/1225 3326/205/1225 3336/206/1225 3352/229/1225
f 3352/229/1226 3336/206/1226 3337/230/1226 3353/231/1226
f 3353/231/1227 3337/230/1227 3338/217/1227 3354/216/1227
f 3334/210/1228 3353/231/1228 3354/216/1228 3333/232/1228
f 3335/233/1229 3352/229/1229 3353/231/1229 3334/210/1229
f 3325/213/1230 3345/204/1230 3352/229/1230 3335/233/1230
f 3340/200/944 3350/203/944 3351/221/944 3339/186/944
f 3341/198/944 3349/228/944 3350/203/944 3340/200/944
f 3331/227/944 3347/178/944 3349/228/944 3341/198/944
f 3329/223/941 3348/182/941 3345/184/941 3325/234/941
f 3339/186/944 3351/221/944 3348/182/944 3329/223/944
f 3327/215/923 3346/219/923 3347/178/923 3331/227/923
f 3333/232/1231 3354/216/1231 3346/219/1231 3327/215/1231
f 3372/176/923 3358/175/923 3362/177/923 3373/178/923
f 3376/179/944 3370/180/944 3360/181/944 3374/182/944
f 3374/182/1012 3360/181/1012 3356/183/1012 3371/184/1012
f 3364/185/1013 3367/186/1013 3359/187/1013 3355/188/1013
f 3370/180/1014 3365/189/1014 3356/190/1014 3360/181/1014
f 3361/197/1015 3368/200/1015 3363/201/1015 3357/196/1015
f 3369/195/1016 3366/194/1016 3365/189/1016 3370/180/1016
f 3361/197/944 3373/178/944 3375/203/944 3368/200/944
f 3363/201/1017 3368/200/1017 3367/186/1017 3364/185/1017
f 3378/209/1018 3366/208/1018 3358/175/1018 3372/176/1018
f 3375/203/944 3369/195/944 3370/180/944 3376/179/944
f 3371/204/1019 3356/205/1019 3365/206/1019 3377/207/1019
f 3377/207/1020 3365/206/1020 3366/208/1020 3378/209/1020
f 3362/177/1021 3369/195/1021 3375/203/1021 3373/178/1021
f 3364/212/1022 3377/207/1022 3378/209/1022 3363/210/1022
f 3355/213/1023 3371/204/1023 3377/207/1023 3364/212/1023
f 3368/200/944 3375/203/944 3376/179/944 3367/186/944
f 3378/209/1024 3372/176/1024 3357/215/1024 3363/210/1024
f 3359/187/941 3374/182/941 3371/184/941 3355/214/941
f 3367/186/944 3376/179/944 3374/182/944 3359/187/944
f 3357/215/923 3372/176/923 3373/178/923 3361/197/923
f 3358/191/1025 3366/194/1025 3369/195/1025 3362/177/1025
f 3408/216/1146 3392/217/1146 3382/218/1146 3400/219/1146
f 3400/219/941 3382/218/941 3386/220/941 3401/178/941
f 3405/221/924 3398/180/924 3384/181/924 3402/182/924
f 3402/182/1147 3384/181/1147 3380/183/1147 3399/184/1147
f 3389/222/1148 3393/186/1148 3383/223/1148 3379/188/1148
f 3398/180/1149 3390/189/1149 3380/190/1149 3384/181/1149
f 3386/220/1150 3382/224/1150 3392/192/1150 3396/225/1150
f 3396/225/1151 3392/192/1151 3391/226/1151 3397/195/1151
f 3397/195/1152 3391/226/1152 3390/189/1152 3398/180/1152
f 3381/196/1153 3385/227/1153 3395/198/1153 3387/199/1153
f 3387/199/1154 3395/198/1154 3394/200/1154 3388/201/1154
f 3388/201/1155 3394/200/1155 3393/186/1155 3389/222/1155
f 3401/178/1156 3386/220/1156 3396/225/1156 3403/228/1156
f 3403/228/924 3396/225/924 3397/195/924 3404/203/924
f 3404/203/924 3397/195/924 3398/180/924 3405/221/924
f 3399/204/1157 3380/205/1157 3390/206/1157 3406/229/1157
f 3406/229/1158 3390/206/1158 3391/230/1158 3407/231/1158
f 3407/231/1159 3391/230/1159 3392/217/1159 3408/216/1159
f 3388/210/1160 3407/231/1160 3408/216/1160 3387/232/1160
f 3389/233/1161 3406/229/1161 3407/231/1161 3388/210/1161
f 3379/213/1162 3399/204/1162 3406/229/1162 3389/233/1162
f 3394/200/924 3404/203/924 3405/221/924 3393/186/924
f 3395/198/924 3403/228/924 3404/203/924 3394/200/924
f 3385/227/924 3401/178/924 3403/228/924 3395/198/924
f 3383/223/923 3402/182/923 3399/184/923 3379/234/923
f 3393/186/924 3405/221/924 3402/182/924 3383/223/924
f 3381/215/941 3400/219/941 3401/178/941 3385/227/941
f 3387/232/1163 3408/216/1163 3400/219/1163 3381/215/1163
f 3426/176/941 3412/175/941 3416/177/941 3427/178/941
f 3430/179/944 3424/180/944 3414/181/944 3428/182/944
f 3428/182/1200 3414/181/1200 3410/183/1200 3425/184/1200
f 3418/185/1201 3421/186/1201 3413/187/1201 3409/188/1201
f 3424/180/1202 3419/189/1202 3410/190/1202 3414/181/1202
f 3415/197/1203 3422/200/1203 3417/201/1203 3411/196/1203
f 3423/195/1204 3420/194/1204 3419/189/1204 3424/180/1204
f 3415/197/944 3427/178/944 3429/203/944 3422/200/944
f 3417/201/1205 3422/200/1205 3421/186/1205 3418/185/1205
f 3432/209/1206 3420/208/1206 3412/175/1206 3426/176/1206
f 3429/203/944 3423/195/944 3424/180/944 3430/179/944
f 3425/204/1207 3410/205/1207 3419/206/1207 3431/207/1207
f 3431/207/1208 3419/206/1208 3420/208/1208 3432/209/1208
f 3416/177/1209 3423/195/1209 3429/203/1209 3427/178/1209
f 3418/212/1210 3431/207/1210 3432/209/1210 3417/210/1210
f 3409/213/1211 3425/204/1211 3431/207/1211 3418/212/1211
f 3422/200/944 3429/203/944 3430/179/944 3421/186/944
f 3432/209/1212 3426/176/1212 3411/215/1212 3417/210/1212
f 3413/187/923 3428/182/923 3425/184/923 3409/214/923
f 3421/186/944 3430/179/944 3428/182/944 3413/187/944
f 3411/215/941 3426/176/941 3427/178/941 3415/197/941
f 3412/191/1213 3420/194/1213 3423/195/1213 3416/177/1213
f 3462/173/976 3446/174/976 3436/175/976 3454/176/976
f 3454/176/923 3436/175/923 3440/177/923 3455/178/923
f 3459/179/924 3452/180/924 3438/181/924 3456/182/924
f 3456/182/977 3438/181/977 3434/183/977 3453/184/977
f 3443/185/978 3447/186/978 3437/187/978 3433/188/978
f 3452/180/979 3444/189/979 3434/190/979 3438/181/979
f 3440/177/980 3436/191/980 3446/192/980 3450/193/980
f 3450/193/981 3446/192/981 3445/194/981 3451/195/981
f 3451/195/982 3445/194/982 3444/189/982 3452/180/982
f 3435/196/983 3439/197/983 3449/198/983 3441/199/983
f 3441/199/984 3449/198/984 3448/200/984 3442/201/984
f 3442/201/985 3448/200/985 3447/186/985 3443/185/985
f 3455/178/986 3440/177/986 3450/193/986 3457/202/986
f 3457/202/924 3450/193/924 3451/195/924 3458/203/924
f 3458/203/924 3451/195/924 3452/180/924 3459/179/924
f 3453/204/987 3434/205/987 3444/206/987 3460/207/987
f 3460/207/988 3444/206/988 3445/208/988 3461/209/988
f 3461/209/989 3445/208/989 3446/174/989 3462/173/989
f 3442/210/990 3461/209/990 3462/173/990 3441/211/990
f 3443/212/991 3460/207/991 3461/209/991 3442/210/991
f 3433/213/992 3453/204/992 3460/207/992 3443/212/992
f 3448/200/924 3458/203/924 3459/179/924 3447/186/924
f 3449/198/924 3457/202/924 3458/203/924 3448/200/924
f 3439/197/924 3455/178/924 3457/202/924 3449/198/924
f 3437/187/941 3456/182/941 3453/184/941 3433/214/941
f 3447/186/924 3459/179/924 3456/182/924 3437/187/924
f 3435/215/923 3454/176/923 3455/178/923 3439/197/923
f 3441/211/993 3462/173/993 3454/176/993 3435/215/993
f 3492/173/1232 3476/174/1232 3466/175/1232 3484/176/1232
f 3484/176/923 3466/175/923 3470/177/923 3485/178/923
f 3489/179/944 3482/180/944 3468/181/944 3486/182/944
f 3486/182/1233 3468/181/1233 3464/183/1233 3483/184/1233
f 3473/185/1234 3477/186/1234 3467/187/1234 3463/188/1234
f 3482/180/1235 3474/189/1235 3464/190/1235 3468/181/1235
f 3470/177/1236 3466/191/1236 3476/192/1236 3480/193/1236
f 3480/193/1237 3476/192/1237 3475/194/1237 3481/195/1237
f 3481/195/1238 3475/194/1238 3474/189/1238 3482/180/1238
f 3465/196/1239 3469/197/1239 3479/198/1239 3471/199/1239
f 3471/199/1240 3479/198/1240 3478/200/1240 3472/201/1240
f 3472/201/1241 3478/200/1241 3477/186/1241 3473/185/1241
f 3485/178/1242 3470/177/1242 3480/193/1242 3487/202/1242
f 3487/202/944 3480/193/944 3481/195/944 3488/203/944
f 3488/203/944 3481/195/944 3482/180/944 3489/179/944
f 3483/204/1243 3464/205/1243 3474/206/1243 3490/207/1243
f 3490/207/1244 3474/206/1244 3475/208/1244 3491/209/1244
f 3491/209/1245 3475/208/1245 3476/174/1245 3492/173/1245
f 3472/210/1246 3491/209/1246 3492/173/1246 3471/211/1246
f 3473/212/1247 3490/207/1247 3491/209/1247 3472/210/1247
f 3463/213/1248 3483/204/1248 3490/207/1248 3473/212/1248
f 3478/200/944 3488/203/944 3489/179/944 3477/186/944
f 3479/198/944 3487/202/944 3488/203/944 3478/200/944
f 3469/197/944 3485/178/944 3487/202/944 3479/198/944
f 3467/187/941 3486/182/941 3483/184/941 3463/214/941
f 3477/186/944 3489/179/944 3486/182/944 3467/187/944
f 3465/215/923 3484/176/923 3485/178/923 3469/197/923
f 3471/211/1249 3492/173/1249 3484/176/1249 3465/215/1249
f 3510/176/923 3496/175/923 3500/177/923 3511/178/923
f 3514/179/944 3508/180/944 3498/181/944 3512/182/944
f 3512/182/1250 3498/181/1250 3494/183/1250 3509/184/1250
f 3502/185/1251 3505/186/1251 3497/187/1251 3493/188/1251
f 3508/180/1252 3503/189/1252 3494/190/1252 3498/181/1252
f 3499/197/1253 3506/200/1253 3501/201/1253 3495/196/1253
f 3507/195/1254 3504/194/1254 3503/189/1254 3508/180/1254
f 3499/197/944 3511/178/944 3513/203/944 3506/200/944
f 3501/201/1255 3506/200/1255 3505/186/1255 3502/185/1255
f 3516/209/1256 3504/208/1256 3496/175/1256 3510/176/1256
f 3513/203/944 3507/195/944 3508/180/944 3514/179/944
f 3509/204/1257 3494/205/1257 3503/206/1257 3515/207/1257
f 3515/207/1258 3503/206/1258 3504/208/1258 3516/209/1258
f 3500/177/1259 3507/195/1259 3513/203/1259 3511/178/1259
f 3502/212/1260 3515/207/1260 3516/209/1260 3501/210/1260
f 3493/213/1261 3509/204/1261 3515/207/1261 3502/212/1261
f 3506/200/944 3513/203/944 3514/179/944 3505/186/944
f 3516/209/1262 3510/176/1262 3495/215/1262 3501/210/1262
f 3497/187/941 3512/182/941 3509/184/941 3493/214/941
f 3505/186/944 3514/179/944 3512/182/944 3497/187/944
f 3495/215/923 3510/176/923 3511/178/923 3499/197/923
f 3496/191/1263 3504/194/1263 3507/195/1263 3500/177/1263
f 3546/216/994 3530/217/994 3520/218/994 3538/219/994
f 3538/219/923 3520/218/923 3524/220/923 3539/178/923
f 3543/221/924 3536/180/924 3522/181/924 3540/182/924
f 3540/182/995 3522/181/995 3518/183/995 3537/184/995
f 3527/222/996 3531/186/996 3521/223/996 3517/188/996
f 3536/180/997 3528/189/997 3518/190/997 3522/181/997
f 3524/220/998 3520/224/998 3530/192/998 3534/225/998
f 3534/225/999 3530/192/999 3529/226/999 3535/195/999
f 3535/195/1000 3529/226/1000 3528/189/1000 3536/180/1000
f 3519/196/1001 3523/227/1001 3533/198/1001 3525/199/1001
f 3525/199/1002 3533/198/1002 3532/200/1002 3526/201/1002
f 3526/201/1003 3532/200/1003 3531/186/1003 3527/222/1003
f 3539/178/1004 3524/220/1004 3534/225/1004 3541/228/1004
f 3541/228/924 3534/225/924 3535/195/924 3542/203/924
f 3542/203/924 3535/195/924 3536/180/924 3543/221/924
f 3537/204/1005 3518/205/1005 3528/206/1005 3544/229/1005
f 3544/229/1006 3528/206/1006 3529/230/1006 3545/231/1006
f 3545/231/1007 3529/230/1007 3530/217/1007 3546/216/1007
f 3526/210/1008 3545/231/1008 3546/216/1008 3525/232/1008
f 3527/233/1009 3544/229/1009 3545/231/1009 3526/210/1009
f 3517/213/1010 3537/204/1010 3544/229/1010 3527/233/1010
f 3532/200/924 3542/203/924 3543/221/924 3531/186/924
f 3533/198/924 3541/228/924 3542/203/924 3532/200/924
f 3523/227/924 3539/178/924 3541/228/924 3533/198/924
f 3521/223/941 3540/182/941 3537/184/941 3517/234/941
f 3531/186/924 3543/221/924 3540/182/924 3521/223/924
f 3519/215/923 3538/219/923 3539/178/923 3523/227/923
f 3525/232/1011 3546/216/1011 3538/219/1011 3519/215/1011
f 3576/216/1264 3560/217/1264 3550/218/1264 3568/219/1264
f 3568/219/941 3550/218/941 3554/220/941 3569/178/941
f 3573/221/944 3566/180/944 3552/181/944 3570/182/944
f 3570/182/1265 3552/181/1265 3548/183/1265 3567/184/1265
f 3557/222/1266 3561/186/1266 3551/223/1266 3547/188/1266
f 3566/180/1267 3558/189/1267 3548/190/1267 3552/181/1267
f 3554/220/1268 3550/224/1268 3560/192/1268 3564/225/1268
f 3564/225/1269 3560/192/1269 3559/226/1269 3565/195/1269
f 3565/195/1270 3559/226/1270 3558/189/1270 3566/180/1270
f 3549/196/1271 3553/227/1271 3563/198/1271 3555/199/1271
f 3555/199/1272 3563/198/1272 3562/200/1272 3556/201/1272
f 3556/201/1273 3562/200/1273 3561/186/1273 3557/222/1273
f 3569/178/1274 3554/220/1274 3564/225/1274 3571/228/1274
f 3571/228/944 3564/225/944 3565/195/944 3572/203/944
f 3572/203/944 3565/195/944 3566/180/944 3573/221/944
f 3567/204/1275 3548/205/1275 3558/206/1275 3574/229/1275
f 3574/229/1276 3558/206/1276 3559/230/1276 3575/231/1276
f 3575/231/1277 3559/230/1277 3560/217/1277 3576/216/1277
f 3556/210/1278 3575/231/1278 3576/216/1278 3555/232/1278
f 3557/233/1279 3574/229/1279 3575/231/1279 3556/210/1279
f 3547/213/1280 3567/204/1280 3574/229/1280 3557/233/1280
f 3562/200/944 3572/203/944 3573/221/944 3561/186/944
f 3563/198/944 3571/228/944 3572/203/944 3562/200/944
f 3553/227/944 3569/178/944 3571/228/944 3563/198/944
f 3551/223/923 3570/182/923 3567/184/923 3547/234/923
f 3561/186/944 3573/221/944 3570/182/944 3551/223/944
f 3549/215/941 3568/219/941 3569/178/941 3553/227/941
f 3555/232/1281 3576/216/1281 3568/219/1281 3549/215/1281
f 3594/176/941 3580/175/941 3584/177/941 3595/178/941
f 3598/179/944 3592/180/944 3582/181/944 3596/182/944
f 3596/182/1282 3582/181/1282 3578/183/1282 3593/184/1282
f 3586/185/1283 3589/186/1283 3581/187/1283 3577/188/1283
f 3592/180/1284 3587/189/1284 3578/190/1284 3582/181/1284
f 3583/197/1285 3590/200/1285 3585/201/1285 3579/196/1285
f 3591/195/1286 3588/194/1286 3587/189/1286 3592/180/1286
f 3583/197/944 3595/178/944 3597/203/944 3590/200/944
f 3585/201/1287 3590/200/1287 3589/186/1287 3586/185/1287
f 3600/209/1288 3588/208/1288 3580/175/1288 3594/176/1288
f 3597/203/944 3591/195/944 3592/180/944 3598/179/944
f 3593/204/1289 3578/205/1289 3587/206/1289 3599/207/1289
f 3599/207/1290 3587/206/1290 3588/208/1290 3600/209/1290
f 3584/177/1291 3591/195/1291 3597/203/1291 3595/178/1291
f 3586/212/1292 3599/207/1292 3600/209/1292 3585/210/1292
f 3577/213/1293 3593/204/1293 3599/207/1293 3586/212/1293
f 3590/200/944 3597/203/944 3598/179/944 3589/186/944
f 3600/209/1294 3594/176/1294 3579/215/1294 3585/210/1294
f 3581/187/923 3596/182/923 3593/184/923 3577/214/923
f 3589/186/944 3598/179/944 3596/182/944 3581/187/944
f 3579/215/941 3594/176/941 3595/178/941 3583/197/941
f 3580/191/1295 3588/194/1295 3591/195/1295 3584/177/1295
f 3618/176/941 3604/175/941 3608/177/941 3619/178/941
f 3622/179/924 3616/180/924 3606/181/924 3620/182/924
f 3620/182/1296 3606/181/1296 3602/183/1296 3617/184/1296
f 3610/185/1297 3613/186/1297 3605/187/1297 3601/188/1297
f 3616/180/1298 3611/189/1298 3602/190/1298 3606/181/1298
f 3607/197/1299 3614/200/1299 3609/201/1299 3603/196/1299
f 3615/195/1300 3612/194/1300 3611/189/1300 3616/180/1300
f 3607/197/924 3619/178/924 3621/203/924 3614/200/924
f 3609/201/1301 3614/200/1301 3613/186/1301 3610/185/1301
f 3624/209/1302 3612/208/1302 3604/175/1302 3618/176/1302
f 3621/203/924 3615/195/924 3616/180/924 3622/179/924
f 3617/204/1303 3602/205/1303 3611/206/1303 3623/207/1303
f 3623/207/1304 3611/206/1304 3612/208/1304 3624/209/1304
f 3608/177/1305 3615/195/1305 3621/203/1305 3619/178/1305
f 3610/212/1306 3623/207/1306 3624/209/1306 3609/210/1306
f 3601/213/1307 3617/204/1307 3623/207/1307 3610/212/1307
f 3614/200/924 3621/203/924 3622/179/924 3613/186/924
f 3624/209/1308 3618/176/1308 3603/215/1308 3609/210/1308
f 3605/187/923 3620/182/923 3617/184/923 3601/214/923
f 3613/186/924 3622/179/924 3620/182/924 3605/187/924
f 3603/215/941 3618/176/941 3619/178/941 3607/197/941
f 3604/191/1309 3612/194/1309 3615/195/1309 3608/177/1309
f 3654/173/1110 3638/174/1110 3628/175/1110 3646/176/1110
f 3646/176/923 3628/175/923 3632/177/923 3647/178/923
f 3651/179/924 3644/180/924 3630/181/924 3648/182/924
f 3648/182/1111 3630/181/1111 3626/183/1111 3645/184/1111
f 3635/185/1112 3639/186/1112 3629/187/1112 3625/188/1112
f 3644/180/1113 3636/189/1113 3626/190/1113 3630/181/1113
f 3632/177/1114 3628/191/1114 3638/192/1114 3642/193/1114
f 3642/193/1115 3638/192/1115 3637/194/1115 3643/195/1115
f 3643/195/1116 3637/194/1116 3636/189/1116 3644/180/1116
f 3627/196/1117 3631/197/1117 3641/198/1117 3633/199/1117
f 3633/199/1118 3641/198/1118 3640/200/1118 3634/201/1118
f 3634/201/1119 3640/200/1119 3639/186/1119 3635/185/1119
f 3647/178/1120 3632/177/1120 3642/193/1120 3649/202/1120
f 3649/202/924 3642/193/924 3643/195/924 3650/203/924
f 3650/203/924 3643/195/924 3644/180/924 3651/179/924
f 3645/204/1121 3626/205/1121 3636/206/1121 3652/207/1121
f 3652/207/1122 3636/206/1122 3637/208/1122 3653/209/1122
f 3653/209/1123 3637/208/1123 3638/174/1123 3654/173/1123
f 3634/210/1124 3653/209/1124 3654/173/1124 3633/211/1124
f 3635/212/1125 3652/207/1125 3653/209/1125 3634/210/1125
f 3625/213/1126 3645/204/1126 3652/207/1126 3635/212/1126
f 3640/200/924 3650/203/924 3651/179/924 3639/186/924
f 3641/198/924 3649/202/924 3650/203/924 3640/200/924
f 3631/197/924 3647/178/924 3649/202/924 3641/198/924
f 3629/187/941 3648/182/941 3645/184/941 3625/214/941
f 3639/186/924 3651/179/924 3648/182/924 3629/187/924
f 3627/215/923 3646/176/923 3647/178/923 3631/197/923
f 3633/211/1127 3654/173/1127 3646/176/1127 3627/215/1127
f 3684/216/1146 3668/217/1146 3658/218/1146 3676/219/1146
f 3676/219/941 3658/218/941 3662/220/941 3677/178/941
f 3681/221/924 3674/180/924 3660/181/924 3678/182/924
f 3678/182/1147 3660/181/1147 3656/183/1147 3675/184/1147
f 3665/222/1148 3669/186/1148 3659/223/1148 3655/188/1148
f 3674/180/1149 3666/189/1149 3656/190/1149 3660/181/1149
f 3662/220/1150 3658/224/1150 3668/192/1150 3672/225/1150
f 3672/225/1151 3668/192/1151 3667/226/1151 3673/195/1151
f 3673/195/1152 3667/226/1152 3666/189/1152 3674/180/1152
f 3657/196/1153 3661/227/1153 3671/198/1153 3663/199/1153
f 3663/199/1154 3671/198/1154 3670/200/1154 3664/201/1154
f 3664/201/1155 3670/200/1155 3669/186/1155 3665/222/1155
f 3677/178/1156 3662/220/1156 3672/225/1156 3679/228/1156
f 3679/228/924 3672/225/924 3673/195/924 3680/203/924
f 3680/203/924 3673/195/924 3674/180/924 3681/221/924
f 3675/204/1157 3656/205/1157 3666/206/1157 3682/229/1157
f 3682/229/1158 3666/206/1158 3667/230/1158 3683/231/1158
f 3683/231/1159 3667/230/1159 3668/217/1159 3684/216/1159
f 3664/210/1160 3683/231/1160 3684/216/1160 3663/232/1160
f 3665/233/1161 3682/229/1161 3683/231/1161 3664/210/1161
f 3655/213/1162 3675/204/1162 3682/229/1162 3665/233/1162
f 3670/200/924 3680/203/924 3681/221/924 3669/186/924
f 3671/198/924 3679/228/924 3680/203/924 3670/200/924
f 3661/227/924 3677/178/924 3679/228/924 3671/198/924
f 3659/223/923 3678/182/923 3675/184/923 3655/234/923
f 3669/186/924 3681/221/924 3678/182/924 3659/223/924
f 3657/215/941 3676/219/941 3677/178/941 3661/227/941
f 3663/232/1163 3684/216/1163 3676/219/1163 3657/215/1163
f 3702/176/923 3688/175/923 3692/177/923 3703/178/923
f 3706/179/944 3700/180/944 3690/181/944 3704/182/944
f 3704/182/1012 3690/181/1012 3686/183/1012 3701/184/1012
f 3694/185/1013 3697/186/1013 3689/187/1013 3685/188/1013
f 3700/180/1014 3695/189/1014 3686/190/1014 3690/181/1014
f 3691/197/1015 3698/200/1015 3693/201/1015 3687/196/1015
f 3699/195/1016 3696/194/1016 3695/189/1016 3700/180/1016
f 3691/197/944 3703/178/944 3705/203/944 3698/200/944
f 3693/201/1017 3698/200/1017 3697/186/1017 3694/185/1017
f 3708/209/1018 3696/208/1018 3688/175/1018 3702/176/1018
f 3705/203/944 3699/195/944 3700/180/944 3706/179/944
f 3701/204/1019 3686/205/1019 3695/206/1019 3707/207/1019
f 3707/207/1020 3695/206/1020 3696/208/1020 3708/209/1020
f 3692/177/1021 3699/195/1021 3705/203/1021 3703/178/1021
f 3694/212/1022 3707/207/1022 3708/209/1022 3693/210/1022
f 3685/213/1023 3701/204/1023 3707/207/1023 3694/212/1023
f 3698/200/944 3705/203/944 3706/179/944 3697/186/944
f 3708/209/1024 3702/176/1024 3687/215/1024 3693/210/1024
f 3689/187/941 3704/182/941 3701/184/941 3685/214/941
f 3697/186/944 3706/179/944 3704/182/944 3689/187/944
f 3687/215/923 3702/176/923 3703/178/923 3691/197/923
f 3688/191/1025 3696/194/1025 3699/195/1025 3692/177/1025
f 3738/216/1077 3722/217/1077 3712/218/1077 3730/219/1077
f 3730/219/941 3712/218/941 3716/220/941 3731/178/941
f 3735/221/944 3728/180/944 3714/181/944 3732/182/944
f 3732/182/1078 3714/181/1078 3710/183/1078 3729/184/1078
f 3719/222/1079 3723/186/1079 3713/223/1079 3709/188/1079
f 3728/180/1080 3720/189/1080 3710/190/1080 3714/181/1080
f 3716/220/1081 3712/224/1081 3722/192/1081 3726/225/1081
f 3726/225/1082 3722/192/1082 3721/226/1082 3727/195/1082
f 3727/195/1083 3721/226/1083 3720/189/1083 3728/180/1083
f 3711/196/1084 3715/227/1084 3725/198/1084 3717/199/1084
f 3717/199/1085 3725/198/1085 3724/200/1085 3718/201/1085
f 3718/201/1086 3724/200/1086 3723/186/1086 3719/222/1086
f 3731/178/1087 3716/220/1087 3726/225/1087 3733/228/1087
f 3733/228/944 3726/225/944 3727/195/944 3734/203/944
f 3734/203/944 3727/195/944 3728/180/944 3735/221/944
f 3729/204/1088 3710/205/1088 3720/206/1088 3736/229/1088
f 3736/229/1089 3720/206/1089 3721/230/1089 3737/231/1089
f 3737/231/1090 3721/230/1090 3722/217/1090 3738/216/1090
f 3718/210/1091 3737/231/1091 3738/216/1091 3717/232/1091
f 3719/233/1092 3736/229/1092 3737/231/1092 3718/210/1092
f 3709/213/1093 3729/204/1093 3736/229/1093 3719/233/1093
f 3724/200/944 3734/203/944 3735/221/944 3723/186/944
f 3725/198/944 3733/228/944 3734/203/944 3724/200/944
f 3715/227/944 3731/178/944 3733/228/944 3725/198/944
f 3713/223/923 3732/182/923 3729/184/923 3709/234/923
f 3723/186/944 3735/221/944 3732/182/944 3713/223/944
f 3711/215/941 3730/219/941 3731/178/941 3715/227/941
f 3717/232/1094 3738/216/1094 3730/219/1094 3711/215/1094
f 3756/176/923 3742/175/923 3746/177/923 3757/178/923
f 3760/179/944 3754/180/944 3744/181/944 3758/182/944
f 3758/182/1012 3744/181/1012 3740/183/1012 3755/184/1012
f 3748/185/1013 3751/186/1013 3743/187/1013 3739/188/1013
f 3754/180/1014 3749/189/1014 3740/190/1014 3744/181/1014
f 3745/197/1015 3752/200/1015 3747/201/1015 3741/196/1015
f 3753/195/1016 3750/194/1016 3749/189/1016 3754/180/1016
f 3745/197/944 3757/178/944 3759/203/944 3752/200/944
f 3747/201/1017 3752/200/1017 3751/186/1017 3748/185/1017
f 3762/209/1018 3750/208/1018 3742/175/1018 3756/176/1018
f 3759/203/944 3753/195/944 3754/180/944 3760/179/944
f 3755/204/1019 3740/205/1019 3749/206/1019 3761/207/1019
f 3761/207/1020 3749/206/1020 3750/208/1020 3762/209/1020
f 3746/177/1021 3753/195/1021 3759/203/1021 3757/178/1021
f 3748/212/1022 3761/207/1022 3762/209/1022 3747/210/1022
f 3739/213/1023 3755/204/1023 3761/207/1023 3748/212/1023
f 3752/200/944 3759/203/944 3760/179/944 3751/186/944
f 3762/209/1024 3756/176/1024 3741/215/1024 3747/210/1024
f 3743/187/941 3758/182/941 3755/184/941 3739/214/941
f 3751/186/944 3760/179/944 3758/182/944 3743/187/944
f 3741/215/923 3756/176/923 3757/178/923 3745/197/923
f 3742/191/1025 3750/194/1025 3753/195/1025 3746/177/1025
f 3792/216/1264 3776/217/1264 3766/218/1264 3784/219/1264
f 3784/219/941 3766/218/941 3770/220/941 3785/178/941
f 3789/221/944 3782/180/944 3768/181/944 3786/182/944
f 3786/182/1265 3768/181/1265 3764/183/1265 3783/184/1265
f 3773/222/1266 3777/186/1266 3767/223/1266 3763/188/1266
f 3782/180/1267 3774/189/1267 3764/190/1267 3768/181/1267
f 3770/220/1268 3766/224/1268 3776/192/1268 3780/225/1268
f 3780/225/1269 3776/192/1269 3775/226/1269 3781/195/1269
f 3781/195/1270 3775/226/1270 3774/189/1270 3782/180/1270
f 3765/196/1271 3769/227/1271 3779/198/1271 3771/199/1271
f 3771/199/1272 3779/198/1272 3778/200/1272 3772/201/1272
f 3772/201/1273 3778/200/1273 3777/186/1273 3773/222/1273
f 3785/178/1274 3770/220/1274 3780/225/1274 3787/228/1274
f 3787/228/944 3780/225/944 3781/195/944 3788/203/944
f 3788/203/944 3781/195/944 3782/180/944 3789/221/944
f 3783/204/1275 3764/205/1275 3774/206/1275 3790/229/1275
f 3790/229/1276 3774/206/1276 3775/230/1276 3791/231/1276
f 3791/231/1277 3775/230/1277 3776/217/1277 3792/216/1277
f 3772/210/1278 3791/231/1278 3792/216/1278 3771/232/1278
f 3773/233/1279 3790/229/1279 3791/231/1279 3772/210/1279
f 3763/213/1280 3783/204/1280 3790/229/1280 3773/233/1280
f 3778/200/944 3788/203/944 3789/221/944 3777/186/944
f 3779/198/944 3787/228/944 3788/203/944 3778/200/944
f 3769/227/944 3785/178/944 3787/228/944 3779/198/944
f 3767/223/923 3786/182/923 3783/184/923 3763/234/923
f 3777/186/944 3789/221/944 3786/182/944 3767/223/944
f 3765/215/941 3784/219/941 3785/178/941 3769/227/941
f 3771/232/1281 3792/216/1281 3784/219/1281 3765/215/1281
f 3822/173/1310 3806/174/1310 3796/175/1310 3814/176/1310
f 3814/176/941 3796/175/941 3800/177/941 3815/178/941
f 3819/179/924 3812/180/924 3798/181/924 3816/182/924
f 3816/182/1311 3798/181/1311 3794/183/1311 3813/184/1311
f 3803/185/1312 3807/186/1312 3797/187/1312 3793/188/1312
f 3812/180/1313 3804/189/1313 3794/190/1313 3798/181/1313
f 3800/177/1314 3796/191/1314 3806/192/1314 3810/193/1314
f 3810/193/1315 3806/192/1315 3805/194/1315 3811/195/1315
f 3811/195/1316 3805/194/1316 3804/189/1316 3812/180/1316
f 3795/196/1317 3799/197/1317 3809/198/1317 3801/199/1317
f 3801/199/1318 3809/198/1318 3808/200/1318 3802/201/1318
f 3802/201/1319 3808/200/1319 3807/186/1319 3803/185/1319
f 3815/178/1320 3800/177/1320 3810/193/1320 3817/202/1320
f 3817/202/924 3810/193/924 3811/195/924 3818/203/924
f 3818/203/924 3811/195/924 3812/180/924 3819/179/924
f 3813/204/1321 3794/205/1321 3804/206/1321 3820/207/1321
f 3820/207/1322 3804/206/1322 3805/208/1322 3821/209/1322
f 3821/209/1323 3805/208/1323 3806/174/1323 3822/173/1323
f 3802/210/1324 3821/209/1324 3822/173/1324 3801/211/1324
f 3803/212/1325 3820/207/1325 3821/209/1325 3802/210/1325
f 3793/213/1326 3813/204/1326 3820/207/1326 3803/212/1326
f 3808/200/924 3818/203/924 3819/179/924 3807/186/924
f 3809/198/924 3817/202/924 3818/203/924 3808/200/924
f 3799/197/924 3815/178/924 3817/202/924 3809/198/924
f 3797/187/923 3816/182/923 3813/184/923 3793/214/923
f 3807/186/924 3819/179/924 3816/182/924 3797/187/924
f 3795/215/941 3814/176/941 3815/178/941 3799/197/941
f 3801/211/1327 3822/173/1327 3814/176/1327 3795/215/1327
f 3852/173/1026 3836/174/1026 3826/175/1026 3844/176/1026
f 3844/176/941 3826/175/941 3830/177/941 3845/178/941
f 3849/179/924 3842/180/924 3828/181/924 3846/182/924
f 3846/182/1027 3828/181/1027 3824/183/1027 3843/184/1027
f 3833/185/1028 3837/186/1028 3827/187/1028 3823/188/1028
f 3842/180/1029 3834/189/1029 3824/190/1029 3828/181/1029
f 3830/177/1030 3826/191/1030 3836/192/1030 3840/193/1030
f 3840/193/1031 3836/192/1031 3835/194/1031 3841/195/1031
f 3841/195/1032 3835/194/1032 3834/189/1032 3842/180/1032
f 3825/196/1033 3829/197/1033 3839/198/1033 3831/199/1033
f 3831/199/1034 3839/198/1034 3838/200/1034 3832/201/1034
f 3832/201/1035 3838/200/1035 3837/186/1035 3833/185/1035
f 3845/178/1036 3830/177/1036 3840/193/1036 3847/202/1036
f 3847/202/924 3840/193/924 3841/195/924 3848/203/924
f 3848/203/924 3841/195/924 3842/180/924 3849/179/924
f 3843/204/1037 3824/205/1037 3834/206/1037 3850/207/1037
f 3850/207/1038 3834/206/1038 3835/208/1038 3851/209/1038
f 3851/209/1039 3835/208/1039 3836/174/1039 3852/173/1039
f 3832/210/1040 3851/209/1040 3852/173/1040 3831/211/1040
f 3833/212/1041 3850/207/1041 3851/209/1041 3832/210/1041
f 3823/213/1042 3843/204/1042 3850/207/1042 3833/212/1042
f 3838/200/924 3848/203/924 3849/179/924 3837/186/924
f 3839/198/924 3847/202/924 3848/203/924 3838/200/924
f 3829/197/924 3845/178/924 3847/202/924 3839/198/924
f 3827/187/923 3846/182/923 3843/184/923 3823/214/923
f 3837/186/924 3849/179/924 3846/182/924 3827/187/924
f 3825/215/941 3844/176/941 3845/178/941 3829/197/941
f 3831/211/1043 3852/173/1043 3844/176/1043 3825/215/1043
f 3882/216/1328 3866/217/1328 3856/218/1328 3874/219/1328
f 3874/219/941 3856/218/941 3860/220/941 3875/178/941
f 3879/221/944 3872/180/944 3858/181/944 3876/182/944
f 3876/182/1329 3858/181/1329 3854/183/1329 3873/184/1329
f 3863/222/1330 3867/186/1330 3857/223/1330 3853/188/1330
f 3872/180/1331 3864/189/1331 3854/190/1331 3858/181/1331
f 3860/220/1332 3856/224/1332 3866/192/1332 3870/225/1332
f 3870/225/1333 3866/192/1333 3865/226/1333 3871/195/1333
f 3871/195/1334 3865/226/1334 3864/189/1334 3872/180/1334
f 3855/196/1335 3859/227/1335 3869/198/1335 3861/199/1335
f 3861/199/1336 3869/198/1336 3868/200/1336 3862/201/1336
f 3862/201/1337 3868/200/1337 3867/186/1337 3863/222/1337
f 3875/178/1338 3860/220/1338 3870/225/1338 3877/228/1338
f 3877/228/944 3870/225/944 3871/195/944 3878/203/944
f 3878/203/944 3871/195/944 3872/180/944 3879/221/944
f 3873/204/1339 3854/205/1339 3864/206/1339 3880/229/1339
f 3880/229/1340 3864/206/1340 3865/230/1340 3881/231/1340
f 3881/231/1341 3865/230/1341 3866/217/1341 3882/216/1341
f 3862/210/1342 3881/231/1342 3882/216/1342 3861/232/1342
f 3863/233/1343 3880/229/1343 3881/231/1343 3862/210/1343
f 3853/213/1344 3873/204/1344 3880/229/1344 3863/233/1344
f 3868/200/944 3878/203/944 3879/221/944 3867/186/944
f 3869/198/944 3877/228/944 3878/203/944 3868/200/944
f 3859/227/944 3875/178/944 3877/228/944 3869/198/944
f 3857/223/923 3876/182/923 3873/184/923 3853/234/923
f 3867/186/944 3879/221/944 3876/182/944 3857/223/944
f 3855/215/941 3874/219/941 3875/178/941 3859/227/941
f 3861/232/1345 3882/216/1345 3874/219/1345 3855/215/1345
o M_Brickwall_T4
v 4.458150 0.348199 -4.315190
v 4.424647 0.603100 -4.336985
v 4.458150 0.342667 -4.728974
v 4.458150 0.581742 -4.728974
v 4.713051 0.348199 -4.315190
v 4.713051 0.619539 -4.315190
v 4.713051 0.348199 -4.728974
v 4.690530 0.603100 -4.728974
v 4.458150 0.333361 -4.605380
v 4.458150 0.339392 -4.522082
v 4.458150 0.343795 -4.511214
v 4.428527 0.603100 -4.444781
v 4.448172 0.595986 -4.564214
v 4.452096 0.603100 -4.620271
v 4.713051 0.348199 -4.511214
v 4.713051 0.348199 -4.522082
v 4.713051 0.348199 -4.532949
v 4.713051 0.603500 -4.713981
v 4.713051 0.607859 -4.564214
v 4.713051 0.614883 -4.453062
v 4.441007 0.475649 -4.315190
v 4.458150 0.466842 -4.728974
v 4.713051 0.475649 -4.728974
v 4.713051 0.483869 -4.315190
v 4.713051 0.477704 -4.532949
v 4.713051 0.479759 -4.522082
v 4.713051 0.481814 -4.511214
v 4.448236 0.475096 -4.364452
v 4.453336 0.472614 -4.479266
v 4.453756 0.472329 -4.483541
v 4.697390 0.643901 -4.502168
v 4.663843 0.898802 -4.480374
v 4.697391 0.638369 -4.088385
v 4.697391 0.877444 -4.088385
v 4.442489 0.643901 -4.502168
v 4.442489 0.915241 -4.502168
v 4.442490 0.643901 -4.088385
v 4.465011 0.898802 -4.088385
v 4.697390 0.629064 -4.211979
v 4.697390 0.635094 -4.295277
v 4.697390 0.639498 -4.306144
v 4.659963 0.898802 -4.372578
v 4.683529 0.893342 -4.253145
v 4.703445 0.898802 -4.197088
v 4.442489 0.643901 -4.306144
v 4.442489 0.643901 -4.295277
v 4.442489 0.643901 -4.284410
v 4.442489 0.899202 -4.103378
v 4.442489 0.903561 -4.253145
v 4.442489 0.910586 -4.364296
v 4.714534 0.771352 -4.502168
v 4.697391 0.762545 -4.088385
v 4.442490 0.771352 -4.088385
v 4.442489 0.779571 -4.502168
v 4.442489 0.773407 -4.284410
v 4.442489 0.775461 -4.295277
v 4.442489 0.777516 -4.306144
v 4.707304 0.770798 -4.452907
v 4.699433 0.765018 -4.196319
v 4.698118 0.763453 -4.129026
v 4.718524 1.199199 -4.288457
v 4.752027 0.944299 -4.310252
v 4.718524 1.204731 -4.702240
v 4.718524 0.965656 -4.702240
v 4.463623 1.199199 -4.288457
v 4.463623 0.927859 -4.288457
v 4.463623 1.199199 -4.702240
v 4.486144 0.944299 -4.702240
v 4.718524 1.208006 -4.495348
v 4.718524 1.203603 -4.484482
v 4.748147 0.944299 -4.418047
v 4.728502 0.951412 -4.537481
v 4.463623 1.199199 -4.484482
v 4.463623 1.199199 -4.495348
v 4.463623 0.939539 -4.537481
v 4.463623 0.932515 -4.426329
v 4.735667 1.071749 -4.288457
v 4.718524 1.080556 -4.702240
v 4.463623 1.071749 -4.702240
v 4.463623 1.063529 -4.288457
v 4.463623 1.067639 -4.495348
v 4.463623 1.065584 -4.484482
v 4.728437 1.072302 -4.337718
v 4.723338 1.074785 -4.452532
v 4.458151 0.942887 -3.780988
v 4.424647 1.197788 -3.806612
v 4.458150 0.937355 -4.267466
v 4.458150 1.176430 -4.267466
v 4.713052 0.942887 -3.780988
v 4.713052 1.214227 -3.780988
v 4.713051 0.942887 -4.267466
v 4.690530 1.197788 -4.267466
v 4.458150 0.928050 -4.122159
v 4.458151 0.934080 -4.024227
v 4.458151 0.938484 -4.011450
v 4.428527 1.197788 -3.933346
v 4.448173 1.190674 -4.073760
v 4.452096 1.197788 -4.139666
v 4.713052 0.942887 -4.011450
v 4.713052 0.942887 -4.024227
v 4.713052 0.942887 -4.037003
v 4.713051 1.198188 -4.249838
v 4.713052 1.202547 -4.073760
v 4.713052 1.209571 -3.943081
v 4.441007 1.070337 -3.780988
v 4.458150 1.061530 -4.267466
v 4.713051 1.070337 -4.267466
v 4.713052 1.078557 -3.780988
v 4.713052 1.072392 -4.037003
v 4.713052 1.074447 -4.024227
v 4.713052 1.076502 -4.011450
v 4.448237 1.069784 -3.838903
v 4.453336 1.067302 -3.973888
v 4.453756 1.067017 -3.978915
v 4.444309 0.336776 -3.701767
v 4.477857 0.591677 -3.731937
v 4.444309 0.331244 -4.274536
v 4.444309 0.570319 -4.274536
v 4.699210 0.336776 -3.701767
v 4.699210 0.608116 -3.701767
v 4.699210 0.336776 -4.274537
v 4.676689 0.591677 -4.274537
v 4.444309 0.321939 -4.103456
v 4.444309 0.327969 -3.988152
v 4.444309 0.332372 -3.973109
v 4.481736 0.591677 -3.881150
v 4.458170 0.586217 -4.046472
v 4.438254 0.591677 -4.124068
v 4.699210 0.336776 -3.973109
v 4.699210 0.336776 -3.988152
v 4.699210 0.336776 -4.003195
v 4.699210 0.592077 -4.253782
v 4.699210 0.596436 -4.046472
v 4.699210 0.603460 -3.892613
v 4.427166 0.464226 -3.701767
v 4.444309 0.455419 -4.274536
v 4.699210 0.464226 -4.274537
v 4.699210 0.472446 -3.701767
v 4.699210 0.466281 -4.003195
v 4.699210 0.468336 -3.988152
v 4.699210 0.470391 -3.973109
v 4.434395 0.463673 -3.769956
v 4.442266 0.457893 -4.125132
v 4.443581 0.456328 -4.218279
v 4.718524 0.897943 -3.387970
v 4.752028 0.643042 -3.423226
v 4.718524 0.903475 -4.057320
v 4.718524 0.664400 -4.057320
v 4.463623 0.897943 -3.387970
v 4.463623 0.626603 -3.387970
v 4.463623 0.897943 -4.057320
v 4.486144 0.643042 -4.057320
v 4.718524 0.906750 -3.722645
v 4.718524 0.902346 -3.705066
v 4.748147 0.643042 -3.597600
v 4.728502 0.650155 -3.790798
v 4.463623 0.897943 -3.705066
v 4.463623 0.897943 -3.722645
v 4.463623 0.638283 -3.790798
v 4.463623 0.631258 -3.610996
v 4.735668 0.770493 -3.387970
v 4.718524 0.779299 -4.057320
v 4.463623 0.770492 -4.057320
v 4.463623 0.762273 -3.387970
v 4.463623 0.766383 -3.722645
v 4.463623 0.764328 -3.705066
v 4.728438 0.771046 -3.467657
v 4.723339 0.773528 -3.653384
v 4.458151 0.887179 -3.348882
v 4.424647 0.632278 -3.322366
v 4.458151 0.892711 -2.845473
v 4.458151 0.653635 -2.845473
v 4.713052 0.887179 -3.348882
v 4.713052 0.615838 -3.348882
v 4.713052 0.887178 -2.845473
v 4.690531 0.632278 -2.845473
v 4.458151 0.902016 -2.995837
v 4.458151 0.895985 -3.097178
v 4.458151 0.891582 -3.110399
v 4.428527 0.632278 -3.191222
v 4.448173 0.639391 -3.045920
v 4.452096 0.632278 -2.977720
v 4.713052 0.887179 -3.110399
v 4.713052 0.887179 -3.097178
v 4.713052 0.887179 -3.083956
v 4.713052 0.631877 -2.863714
v 4.713052 0.627519 -3.045920
v 4.713052 0.620494 -3.181147
v 4.441007 0.759728 -3.348882
v 4.458151 0.768535 -2.845473
v 4.713052 0.759728 -2.845473
v 4.713052 0.751508 -3.348882
v 4.713052 0.757673 -3.083956
v 4.713052 0.755618 -3.097178
v 4.713052 0.753563 -3.110399
v 4.448237 0.760282 -3.288951
v 4.453336 0.762764 -3.149268
v 4.453756 0.763048 -3.144066
v 4.455051 0.563484 -3.023020
v 4.709952 0.596987 -3.057444
v 4.449519 0.563483 -3.676562
v 4.688595 0.563483 -3.676562
v 4.455051 0.308583 -3.023020
v 4.726392 0.308583 -3.023020
v 4.455051 0.308583 -3.676562
v 4.709952 0.331104 -3.676562
v 4.446244 0.563484 -3.349791
v 4.450648 0.563484 -3.332627
v 4.709952 0.593107 -3.227700
v 4.702838 0.573462 -3.416335
v 4.455051 0.308583 -3.332627
v 4.455051 0.308583 -3.349791
v 4.714711 0.308583 -3.416335
v 4.721735 0.308583 -3.240779
v 4.582501 0.580628 -3.023021
v 4.573695 0.563483 -3.676562
v 4.582501 0.308583 -3.676562
v 4.590722 0.308583 -3.023020
v 4.586612 0.308583 -3.349791
v 4.588666 0.308583 -3.332627
v 4.581948 0.573398 -3.100825
v 4.579466 0.568298 -3.282166
v 4.714943 1.176674 -3.732218
v 4.460043 1.143127 -3.700619
v 4.720475 1.176674 -3.132306
v 4.481400 1.176674 -3.132306
v 4.714943 0.921773 -3.732218
v 4.443603 0.921773 -3.732218
v 4.714943 0.921773 -3.132306
v 4.460043 0.944294 -3.132306
v 4.729781 1.176674 -3.311495
v 4.723750 1.176674 -3.432262
v 4.719347 1.176674 -3.448017
v 4.460043 1.139247 -3.544334
v 4.465502 1.162813 -3.371178
v 4.460043 1.182729 -3.289905
v 4.714943 0.921773 -3.448017
v 4.714943 0.921773 -3.432262
v 4.714943 0.921773 -3.416506
v 4.459642 0.921773 -3.154043
v 4.455284 0.921773 -3.371178
v 4.448259 0.921773 -3.532328
v 4.587493 1.193818 -3.732218
v 4.596300 1.176674 -3.132306
v 4.587493 0.921773 -3.132306
v 4.579273 0.921773 -3.732218
v 4.585438 0.921773 -3.416506
v 4.583383 0.921773 -3.432262
v 4.581328 0.921773 -3.448017
v 4.588047 1.186588 -3.660797
v 4.593826 1.178717 -3.288791
v 4.595391 1.177402 -3.191228
v 4.697391 0.642662 -2.204090
v 4.663843 0.897563 -2.172491
v 4.697391 0.637130 -1.604178
v 4.697391 0.876205 -1.604178
v 4.442490 0.642662 -2.204090
v 4.442490 0.914002 -2.204090
v 4.442490 0.642662 -1.604178
v 4.465011 0.897563 -1.604178
v 4.697391 0.627825 -1.783367
v 4.697391 0.633855 -1.904134
v 4.697391 0.638259 -1.919890
v 4.659963 0.897563 -2.016207
v 4.683530 0.892103 -1.843051
v 4.703445 0.897563 -1.761778
v 4.442490 0.642662 -1.919890
v 4.442490 0.642662 -1.904134
v 4.442490 0.642662 -1.888379
v 4.442490 0.897963 -1.625915
v 4.442490 0.902322 -1.843051
v 4.442490 0.909346 -2.004200
v 4.714534 0.770112 -2.204090
v 4.697391 0.761306 -1.604178
v 4.442490 0.770112 -1.604178
v 4.442490 0.778332 -2.204090
v 4.442490 0.772167 -1.888379
v 4.442490 0.774222 -1.904134
v 4.442490 0.776277 -1.919890
v 4.707304 0.769559 -2.132670
v 4.699434 0.763779 -1.760663
v 4.698118 0.762214 -1.663101
v 4.693022 0.967096 -2.440837
v 4.438121 0.933593 -2.476093
v 4.698554 0.967097 -3.110187
v 4.459478 0.967097 -3.110187
v 4.693022 1.221997 -2.440837
v 4.421682 1.221997 -2.440837
v 4.693021 1.221997 -3.110187
v 4.438121 1.199476 -3.110187
v 4.701829 0.967096 -2.775512
v 4.697425 0.967096 -2.757933
v 4.438121 0.937473 -2.650467
v 4.445234 0.957118 -2.843666
v 4.693022 1.221997 -2.757933
v 4.693022 1.221997 -2.775512
v 4.433362 1.221997 -2.843666
v 4.426338 1.221997 -2.663863
v 4.565572 0.949952 -2.440837
v 4.574378 0.967097 -3.110187
v 4.565571 1.221997 -3.110187
v 4.557352 1.221997 -2.440837
v 4.561461 1.221997 -2.775512
v 4.559407 1.221997 -2.757933
v 4.566125 0.957182 -2.520524
v 4.568607 0.962282 -2.706251
v 4.458151 0.938779 -1.898340
v 4.424647 1.193680 -1.924856
v 4.458151 0.933247 -2.401749
v 4.458151 1.172322 -2.401749
v 4.713052 0.938779 -1.898340
v 4.713052 1.210119 -1.898340
v 4.713052 0.938779 -2.401749
v 4.690531 1.193680 -2.401749
v 4.458151 0.923942 -2.251385
v 4.458151 0.929972 -2.150045
v 4.458151 0.934376 -2.136824
v 4.428527 1.193680 -2.056000
v 4.448173 1.186566 -2.201302
v 4.452096 1.193680 -2.269502
v 4.713052 0.938779 -2.136824
v 4.713052 0.938779 -2.150045
v 4.713052 0.938779 -2.163266
v 4.713052 1.194080 -2.383509
v 4.713052 1.198439 -2.201302
v 4.713052 1.205463 -2.066075
v 4.441007 1.066229 -1.898340
v 4.458151 1.057423 -2.401749
v 4.713052 1.066229 -2.401749
v 4.713052 1.074449 -1.898340
v 4.713052 1.068284 -2.163266
v 4.713052 1.070339 -2.150045
v 4.713052 1.072394 -2.136824
v 4.448237 1.065676 -1.958272
v 4.453336 1.063194 -2.097954
v 4.453756 1.062910 -2.103156
v 4.440859 0.336189 -2.397096
v 4.474407 0.591089 -2.428695
v 4.440859 0.330657 -2.997008
v 4.440859 0.569732 -2.997008
v 4.695760 0.336189 -2.397096
v 4.695760 0.607529 -2.397096
v 4.695760 0.336189 -2.997008
v 4.673239 0.591090 -2.997008
v 4.440859 0.321351 -2.817819
v 4.440859 0.327382 -2.697052
v 4.440859 0.331785 -2.681296
v 4.478286 0.591090 -2.584979
v 4.454720 0.585630 -2.758135
v 4.434804 0.591090 -2.839409
v 4.695760 0.336189 -2.681296
v 4.695760 0.336189 -2.697052
v 4.695760 0.336189 -2.712808
v 4.695760 0.591490 -2.975271
v 4.695760 0.595849 -2.758135
v 4.695760 0.602873 -2.596986
v 4.423716 0.463639 -2.397096
v 4.440859 0.454832 -2.997008
v 4.695760 0.463639 -2.997008
v 4.695760 0.471859 -2.397096
v 4.695760 0.465694 -2.712808
v 4.695760 0.467749 -2.697052
v 4.695760 0.469804 -2.681296
v 4.430945 0.463086 -2.468516
v 4.438817 0.457306 -2.840523
v 4.440132 0.455741 -2.938085
v 4.718524 0.604511 -1.705627
v 4.752028 0.349610 -1.740883
v 4.718524 0.610043 -2.374977
v 4.718524 0.370968 -2.374977
v 4.463623 0.604511 -1.705627
v 4.463623 0.333171 -1.705627
v 4.463623 0.604511 -2.374977
v 4.486144 0.349610 -2.374977
v 4.718524 0.613318 -2.040302
v 4.718524 0.608914 -2.022723
v 4.748147 0.349610 -1.915258
v 4.728502 0.356724 -2.108456
v 4.463623 0.604511 -2.022723
v 4.463623 0.604511 -2.040302
v 4.463623 0.344851 -2.108456
v 4.463623 0.337827 -1.928653
v 4.735668 0.477061 -1.705627
v 4.718524 0.485867 -2.374977
v 4.463623 0.477060 -2.374977
v 4.463623 0.468841 -1.705627
v 4.463623 0.472951 -2.040302
v 4.463623 0.470896 -2.022723
v 4.728438 0.477614 -1.785314
v 4.723339 0.480096 -1.971041
v 4.435625 0.892579 -2.807377
v 4.469172 0.637679 -2.777208
v 4.435625 0.898111 -2.234608
v 4.435625 0.659036 -2.234608
v 4.690526 0.892579 -2.807377
v 4.690526 0.621239 -2.807377
v 4.690526 0.892579 -2.234608
v 4.668005 0.637678 -2.234608
v 4.435625 0.907417 -2.405689
v 4.435625 0.901386 -2.520993
v 4.435625 0.896983 -2.536035
v 4.473052 0.637679 -2.627995
v 4.449486 0.643138 -2.462673
v 4.429570 0.637678 -2.385077
v 4.690526 0.892579 -2.536035
v 4.690526 0.892579 -2.520993
v 4.690526 0.892579 -2.505950
v 4.690526 0.637278 -2.255362
v 4.690526 0.632919 -2.462673
v 4.690526 0.625895 -2.616532
v 4.418481 0.765129 -2.807377
v 4.435625 0.773936 -2.234608
v 4.690526 0.765129 -2.234608
v 4.690526 0.756909 -2.807377
v 4.690526 0.763074 -2.505950
v 4.690526 0.761019 -2.520993
v 4.690526 0.758964 -2.536035
v 4.425711 0.765682 -2.739188
v 4.433582 0.771462 -2.384013
v 4.434897 0.773027 -2.290865
v 4.458151 0.630676 -1.069232
v 4.424648 0.885576 -1.095748
v 4.458151 0.625144 -1.572641
v 4.458151 0.864219 -1.572641
v 4.713052 0.630676 -1.069232
v 4.713052 0.902016 -1.069232
v 4.713052 0.630676 -1.572641
v 4.690531 0.885576 -1.572641
v 4.458151 0.615838 -1.422277
v 4.458151 0.621869 -1.320937
v 4.458151 0.626272 -1.307716
v 4.428528 0.885576 -1.226892
v 4.448173 0.878463 -1.372194
v 4.452096 0.885576 -1.440394
v 4.713052 0.630676 -1.307716
v 4.713052 0.630676 -1.320937
v 4.713052 0.630676 -1.334158
v 4.713052 0.885977 -1.554401
v 4.713052 0.890336 -1.372194
v 4.713052 0.897360 -1.236967
v 4.441008 0.758126 -1.069232
v 4.458151 0.749319 -1.572641
v 4.713052 0.758126 -1.572641
v 4.713052 0.766346 -1.069232
v 4.713052 0.760181 -1.334158
v 4.713052 0.762236 -1.320937
v 4.713052 0.764291 -1.307716
v 4.448237 0.757573 -1.129164
v 4.453337 0.755091 -1.268846
v 4.453757 0.754806 -1.274048
v 4.444432 1.194227 -1.877729
v 4.477980 0.939326 -1.846130
v 4.444433 1.199759 -1.277817
v 4.444433 0.960684 -1.277817
v 4.699333 1.194227 -1.877729
v 4.699333 0.922887 -1.877729
v 4.699334 1.194227 -1.277817
v 4.676813 0.939326 -1.277817
v 4.444432 1.209064 -1.457005
v 4.444432 1.203034 -1.577773
v 4.444432 1.198630 -1.593528
v 4.481859 0.939326 -1.689845
v 4.458293 0.944786 -1.516690
v 4.438377 0.939326 -1.435416
v 4.699333 1.194227 -1.593528
v 4.699333 1.194227 -1.577773
v 4.699333 1.194227 -1.562017
v 4.699334 0.938926 -1.299554
v 4.699333 0.934567 -1.516690
v 4.699333 0.927542 -1.677839
v 4.427289 1.066776 -1.877729
v 4.444433 1.075584 -1.277817
v 4.699334 1.066777 -1.277817
v 4.699333 1.058557 -1.877729
v 4.699333 1.064722 -1.562017
v 4.699333 1.062667 -1.577773
v 4.699333 1.060612 -1.593528
v 4.434518 1.067330 -1.806309
v 4.442389 1.073110 -1.434302
v 4.443705 1.074675 -1.336740
v 4.697391 0.593279 -1.109786
v 4.663844 0.338378 -1.139956
v 4.697391 0.598811 -1.682554
v 4.697391 0.359736 -1.682554
v 4.442490 0.593279 -1.109786
v 4.442490 0.321938 -1.109787
v 4.442490 0.593279 -1.682554
v 4.465011 0.338378 -1.682554
v 4.697391 0.608116 -1.511474
v 4.697391 0.602086 -1.396170
v 4.697391 0.597682 -1.381128
v 4.659964 0.338378 -1.289169
v 4.683530 0.343838 -1.454490
v 4.703445 0.338378 -1.532086
v 4.442490 0.593279 -1.381128
v 4.442490 0.593279 -1.396170
v 4.442490 0.593279 -1.411213
v 4.442490 0.337978 -1.661801
v 4.442490 0.333619 -1.454490
v 4.442490 0.326594 -1.300632
v 4.714535 0.465828 -1.109786
v 4.697391 0.474635 -1.682554
v 4.442490 0.465829 -1.682554
v 4.442490 0.457609 -1.109786
v 4.442490 0.463774 -1.411213
v 4.442490 0.461719 -1.396170
v 4.442490 0.459664 -1.381128
v 4.707305 0.466382 -1.177975
v 4.699434 0.472162 -1.533150
v 4.698118 0.473727 -1.626298
v 4.718524 0.324534 -1.084581
v 4.752028 0.579435 -1.050157
v 4.718524 0.319002 -0.431040
v 4.718524 0.558077 -0.431040
v 4.463624 0.324534 -1.084581
v 4.463624 0.595874 -1.084581
v 4.463624 0.324534 -0.431039
v 4.486145 0.579434 -0.431039
v 4.718524 0.315727 -0.757810
v 4.718524 0.320130 -0.774974
v 4.748148 0.579434 -0.879902
v 4.728503 0.572321 -0.691266
v 4.463624 0.324534 -0.774974
v 4.463624 0.324534 -0.757810
v 4.463624 0.584194 -0.691266
v 4.463624 0.591218 -0.866822
v 4.735668 0.451984 -1.084581
v 4.718524 0.443177 -0.431040
v 4.463624 0.451984 -0.431039
v 4.463624 0.460204 -1.084581
v 4.463624 0.456094 -0.757810
v 4.463624 0.458149 -0.774974
v 4.728438 0.451431 -1.006776
v 4.723339 0.448949 -0.825436
v 4.458151 0.942887 -0.768421
v 4.424648 1.197788 -0.794045
v 4.458151 0.937355 -1.254898
v 4.458151 1.176430 -1.254898
v 4.713052 0.942887 -0.768421
v 4.713052 1.214227 -0.768421
v 4.713052 0.942887 -1.254898
v 4.690531 1.197788 -1.254898
v 4.458151 0.928050 -1.109592
v 4.458151 0.934080 -1.011660
v 4.458151 0.938484 -0.998883
v 4.428528 1.197788 -0.920778
v 4.448173 1.190674 -1.061193
v 4.452096 1.197788 -1.127099
v 4.713052 0.942887 -0.998883
v 4.713052 0.942887 -1.011660
v 4.713052 0.942887 -1.024436
v 4.713052 1.198188 -1.237271
v 4.713052 1.202547 -1.061193
v 4.713052 1.209571 -0.930514
v 4.441008 1.070337 -0.768421
v 4.458151 1.061530 -1.254898
v 4.713052 1.070337 -1.254898
v 4.713052 1.078557 -0.768421
v 4.713052 1.072392 -1.024436
v 4.713052 1.074447 -1.011660
v 4.713052 1.076502 -0.998883
v 4.448237 1.069784 -0.826337
v 4.453337 1.067302 -0.961321
v 4.453757 1.067017 -0.966348
v 4.697391 0.937724 -0.719651
v 4.663844 1.192625 -0.688053
v 4.697391 0.932192 -0.119740
v 4.697391 1.171267 -0.119740
v 4.442490 0.937724 -0.719651
v 4.442490 1.209064 -0.719651
v 4.442490 0.937724 -0.119739
v 4.465011 1.192625 -0.119739
v 4.697391 0.922887 -0.298928
v 4.697391 0.928917 -0.419696
v 4.697391 0.933321 -0.435451
v 4.659964 1.192625 -0.531768
v 4.683530 1.187165 -0.358612
v 4.703446 1.192625 -0.277339
v 4.442490 0.937724 -0.435451
v 4.442490 0.937724 -0.419695
v 4.442490 0.937724 -0.403940
v 4.442490 1.193025 -0.141477
v 4.442490 1.197384 -0.358612
v 4.442490 1.204408 -0.519762
v 4.714535 1.065174 -0.719651
v 4.697391 1.056368 -0.119740
v 4.442490 1.065174 -0.119739
v 4.442490 1.073394 -0.719651
v 4.442490 1.067229 -0.403940
v 4.442490 1.069284 -0.419695
v 4.442490 1.071339 -0.435451
v 4.707305 1.064621 -0.648231
v 4.699434 1.058841 -0.276225
v 4.698119 1.057276 -0.178662
v 4.458151 0.630676 -0.540084
v 4.424648 0.885576 -0.566600
v 4.458151 0.625144 -1.043493
v 4.458151 0.864219 -1.043493
v 4.713052 0.630676 -0.540085
v 4.713052 0.902016 -0.540085
v 4.713052 0.630676 -1.043493
v 4.690531 0.885576 -1.043493
v 4.458151 0.615838 -0.893129
v 4.458151 0.621869 -0.791789
v 4.458151 0.626272 -0.778568
v 4.428528 0.885576 -0.697744
v 4.448173 0.878463 -0.843046
v 4.452096 0.885576 -0.911246
v 4.713052 0.630676 -0.778568
v 4.713052 0.630676 -0.791789
v 4.713052 0.630676 -0.805010
v 4.713052 0.885977 -1.025253
v 4.713052 0.890336 -0.843046
v 4.713052 0.897360 -0.707819
v 4.441008 0.758126 -0.540084
v 4.458151 0.749319 -1.043493
v 4.713052 0.758126 -1.043493
v 4.713052 0.766346 -0.540085
v 4.713052 0.760181 -0.805010
v 4.713052 0.762236 -0.791789
v 4.713052 0.764291 -0.778568
v 4.448237 0.757573 -0.600016
v 4.453337 0.755091 -0.739699
v 4.453757 0.754806 -0.744900
v 4.437983 0.636076 0.070780
v 4.471530 0.890977 0.040611
v 4.437983 0.630544 -0.501988
v 4.437983 0.869620 -0.501988
v 4.692883 0.636076 0.070780
v 4.692883 0.907417 0.070780
v 4.692883 0.636076 -0.501988
v 4.670362 0.890977 -0.501988
v 4.437983 0.621239 -0.330907
v 4.437983 0.627270 -0.215604
v 4.437983 0.631673 -0.200561
v 4.475410 0.890977 -0.108602
v 4.451843 0.885518 -0.273924
v 4.431928 0.890977 -0.351519
v 4.692883 0.636076 -0.200561
v 4.692883 0.636076 -0.215604
v 4.692883 0.636076 -0.230647
v 4.692883 0.891378 -0.481234
v 4.692883 0.895736 -0.273924
v 4.692883 0.902761 -0.120065
v 4.420839 0.763527 0.070780
v 4.437983 0.754720 -0.501988
v 4.692883 0.763527 -0.501988
v 4.692883 0.771746 0.070780
v 4.692883 0.765582 -0.230647
v 4.692883 0.767637 -0.215604
v 4.692883 0.769692 -0.200561
v 4.428068 0.762973 0.002591
v 4.435940 0.757194 -0.352583
v 4.437255 0.755629 -0.445731
v 4.718525 0.583971 2.732953
v 4.752028 0.329070 2.697696
v 4.718525 0.589503 2.063603
v 4.718525 0.350428 2.063603
v 4.463624 0.583971 2.732953
v 4.463624 0.312630 2.732953
v 4.463624 0.583971 2.063603
v 4.486145 0.329070 2.063603
v 4.718525 0.592778 2.398278
v 4.718525 0.588374 2.415857
v 4.748148 0.329070 2.523323
v 4.728503 0.336183 2.330124
v 4.463624 0.583971 2.415857
v 4.463624 0.583971 2.398278
v 4.463624 0.324311 2.330124
v 4.463624 0.317286 2.509927
v 4.735669 0.456520 2.732953
v 4.718525 0.465327 2.063603
v 4.463624 0.456520 2.063603
v 4.463624 0.448301 2.732953
v 4.463624 0.452410 2.398278
v 4.463624 0.450356 2.415857
v 4.728439 0.457074 2.653266
v 4.723340 0.459556 2.467539
v 4.458152 0.316703 1.397486
v 4.424648 0.571604 1.370970
v 4.458151 0.311171 0.894077
v 4.458151 0.550247 0.894077
v 4.713053 0.316703 1.397486
v 4.713053 0.588044 1.397486
v 4.713052 0.316703 0.894077
v 4.690531 0.571604 0.894077
v 4.458151 0.301866 1.044441
v 4.458151 0.307897 1.145781
v 4.458151 0.312300 1.159003
v 4.428528 0.571604 1.239826
v 4.448173 0.564491 1.094524
v 4.452096 0.571604 1.026325
v 4.713052 0.316703 1.159003
v 4.713052 0.316703 1.145781
v 4.713052 0.316703 1.132560
v 4.713052 0.572005 0.912318
v 4.713052 0.576363 1.094524
v 4.713052 0.583388 1.229751
v 4.441008 0.444154 1.397486
v 4.458151 0.435347 0.894077
v 4.713052 0.444154 0.894077
v 4.713053 0.452374 1.397486
v 4.713052 0.446209 1.132560
v 4.713052 0.448264 1.145781
v 4.713052 0.450319 1.159003
v 4.448237 0.443601 1.337555
v 4.453337 0.441118 1.197872
v 4.453757 0.440834 1.192670
v 4.697391 1.186597 0.506705
v 4.663844 0.931697 0.475106
v 4.697391 1.192130 -0.093207
v 4.697391 0.953054 -0.093207
v 4.442490 1.186597 0.506705
v 4.442490 0.915257 0.506705
v 4.442490 1.186598 -0.093207
v 4.465011 0.931697 -0.093207
v 4.697391 1.201435 0.085982
v 4.697391 1.195405 0.206749
v 4.697391 1.191001 0.222505
v 4.659964 0.931697 0.318822
v 4.683530 0.937157 0.145666
v 4.703446 0.931697 0.064392
v 4.442490 1.186597 0.222505
v 4.442490 1.186597 0.206749
v 4.442490 1.186597 0.190994
v 4.442490 0.931297 -0.071469
v 4.442490 0.926938 0.145666
v 4.442490 0.919913 0.306816
v 4.714535 1.059147 0.506705
v 4.697391 1.067954 -0.093207
v 4.442490 1.059147 -0.093207
v 4.442490 1.050927 0.506705
v 4.442490 1.057092 0.190994
v 4.442490 1.055037 0.206749
v 4.442490 1.052982 0.222505
v 4.707305 1.059700 0.435284
v 4.699434 1.065480 0.063278
v 4.698119 1.067046 -0.034284
v 4.718524 1.198417 1.198174
v 4.752028 0.943516 1.162918
v 4.718524 1.203949 0.528824
v 4.718524 0.964874 0.528824
v 4.463624 1.198417 1.198174
v 4.463624 0.927077 1.198174
v 4.463624 1.198417 0.528824
v 4.486145 0.943516 0.528824
v 4.718524 1.207224 0.863499
v 4.718524 1.202821 0.881078
v 4.748148 0.943516 0.988544
v 4.728503 0.950630 0.795345
v 4.463624 1.198417 0.881078
v 4.463624 1.198417 0.863499
v 4.463624 0.938757 0.795346
v 4.463624 0.931733 0.975148
v 4.735668 1.070967 1.198174
v 4.718524 1.079773 0.528824
v 4.463624 1.070966 0.528824
v 4.463624 1.062747 1.198174
v 4.463624 1.066857 0.863499
v 4.463624 1.064802 0.881078
v 4.728438 1.071520 1.118487
v 4.723339 1.074002 0.932760
v 4.413152 0.877791 0.094548
v 4.446700 0.622890 0.124716
v 4.413152 0.883322 0.667316
v 4.413152 0.644247 0.667315
v 4.668053 0.877791 0.094548
v 4.668053 0.606450 0.094547
v 4.668053 0.877790 0.667316
v 4.645532 0.622890 0.667315
v 4.413152 0.892628 0.496235
v 4.413152 0.886597 0.380932
v 4.413152 0.882194 0.365889
v 4.450579 0.622890 0.273930
v 4.427013 0.628349 0.439251
v 4.407097 0.622890 0.516847
v 4.668053 0.877790 0.365889
v 4.668053 0.877790 0.380932
v 4.668053 0.877790 0.395974
v 4.668053 0.622489 0.646562
v 4.668053 0.618131 0.439251
v 4.668053 0.611106 0.285393
v 4.396008 0.750340 0.094547
v 4.413152 0.759147 0.667315
v 4.668053 0.750340 0.667316
v 4.668053 0.742120 0.094548
v 4.668053 0.748285 0.395974
v 4.668053 0.746230 0.380932
v 4.668053 0.744175 0.365889
v 4.403238 0.750893 0.162736
v 4.411108 0.756673 0.517911
v 4.412425 0.758238 0.611059
v 4.718524 0.609045 0.692521
v 4.752028 0.863946 0.726945
v 4.718524 0.603513 1.346063
v 4.718524 0.842588 1.346063
v 4.463624 0.609046 0.692521
v 4.463624 0.880386 0.692521
v 4.463624 0.609045 1.346063
v 4.486145 0.863946 1.346063
v 4.718524 0.600238 1.019292
v 4.718524 0.604642 1.002128
v 4.748148 0.863946 0.897201
v 4.728503 0.856833 1.085836
v 4.463624 0.609045 1.002128
v 4.463624 0.609045 1.019292
v 4.463624 0.868705 1.085836
v 4.463624 0.875730 0.910280
v 4.735668 0.736496 0.692521
v 4.718524 0.727689 1.346063
v 4.463624 0.736496 1.346063
v 4.463624 0.744716 0.692521
v 4.463624 0.740606 1.019292
v 4.463624 0.742661 1.002128
v 4.728438 0.735943 0.770326
v 4.723339 0.733460 0.951667
v 4.458152 0.942887 1.719494
v 4.424648 1.197788 1.693870
v 4.458151 0.937355 1.233016
v 4.458151 1.176430 1.233016
v 4.713053 0.942887 1.719494
v 4.713053 1.214227 1.719494
v 4.713052 0.942887 1.233016
v 4.690531 1.197788 1.233016
v 4.458152 0.928050 1.378323
v 4.458152 0.934080 1.476255
v 4.458152 0.938484 1.489031
v 4.428528 1.197788 1.567136
v 4.448174 1.190674 1.426721
v 4.452096 1.197788 1.360816
v 4.713053 0.942887 1.489031
v 4.713053 0.942887 1.476255
v 4.713053 0.942887 1.463478
v 4.713052 1.198188 1.250643
v 4.713053 1.202547 1.426721
v 4.713053 1.209571 1.557400
v 4.441008 1.070337 1.719494
v 4.458151 1.061530 1.233016
v 4.713052 1.070337 1.233016
v 4.713053 1.078557 1.719494
v 4.713053 1.072392 1.463478
v 4.713053 1.074447 1.476255
v 4.713053 1.076502 1.489031
v 4.448238 1.069784 1.661578
v 4.453337 1.067302 1.526593
v 4.453757 1.067017 1.521566
v 4.679549 0.887179 3.021212
v 4.713052 0.632278 2.994696
v 4.679549 0.892711 2.517802
v 4.679549 0.653635 2.517802
v 4.424648 0.887178 3.021212
v 4.424648 0.615838 3.021212
v 4.424648 0.887178 2.517802
v 4.447169 0.632278 2.517802
v 4.679549 0.902016 2.668166
v 4.679549 0.895985 2.769507
v 4.679549 0.891582 2.782728
v 4.709173 0.632278 2.863551
v 4.689527 0.639391 2.718250
v 4.685604 0.632278 2.650050
v 4.424648 0.887178 2.782728
v 4.424648 0.887178 2.769507
v 4.424648 0.887178 2.756286
v 4.424648 0.631877 2.536042
v 4.424648 0.627519 2.718250
v 4.424648 0.620494 2.853476
v 4.696692 0.759728 3.021212
v 4.679549 0.768535 2.517802
v 4.424648 0.759728 2.517802
v 4.424648 0.751508 3.021212
v 4.424648 0.757673 2.756286
v 4.424648 0.755618 2.769507
v 4.424648 0.753563 2.782728
v 4.689463 0.760282 2.961280
v 4.684363 0.762764 2.821597
v 4.683943 0.763048 2.816396
v 4.718525 0.581037 4.729323
v 4.752029 0.326136 4.694899
v 4.718525 0.586569 4.075781
v 4.718525 0.347493 4.075781
v 4.463624 0.581037 4.729323
v 4.463624 0.309696 4.729323
v 4.463624 0.581037 4.075781
v 4.486145 0.326136 4.075781
v 4.718525 0.589844 4.402552
v 4.718525 0.585440 4.419716
v 4.748149 0.326136 4.524643
v 4.728504 0.333249 4.336009
v 4.463624 0.581037 4.419716
v 4.463624 0.581037 4.402552
v 4.463624 0.321377 4.336009
v 4.463624 0.314352 4.511565
v 4.735669 0.453586 4.729323
v 4.718525 0.462393 4.075781
v 4.463624 0.453586 4.075781
v 4.463624 0.445366 4.729323
v 4.463624 0.449476 4.402552
v 4.463624 0.447421 4.419716
v 4.728439 0.454140 4.651518
v 4.723340 0.456622 4.470177
v 4.461023 0.336776 3.337420
v 4.494571 0.591677 3.307251
v 4.461023 0.331244 2.764652
v 4.461023 0.570319 2.764652
v 4.715924 0.336776 3.337420
v 4.715924 0.608116 3.337420
v 4.715924 0.336776 2.764652
v 4.693403 0.591677 2.764652
v 4.461023 0.321939 2.935733
v 4.461023 0.327969 3.051036
v 4.461023 0.332373 3.066078
v 4.498450 0.591677 3.158038
v 4.474884 0.586217 2.992717
v 4.454968 0.591677 2.915120
v 4.715924 0.336776 3.066078
v 4.715924 0.336776 3.051036
v 4.715924 0.336776 3.035993
v 4.715924 0.592077 2.785405
v 4.715924 0.596436 2.992717
v 4.715924 0.603460 3.146574
v 4.443880 0.464226 3.337420
v 4.461023 0.455420 2.764652
v 4.715924 0.464226 2.764652
v 4.715924 0.472446 3.337420
v 4.715924 0.466281 3.035993
v 4.715924 0.468336 3.051036
v 4.715924 0.470391 3.066078
v 4.451109 0.463673 3.269231
v 4.458981 0.457893 2.914056
v 4.460296 0.456328 2.820909
v 4.697392 0.636076 3.046143
v 4.663844 0.890977 3.076312
v 4.697392 0.630544 3.618912
v 4.697392 0.869620 3.618912
v 4.442491 0.636076 3.046143
v 4.442491 0.907417 3.046143
v 4.442491 0.636076 3.618912
v 4.465012 0.890977 3.618912
v 4.697392 0.621239 3.447831
v 4.697392 0.627269 3.332528
v 4.697392 0.631673 3.317485
v 4.659964 0.890977 3.225525
v 4.683531 0.885518 3.390847
v 4.703446 0.890977 3.468443
v 4.442491 0.636076 3.317485
v 4.442491 0.636076 3.332528
v 4.442491 0.636076 3.347570
v 4.442491 0.891378 3.598159
v 4.442491 0.895736 3.390847
v 4.442491 0.902761 3.236989
v 4.714535 0.763527 3.046143
v 4.697392 0.754720 3.618912
v 4.442491 0.763527 3.618912
v 4.442491 0.771747 3.046143
v 4.442491 0.765582 3.347570
v 4.442491 0.767637 3.332528
v 4.442491 0.769692 3.317485
v 4.707305 0.762973 3.114332
v 4.699435 0.757194 3.469507
v 4.698119 0.755629 3.562655
v 4.718525 0.327468 3.363342
v 4.752028 0.582369 3.398599
v 4.718525 0.321936 4.032692
v 4.718525 0.561011 4.032692
v 4.463624 0.327468 3.363342
v 4.463624 0.598808 3.363342
v 4.463624 0.327468 4.032692
v 4.486145 0.582369 4.032692
v 4.718525 0.318661 3.698017
v 4.718525 0.323064 3.680438
v 4.748148 0.582369 3.572973
v 4.728503 0.575255 3.766171
v 4.463624 0.327468 3.680438
v 4.463624 0.327468 3.698017
v 4.463624 0.587128 3.766171
v 4.463624 0.594152 3.586368
v 4.735669 0.454918 3.363342
v 4.718525 0.446111 4.032692
v 4.463624 0.454918 4.032692
v 4.463624 0.463138 3.363342
v 4.463624 0.459028 3.698017
v 4.463624 0.461083 3.680438
v 4.728439 0.454365 3.443029
v 4.723340 0.451883 3.628756
v 4.458919 0.865548 3.656606
v 4.425415 0.610647 3.691030
v 4.458919 0.871081 4.310148
v 4.458919 0.632005 4.310148
v 4.713820 0.865548 3.656606
v 4.713820 0.594208 3.656606
v 4.713820 0.865548 4.310148
v 4.691299 0.610648 4.310148
v 4.458919 0.874355 3.983377
v 4.458919 0.869952 3.966213
v 4.429295 0.610647 3.861286
v 4.448940 0.617761 4.049921
v 4.713820 0.865548 3.966213
v 4.713820 0.865548 3.983377
v 4.713820 0.605888 4.049921
v 4.713820 0.598864 3.874365
v 4.441775 0.738098 3.656606
v 4.458919 0.746905 4.310148
v 4.713820 0.738098 4.310148
v 4.713820 0.729878 3.656606
v 4.713820 0.733988 3.983377
v 4.713820 0.731933 3.966213
v 4.449004 0.738651 3.734412
v 4.454104 0.741133 3.915752
v 4.458152 0.931737 4.343543
v 4.424649 1.186637 4.317027
v 4.458152 0.926205 3.840133
v 4.458152 1.165280 3.840133
v 4.713053 0.931737 4.343543
v 4.713053 1.203077 4.343543
v 4.713053 0.931737 3.840133
v 4.690532 1.186637 3.840133
v 4.458152 0.916899 3.990497
v 4.458152 0.922930 4.091837
v 4.458152 0.927333 4.105059
v 4.428529 1.186637 4.185882
v 4.448174 1.179524 4.040580
v 4.452097 1.186637 3.972381
v 4.713053 0.931737 4.105059
v 4.713053 0.931737 4.091837
v 4.713053 0.931737 4.078617
v 4.713053 1.187038 3.858374
v 4.713053 1.191397 4.040580
v 4.713053 1.198421 4.175807
v 4.441009 1.059187 4.343543
v 4.458152 1.050380 3.840133
v 4.713053 1.059187 3.840133
v 4.713053 1.067407 4.343543
v 4.713053 1.061242 4.078617
v 4.713053 1.063297 4.091837
v 4.713053 1.065352 4.105059
v 4.448238 1.058634 4.283611
v 4.453338 1.056152 4.143928
v 4.453758 1.055867 4.138726
v 4.433185 0.892579 1.911195
v 4.466732 0.637678 1.941364
v 4.433185 0.898111 2.483964
v 4.433185 0.659036 2.483964
v 4.688085 0.892579 1.911195
v 4.688085 0.621239 1.911195
v 4.688085 0.892579 2.483964
v 4.665564 0.637679 2.483964
v 4.433185 0.907417 2.312883
v 4.433185 0.901386 2.197579
v 4.433185 0.896983 2.182537
v 4.470612 0.637678 2.090578
v 4.447045 0.643138 2.255899
v 4.427129 0.637678 2.333495
v 4.688085 0.892579 2.182537
v 4.688085 0.892579 2.197579
v 4.688085 0.892579 2.212622
v 4.688085 0.637278 2.463210
v 4.688085 0.632919 2.255899
v 4.688085 0.625895 2.102041
v 4.416040 0.765129 1.911195
v 4.433185 0.773936 2.483964
v 4.688085 0.765129 2.483964
v 4.688085 0.756909 1.911195
v 4.688085 0.763074 2.212622
v 4.688085 0.761019 2.197579
v 4.688085 0.758964 2.182537
v 4.423270 0.765682 1.979384
v 4.431141 0.771462 2.334559
v 4.432456 0.773027 2.427707
v 4.718525 1.198417 3.812848
v 4.752028 0.943516 3.777591
v 4.718525 1.203949 3.143498
v 4.718525 0.964874 3.143498
v 4.463624 1.198417 3.812848
v 4.463624 0.927077 3.812848
v 4.463624 1.198417 3.143498
v 4.486145 0.943516 3.143498
v 4.718525 1.207224 3.478173
v 4.718525 1.202821 3.495752
v 4.748148 0.943516 3.603217
v 4.728503 0.950630 3.410019
v 4.463624 1.198417 3.495752
v 4.463624 1.198417 3.478173
v 4.463624 0.938757 3.410019
v 4.463624 0.931733 3.589822
v 4.735669 1.070967 3.812848
v 4.718525 1.079773 3.143498
v 4.463624 1.070966 3.143498
v 4.463624 1.062747 3.812848
v 4.463624 1.066857 3.478173
v 4.463624 1.064802 3.495752
v 4.728439 1.071520 3.733161
v 4.723340 1.074002 3.547434
v 4.697392 0.325038 1.430617
v 4.663844 0.579939 1.462216
v 4.697392 0.319506 2.030529
v 4.697392 0.558582 2.030529
v 4.442491 0.325038 1.430617
v 4.442491 0.596379 1.430617
v 4.442491 0.325038 2.030529
v 4.465012 0.579939 2.030529
v 4.697392 0.310201 1.851341
v 4.697392 0.316231 1.730573
v 4.697392 0.320635 1.714818
v 4.659964 0.579939 1.618500
v 4.683531 0.574480 1.791656
v 4.703446 0.579939 1.872930
v 4.442491 0.325038 1.714818
v 4.442491 0.325038 1.730573
v 4.442491 0.325038 1.746328
v 4.442491 0.580339 2.008792
v 4.442491 0.584698 1.791656
v 4.442491 0.591723 1.630507
v 4.714535 0.452489 1.430617
v 4.697392 0.443682 2.030529
v 4.442491 0.452489 2.030529
v 4.442491 0.460708 1.430617
v 4.442491 0.454544 1.746328
v 4.442491 0.456599 1.730573
v 4.442491 0.458654 1.714818
v 4.707305 0.451935 1.502037
v 4.699435 0.446156 1.874044
v 4.698119 0.444590 1.971606
v 4.718524 0.583384 0.864836
v 4.752028 0.328483 0.829580
v 4.718524 0.588916 0.195486
v 4.718524 0.349840 0.195486
v 4.463624 0.583384 0.864836
v 4.463624 0.312043 0.864836
v 4.463624 0.583384 0.195486
v 4.486145 0.328483 0.195486
v 4.718524 0.592191 0.530160
v 4.718524 0.587787 0.547740
v 4.748148 0.328483 0.655205
v 4.728503 0.335596 0.462007
v 4.463624 0.583384 0.547740
v 4.463624 0.583384 0.530161
v 4.463624 0.323724 0.462007
v 4.463624 0.316699 0.641809
v 4.735668 0.455933 0.864836
v 4.718524 0.464740 0.195486
v 4.463624 0.455933 0.195486
v 4.463624 0.447714 0.864836
v 4.463624 0.451823 0.530161
v 4.463624 0.449769 0.547740
v 4.728438 0.456487 0.785149
v 4.723339 0.458969 0.599422
v 4.697391 0.338732 -0.410046
v 4.663844 0.593633 -0.379877
v 4.697391 0.333200 0.162722
v 4.697391 0.572275 0.162722
v 4.442490 0.338732 -0.410046
v 4.442490 0.610072 -0.410046
v 4.442490 0.338732 0.162722
v 4.465011 0.593633 0.162722
v 4.697391 0.323895 -0.008359
v 4.697391 0.329925 -0.123662
v 4.697391 0.334329 -0.138705
v 4.659964 0.593633 -0.230664
v 4.683530 0.588173 -0.065342
v 4.703446 0.593633 0.012253
v 4.442490 0.338732 -0.138705
v 4.442490 0.338732 -0.123662
v 4.442490 0.338732 -0.108619
v 4.442490 0.594033 0.141968
v 4.442490 0.598392 -0.065342
v 4.442490 0.605417 -0.219201
v 4.714535 0.466183 -0.410046
v 4.697391 0.457376 0.162722
v 4.442490 0.466183 0.162722
v 4.442490 0.474402 -0.410046
v 4.442490 0.468237 -0.108619
v 4.442490 0.470292 -0.123662
v 4.442490 0.472347 -0.138705
v 4.707305 0.465629 -0.341857
v 4.699434 0.459849 0.013317
v 4.698119 0.458284 0.106465
v 4.458152 0.880136 1.387948
v 4.424648 0.625235 1.413572
v 4.458152 0.885668 1.874426
v 4.458152 0.646593 1.874426
v 4.713053 0.880136 1.387948
v 4.713053 0.608796 1.387948
v 4.713053 0.880136 1.874426
v 4.690532 0.625235 1.874426
v 4.458152 0.894973 1.729119
v 4.458152 0.888943 1.631187
v 4.458152 0.884539 1.618410
v 4.428528 0.625235 1.540306
v 4.448174 0.632349 1.680720
v 4.452097 0.625235 1.746626
v 4.713053 0.880136 1.618410
v 4.713053 0.880136 1.631187
v 4.713053 0.880136 1.643963
v 4.713053 0.624835 1.856798
v 4.713053 0.620476 1.680720
v 4.713053 0.613452 1.550041
v 4.441008 0.752686 1.387948
v 4.458152 0.761492 1.874426
v 4.713053 0.752686 1.874426
v 4.713053 0.744466 1.387948
v 4.713053 0.750631 1.643963
v 4.713053 0.748576 1.631187
v 4.713053 0.746521 1.618410
v 4.448238 0.753239 1.445864
v 4.453337 0.755721 1.580848
v 4.453757 0.756005 1.585875
v 4.458152 1.199390 1.766410
v 4.424648 0.944489 1.792925
v 4.458152 1.204922 2.269819
v 4.458152 0.965847 2.269819
v 4.713053 1.199390 1.766410
v 4.713053 0.928050 1.766410
v 4.713053 1.199390 2.269819
v 4.690532 0.944489 2.269819
v 4.458152 1.214227 2.119455
v 4.458152 1.208197 2.018114
v 4.458152 1.203793 2.004893
v 4.428528 0.944489 1.924070
v 4.448174 0.951603 2.069371
v 4.452097 0.944489 2.137571
v 4.713053 1.199390 2.004893
v 4.713053 1.199390 2.018114
v 4.713053 1.199390 2.031335
v 4.713053 0.944089 2.251578
v 4.713053 0.939730 2.069371
v 4.713053 0.932706 1.934144
v 4.441008 1.071940 1.766410
v 4.458152 1.080746 2.269819
v 4.713053 1.071940 2.269819
v 4.713053 1.063720 1.766410
v 4.713053 1.069885 2.031335
v 4.713053 1.067830 2.018114
v 4.713053 1.065775 2.004893
v 4.448238 1.072493 1.826341
v 4.453337 1.074975 1.966024
v 4.453757 1.075259 1.971226
v 4.697392 0.948288 2.319132
v 4.663844 1.203189 2.358999
v 4.697392 0.942756 3.076043
v 4.697392 1.181831 3.076043
v 4.442491 0.948288 2.319132
v 4.442491 1.219628 2.319132
v 4.442491 0.948288 3.076043
v 4.465012 1.203189 3.076043
v 4.697392 0.933450 2.849961
v 4.697392 0.939481 2.697587
v 4.697392 0.943884 2.677708
v 4.659964 1.203189 2.556185
v 4.683531 1.197729 2.774657
v 4.703446 1.203189 2.877199
v 4.442491 0.948288 2.677708
v 4.442491 0.948288 2.697587
v 4.442491 0.948288 2.717467
v 4.442491 1.203589 3.048618
v 4.442491 1.207948 2.774657
v 4.442491 1.214972 2.571333
v 4.714535 1.075738 2.319132
v 4.697392 1.066931 3.076043
v 4.442491 1.075738 3.076043
v 4.442491 1.083958 2.319132
v 4.442491 1.077793 2.717467
v 4.442491 1.079848 2.697587
v 4.442491 1.081903 2.677708
v 4.707305 1.075185 2.409243
v 4.699435 1.069405 2.878605
v 4.698119 1.067840 3.001700
vn -0.9994 -0.0222 -0.0278
vn -0.0000 -0.0000 -1.0000
vn 1.0000 -0.0000 -0.0000
vn -0.0422 0.0799 0.9959
vn 0.0086 -0.9999 0.0112
vn -0.0487 0.9986 -0.0197
vn -0.0744 0.9838 -0.1631
vn -0.0210 0.9997 0.0130
vn -0.0439 0.9969 -0.0649
vn 0.0440 -0.9986 -0.0291
vn 0.0372 -0.9973 0.0639
vn 0.0254 -0.9798 0.1985
vn 0.9943 0.0125 -0.1063
vn -0.9836 -0.1665 -0.0690
vn -0.9822 -0.1611 -0.0972
vn -0.9917 -0.0986 -0.0826
vn -0.9995 -0.0323 -0.0025
vn -0.9989 -0.0277 -0.0390
vn -0.9957 -0.0885 -0.0276
vn -0.0000 -0.0000 1.0000
vn -0.9999 -0.0111 -0.0120
vn 0.9990 -0.0093 0.0440
vn -1.0000 -0.0000 -0.0000
vn 0.0485 0.0917 -0.9946
vn -0.0086 -0.9999 -0.0112
vn 0.0636 0.9978 0.0199
vn 0.0744 0.9838 0.1631
vn 0.0198 0.9998 -0.0073
vn 0.0488 0.9976 0.0490
vn -0.0440 -0.9986 0.0291
vn -0.0372 -0.9973 -0.0639
vn -0.0254 -0.9798 -0.1985
vn -0.9943 0.0125 0.1063
vn 0.9402 0.3338 0.0677
vn 0.9696 0.2423 -0.0332
vn 0.9885 -0.0305 -0.1481
vn 0.9998 -0.0159 0.0079
vn 0.9988 -0.0406 0.0278
vn 0.9957 -0.0885 0.0276
vn 1.0000 -0.0043 0.0047
vn 0.0422 -0.0799 0.9959
vn -0.0086 0.9999 0.0112
vn 0.0487 -0.9986 -0.0197
vn -0.0281 0.9996 -0.0079
vn 0.0439 -0.9969 -0.0649
vn -0.0254 0.9798 0.1985
vn 0.9989 0.0338 -0.0340
vn 0.9836 0.1665 -0.0690
vn 0.9822 0.1611 -0.0972
vn -0.9951 -0.0774 -0.0621
vn 0.9989 0.0277 -0.0390
vn 0.9957 0.0885 -0.0276
vn 0.9998 0.0170 -0.0104
vn 0.0666 -0.9963 -0.0549
vn -0.9995 -0.0222 -0.0237
vn -0.0496 0.0938 0.9944
vn 0.0086 -0.9999 0.0096
vn -0.0487 0.9987 -0.0168
vn -0.0747 0.9874 -0.1393
vn -0.0210 0.9997 0.0110
vn -0.0439 0.9975 -0.0552
vn 0.0440 -0.9987 -0.0247
vn 0.0372 -0.9978 0.0544
vn 0.0255 -0.9852 0.1698
vn 0.9958 0.0125 -0.0905
vn -0.9843 -0.1666 -0.0587
vn -0.9834 -0.1613 -0.0827
vn -0.9926 -0.0987 -0.0703
vn -0.9995 -0.0323 -0.0021
vn -0.9991 -0.0277 -0.0332
vn -0.9958 -0.0885 -0.0234
vn -0.9999 -0.0111 -0.0102
vn -0.9995 -0.0093 -0.0318
vn -0.0668 0.1264 0.9897
vn 0.0086 -0.9999 0.0081
vn -0.0636 0.9979 -0.0144
vn -0.0749 0.9901 -0.1186
vn -0.0198 0.9998 0.0052
vn -0.0488 0.9982 -0.0354
vn 0.0440 -0.9988 -0.0210
vn 0.0372 -0.9982 0.0462
vn 0.0256 -0.9891 0.1448
vn 0.9970 0.0125 -0.0770
vn -0.9413 0.3341 -0.0489
vn -0.9699 0.2424 0.0240
vn -0.9937 -0.0307 0.1076
vn -0.9999 -0.0159 -0.0057
vn -0.9990 -0.0406 -0.0201
vn -0.9959 -0.0885 -0.0199
vn -1.0000 -0.0043 -0.0034
vn 0.0679 -0.1284 0.9894
vn -0.0086 0.9999 0.0069
vn 0.0487 -0.9987 -0.0122
vn -0.0281 0.9996 -0.0049
vn 0.0440 -0.9982 -0.0402
vn -0.0257 0.9919 0.1242
vn 0.9992 0.0338 -0.0210
vn 0.9851 0.1667 -0.0427
vn 0.9850 0.1615 -0.0602
vn -0.9962 -0.0775 -0.0385
vn 0.9993 0.0277 -0.0241
vn 0.9959 0.0885 -0.0170
vn 0.9998 0.0170 -0.0065
vn 0.0666 -0.9972 -0.0340
vn -0.9995 0.0222 0.0229
vn -0.0513 -0.0970 -0.9940
vn 0.0086 0.9999 -0.0092
vn -0.0487 -0.9987 0.0162
vn -0.0747 -0.9881 0.1347
vn -0.0210 -0.9997 -0.0107
vn -0.0439 -0.9976 0.0534
vn 0.0440 0.9987 0.0239
vn 0.0372 0.9979 -0.0525
vn 0.0256 0.9861 -0.1642
vn 0.9961 -0.0125 0.0875
vn -0.9844 0.1666 0.0568
vn -0.9837 0.1613 0.0800
vn -0.9928 0.0988 0.0679
vn -0.9995 0.0323 0.0020
vn -0.9991 0.0277 0.0321
vn -0.9958 0.0885 0.0227
vn -0.9999 0.0111 0.0099
vn -0.0000 -1.0000 -0.0000
vn 0.1254 0.0663 0.9899
vn -0.9999 -0.0086 0.0071
vn 0.9987 0.0487 -0.0125
vn -0.9996 -0.0281 -0.0050
vn 0.9982 0.0440 -0.0411
vn -0.9915 -0.0257 0.1272
vn -0.0338 0.9992 -0.0215
vn -0.1667 0.9850 -0.0437
vn -0.1615 0.9849 -0.0617
vn 0.0775 -0.9962 -0.0394
vn -0.0277 0.9993 -0.0247
vn -0.0885 0.9959 -0.0175
vn -0.0170 0.9998 -0.0066
vn 0.9972 0.0666 -0.0348
vn 0.0093 0.9995 0.0304
vn -0.1322 0.0699 -0.9888
vn 0.9999 -0.0086 -0.0077
vn -0.9979 0.0636 0.0137
vn -0.9907 0.0749 0.1133
vn -0.9998 0.0198 -0.0050
vn -0.9982 0.0488 0.0338
vn 0.9988 -0.0440 0.0201
vn 0.9983 -0.0372 -0.0441
vn 0.9901 -0.0257 -0.1384
vn -0.0125 -0.9972 0.0735
vn -0.3342 0.9414 0.0467
vn -0.2424 0.9699 -0.0229
vn 0.0307 0.9942 -0.1027
vn 0.0159 0.9999 0.0055
vn 0.0406 0.9990 0.0192
vn 0.0885 0.9959 0.0190
vn 0.0043 1.0000 0.0032
vn 0.9995 -0.0093 0.0304
vn 0.0699 0.1322 -0.9888
vn -0.0086 -0.9999 -0.0077
vn 0.0636 0.9979 0.0137
vn 0.0749 0.9907 0.1133
vn 0.0198 0.9998 -0.0050
vn 0.0488 0.9982 0.0338
vn -0.0440 -0.9988 0.0201
vn -0.0372 -0.9983 -0.0441
vn -0.0257 -0.9901 -0.1384
vn -0.9972 0.0125 0.0735
vn 0.9414 0.3342 0.0467
vn 0.9699 0.2424 -0.0229
vn 0.9942 -0.0307 -0.1027
vn 0.9999 -0.0159 0.0055
vn 0.9990 -0.0406 0.0192
vn 0.9959 -0.0885 0.0190
vn 1.0000 -0.0043 0.0032
vn -0.0000 1.0000 -0.0000
vn -0.1284 -0.0679 0.9894
vn 0.9999 0.0086 0.0069
vn -0.9987 -0.0487 -0.0122
vn 0.9996 0.0281 -0.0049
vn -0.9982 -0.0440 -0.0402
vn 0.9919 0.0257 0.1242
vn 0.0338 -0.9992 -0.0210
vn 0.1667 -0.9851 -0.0427
vn 0.1615 -0.9850 -0.0602
vn -0.0775 0.9962 -0.0385
vn 0.0277 -0.9993 -0.0241
vn 0.0885 -0.9959 -0.0170
vn 0.0170 -0.9998 -0.0065
vn -0.9972 -0.0666 -0.0340
vn -0.9995 -0.0222 -0.0229
vn -0.0513 0.0970 0.9940
vn 0.0086 -0.9999 0.0092
vn -0.0487 0.9987 -0.0162
vn -0.0747 0.9881 -0.1347
vn -0.0210 0.9997 0.0107
vn -0.0439 0.9976 -0.0534
vn 0.0440 -0.9987 -0.0239
vn 0.0372 -0.9979 0.0525
vn 0.0256 -0.9861 0.1642
vn 0.9961 0.0125 -0.0875
vn -0.9844 -0.1666 -0.0568
vn -0.9837 -0.1613 -0.0800
vn -0.9928 -0.0988 -0.0679
vn -0.9995 -0.0323 -0.0020
vn -0.9991 -0.0277 -0.0321
vn -0.9958 -0.0885 -0.0227
vn -0.9999 -0.0111 -0.0099
vn -0.9995 -0.0093 -0.0304
vn -0.0699 0.1322 0.9888
vn 0.0086 -0.9999 0.0077
vn -0.0636 0.9979 -0.0137
vn -0.0749 0.9907 -0.1133
vn -0.0198 0.9998 0.0050
vn -0.0488 0.9982 -0.0338
vn 0.0440 -0.9988 -0.0201
vn 0.0372 -0.9983 0.0441
vn 0.0257 -0.9901 0.1384
vn 0.9972 0.0125 -0.0735
vn -0.9414 0.3342 -0.0467
vn -0.9699 0.2424 0.0229
vn -0.9942 -0.0307 0.1027
vn -0.9999 -0.0159 -0.0055
vn -0.9990 -0.0406 -0.0192
vn -0.9959 -0.0885 -0.0190
vn -1.0000 -0.0043 -0.0032
vn -0.9995 0.0093 0.0318
vn -0.0668 -0.1264 -0.9897
vn 0.0086 0.9999 -0.0081
vn -0.0636 -0.9979 0.0144
vn -0.0749 -0.9901 0.1186
vn -0.0198 -0.9998 -0.0052
vn -0.0488 -0.9982 0.0354
vn 0.0440 0.9988 0.0210
vn 0.0372 0.9982 -0.0462
vn 0.0256 0.9891 -0.1448
vn 0.9970 -0.0125 0.0770
vn -0.9413 -0.3341 0.0489
vn -0.9699 -0.2424 -0.0240
vn -0.9937 0.0307 -0.1076
vn -0.9999 0.0159 0.0057
vn -0.9990 0.0406 0.0201
vn -0.9959 0.0885 0.0199
vn -1.0000 0.0043 0.0034
vn -0.9995 0.0093 0.0304
vn -0.0699 -0.1322 -0.9888
vn 0.0086 0.9999 -0.0077
vn -0.0636 -0.9979 0.0137
vn -0.0749 -0.9907 0.1133
vn -0.0198 -0.9998 -0.0050
vn -0.0488 -0.9982 0.0338
vn 0.0440 0.9988 0.0201
vn 0.0372 0.9983 -0.0441
vn 0.0257 0.9901 -0.1384
vn 0.9972 -0.0125 0.0735
vn -0.9414 -0.3342 0.0467
vn -0.9699 -0.2424 -0.0229
vn -0.9942 0.0307 -0.1027
vn -0.9999 0.0159 0.0055
vn -0.9990 0.0406 0.0192
vn -0.9959 0.0885 0.0190
vn -1.0000 0.0043 0.0032
vn 0.9995 0.0093 -0.0318
vn 0.0668 -0.1264 0.9897
vn -0.0086 0.9999 0.0081
vn 0.0636 -0.9979 -0.0144
vn 0.0749 -0.9901 -0.1186
vn 0.0198 -0.9998 0.0052
vn 0.0488 -0.9982 -0.0354
vn -0.0440 0.9988 -0.0210
vn -0.0372 0.9982 0.0462
vn -0.0256 0.9891 0.1448
vn -0.9970 -0.0125 -0.0770
vn 0.9413 -0.3341 -0.0489
vn 0.9699 -0.2424 0.0240
vn 0.9937 0.0307 0.1076
vn 0.9999 0.0159 -0.0057
vn 0.9990 0.0406 -0.0201
vn 0.9959 0.0885 -0.0199
vn 1.0000 0.0043 -0.0034
vn 0.0663 0.1254 -0.9899
vn -0.0086 -0.9999 -0.0071
vn 0.0487 0.9987 0.0125
vn -0.0281 -0.9996 0.0050
vn 0.0440 0.9982 0.0411
vn -0.0257 -0.9915 -0.1272
vn 0.9992 -0.0338 0.0215
vn 0.9850 -0.1667 0.0437
vn 0.9849 -0.1615 0.0617
vn -0.9962 0.0775 0.0394
vn 0.9993 -0.0277 0.0247
vn 0.9959 -0.0885 0.0175
vn 0.9998 -0.0170 0.0066
vn 0.0666 0.9972 0.0348
vn 0.9995 0.0093 -0.0304
vn 0.0699 -0.1322 0.9888
vn -0.0086 0.9999 0.0077
vn 0.0636 -0.9979 -0.0137
vn 0.0749 -0.9907 -0.1133
vn 0.0198 -0.9998 0.0050
vn 0.0488 -0.9982 -0.0338
vn -0.0440 0.9988 -0.0201
vn -0.0372 0.9983 0.0441
vn -0.0257 0.9901 0.1383
vn -0.9972 -0.0125 -0.0735
vn 0.9414 -0.3342 -0.0467
vn 0.9699 -0.2424 0.0229
vn 0.9942 0.0307 0.1027
vn 0.9999 0.0159 -0.0055
vn 0.9990 0.0406 -0.0192
vn 0.9959 0.0885 -0.0190
vn 1.0000 0.0043 -0.0032
vn 0.9995 0.0222 -0.0229
vn 0.0513 -0.0970 0.9940
vn -0.0086 0.9999 0.0092
vn 0.0487 -0.9987 -0.0162
vn 0.0747 -0.9881 -0.1347
vn 0.0210 -0.9997 0.0107
vn 0.0439 -0.9976 -0.0534
vn -0.0440 0.9987 -0.0239
vn -0.0372 0.9979 0.0525
vn -0.0256 0.9861 0.1642
vn -0.9961 -0.0125 -0.0875
vn 0.9844 0.1666 -0.0568
vn 0.9837 0.1613 -0.0800
vn 0.9928 0.0988 -0.0679
vn 0.9995 0.0323 -0.0020
vn 0.9991 0.0277 -0.0321
vn 0.9958 0.0885 -0.0227
vn 0.9999 0.0111 -0.0099
vn 0.0663 -0.1254 0.9899
vn -0.0086 0.9999 0.0071
vn 0.0487 -0.9987 -0.0125
vn -0.0281 0.9996 -0.0050
vn 0.0440 -0.9982 -0.0411
vn -0.0257 0.9915 0.1272
vn 0.9992 0.0338 -0.0215
vn 0.9850 0.1667 -0.0437
vn 0.9849 0.1615 -0.0617
vn -0.9962 -0.0775 -0.0394
vn 0.9993 0.0277 -0.0247
vn 0.9959 0.0885 -0.0175
vn 0.9998 0.0170 -0.0066
vn 0.0666 -0.9972 -0.0348
vn 0.9995 -0.0093 0.0318
vn 0.0668 0.1264 -0.9897
vn -0.0086 -0.9999 -0.0081
vn 0.0636 0.9979 0.0144
vn 0.0749 0.9901 0.1186
vn 0.0198 0.9998 -0.0052
vn 0.0488 0.9982 0.0354
vn -0.0440 -0.9988 0.0210
vn -0.0372 -0.9982 -0.0462
vn -0.0256 -0.9891 -0.1448
vn -0.9970 0.0125 0.0770
vn 0.9413 0.3341 0.0489
vn 0.9699 0.2424 -0.0240
vn 0.9937 -0.0307 -0.1076
vn 0.9999 -0.0159 0.0057
vn 0.9990 -0.0406 0.0201
vn 0.9959 -0.0885 0.0199
vn 1.0000 -0.0043 0.0034
vn 0.0679 0.1284 -0.9894
vn -0.0086 -0.9999 -0.0069
vn 0.0487 0.9987 0.0122
vn -0.0281 -0.9996 0.0049
vn 0.0440 0.9982 0.0402
vn -0.0257 -0.9919 -0.1242
vn 0.9992 -0.0338 0.0210
vn 0.9851 -0.1667 0.0427
vn 0.9850 -0.1615 0.0602
vn -0.9962 0.0775 0.0385
vn 0.9993 -0.0277 0.0241
vn 0.9959 -0.0885 0.0170
vn 0.9998 -0.0170 0.0065
vn 0.0666 0.9972 0.0340
vn -0.0663 -0.1254 -0.9899
vn 0.0086 0.9999 -0.0071
vn -0.0487 -0.9987 0.0125
vn 0.0281 0.9996 0.0050
vn -0.0440 -0.9982 0.0411
vn 0.0257 0.9915 -0.1272
vn -0.9992 0.0338 0.0215
vn -0.9850 0.1667 0.0437
vn -0.9849 0.1615 0.0617
vn 0.9962 -0.0775 0.0394
vn -0.9993 0.0277 0.0247
vn -0.9959 0.0885 0.0175
vn -0.9998 0.0170 0.0066
vn -0.0666 -0.9972 0.0348
vn -0.9995 0.0222 0.0237
vn -0.0496 -0.0938 -0.9944
vn 0.0086 0.9999 -0.0096
vn -0.0487 -0.9987 0.0168
vn -0.0747 -0.9874 0.1393
vn -0.0210 -0.9997 -0.0110
vn -0.0439 -0.9975 0.0552
vn 0.0440 0.9987 0.0247
vn 0.0372 0.9978 -0.0544
vn 0.0255 0.9852 -0.1698
vn 0.9958 -0.0125 0.0905
vn -0.9843 0.1666 0.0587
vn -0.9834 0.1613 0.0827
vn -0.9926 0.0987 0.0703
vn -0.9995 0.0323 0.0021
vn -0.9991 0.0277 0.0332
vn -0.9958 0.0885 0.0234
vn -0.9999 0.0111 0.0102
vn 0.9997 -0.0093 0.0241
vn 0.0877 0.1657 -0.9823
vn -0.0086 -0.9999 -0.0061
vn 0.0636 0.9979 0.0109
vn 0.0751 0.9931 0.0900
vn 0.0198 0.9998 -0.0040
vn 0.0488 0.9984 0.0268
vn -0.0440 -0.9989 0.0159
vn -0.0372 -0.9987 -0.0350
vn -0.0257 -0.9936 -0.1100
vn -0.9982 0.0125 0.0583
vn 0.9417 0.3343 0.0371
vn 0.9700 0.2424 -0.0182
vn 0.9962 -0.0307 -0.0816
vn 0.9999 -0.0159 0.0043
vn 0.9991 -0.0406 0.0152
vn 0.9960 -0.0885 0.0151
vn 1.0000 -0.0043 0.0025
vt 0.500000 0.094241
vt 0.625000 0.205853
vt 0.605407 0.250000
vt 0.500000 0.250000
vt 0.636044 0.488956
vt 0.500000 0.500000
vt 0.500000 0.687500
vt 0.625000 0.713818
vt 0.625000 0.750000
vt 0.500000 0.750000
vt 0.624957 0.999326
vt 0.500000 1.000000
vt 0.125000 0.687500
vt 0.375000 0.687500
vt 0.375000 0.750000
vt 0.125000 0.750000
vt 0.875000 0.715991
vt 0.875000 0.744280
vt 0.875034 0.499926
vt 0.875000 0.544147
vt 0.625000 0.506089
vt 0.875000 0.625000
vt 0.625000 0.625000
vt 0.125736 0.500088
vt 0.375000 0.500000
vt 0.375000 0.562500
vt 0.125000 0.539406
vt 0.375000 0.625000
vt 0.125000 0.625000
vt 0.500000 0.562500
vt 0.500000 0.625000
vt 0.500000 0.000000
vt 0.625000 0.005720
vt 0.625000 0.034009
vt 0.500000 0.015706
vt 0.625000 0.125000
vt 0.500000 0.086170
vt 0.375000 0.125000
vt 0.375000 0.210594
vt 0.375000 0.062500
vt 0.375000 0.000000
vt 0.375000 1.000000
vt 0.386084 0.250000
vt 0.500000 0.224208
vt 0.625000 0.205853
vt 0.605407 0.250000
vt 0.500000 0.250000
vt 0.636044 0.488956
vt 0.500000 0.687500
vt 0.125000 0.687500
vt 0.375000 0.750000
vt 0.875034 0.499926
vt 0.625000 0.506089
vt 0.840176 0.625000
vt 0.375000 0.500000
vt 0.500000 0.562500
vt 0.500000 0.015706
vt 0.626865 0.129043
vt 0.500000 0.179777
vt 0.375000 0.210594
vt 0.375000 0.062500
vt 0.375000 1.000000
s 0
f 3912/235/1346 3896/236/1346 3886/237/1346 3904/238/1346
f 3904/238/1347 3886/237/1347 3890/239/1347 3905/240/1347
f 3909/241/1348 3902/242/1348 3888/243/1348 3906/244/1348
f 3906/244/1349 3888/243/1349 3884/245/1349 3903/246/1349
f 3893/247/1350 3897/248/1350 3887/249/1350 3883/250/1350
f 3902/242/1351 3894/251/1351 3884/252/1351 3888/243/1351
f 3890/239/1352 3886/253/1352 3896/254/1352 3900/255/1352
f 3900/255/1353 3896/254/1353 3895/256/1353 3901/257/1353
f 3901/257/1354 3895/256/1354 3894/251/1354 3902/242/1354
f 3885/258/1355 3889/259/1355 3899/260/1355 3891/261/1355
f 3891/261/1356 3899/260/1356 3898/262/1356 3892/263/1356
f 3892/263/1357 3898/262/1357 3897/248/1357 3893/247/1357
f 3905/240/1358 3890/239/1358 3900/255/1358 3907/264/1358
f 3907/264/1348 3900/255/1348 3901/257/1348 3908/265/1348
f 3908/265/1348 3901/257/1348 3902/242/1348 3909/241/1348
f 3903/266/1359 3884/267/1359 3894/268/1359 3910/269/1359
f 3910/269/1360 3894/268/1360 3895/270/1360 3911/271/1360
f 3911/271/1361 3895/270/1361 3896/236/1361 3912/235/1361
f 3892/272/1362 3911/271/1362 3912/235/1362 3891/273/1362
f 3893/274/1363 3910/269/1363 3911/271/1363 3892/272/1363
f 3883/275/1364 3903/266/1364 3910/269/1364 3893/274/1364
f 3898/262/1348 3908/265/1348 3909/241/1348 3897/248/1348
f 3899/260/1348 3907/264/1348 3908/265/1348 3898/262/1348
f 3889/259/1348 3905/240/1348 3907/264/1348 3899/260/1348
f 3887/249/1365 3906/244/1365 3903/246/1365 3883/276/1365
f 3897/248/1348 3909/241/1348 3906/244/1348 3887/249/1348
f 3885/277/1347 3904/238/1347 3905/240/1347 3889/259/1347
f 3891/273/1366 3912/235/1366 3904/238/1366 3885/277/1366
f 3942/278/1367 3926/279/1367 3916/280/1367 3934/281/1367
f 3934/281/1365 3916/280/1365 3920/282/1365 3935/240/1365
f 3939/283/1368 3932/242/1368 3918/243/1368 3936/244/1368
f 3936/244/1369 3918/243/1369 3914/245/1369 3933/246/1369
f 3923/284/1370 3927/248/1370 3917/285/1370 3913/250/1370
f 3932/242/1371 3924/251/1371 3914/252/1371 3918/243/1371
f 3920/282/1372 3916/286/1372 3926/254/1372 3930/287/1372
f 3930/287/1373 3926/254/1373 3925/288/1373 3931/257/1373
f 3931/257/1374 3925/288/1374 3924/251/1374 3932/242/1374
f 3915/258/1375 3919/289/1375 3929/260/1375 3921/261/1375
f 3921/261/1376 3929/260/1376 3928/262/1376 3922/263/1376
f 3922/263/1377 3928/262/1377 3927/248/1377 3923/284/1377
f 3935/240/1378 3920/282/1378 3930/287/1378 3937/290/1378
f 3937/290/1368 3930/287/1368 3931/257/1368 3938/265/1368
f 3938/265/1368 3931/257/1368 3932/242/1368 3939/283/1368
f 3933/266/1379 3914/267/1379 3924/268/1379 3940/291/1379
f 3940/291/1380 3924/268/1380 3925/292/1380 3941/293/1380
f 3941/293/1381 3925/292/1381 3926/279/1381 3942/278/1381
f 3922/272/1382 3941/293/1382 3942/278/1382 3921/294/1382
f 3923/295/1383 3940/291/1383 3941/293/1383 3922/272/1383
f 3913/275/1384 3933/266/1384 3940/291/1384 3923/295/1384
f 3928/262/1368 3938/265/1368 3939/283/1368 3927/248/1368
f 3929/260/1368 3937/290/1368 3938/265/1368 3928/262/1368
f 3919/289/1368 3935/240/1368 3937/290/1368 3929/260/1368
f 3917/285/1347 3936/244/1347 3933/246/1347 3913/296/1347
f 3927/248/1368 3939/283/1368 3936/244/1368 3917/285/1368
f 3915/277/1365 3934/281/1365 3935/240/1365 3919/289/1365
f 3921/294/1385 3942/278/1385 3934/281/1385 3915/277/1385
f 3960/238/1347 3946/237/1347 3950/239/1347 3961/240/1347
f 3964/241/1368 3958/242/1368 3948/243/1368 3962/244/1368
f 3962/244/1386 3948/243/1386 3944/245/1386 3959/246/1386
f 3952/247/1387 3955/248/1387 3947/249/1387 3943/250/1387
f 3958/242/1388 3953/251/1388 3944/252/1388 3948/243/1388
f 3949/259/1389 3956/262/1389 3951/263/1389 3945/258/1389
f 3957/257/1390 3954/256/1390 3953/251/1390 3958/242/1390
f 3949/259/1368 3961/240/1368 3963/265/1368 3956/262/1368
f 3951/263/1391 3956/262/1391 3955/248/1391 3952/247/1391
f 3966/271/1392 3954/270/1392 3946/237/1392 3960/238/1392
f 3963/265/1368 3957/257/1368 3958/242/1368 3964/241/1368
f 3959/266/1393 3944/267/1393 3953/268/1393 3965/269/1393
f 3965/269/1394 3953/268/1394 3954/270/1394 3966/271/1394
f 3950/239/1395 3957/257/1395 3963/265/1395 3961/240/1395
f 3952/274/1396 3965/269/1396 3966/271/1396 3951/272/1396
f 3943/275/1397 3959/266/1397 3965/269/1397 3952/274/1397
f 3956/262/1368 3963/265/1368 3964/241/1368 3955/248/1368
f 3966/271/1398 3960/238/1398 3945/277/1398 3951/272/1398
f 3947/249/1365 3962/244/1365 3959/246/1365 3943/276/1365
f 3955/248/1368 3964/241/1368 3962/244/1368 3947/249/1368
f 3945/277/1347 3960/238/1347 3961/240/1347 3949/259/1347
f 3946/253/1399 3954/256/1399 3957/257/1399 3950/239/1399
f 3996/235/1400 3980/236/1400 3970/237/1400 3988/238/1400
f 3988/238/1347 3970/237/1347 3974/239/1347 3989/240/1347
f 3993/241/1348 3986/242/1348 3972/243/1348 3990/244/1348
f 3990/244/1401 3972/243/1401 3968/245/1401 3987/246/1401
f 3977/247/1402 3981/248/1402 3971/249/1402 3967/250/1402
f 3986/242/1403 3978/251/1403 3968/252/1403 3972/243/1403
f 3974/239/1404 3970/253/1404 3980/254/1404 3984/255/1404
f 3984/255/1405 3980/254/1405 3979/256/1405 3985/257/1405
f 3985/257/1406 3979/256/1406 3978/251/1406 3986/242/1406
f 3969/258/1407 3973/259/1407 3983/260/1407 3975/261/1407
f 3975/261/1408 3983/260/1408 3982/262/1408 3976/263/1408
f 3976/263/1409 3982/262/1409 3981/248/1409 3977/247/1409
f 3989/240/1410 3974/239/1410 3984/255/1410 3991/264/1410
f 3991/264/1348 3984/255/1348 3985/257/1348 3992/265/1348
f 3992/265/1348 3985/257/1348 3986/242/1348 3993/241/1348
f 3987/266/1411 3968/267/1411 3978/268/1411 3994/269/1411
f 3994/269/1412 3978/268/1412 3979/270/1412 3995/271/1412
f 3995/271/1413 3979/270/1413 3980/236/1413 3996/235/1413
f 3976/272/1414 3995/271/1414 3996/235/1414 3975/273/1414
f 3977/274/1415 3994/269/1415 3995/271/1415 3976/272/1415
f 3967/275/1416 3987/266/1416 3994/269/1416 3977/274/1416
f 3982/262/1348 3992/265/1348 3993/241/1348 3981/248/1348
f 3983/260/1348 3991/264/1348 3992/265/1348 3982/262/1348
f 3973/259/1348 3989/240/1348 3991/264/1348 3983/260/1348
f 3971/249/1365 3990/244/1365 3987/246/1365 3967/276/1365
f 3981/248/1348 3993/241/1348 3990/244/1348 3971/249/1348
f 3969/277/1347 3988/238/1347 3989/240/1347 3973/259/1347
f 3975/273/1417 3996/235/1417 3988/238/1417 3969/277/1417
f 4026/278/1418 4010/279/1418 4000/280/1418 4018/281/1418
f 4018/281/1347 4000/280/1347 4004/282/1347 4019/240/1347
f 4023/283/1348 4016/242/1348 4002/243/1348 4020/244/1348
f 4020/244/1419 4002/243/1419 3998/245/1419 4017/246/1419
f 4007/284/1420 4011/248/1420 4001/285/1420 3997/250/1420
f 4016/242/1421 4008/251/1421 3998/252/1421 4002/243/1421
f 4004/282/1422 4000/286/1422 4010/254/1422 4014/287/1422
f 4014/287/1423 4010/254/1423 4009/288/1423 4015/257/1423
f 4015/257/1424 4009/288/1424 4008/251/1424 4016/242/1424
f 3999/258/1425 4003/289/1425 4013/260/1425 4005/261/1425
f 4005/261/1426 4013/260/1426 4012/262/1426 4006/263/1426
f 4006/263/1427 4012/262/1427 4011/248/1427 4007/284/1427
f 4019/240/1428 4004/282/1428 4014/287/1428 4021/290/1428
f 4021/290/1348 4014/287/1348 4015/257/1348 4022/265/1348
f 4022/265/1348 4015/257/1348 4016/242/1348 4023/283/1348
f 4017/266/1429 3998/267/1429 4008/268/1429 4024/291/1429
f 4024/291/1430 4008/268/1430 4009/292/1430 4025/293/1430
f 4025/293/1431 4009/292/1431 4010/279/1431 4026/278/1431
f 4006/272/1432 4025/293/1432 4026/278/1432 4005/294/1432
f 4007/295/1433 4024/291/1433 4025/293/1433 4006/272/1433
f 3997/275/1434 4017/266/1434 4024/291/1434 4007/295/1434
f 4012/262/1348 4022/265/1348 4023/283/1348 4011/248/1348
f 4013/260/1348 4021/290/1348 4022/265/1348 4012/262/1348
f 4003/289/1348 4019/240/1348 4021/290/1348 4013/260/1348
f 4001/285/1365 4020/244/1365 4017/246/1365 3997/296/1365
f 4011/248/1348 4023/283/1348 4020/244/1348 4001/285/1348
f 3999/277/1347 4018/281/1347 4019/240/1347 4003/289/1347
f 4005/294/1435 4026/278/1435 4018/281/1435 3999/277/1435
f 4044/238/1347 4030/237/1347 4034/239/1347 4045/240/1347
f 4048/241/1368 4042/242/1368 4032/243/1368 4046/244/1368
f 4046/244/1436 4032/243/1436 4028/245/1436 4043/246/1436
f 4036/247/1437 4039/248/1437 4031/249/1437 4027/250/1437
f 4042/242/1438 4037/251/1438 4028/252/1438 4032/243/1438
f 4033/259/1439 4040/262/1439 4035/263/1439 4029/258/1439
f 4041/257/1440 4038/256/1440 4037/251/1440 4042/242/1440
f 4033/259/1368 4045/240/1368 4047/265/1368 4040/262/1368
f 4035/263/1441 4040/262/1441 4039/248/1441 4036/247/1441
f 4050/271/1442 4038/270/1442 4030/237/1442 4044/238/1442
f 4047/265/1368 4041/257/1368 4042/242/1368 4048/241/1368
f 4043/266/1443 4028/267/1443 4037/268/1443 4049/269/1443
f 4049/269/1444 4037/268/1444 4038/270/1444 4050/271/1444
f 4034/239/1445 4041/257/1445 4047/265/1445 4045/240/1445
f 4036/274/1446 4049/269/1446 4050/271/1446 4035/272/1446
f 4027/275/1447 4043/266/1447 4049/269/1447 4036/274/1447
f 4040/262/1368 4047/265/1368 4048/241/1368 4039/248/1368
f 4050/271/1448 4044/238/1448 4029/277/1448 4035/272/1448
f 4031/249/1365 4046/244/1365 4043/246/1365 4027/276/1365
f 4039/248/1368 4048/241/1368 4046/244/1368 4031/249/1368
f 4029/277/1347 4044/238/1347 4045/240/1347 4033/259/1347
f 4030/253/1449 4038/256/1449 4041/257/1449 4034/239/1449
f 4080/235/1450 4064/236/1450 4054/237/1450 4072/238/1450
f 4072/238/1365 4054/237/1365 4058/239/1365 4073/240/1365
f 4077/241/1348 4070/242/1348 4056/243/1348 4074/244/1348
f 4074/244/1451 4056/243/1451 4052/245/1451 4071/246/1451
f 4061/247/1452 4065/248/1452 4055/249/1452 4051/250/1452
f 4070/242/1453 4062/251/1453 4052/252/1453 4056/243/1453
f 4058/239/1454 4054/253/1454 4064/254/1454 4068/255/1454
f 4068/255/1455 4064/254/1455 4063/256/1455 4069/257/1455
f 4069/257/1456 4063/256/1456 4062/251/1456 4070/242/1456
f 4053/258/1457 4057/259/1457 4067/260/1457 4059/261/1457
f 4059/261/1458 4067/260/1458 4066/262/1458 4060/263/1458
f 4060/263/1459 4066/262/1459 4065/248/1459 4061/247/1459
f 4073/240/1460 4058/239/1460 4068/255/1460 4075/264/1460
f 4075/264/1348 4068/255/1348 4069/257/1348 4076/265/1348
f 4076/265/1348 4069/257/1348 4070/242/1348 4077/241/1348
f 4071/266/1461 4052/267/1461 4062/268/1461 4078/269/1461
f 4078/269/1462 4062/268/1462 4063/270/1462 4079/271/1462
f 4079/271/1463 4063/270/1463 4064/236/1463 4080/235/1463
f 4060/272/1464 4079/271/1464 4080/235/1464 4059/273/1464
f 4061/274/1465 4078/269/1465 4079/271/1465 4060/272/1465
f 4051/275/1466 4071/266/1466 4078/269/1466 4061/274/1466
f 4066/262/1348 4076/265/1348 4077/241/1348 4065/248/1348
f 4067/260/1348 4075/264/1348 4076/265/1348 4066/262/1348
f 4057/259/1348 4073/240/1348 4075/264/1348 4067/260/1348
f 4055/249/1347 4074/244/1347 4071/246/1347 4051/276/1347
f 4065/248/1348 4077/241/1348 4074/244/1348 4055/249/1348
f 4053/277/1365 4072/238/1365 4073/240/1365 4057/259/1365
f 4059/273/1467 4080/235/1467 4072/238/1467 4053/277/1467
f 4098/238/1347 4084/237/1347 4088/239/1347 4099/240/1347
f 4102/241/1468 4096/242/1468 4086/243/1468 4100/244/1468
f 4100/244/1469 4086/243/1469 4082/245/1469 4097/246/1469
f 4090/247/1470 4093/248/1470 4085/249/1470 4081/250/1470
f 4096/242/1471 4091/251/1471 4082/252/1471 4086/243/1471
f 4087/259/1472 4094/262/1472 4089/263/1472 4083/258/1472
f 4095/257/1473 4092/256/1473 4091/251/1473 4096/242/1473
f 4087/259/1468 4099/240/1468 4101/265/1468 4094/262/1468
f 4089/263/1474 4094/262/1474 4093/248/1474 4090/247/1474
f 4104/271/1475 4092/270/1475 4084/237/1475 4098/238/1475
f 4101/265/1468 4095/257/1468 4096/242/1468 4102/241/1468
f 4097/266/1476 4082/267/1476 4091/268/1476 4103/269/1476
f 4103/269/1477 4091/268/1477 4092/270/1477 4104/271/1477
f 4088/239/1478 4095/257/1478 4101/265/1478 4099/240/1478
f 4090/274/1479 4103/269/1479 4104/271/1479 4089/272/1479
f 4081/275/1480 4097/266/1480 4103/269/1480 4090/274/1480
f 4094/262/1468 4101/265/1468 4102/241/1468 4093/248/1468
f 4104/271/1481 4098/238/1481 4083/277/1481 4089/272/1481
f 4085/249/1365 4100/244/1365 4097/246/1365 4081/276/1365
f 4093/248/1468 4102/241/1468 4100/244/1468 4085/249/1468
f 4083/277/1347 4098/238/1347 4099/240/1347 4087/259/1347
f 4084/253/1482 4092/256/1482 4095/257/1482 4088/239/1482
f 4134/278/1483 4118/279/1483 4108/280/1483 4126/281/1483
f 4126/281/1365 4108/280/1365 4112/282/1365 4127/240/1365
f 4131/283/1468 4124/242/1468 4110/243/1468 4128/244/1468
f 4128/244/1484 4110/243/1484 4106/245/1484 4125/246/1484
f 4115/284/1485 4119/248/1485 4109/285/1485 4105/250/1485
f 4124/242/1486 4116/251/1486 4106/252/1486 4110/243/1486
f 4112/282/1487 4108/286/1487 4118/254/1487 4122/287/1487
f 4122/287/1488 4118/254/1488 4117/288/1488 4123/257/1488
f 4123/257/1489 4117/288/1489 4116/251/1489 4124/242/1489
f 4107/258/1490 4111/289/1490 4121/260/1490 4113/261/1490
f 4113/261/1491 4121/260/1491 4120/262/1491 4114/263/1491
f 4114/263/1492 4120/262/1492 4119/248/1492 4115/284/1492
f 4127/240/1493 4112/282/1493 4122/287/1493 4129/290/1493
f 4129/290/1468 4122/287/1468 4123/257/1468 4130/265/1468
f 4130/265/1468 4123/257/1468 4124/242/1468 4131/283/1468
f 4125/266/1494 4106/267/1494 4116/268/1494 4132/291/1494
f 4132/291/1495 4116/268/1495 4117/292/1495 4133/293/1495
f 4133/293/1496 4117/292/1496 4118/279/1496 4134/278/1496
f 4114/272/1497 4133/293/1497 4134/278/1497 4113/294/1497
f 4115/295/1498 4132/291/1498 4133/293/1498 4114/272/1498
f 4105/275/1499 4125/266/1499 4132/291/1499 4115/295/1499
f 4120/262/1468 4130/265/1468 4131/283/1468 4119/248/1468
f 4121/260/1468 4129/290/1468 4130/265/1468 4120/262/1468
f 4111/289/1468 4127/240/1468 4129/290/1468 4121/260/1468
f 4109/285/1347 4128/244/1347 4125/246/1347 4105/296/1347
f 4119/248/1468 4131/283/1468 4128/244/1468 4109/285/1468
f 4107/277/1365 4126/281/1365 4127/240/1365 4111/289/1365
f 4113/294/1500 4134/278/1500 4126/281/1500 4107/277/1500
f 4164/278/1501 4148/279/1501 4138/280/1501 4156/281/1501
f 4156/281/1365 4138/280/1365 4142/282/1365 4157/240/1365
f 4161/283/1368 4154/242/1368 4140/243/1368 4158/244/1368
f 4158/244/1502 4140/243/1502 4136/245/1502 4155/246/1502
f 4145/284/1503 4149/248/1503 4139/285/1503 4135/250/1503
f 4154/242/1504 4146/251/1504 4136/252/1504 4140/243/1504
f 4142/282/1505 4138/286/1505 4148/254/1505 4152/287/1505
f 4152/287/1506 4148/254/1506 4147/288/1506 4153/257/1506
f 4153/257/1507 4147/288/1507 4146/251/1507 4154/242/1507
f 4137/258/1508 4141/289/1508 4151/260/1508 4143/261/1508
f 4143/261/1509 4151/260/1509 4150/262/1509 4144/263/1509
f 4144/263/1510 4150/262/1510 4149/248/1510 4145/284/1510
f 4157/240/1511 4142/282/1511 4152/287/1511 4159/290/1511
f 4159/290/1368 4152/287/1368 4153/257/1368 4160/265/1368
f 4160/265/1368 4153/257/1368 4154/242/1368 4161/283/1368
f 4155/266/1512 4136/267/1512 4146/268/1512 4162/291/1512
f 4162/291/1513 4146/268/1513 4147/292/1513 4163/293/1513
f 4163/293/1514 4147/292/1514 4148/279/1514 4164/278/1514
f 4144/272/1515 4163/293/1515 4164/278/1515 4143/294/1515
f 4145/295/1516 4162/291/1516 4163/293/1516 4144/272/1516
f 4135/275/1517 4155/266/1517 4162/291/1517 4145/295/1517
f 4150/262/1368 4160/265/1368 4161/283/1368 4149/248/1368
f 4151/260/1368 4159/290/1368 4160/265/1368 4150/262/1368
f 4141/289/1368 4157/240/1368 4159/290/1368 4151/260/1368
f 4139/285/1347 4158/244/1347 4155/246/1347 4135/296/1347
f 4149/248/1368 4161/283/1368 4158/244/1368 4139/285/1368
f 4137/277/1365 4156/281/1365 4157/240/1365 4141/289/1365
f 4143/294/1518 4164/278/1518 4156/281/1518 4137/277/1518
f 4182/238/1347 4168/237/1347 4172/239/1347 4183/240/1347
f 4186/241/1519 4180/242/1519 4170/243/1519 4184/244/1519
f 4184/244/1520 4170/243/1520 4166/245/1520 4181/246/1520
f 4174/247/1521 4177/248/1521 4169/249/1521 4165/250/1521
f 4180/242/1522 4175/251/1522 4166/252/1522 4170/243/1522
f 4171/259/1523 4178/262/1523 4173/263/1523 4167/258/1523
f 4179/257/1524 4176/256/1524 4175/251/1524 4180/242/1524
f 4171/259/1519 4183/240/1519 4185/265/1519 4178/262/1519
f 4173/263/1525 4178/262/1525 4177/248/1525 4174/247/1525
f 4188/271/1526 4176/270/1526 4168/237/1526 4182/238/1526
f 4185/265/1519 4179/257/1519 4180/242/1519 4186/241/1519
f 4181/266/1527 4166/267/1527 4175/268/1527 4187/269/1527
f 4187/269/1528 4175/268/1528 4176/270/1528 4188/271/1528
f 4172/239/1529 4179/257/1529 4185/265/1529 4183/240/1529
f 4174/274/1530 4187/269/1530 4188/271/1530 4173/272/1530
f 4165/275/1531 4181/266/1531 4187/269/1531 4174/274/1531
f 4178/262/1519 4185/265/1519 4186/241/1519 4177/248/1519
f 4188/271/1532 4182/238/1532 4167/277/1532 4173/272/1532
f 4169/249/1365 4184/244/1365 4181/246/1365 4165/276/1365
f 4177/248/1519 4186/241/1519 4184/244/1519 4169/249/1519
f 4167/277/1347 4182/238/1347 4183/240/1347 4171/259/1347
f 4168/253/1533 4176/256/1533 4179/257/1533 4172/239/1533
f 4218/235/1534 4202/236/1534 4192/237/1534 4210/238/1534
f 4210/238/1347 4192/237/1347 4196/239/1347 4211/240/1347
f 4215/241/1348 4208/242/1348 4194/243/1348 4212/244/1348
f 4212/244/1535 4194/243/1535 4190/245/1535 4209/246/1535
f 4199/247/1536 4203/248/1536 4193/249/1536 4189/250/1536
f 4208/242/1537 4200/251/1537 4190/252/1537 4194/243/1537
f 4196/239/1538 4192/253/1538 4202/254/1538 4206/255/1538
f 4206/255/1539 4202/254/1539 4201/256/1539 4207/257/1539
f 4207/257/1540 4201/256/1540 4200/251/1540 4208/242/1540
f 4191/258/1541 4195/259/1541 4205/260/1541 4197/261/1541
f 4197/261/1542 4205/260/1542 4204/262/1542 4198/263/1542
f 4198/263/1543 4204/262/1543 4203/248/1543 4199/247/1543
f 4211/240/1544 4196/239/1544 4206/255/1544 4213/264/1544
f 4213/264/1348 4206/255/1348 4207/257/1348 4214/265/1348
f 4214/265/1348 4207/257/1348 4208/242/1348 4215/241/1348
f 4209/266/1545 4190/267/1545 4200/268/1545 4216/269/1545
f 4216/269/1546 4200/268/1546 4201/270/1546 4217/271/1546
f 4217/271/1547 4201/270/1547 4202/236/1547 4218/235/1547
f 4198/272/1548 4217/271/1548 4218/235/1548 4197/273/1548
f 4199/274/1549 4216/269/1549 4217/271/1549 4198/272/1549
f 4189/275/1550 4209/266/1550 4216/269/1550 4199/274/1550
f 4204/262/1348 4214/265/1348 4215/241/1348 4203/248/1348
f 4205/260/1348 4213/264/1348 4214/265/1348 4204/262/1348
f 4195/259/1348 4211/240/1348 4213/264/1348 4205/260/1348
f 4193/249/1365 4212/244/1365 4209/246/1365 4189/276/1365
f 4203/248/1348 4215/241/1348 4212/244/1348 4193/249/1348
f 4191/277/1347 4210/238/1347 4211/240/1347 4195/259/1347
f 4197/273/1551 4218/235/1551 4210/238/1551 4191/277/1551
f 4248/278/1552 4232/279/1552 4222/280/1552 4240/281/1552
f 4240/281/1347 4222/280/1347 4226/282/1347 4241/240/1347
f 4245/283/1348 4238/242/1348 4224/243/1348 4242/244/1348
f 4242/244/1553 4224/243/1553 4220/245/1553 4239/246/1553
f 4229/284/1554 4233/248/1554 4223/285/1554 4219/250/1554
f 4238/242/1555 4230/251/1555 4220/252/1555 4224/243/1555
f 4226/282/1556 4222/286/1556 4232/254/1556 4236/287/1556
f 4236/287/1557 4232/254/1557 4231/288/1557 4237/257/1557
f 4237/257/1558 4231/288/1558 4230/251/1558 4238/242/1558
f 4221/258/1559 4225/289/1559 4235/260/1559 4227/261/1559
f 4227/261/1560 4235/260/1560 4234/262/1560 4228/263/1560
f 4228/263/1561 4234/262/1561 4233/248/1561 4229/284/1561
f 4241/240/1562 4226/282/1562 4236/287/1562 4243/290/1562
f 4243/290/1348 4236/287/1348 4237/257/1348 4244/265/1348
f 4244/265/1348 4237/257/1348 4238/242/1348 4245/283/1348
f 4239/266/1563 4220/267/1563 4230/268/1563 4246/291/1563
f 4246/291/1564 4230/268/1564 4231/292/1564 4247/293/1564
f 4247/293/1565 4231/292/1565 4232/279/1565 4248/278/1565
f 4228/272/1566 4247/293/1566 4248/278/1566 4227/294/1566
f 4229/295/1567 4246/291/1567 4247/293/1567 4228/272/1567
f 4219/275/1568 4239/266/1568 4246/291/1568 4229/295/1568
f 4234/262/1348 4244/265/1348 4245/283/1348 4233/248/1348
f 4235/260/1348 4243/290/1348 4244/265/1348 4234/262/1348
f 4225/289/1348 4241/240/1348 4243/290/1348 4235/260/1348
f 4223/285/1365 4242/244/1365 4239/246/1365 4219/296/1365
f 4233/248/1348 4245/283/1348 4242/244/1348 4223/285/1348
f 4221/277/1347 4240/281/1347 4241/240/1347 4225/289/1347
f 4227/294/1569 4248/278/1569 4240/281/1569 4221/277/1569
f 4266/238/1347 4252/237/1347 4256/239/1347 4267/240/1347
f 4270/241/1368 4264/242/1368 4254/243/1368 4268/244/1368
f 4268/244/1436 4254/243/1436 4250/245/1436 4265/246/1436
f 4258/247/1437 4261/248/1437 4253/249/1437 4249/250/1437
f 4264/242/1438 4259/251/1438 4250/252/1438 4254/243/1438
f 4255/259/1439 4262/262/1439 4257/263/1439 4251/258/1439
f 4263/257/1440 4260/256/1440 4259/251/1440 4264/242/1440
f 4255/259/1368 4267/240/1368 4269/265/1368 4262/262/1368
f 4257/263/1441 4262/262/1441 4261/248/1441 4258/247/1441
f 4272/271/1442 4260/270/1442 4252/237/1442 4266/238/1442
f 4269/265/1368 4263/257/1368 4264/242/1368 4270/241/1368
f 4265/266/1443 4250/267/1443 4259/268/1443 4271/269/1443
f 4271/269/1444 4259/268/1444 4260/270/1444 4272/271/1444
f 4256/239/1445 4263/257/1445 4269/265/1445 4267/240/1445
f 4258/274/1446 4271/269/1446 4272/271/1446 4257/272/1446
f 4249/275/1447 4265/266/1447 4271/269/1447 4258/274/1447
f 4262/262/1368 4269/265/1368 4270/241/1368 4261/248/1368
f 4272/271/1448 4266/238/1448 4251/277/1448 4257/272/1448
f 4253/249/1365 4268/244/1365 4265/246/1365 4249/276/1365
f 4261/248/1368 4270/241/1368 4268/244/1368 4253/249/1368
f 4251/277/1347 4266/238/1347 4267/240/1347 4255/259/1347
f 4252/253/1449 4260/256/1449 4263/257/1449 4256/239/1449
f 4302/278/1570 4286/279/1570 4276/280/1570 4294/281/1570
f 4294/281/1365 4276/280/1365 4280/282/1365 4295/240/1365
f 4299/283/1348 4292/242/1348 4278/243/1348 4296/244/1348
f 4296/244/1571 4278/243/1571 4274/245/1571 4293/246/1571
f 4283/284/1572 4287/248/1572 4277/285/1572 4273/250/1572
f 4292/242/1573 4284/251/1573 4274/252/1573 4278/243/1573
f 4280/282/1574 4276/286/1574 4286/254/1574 4290/287/1574
f 4290/287/1575 4286/254/1575 4285/288/1575 4291/257/1575
f 4291/257/1576 4285/288/1576 4284/251/1576 4292/242/1576
f 4275/258/1577 4279/289/1577 4289/260/1577 4281/261/1577
f 4281/261/1578 4289/260/1578 4288/262/1578 4282/263/1578
f 4282/263/1579 4288/262/1579 4287/248/1579 4283/284/1579
f 4295/240/1580 4280/282/1580 4290/287/1580 4297/290/1580
f 4297/290/1348 4290/287/1348 4291/257/1348 4298/265/1348
f 4298/265/1348 4291/257/1348 4292/242/1348 4299/283/1348
f 4293/266/1581 4274/267/1581 4284/268/1581 4300/291/1581
f 4300/291/1582 4284/268/1582 4285/292/1582 4301/293/1582
f 4301/293/1583 4285/292/1583 4286/279/1583 4302/278/1583
f 4282/272/1584 4301/293/1584 4302/278/1584 4281/294/1584
f 4283/295/1585 4300/291/1585 4301/293/1585 4282/272/1585
f 4273/275/1586 4293/266/1586 4300/291/1586 4283/295/1586
f 4288/262/1348 4298/265/1348 4299/283/1348 4287/248/1348
f 4289/260/1348 4297/290/1348 4298/265/1348 4288/262/1348
f 4279/289/1348 4295/240/1348 4297/290/1348 4289/260/1348
f 4277/285/1347 4296/244/1347 4293/246/1347 4273/296/1347
f 4287/248/1348 4299/283/1348 4296/244/1348 4277/285/1348
f 4275/277/1365 4294/281/1365 4295/240/1365 4279/289/1365
f 4281/294/1587 4302/278/1587 4294/281/1587 4275/277/1587
f 4332/235/1534 4316/236/1534 4306/237/1534 4324/238/1534
f 4324/238/1347 4306/237/1347 4310/239/1347 4325/240/1347
f 4329/241/1348 4322/242/1348 4308/243/1348 4326/244/1348
f 4326/244/1535 4308/243/1535 4304/245/1535 4323/246/1535
f 4313/247/1536 4317/248/1536 4307/249/1536 4303/250/1536
f 4322/242/1537 4314/251/1537 4304/252/1537 4308/243/1537
f 4310/239/1538 4306/253/1538 4316/254/1538 4320/255/1538
f 4320/255/1539 4316/254/1539 4315/256/1539 4321/257/1539
f 4321/257/1540 4315/256/1540 4314/251/1540 4322/242/1540
f 4305/258/1541 4309/259/1541 4319/260/1541 4311/261/1541
f 4311/261/1542 4319/260/1542 4318/262/1542 4312/263/1542
f 4312/263/1543 4318/262/1543 4317/248/1543 4313/247/1543
f 4325/240/1544 4310/239/1544 4320/255/1544 4327/264/1544
f 4327/264/1348 4320/255/1348 4321/257/1348 4328/265/1348
f 4328/265/1348 4321/257/1348 4322/242/1348 4329/241/1348
f 4323/266/1545 4304/267/1545 4314/268/1545 4330/269/1545
f 4330/269/1546 4314/268/1546 4315/270/1546 4331/271/1546
f 4331/271/1547 4315/270/1547 4316/236/1547 4332/235/1547
f 4312/272/1548 4331/271/1548 4332/235/1548 4311/273/1548
f 4313/274/1549 4330/269/1549 4331/271/1549 4312/272/1549
f 4303/275/1550 4323/266/1550 4330/269/1550 4313/274/1550
f 4318/262/1348 4328/265/1348 4329/241/1348 4317/248/1348
f 4319/260/1348 4327/264/1348 4328/265/1348 4318/262/1348
f 4309/259/1348 4325/240/1348 4327/264/1348 4319/260/1348
f 4307/249/1365 4326/244/1365 4323/246/1365 4303/276/1365
f 4317/248/1348 4329/241/1348 4326/244/1348 4307/249/1348
f 4305/277/1347 4324/238/1347 4325/240/1347 4309/259/1347
f 4311/273/1551 4332/235/1551 4324/238/1551 4305/277/1551
f 4362/278/1588 4346/279/1588 4336/280/1588 4354/281/1588
f 4354/281/1365 4336/280/1365 4340/282/1365 4355/240/1365
f 4359/283/1348 4352/242/1348 4338/243/1348 4356/244/1348
f 4356/244/1589 4338/243/1589 4334/245/1589 4353/246/1589
f 4343/284/1590 4347/248/1590 4337/285/1590 4333/250/1590
f 4352/242/1591 4344/251/1591 4334/252/1591 4338/243/1591
f 4340/282/1592 4336/286/1592 4346/254/1592 4350/287/1592
f 4350/287/1593 4346/254/1593 4345/288/1593 4351/257/1593
f 4351/257/1594 4345/288/1594 4344/251/1594 4352/242/1594
f 4335/258/1595 4339/289/1595 4349/260/1595 4341/261/1595
f 4341/261/1596 4349/260/1596 4348/262/1596 4342/263/1596
f 4342/263/1597 4348/262/1597 4347/248/1597 4343/284/1597
f 4355/240/1598 4340/282/1598 4350/287/1598 4357/290/1598
f 4357/290/1348 4350/287/1348 4351/257/1348 4358/265/1348
f 4358/265/1348 4351/257/1348 4352/242/1348 4359/283/1348
f 4353/266/1599 4334/267/1599 4344/268/1599 4360/291/1599
f 4360/291/1600 4344/268/1600 4345/292/1600 4361/293/1600
f 4361/293/1601 4345/292/1601 4346/279/1601 4362/278/1601
f 4342/272/1602 4361/293/1602 4362/278/1602 4341/294/1602
f 4343/295/1603 4360/291/1603 4361/293/1603 4342/272/1603
f 4333/275/1604 4353/266/1604 4360/291/1604 4343/295/1604
f 4348/262/1348 4358/265/1348 4359/283/1348 4347/248/1348
f 4349/260/1348 4357/290/1348 4358/265/1348 4348/262/1348
f 4339/289/1348 4355/240/1348 4357/290/1348 4349/260/1348
f 4337/285/1347 4356/244/1347 4353/246/1347 4333/296/1347
f 4347/248/1348 4359/283/1348 4356/244/1348 4337/285/1348
f 4335/277/1365 4354/281/1365 4355/240/1365 4339/289/1365
f 4341/294/1605 4362/278/1605 4354/281/1605 4335/277/1605
f 4392/278/1606 4376/279/1606 4366/280/1606 4384/281/1606
f 4384/281/1347 4366/280/1347 4370/282/1347 4385/240/1347
f 4389/283/1368 4382/242/1368 4368/243/1368 4386/244/1368
f 4386/244/1607 4368/243/1607 4364/245/1607 4383/246/1607
f 4373/284/1608 4377/248/1608 4367/285/1608 4363/250/1608
f 4382/242/1609 4374/251/1609 4364/252/1609 4368/243/1609
f 4370/282/1610 4366/286/1610 4376/254/1610 4380/287/1610
f 4380/287/1611 4376/254/1611 4375/288/1611 4381/257/1611
f 4381/257/1612 4375/288/1612 4374/251/1612 4382/242/1612
f 4365/258/1613 4369/289/1613 4379/260/1613 4371/261/1613
f 4371/261/1614 4379/260/1614 4378/262/1614 4372/263/1614
f 4372/263/1615 4378/262/1615 4377/248/1615 4373/284/1615
f 4385/240/1616 4370/282/1616 4380/287/1616 4387/290/1616
f 4387/290/1368 4380/287/1368 4381/257/1368 4388/265/1368
f 4388/265/1368 4381/257/1368 4382/242/1368 4389/283/1368
f 4383/266/1617 4364/267/1617 4374/268/1617 4390/291/1617
f 4390/291/1618 4374/268/1618 4375/292/1618 4391/293/1618
f 4391/293/1619 4375/292/1619 4376/279/1619 4392/278/1619
f 4372/272/1620 4391/293/1620 4392/278/1620 4371/294/1620
f 4373/295/1621 4390/291/1621 4391/293/1621 4372/272/1621
f 4363/275/1622 4383/266/1622 4390/291/1622 4373/295/1622
f 4378/262/1368 4388/265/1368 4389/283/1368 4377/248/1368
f 4379/260/1368 4387/290/1368 4388/265/1368 4378/262/1368
f 4369/289/1368 4385/240/1368 4387/290/1368 4379/260/1368
f 4367/285/1365 4386/244/1365 4383/246/1365 4363/296/1365
f 4377/248/1368 4389/283/1368 4386/244/1368 4367/285/1368
f 4365/277/1347 4384/281/1347 4385/240/1347 4369/289/1347
f 4371/294/1623 4392/278/1623 4384/281/1623 4365/277/1623
f 4410/238/1365 4396/237/1365 4400/239/1365 4411/240/1365
f 4414/241/1368 4408/242/1368 4398/243/1368 4412/244/1368
f 4412/244/1624 4398/243/1624 4394/245/1624 4409/246/1624
f 4402/247/1625 4405/248/1625 4397/249/1625 4393/250/1625
f 4408/242/1626 4403/251/1626 4394/252/1626 4398/243/1626
f 4399/259/1627 4406/262/1627 4401/263/1627 4395/258/1627
f 4407/257/1628 4404/256/1628 4403/251/1628 4408/242/1628
f 4399/259/1368 4411/240/1368 4413/265/1368 4406/262/1368
f 4401/263/1629 4406/262/1629 4405/248/1629 4402/247/1629
f 4416/271/1630 4404/270/1630 4396/237/1630 4410/238/1630
f 4413/265/1368 4407/257/1368 4408/242/1368 4414/241/1368
f 4409/266/1631 4394/267/1631 4403/268/1631 4415/269/1631
f 4415/269/1632 4403/268/1632 4404/270/1632 4416/271/1632
f 4400/239/1633 4407/257/1633 4413/265/1633 4411/240/1633
f 4402/274/1634 4415/269/1634 4416/271/1634 4401/272/1634
f 4393/275/1635 4409/266/1635 4415/269/1635 4402/274/1635
f 4406/262/1368 4413/265/1368 4414/241/1368 4405/248/1368
f 4416/271/1636 4410/238/1636 4395/277/1636 4401/272/1636
f 4397/249/1347 4412/244/1347 4409/246/1347 4393/276/1347
f 4405/248/1368 4414/241/1368 4412/244/1368 4397/249/1368
f 4395/277/1365 4410/238/1365 4411/240/1365 4399/259/1365
f 4396/253/1637 4404/256/1637 4407/257/1637 4400/239/1637
f 4446/235/1400 4430/236/1400 4420/237/1400 4438/238/1400
f 4438/238/1347 4420/237/1347 4424/239/1347 4439/240/1347
f 4443/241/1348 4436/242/1348 4422/243/1348 4440/244/1348
f 4440/244/1401 4422/243/1401 4418/245/1401 4437/246/1401
f 4427/247/1402 4431/248/1402 4421/249/1402 4417/250/1402
f 4436/242/1403 4428/251/1403 4418/252/1403 4422/243/1403
f 4424/239/1404 4420/253/1404 4430/254/1404 4434/255/1404
f 4434/255/1405 4430/254/1405 4429/256/1405 4435/257/1405
f 4435/257/1406 4429/256/1406 4428/251/1406 4436/242/1406
f 4419/258/1407 4423/259/1407 4433/260/1407 4425/261/1407
f 4425/261/1408 4433/260/1408 4432/262/1408 4426/263/1408
f 4426/263/1409 4432/262/1409 4431/248/1409 4427/247/1409
f 4439/240/1410 4424/239/1410 4434/255/1410 4441/264/1410
f 4441/264/1348 4434/255/1348 4435/257/1348 4442/265/1348
f 4442/265/1348 4435/257/1348 4436/242/1348 4443/241/1348
f 4437/266/1411 4418/267/1411 4428/268/1411 4444/269/1411
f 4444/269/1412 4428/268/1412 4429/270/1412 4445/271/1412
f 4445/271/1413 4429/270/1413 4430/236/1413 4446/235/1413
f 4426/272/1414 4445/271/1414 4446/235/1414 4425/273/1414
f 4427/274/1415 4444/269/1415 4445/271/1415 4426/272/1415
f 4417/275/1416 4437/266/1416 4444/269/1416 4427/274/1416
f 4432/262/1348 4442/265/1348 4443/241/1348 4431/248/1348
f 4433/260/1348 4441/264/1348 4442/265/1348 4432/262/1348
f 4423/259/1348 4439/240/1348 4441/264/1348 4433/260/1348
f 4421/249/1365 4440/244/1365 4437/246/1365 4417/276/1365
f 4431/248/1348 4443/241/1348 4440/244/1348 4421/249/1348
f 4419/277/1347 4438/238/1347 4439/240/1347 4423/259/1347
f 4425/273/1417 4446/235/1417 4438/238/1417 4419/277/1417
f 4476/278/1501 4460/279/1501 4450/280/1501 4468/281/1501
f 4468/281/1365 4450/280/1365 4454/282/1365 4469/240/1365
f 4473/283/1368 4466/242/1368 4452/243/1368 4470/244/1368
f 4470/244/1502 4452/243/1502 4448/245/1502 4467/246/1502
f 4457/284/1503 4461/248/1503 4451/285/1503 4447/250/1503
f 4466/242/1504 4458/251/1504 4448/252/1504 4452/243/1504
f 4454/282/1505 4450/286/1505 4460/254/1505 4464/287/1505
f 4464/287/1506 4460/254/1506 4459/288/1506 4465/257/1506
f 4465/257/1507 4459/288/1507 4458/251/1507 4466/242/1507
f 4449/258/1508 4453/289/1508 4463/260/1508 4455/261/1508
f 4455/261/1509 4463/260/1509 4462/262/1509 4456/263/1509
f 4456/263/1510 4462/262/1510 4461/248/1510 4457/284/1510
f 4469/240/1511 4454/282/1511 4464/287/1511 4471/290/1511
f 4471/290/1368 4464/287/1368 4465/257/1368 4472/265/1368
f 4472/265/1368 4465/257/1368 4466/242/1368 4473/283/1368
f 4467/266/1512 4448/267/1512 4458/268/1512 4474/291/1512
f 4474/291/1513 4458/268/1513 4459/292/1513 4475/293/1513
f 4475/293/1514 4459/292/1514 4460/279/1514 4476/278/1514
f 4456/272/1515 4475/293/1515 4476/278/1515 4455/294/1515
f 4457/295/1516 4474/291/1516 4475/293/1516 4456/272/1516
f 4447/275/1517 4467/266/1517 4474/291/1517 4457/295/1517
f 4462/262/1368 4472/265/1368 4473/283/1368 4461/248/1368
f 4463/260/1368 4471/290/1368 4472/265/1368 4462/262/1368
f 4453/289/1368 4469/240/1368 4471/290/1368 4463/260/1368
f 4451/285/1347 4470/244/1347 4467/246/1347 4447/296/1347
f 4461/248/1368 4473/283/1368 4470/244/1368 4451/285/1368
f 4449/277/1365 4468/281/1365 4469/240/1365 4453/289/1365
f 4455/294/1518 4476/278/1518 4468/281/1518 4449/277/1518
f 4506/235/1534 4490/236/1534 4480/237/1534 4498/238/1534
f 4498/238/1347 4480/237/1347 4484/239/1347 4499/240/1347
f 4503/241/1348 4496/242/1348 4482/243/1348 4500/244/1348
f 4500/244/1535 4482/243/1535 4478/245/1535 4497/246/1535
f 4487/247/1536 4491/248/1536 4481/249/1536 4477/250/1536
f 4496/242/1537 4488/251/1537 4478/252/1537 4482/243/1537
f 4484/239/1538 4480/253/1538 4490/254/1538 4494/255/1538
f 4494/255/1539 4490/254/1539 4489/256/1539 4495/257/1539
f 4495/257/1540 4489/256/1540 4488/251/1540 4496/242/1540
f 4479/258/1541 4483/259/1541 4493/260/1541 4485/261/1541
f 4485/261/1542 4493/260/1542 4492/262/1542 4486/263/1542
f 4486/263/1543 4492/262/1543 4491/248/1543 4487/247/1543
f 4499/240/1544 4484/239/1544 4494/255/1544 4501/264/1544
f 4501/264/1348 4494/255/1348 4495/257/1348 4502/265/1348
f 4502/265/1348 4495/257/1348 4496/242/1348 4503/241/1348
f 4497/266/1545 4478/267/1545 4488/268/1545 4504/269/1545
f 4504/269/1546 4488/268/1546 4489/270/1546 4505/271/1546
f 4505/271/1547 4489/270/1547 4490/236/1547 4506/235/1547
f 4486/272/1548 4505/271/1548 4506/235/1548 4485/273/1548
f 4487/274/1549 4504/269/1549 4505/271/1549 4486/272/1549
f 4477/275/1550 4497/266/1550 4504/269/1550 4487/274/1550
f 4492/262/1348 4502/265/1348 4503/241/1348 4491/248/1348
f 4493/260/1348 4501/264/1348 4502/265/1348 4492/262/1348
f 4483/259/1348 4499/240/1348 4501/264/1348 4493/260/1348
f 4481/249/1365 4500/244/1365 4497/246/1365 4477/276/1365
f 4491/248/1348 4503/241/1348 4500/244/1348 4481/249/1348
f 4479/277/1347 4498/238/1347 4499/240/1347 4483/259/1347
f 4485/273/1551 4506/235/1551 4498/238/1551 4479/277/1551
f 4536/278/1418 4520/279/1418 4510/280/1418 4528/281/1418
f 4528/281/1347 4510/280/1347 4514/282/1347 4529/240/1347
f 4533/283/1348 4526/242/1348 4512/243/1348 4530/244/1348
f 4530/244/1419 4512/243/1419 4508/245/1419 4527/246/1419
f 4517/284/1420 4521/248/1420 4511/285/1420 4507/250/1420
f 4526/242/1421 4518/251/1421 4508/252/1421 4512/243/1421
f 4514/282/1422 4510/286/1422 4520/254/1422 4524/287/1422
f 4524/287/1423 4520/254/1423 4519/288/1423 4525/257/1423
f 4525/257/1424 4519/288/1424 4518/251/1424 4526/242/1424
f 4509/258/1425 4513/289/1425 4523/260/1425 4515/261/1425
f 4515/261/1426 4523/260/1426 4522/262/1426 4516/263/1426
f 4516/263/1427 4522/262/1427 4521/248/1427 4517/284/1427
f 4529/240/1428 4514/282/1428 4524/287/1428 4531/290/1428
f 4531/290/1348 4524/287/1348 4525/257/1348 4532/265/1348
f 4532/265/1348 4525/257/1348 4526/242/1348 4533/283/1348
f 4527/266/1429 4508/267/1429 4518/268/1429 4534/291/1429
f 4534/291/1430 4518/268/1430 4519/292/1430 4535/293/1430
f 4535/293/1431 4519/292/1431 4520/279/1431 4536/278/1431
f 4516/272/1432 4535/293/1432 4536/278/1432 4515/294/1432
f 4517/295/1433 4534/291/1433 4535/293/1433 4516/272/1433
f 4507/275/1434 4527/266/1434 4534/291/1434 4517/295/1434
f 4522/262/1348 4532/265/1348 4533/283/1348 4521/248/1348
f 4523/260/1348 4531/290/1348 4532/265/1348 4522/262/1348
f 4513/289/1348 4529/240/1348 4531/290/1348 4523/260/1348
f 4511/285/1365 4530/244/1365 4527/246/1365 4507/296/1365
f 4521/248/1348 4533/283/1348 4530/244/1348 4511/285/1348
f 4509/277/1347 4528/281/1347 4529/240/1347 4513/289/1347
f 4515/294/1435 4536/278/1435 4528/281/1435 4509/277/1435
f 4554/238/1347 4540/237/1347 4544/239/1347 4555/240/1347
f 4558/241/1368 4552/242/1368 4542/243/1368 4556/244/1368
f 4556/244/1436 4542/243/1436 4538/245/1436 4553/246/1436
f 4546/247/1437 4549/248/1437 4541/249/1437 4537/250/1437
f 4552/242/1438 4547/251/1438 4538/252/1438 4542/243/1438
f 4543/259/1439 4550/262/1439 4545/263/1439 4539/258/1439
f 4551/257/1440 4548/256/1440 4547/251/1440 4552/242/1440
f 4543/259/1368 4555/240/1368 4557/265/1368 4550/262/1368
f 4545/263/1441 4550/262/1441 4549/248/1441 4546/247/1441
f 4560/271/1442 4548/270/1442 4540/237/1442 4554/238/1442
f 4557/265/1368 4551/257/1368 4552/242/1368 4558/241/1368
f 4553/266/1443 4538/267/1443 4547/268/1443 4559/269/1443
f 4559/269/1444 4547/268/1444 4548/270/1444 4560/271/1444
f 4544/239/1445 4551/257/1445 4557/265/1445 4555/240/1445
f 4546/274/1446 4559/269/1446 4560/271/1446 4545/272/1446
f 4537/275/1447 4553/266/1447 4559/269/1447 4546/274/1447
f 4550/262/1368 4557/265/1368 4558/241/1368 4549/248/1368
f 4560/271/1448 4554/238/1448 4539/277/1448 4545/272/1448
f 4541/249/1365 4556/244/1365 4553/246/1365 4537/276/1365
f 4549/248/1368 4558/241/1368 4556/244/1368 4541/249/1368
f 4539/277/1347 4554/238/1347 4555/240/1347 4543/259/1347
f 4540/253/1449 4548/256/1449 4551/257/1449 4544/239/1449
f 4590/235/1534 4574/236/1534 4564/237/1534 4582/238/1534
f 4582/238/1347 4564/237/1347 4568/239/1347 4583/240/1347
f 4587/241/1348 4580/242/1348 4566/243/1348 4584/244/1348
f 4584/244/1535 4566/243/1535 4562/245/1535 4581/246/1535
f 4571/247/1536 4575/248/1536 4565/249/1536 4561/250/1536
f 4580/242/1537 4572/251/1537 4562/252/1537 4566/243/1537
f 4568/239/1538 4564/253/1538 4574/254/1538 4578/255/1538
f 4578/255/1539 4574/254/1539 4573/256/1539 4579/257/1539
f 4579/257/1540 4573/256/1540 4572/251/1540 4580/242/1540
f 4563/258/1541 4567/259/1541 4577/260/1541 4569/261/1541
f 4569/261/1542 4577/260/1542 4576/262/1542 4570/263/1542
f 4570/263/1543 4576/262/1543 4575/248/1543 4571/247/1543
f 4583/240/1544 4568/239/1544 4578/255/1544 4585/264/1544
f 4585/264/1348 4578/255/1348 4579/257/1348 4586/265/1348
f 4586/265/1348 4579/257/1348 4580/242/1348 4587/241/1348
f 4581/266/1545 4562/267/1545 4572/268/1545 4588/269/1545
f 4588/269/1546 4572/268/1546 4573/270/1546 4589/271/1546
f 4589/271/1547 4573/270/1547 4574/236/1547 4590/235/1547
f 4570/272/1548 4589/271/1548 4590/235/1548 4569/273/1548
f 4571/274/1549 4588/269/1549 4589/271/1549 4570/272/1549
f 4561/275/1550 4581/266/1550 4588/269/1550 4571/274/1550
f 4576/262/1348 4586/265/1348 4587/241/1348 4575/248/1348
f 4577/260/1348 4585/264/1348 4586/265/1348 4576/262/1348
f 4567/259/1348 4583/240/1348 4585/264/1348 4577/260/1348
f 4565/249/1365 4584/244/1365 4581/246/1365 4561/276/1365
f 4575/248/1348 4587/241/1348 4584/244/1348 4565/249/1348
f 4563/277/1347 4582/238/1347 4583/240/1347 4567/259/1347
f 4569/273/1551 4590/235/1551 4582/238/1551 4563/277/1551
f 4620/278/1638 4604/279/1638 4594/280/1638 4612/281/1638
f 4612/281/1347 4594/280/1347 4598/282/1347 4613/240/1347
f 4617/283/1368 4610/242/1368 4596/243/1368 4614/244/1368
f 4614/244/1639 4596/243/1639 4592/245/1639 4611/246/1639
f 4601/284/1640 4605/248/1640 4595/285/1640 4591/250/1640
f 4610/242/1641 4602/251/1641 4592/252/1641 4596/243/1641
f 4598/282/1642 4594/286/1642 4604/254/1642 4608/287/1642
f 4608/287/1643 4604/254/1643 4603/288/1643 4609/257/1643
f 4609/257/1644 4603/288/1644 4602/251/1644 4610/242/1644
f 4593/258/1645 4597/289/1645 4607/260/1645 4599/261/1645
f 4599/261/1646 4607/260/1646 4606/262/1646 4600/263/1646
f 4600/263/1647 4606/262/1647 4605/248/1647 4601/284/1647
f 4613/240/1648 4598/282/1648 4608/287/1648 4615/290/1648
f 4615/290/1368 4608/287/1368 4609/257/1368 4616/265/1368
f 4616/265/1368 4609/257/1368 4610/242/1368 4617/283/1368
f 4611/266/1649 4592/267/1649 4602/268/1649 4618/291/1649
f 4618/291/1650 4602/268/1650 4603/292/1650 4619/293/1650
f 4619/293/1651 4603/292/1651 4604/279/1651 4620/278/1651
f 4600/272/1652 4619/293/1652 4620/278/1652 4599/294/1652
f 4601/295/1653 4618/291/1653 4619/293/1653 4600/272/1653
f 4591/275/1654 4611/266/1654 4618/291/1654 4601/295/1654
f 4606/262/1368 4616/265/1368 4617/283/1368 4605/248/1368
f 4607/260/1368 4615/290/1368 4616/265/1368 4606/262/1368
f 4597/289/1368 4613/240/1368 4615/290/1368 4607/260/1368
f 4595/285/1365 4614/244/1365 4611/246/1365 4591/296/1365
f 4605/248/1368 4617/283/1368 4614/244/1368 4595/285/1368
f 4593/277/1347 4612/281/1347 4613/240/1347 4597/289/1347
f 4599/294/1655 4620/278/1655 4612/281/1655 4593/277/1655
f 4638/238/1347 4624/237/1347 4628/239/1347 4639/240/1347
f 4642/241/1368 4636/242/1368 4626/243/1368 4640/244/1368
f 4640/244/1436 4626/243/1436 4622/245/1436 4637/246/1436
f 4630/247/1437 4633/248/1437 4625/249/1437 4621/250/1437
f 4636/242/1438 4631/251/1438 4622/252/1438 4626/243/1438
f 4627/259/1439 4634/262/1439 4629/263/1439 4623/258/1439
f 4635/257/1440 4632/256/1440 4631/251/1440 4636/242/1440
f 4627/259/1368 4639/240/1368 4641/265/1368 4634/262/1368
f 4629/263/1441 4634/262/1441 4633/248/1441 4630/247/1441
f 4644/271/1442 4632/270/1442 4624/237/1442 4638/238/1442
f 4641/265/1368 4635/257/1368 4636/242/1368 4642/241/1368
f 4637/266/1443 4622/267/1443 4631/268/1443 4643/269/1443
f 4643/269/1444 4631/268/1444 4632/270/1444 4644/271/1444
f 4628/239/1445 4635/257/1445 4641/265/1445 4639/240/1445
f 4630/274/1446 4643/269/1446 4644/271/1446 4629/272/1446
f 4621/275/1447 4637/266/1447 4643/269/1447 4630/274/1447
f 4634/262/1368 4641/265/1368 4642/241/1368 4633/248/1368
f 4644/271/1448 4638/238/1448 4623/277/1448 4629/272/1448
f 4625/249/1365 4640/244/1365 4637/246/1365 4621/276/1365
f 4633/248/1368 4642/241/1368 4640/244/1368 4625/249/1368
f 4623/277/1347 4638/238/1347 4639/240/1347 4627/259/1347
f 4624/253/1449 4632/256/1449 4635/257/1449 4628/239/1449
f 4674/278/1570 4658/279/1570 4648/280/1570 4666/281/1570
f 4666/281/1365 4648/280/1365 4652/282/1365 4667/240/1365
f 4671/283/1348 4664/242/1348 4650/243/1348 4668/244/1348
f 4668/244/1571 4650/243/1571 4646/245/1571 4665/246/1571
f 4655/284/1572 4659/248/1572 4649/285/1572 4645/250/1572
f 4664/242/1573 4656/251/1573 4646/252/1573 4650/243/1573
f 4652/282/1574 4648/286/1574 4658/254/1574 4662/287/1574
f 4662/287/1575 4658/254/1575 4657/288/1575 4663/257/1575
f 4663/257/1576 4657/288/1576 4656/251/1576 4664/242/1576
f 4647/258/1577 4651/289/1577 4661/260/1577 4653/261/1577
f 4653/261/1578 4661/260/1578 4660/262/1578 4654/263/1578
f 4654/263/1579 4660/262/1579 4659/248/1579 4655/284/1579
f 4667/240/1580 4652/282/1580 4662/287/1580 4669/290/1580
f 4669/290/1348 4662/287/1348 4663/257/1348 4670/265/1348
f 4670/265/1348 4663/257/1348 4664/242/1348 4671/283/1348
f 4665/266/1581 4646/267/1581 4656/268/1581 4672/291/1581
f 4672/291/1582 4656/268/1582 4657/292/1582 4673/293/1582
f 4673/293/1583 4657/292/1583 4658/279/1583 4674/278/1583
f 4654/272/1584 4673/293/1584 4674/278/1584 4653/294/1584
f 4655/295/1585 4672/291/1585 4673/293/1585 4654/272/1585
f 4645/275/1586 4665/266/1586 4672/291/1586 4655/295/1586
f 4660/262/1348 4670/265/1348 4671/283/1348 4659/248/1348
f 4661/260/1348 4669/290/1348 4670/265/1348 4660/262/1348
f 4651/289/1348 4667/240/1348 4669/290/1348 4661/260/1348
f 4649/285/1347 4668/244/1347 4665/246/1347 4645/296/1347
f 4659/248/1348 4671/283/1348 4668/244/1348 4649/285/1348
f 4647/277/1365 4666/281/1365 4667/240/1365 4651/289/1365
f 4653/294/1587 4674/278/1587 4666/281/1587 4647/277/1587
f 4692/238/1365 4678/237/1365 4682/239/1365 4693/240/1365
f 4696/241/1368 4690/242/1368 4680/243/1368 4694/244/1368
f 4694/244/1624 4680/243/1624 4676/245/1624 4691/246/1624
f 4684/247/1625 4687/248/1625 4679/249/1625 4675/250/1625
f 4690/242/1626 4685/251/1626 4676/252/1626 4680/243/1626
f 4681/259/1627 4688/262/1627 4683/263/1627 4677/258/1627
f 4689/257/1628 4686/256/1628 4685/251/1628 4690/242/1628
f 4681/259/1368 4693/240/1368 4695/265/1368 4688/262/1368
f 4683/263/1629 4688/262/1629 4687/248/1629 4684/247/1629
f 4698/271/1630 4686/270/1630 4678/237/1630 4692/238/1630
f 4695/265/1368 4689/257/1368 4690/242/1368 4696/241/1368
f 4691/266/1631 4676/267/1631 4685/268/1631 4697/269/1631
f 4697/269/1632 4685/268/1632 4686/270/1632 4698/271/1632
f 4682/239/1633 4689/257/1633 4695/265/1633 4693/240/1633
f 4684/274/1634 4697/269/1634 4698/271/1634 4683/272/1634
f 4675/275/1635 4691/266/1635 4697/269/1635 4684/274/1635
f 4688/262/1368 4695/265/1368 4696/241/1368 4687/248/1368
f 4698/271/1636 4692/238/1636 4677/277/1636 4683/272/1636
f 4679/249/1347 4694/244/1347 4691/246/1347 4675/276/1347
f 4687/248/1368 4696/241/1368 4694/244/1368 4679/249/1368
f 4677/277/1365 4692/238/1365 4693/240/1365 4681/259/1365
f 4678/253/1637 4686/256/1637 4689/257/1637 4682/239/1637
f 4728/235/1400 4712/236/1400 4702/237/1400 4720/238/1400
f 4720/238/1347 4702/237/1347 4706/239/1347 4721/240/1347
f 4725/241/1348 4718/242/1348 4704/243/1348 4722/244/1348
f 4722/244/1401 4704/243/1401 4700/245/1401 4719/246/1401
f 4709/247/1402 4713/248/1402 4703/249/1402 4699/250/1402
f 4718/242/1403 4710/251/1403 4700/252/1403 4704/243/1403
f 4706/239/1404 4702/253/1404 4712/254/1404 4716/255/1404
f 4716/255/1405 4712/254/1405 4711/256/1405 4717/257/1405
f 4717/257/1406 4711/256/1406 4710/251/1406 4718/242/1406
f 4701/258/1407 4705/259/1407 4715/260/1407 4707/261/1407
f 4707/261/1408 4715/260/1408 4714/262/1408 4708/263/1408
f 4708/263/1409 4714/262/1409 4713/248/1409 4709/247/1409
f 4721/240/1410 4706/239/1410 4716/255/1410 4723/264/1410
f 4723/264/1348 4716/255/1348 4717/257/1348 4724/265/1348
f 4724/265/1348 4717/257/1348 4718/242/1348 4725/241/1348
f 4719/266/1411 4700/267/1411 4710/268/1411 4726/269/1411
f 4726/269/1412 4710/268/1412 4711/270/1412 4727/271/1412
f 4727/271/1413 4711/270/1413 4712/236/1413 4728/235/1413
f 4708/272/1414 4727/271/1414 4728/235/1414 4707/273/1414
f 4709/274/1415 4726/269/1415 4727/271/1415 4708/272/1415
f 4699/275/1416 4719/266/1416 4726/269/1416 4709/274/1416
f 4714/262/1348 4724/265/1348 4725/241/1348 4713/248/1348
f 4715/260/1348 4723/264/1348 4724/265/1348 4714/262/1348
f 4705/259/1348 4721/240/1348 4723/264/1348 4715/260/1348
f 4703/249/1365 4722/244/1365 4719/246/1365 4699/276/1365
f 4713/248/1348 4725/241/1348 4722/244/1348 4703/249/1348
f 4701/277/1347 4720/238/1347 4721/240/1347 4705/259/1347
f 4707/273/1417 4728/235/1417 4720/238/1417 4701/277/1417
f 4758/235/1656 4742/236/1656 4732/237/1656 4750/238/1656
f 4750/238/1347 4732/237/1347 4736/239/1347 4751/240/1347
f 4755/241/1368 4748/242/1368 4734/243/1368 4752/244/1368
f 4752/244/1657 4734/243/1657 4730/245/1657 4749/246/1657
f 4739/247/1658 4743/248/1658 4733/249/1658 4729/250/1658
f 4748/242/1659 4740/251/1659 4730/252/1659 4734/243/1659
f 4736/239/1660 4732/253/1660 4742/254/1660 4746/255/1660
f 4746/255/1661 4742/254/1661 4741/256/1661 4747/257/1661
f 4747/257/1662 4741/256/1662 4740/251/1662 4748/242/1662
f 4731/258/1663 4735/259/1663 4745/260/1663 4737/261/1663
f 4737/261/1664 4745/260/1664 4744/262/1664 4738/263/1664
f 4738/263/1665 4744/262/1665 4743/248/1665 4739/247/1665
f 4751/240/1666 4736/239/1666 4746/255/1666 4753/264/1666
f 4753/264/1368 4746/255/1368 4747/257/1368 4754/265/1368
f 4754/265/1368 4747/257/1368 4748/242/1368 4755/241/1368
f 4749/266/1667 4730/267/1667 4740/268/1667 4756/269/1667
f 4756/269/1668 4740/268/1668 4741/270/1668 4757/271/1668
f 4757/271/1669 4741/270/1669 4742/236/1669 4758/235/1669
f 4738/272/1670 4757/271/1670 4758/235/1670 4737/273/1670
f 4739/274/1671 4756/269/1671 4757/271/1671 4738/272/1671
f 4729/275/1672 4749/266/1672 4756/269/1672 4739/274/1672
f 4744/262/1368 4754/265/1368 4755/241/1368 4743/248/1368
f 4745/260/1368 4753/264/1368 4754/265/1368 4744/262/1368
f 4735/259/1368 4751/240/1368 4753/264/1368 4745/260/1368
f 4733/249/1365 4752/244/1365 4749/246/1365 4729/276/1365
f 4743/248/1368 4755/241/1368 4752/244/1368 4733/249/1368
f 4731/277/1347 4750/238/1347 4751/240/1347 4735/259/1347
f 4737/273/1673 4758/235/1673 4750/238/1673 4731/277/1673
f 4776/238/1347 4762/237/1347 4766/239/1347 4777/240/1347
f 4780/241/1368 4774/242/1368 4764/243/1368 4778/244/1368
f 4778/244/1674 4764/243/1674 4760/245/1674 4775/246/1674
f 4768/247/1675 4771/248/1675 4763/249/1675 4759/250/1675
f 4774/242/1676 4769/251/1676 4760/252/1676 4764/243/1676
f 4765/259/1677 4772/262/1677 4767/263/1677 4761/258/1677
f 4773/257/1678 4770/256/1678 4769/251/1678 4774/242/1678
f 4765/259/1368 4777/240/1368 4779/265/1368 4772/262/1368
f 4767/263/1679 4772/262/1679 4771/248/1679 4768/247/1679
f 4782/271/1680 4770/270/1680 4762/237/1680 4776/238/1680
f 4779/265/1368 4773/257/1368 4774/242/1368 4780/241/1368
f 4775/266/1681 4760/267/1681 4769/268/1681 4781/269/1681
f 4781/269/1682 4769/268/1682 4770/270/1682 4782/271/1682
f 4766/239/1683 4773/257/1683 4779/265/1683 4777/240/1683
f 4768/274/1684 4781/269/1684 4782/271/1684 4767/272/1684
f 4759/275/1685 4775/266/1685 4781/269/1685 4768/274/1685
f 4772/262/1368 4779/265/1368 4780/241/1368 4771/248/1368
f 4782/271/1686 4776/238/1686 4761/277/1686 4767/272/1686
f 4763/249/1365 4778/244/1365 4775/246/1365 4759/276/1365
f 4771/248/1368 4780/241/1368 4778/244/1368 4763/249/1368
f 4761/277/1347 4776/238/1347 4777/240/1347 4765/259/1347
f 4762/253/1687 4770/256/1687 4773/257/1687 4766/239/1687
f 4812/278/1418 4796/279/1418 4786/280/1418 4804/281/1418
f 4804/281/1347 4786/280/1347 4790/282/1347 4805/240/1347
f 4809/283/1348 4802/242/1348 4788/243/1348 4806/244/1348
f 4806/244/1419 4788/243/1419 4784/245/1419 4803/246/1419
f 4793/284/1420 4797/248/1420 4787/285/1420 4783/250/1420
f 4802/242/1421 4794/251/1421 4784/252/1421 4788/243/1421
f 4790/282/1422 4786/286/1422 4796/254/1422 4800/287/1422
f 4800/287/1423 4796/254/1423 4795/288/1423 4801/257/1423
f 4801/257/1424 4795/288/1424 4794/251/1424 4802/242/1424
f 4785/258/1425 4789/289/1425 4799/260/1425 4791/261/1425
f 4791/261/1426 4799/260/1426 4798/262/1426 4792/263/1426
f 4792/263/1427 4798/262/1427 4797/248/1427 4793/284/1427
f 4805/240/1428 4790/282/1428 4800/287/1428 4807/290/1428
f 4807/290/1348 4800/287/1348 4801/257/1348 4808/265/1348
f 4808/265/1348 4801/257/1348 4802/242/1348 4809/283/1348
f 4803/266/1429 4784/267/1429 4794/268/1429 4810/291/1429
f 4810/291/1430 4794/268/1430 4795/292/1430 4811/293/1430
f 4811/293/1431 4795/292/1431 4796/279/1431 4812/278/1431
f 4792/272/1432 4811/293/1432 4812/278/1432 4791/294/1432
f 4793/295/1433 4810/291/1433 4811/293/1433 4792/272/1433
f 4783/275/1434 4803/266/1434 4810/291/1434 4793/295/1434
f 4798/262/1348 4808/265/1348 4809/283/1348 4797/248/1348
f 4799/260/1348 4807/290/1348 4808/265/1348 4798/262/1348
f 4789/289/1348 4805/240/1348 4807/290/1348 4799/260/1348
f 4787/285/1365 4806/244/1365 4803/246/1365 4783/296/1365
f 4797/248/1348 4809/283/1348 4806/244/1348 4787/285/1348
f 4785/277/1347 4804/281/1347 4805/240/1347 4789/289/1347
f 4791/294/1435 4812/278/1435 4804/281/1435 4785/277/1435
f 4842/278/1688 4826/279/1688 4816/280/1688 4834/281/1688
f 4834/281/1365 4816/280/1365 4820/282/1365 4835/240/1365
f 4839/283/1368 4832/242/1368 4818/243/1368 4836/244/1368
f 4836/244/1689 4818/243/1689 4814/245/1689 4833/246/1689
f 4823/284/1690 4827/248/1690 4817/285/1690 4813/250/1690
f 4832/242/1691 4824/251/1691 4814/252/1691 4818/243/1691
f 4820/282/1692 4816/286/1692 4826/254/1692 4830/287/1692
f 4830/287/1693 4826/254/1693 4825/288/1693 4831/257/1693
f 4831/257/1694 4825/288/1694 4824/251/1694 4832/242/1694
f 4815/258/1695 4819/289/1695 4829/260/1695 4821/261/1695
f 4821/261/1696 4829/260/1696 4828/262/1696 4822/263/1696
f 4822/263/1697 4828/262/1697 4827/248/1697 4823/284/1697
f 4835/240/1698 4820/282/1698 4830/287/1698 4837/290/1698
f 4837/290/1368 4830/287/1368 4831/257/1368 4838/265/1368
f 4838/265/1368 4831/257/1368 4832/242/1368 4839/283/1368
f 4833/266/1699 4814/267/1699 4824/268/1699 4840/291/1699
f 4840/291/1700 4824/268/1700 4825/292/1700 4841/293/1700
f 4841/293/1701 4825/292/1701 4826/279/1701 4842/278/1701
f 4822/272/1702 4841/293/1702 4842/278/1702 4821/294/1702
f 4823/295/1703 4840/291/1703 4841/293/1703 4822/272/1703
f 4813/275/1704 4833/266/1704 4840/291/1704 4823/295/1704
f 4828/262/1368 4838/265/1368 4839/283/1368 4827/248/1368
f 4829/260/1368 4837/290/1368 4838/265/1368 4828/262/1368
f 4819/289/1368 4835/240/1368 4837/290/1368 4829/260/1368
f 4817/285/1347 4836/244/1347 4833/246/1347 4813/296/1347
f 4827/248/1368 4839/283/1368 4836/244/1368 4817/285/1368
f 4815/277/1365 4834/281/1365 4835/240/1365 4819/289/1365
f 4821/294/1705 4842/278/1705 4834/281/1705 4815/277/1705
f 4860/238/1365 4846/237/1365 4850/239/1365 4861/240/1365
f 4864/241/1368 4858/242/1368 4848/243/1368 4862/244/1368
f 4862/244/1706 4848/243/1706 4844/245/1706 4859/246/1706
f 4852/247/1707 4855/248/1707 4847/249/1707 4843/250/1707
f 4858/242/1708 4853/251/1708 4844/252/1708 4848/243/1708
f 4849/259/1709 4856/262/1709 4851/263/1709 4845/258/1709
f 4857/257/1710 4854/256/1710 4853/251/1710 4858/242/1710
f 4849/259/1368 4861/240/1368 4863/265/1368 4856/262/1368
f 4851/263/1711 4856/262/1711 4855/248/1711 4852/247/1711
f 4866/271/1712 4854/270/1712 4846/237/1712 4860/238/1712
f 4863/265/1368 4857/257/1368 4858/242/1368 4864/241/1368
f 4859/266/1713 4844/267/1713 4853/268/1713 4865/269/1713
f 4865/269/1714 4853/268/1714 4854/270/1714 4866/271/1714
f 4850/239/1715 4857/257/1715 4863/265/1715 4861/240/1715
f 4852/274/1716 4865/269/1716 4866/271/1716 4851/272/1716
f 4843/275/1717 4859/266/1717 4865/269/1717 4852/274/1717
f 4856/262/1368 4863/265/1368 4864/241/1368 4855/248/1368
f 4866/271/1718 4860/238/1718 4845/277/1718 4851/272/1718
f 4847/249/1347 4862/244/1347 4859/246/1347 4843/276/1347
f 4855/248/1368 4864/241/1368 4862/244/1368 4847/249/1368
f 4845/277/1365 4860/238/1365 4861/240/1365 4849/259/1365
f 4846/253/1719 4854/256/1719 4857/257/1719 4850/239/1719
f 4884/238/1365 4870/237/1365 4874/239/1365 4885/240/1365
f 4888/241/1348 4882/242/1348 4872/243/1348 4886/244/1348
f 4886/244/1720 4872/243/1720 4868/245/1720 4883/246/1720
f 4876/247/1721 4879/248/1721 4871/249/1721 4867/250/1721
f 4882/242/1722 4877/251/1722 4868/252/1722 4872/243/1722
f 4873/259/1723 4880/262/1723 4875/263/1723 4869/258/1723
f 4881/257/1724 4878/256/1724 4877/251/1724 4882/242/1724
f 4873/259/1348 4885/240/1348 4887/265/1348 4880/262/1348
f 4875/263/1725 4880/262/1725 4879/248/1725 4876/247/1725
f 4890/271/1726 4878/270/1726 4870/237/1726 4884/238/1726
f 4887/265/1348 4881/257/1348 4882/242/1348 4888/241/1348
f 4883/266/1727 4868/267/1727 4877/268/1727 4889/269/1727
f 4889/269/1728 4877/268/1728 4878/270/1728 4890/271/1728
f 4874/239/1729 4881/257/1729 4887/265/1729 4885/240/1729
f 4876/274/1730 4889/269/1730 4890/271/1730 4875/272/1730
f 4867/275/1731 4883/266/1731 4889/269/1731 4876/274/1731
f 4880/262/1348 4887/265/1348 4888/241/1348 4879/248/1348
f 4890/271/1732 4884/238/1732 4869/277/1732 4875/272/1732
f 4871/249/1347 4886/244/1347 4883/246/1347 4867/276/1347
f 4879/248/1348 4888/241/1348 4886/244/1348 4871/249/1348
f 4869/277/1365 4884/238/1365 4885/240/1365 4873/259/1365
f 4870/253/1733 4878/256/1733 4881/257/1733 4874/239/1733
f 4920/235/1534 4904/236/1534 4894/237/1534 4912/238/1534
f 4912/238/1347 4894/237/1347 4898/239/1347 4913/240/1347
f 4917/241/1348 4910/242/1348 4896/243/1348 4914/244/1348
f 4914/244/1535 4896/243/1535 4892/245/1535 4911/246/1535
f 4901/247/1536 4905/248/1536 4895/249/1536 4891/250/1536
f 4910/242/1537 4902/251/1537 4892/252/1537 4896/243/1537
f 4898/239/1538 4894/253/1538 4904/254/1538 4908/255/1538
f 4908/255/1539 4904/254/1539 4903/256/1539 4909/257/1539
f 4909/257/1540 4903/256/1540 4902/251/1540 4910/242/1540
f 4893/258/1541 4897/259/1541 4907/260/1541 4899/261/1541
f 4899/261/1542 4907/260/1542 4906/262/1542 4900/263/1542
f 4900/263/1543 4906/262/1543 4905/248/1543 4901/247/1543
f 4913/240/1544 4898/239/1544 4908/255/1544 4915/264/1544
f 4915/264/1348 4908/255/1348 4909/257/1348 4916/265/1348
f 4916/265/1348 4909/257/1348 4910/242/1348 4917/241/1348
f 4911/266/1545 4892/267/1545 4902/268/1545 4918/269/1545
f 4918/269/1546 4902/268/1546 4903/270/1546 4919/271/1546
f 4919/271/1547 4903/270/1547 4904/236/1547 4920/235/1547
f 4900/272/1548 4919/271/1548 4920/235/1548 4899/273/1548
f 4901/274/1549 4918/269/1549 4919/271/1549 4900/272/1549
f 4891/275/1550 4911/266/1550 4918/269/1550 4901/274/1550
f 4906/262/1348 4916/265/1348 4917/241/1348 4905/248/1348
f 4907/260/1348 4915/264/1348 4916/265/1348 4906/262/1348
f 4897/259/1348 4913/240/1348 4915/264/1348 4907/260/1348
f 4895/249/1365 4914/244/1365 4911/246/1365 4891/276/1365
f 4905/248/1348 4917/241/1348 4914/244/1348 4895/249/1348
f 4893/277/1347 4912/238/1347 4913/240/1347 4897/259/1347
f 4899/273/1551 4920/235/1551 4912/238/1551 4893/277/1551
f 4950/278/1570 4934/279/1570 4924/280/1570 4942/281/1570
f 4942/281/1365 4924/280/1365 4928/282/1365 4943/240/1365
f 4947/283/1348 4940/242/1348 4926/243/1348 4944/244/1348
f 4944/244/1571 4926/243/1571 4922/245/1571 4941/246/1571
f 4931/284/1572 4935/248/1572 4925/285/1572 4921/250/1572
f 4940/242/1573 4932/251/1573 4922/252/1573 4926/243/1573
f 4928/282/1574 4924/286/1574 4934/254/1574 4938/287/1574
f 4938/287/1575 4934/254/1575 4933/288/1575 4939/257/1575
f 4939/257/1576 4933/288/1576 4932/251/1576 4940/242/1576
f 4923/258/1577 4927/289/1577 4937/260/1577 4929/261/1577
f 4929/261/1578 4937/260/1578 4936/262/1578 4930/263/1578
f 4930/263/1579 4936/262/1579 4935/248/1579 4931/284/1579
f 4943/240/1580 4928/282/1580 4938/287/1580 4945/290/1580
f 4945/290/1348 4938/287/1348 4939/257/1348 4946/265/1348
f 4946/265/1348 4939/257/1348 4940/242/1348 4947/283/1348
f 4941/266/1581 4922/267/1581 4932/268/1581 4948/291/1581
f 4948/291/1582 4932/268/1582 4933/292/1582 4949/293/1582
f 4949/293/1583 4933/292/1583 4934/279/1583 4950/278/1583
f 4930/272/1584 4949/293/1584 4950/278/1584 4929/294/1584
f 4931/295/1585 4948/291/1585 4949/293/1585 4930/272/1585
f 4921/275/1586 4941/266/1586 4948/291/1586 4931/295/1586
f 4936/262/1348 4946/265/1348 4947/283/1348 4935/248/1348
f 4937/260/1348 4945/290/1348 4946/265/1348 4936/262/1348
f 4927/289/1348 4943/240/1348 4945/290/1348 4937/260/1348
f 4925/285/1347 4944/244/1347 4941/246/1347 4921/296/1347
f 4935/248/1348 4947/283/1348 4944/244/1348 4925/285/1348
f 4923/277/1365 4942/281/1365 4943/240/1365 4927/289/1365
f 4929/294/1587 4950/278/1587 4942/281/1587 4923/277/1587
f 4968/238/1347 4954/237/1347 4958/239/1347 4969/240/1347
f 4972/241/1368 4966/242/1368 4956/243/1368 4970/244/1368
f 4970/244/1436 4956/243/1436 4952/245/1436 4967/246/1436
f 4960/247/1437 4963/248/1437 4955/249/1437 4951/250/1437
f 4966/242/1438 4961/251/1438 4952/252/1438 4956/243/1438
f 4957/259/1439 4964/262/1439 4959/263/1439 4953/258/1439
f 4965/257/1440 4962/256/1440 4961/251/1440 4966/242/1440
f 4957/259/1368 4969/240/1368 4971/265/1368 4964/262/1368
f 4959/263/1441 4964/262/1441 4963/248/1441 4960/247/1441
f 4974/271/1442 4962/270/1442 4954/237/1442 4968/238/1442
f 4971/265/1368 4965/257/1368 4966/242/1368 4972/241/1368
f 4967/266/1443 4952/267/1443 4961/268/1443 4973/269/1443
f 4973/269/1444 4961/268/1444 4962/270/1444 4974/271/1444
f 4958/239/1445 4965/257/1445 4971/265/1445 4969/240/1445
f 4960/274/1446 4973/269/1446 4974/271/1446 4959/272/1446
f 4951/275/1447 4967/266/1447 4973/269/1447 4960/274/1447
f 4964/262/1368 4971/265/1368 4972/241/1368 4963/248/1368
f 4974/271/1448 4968/238/1448 4953/277/1448 4959/272/1448
f 4955/249/1365 4970/244/1365 4967/246/1365 4951/276/1365
f 4963/248/1368 4972/241/1368 4970/244/1368 4955/249/1368
f 4953/277/1347 4968/238/1347 4969/240/1347 4957/259/1347
f 4954/253/1449 4962/256/1449 4965/257/1449 4958/239/1449
f 5004/278/1501 4988/279/1501 4978/280/1501 4996/281/1501
f 4996/281/1365 4978/280/1365 4982/282/1365 4997/240/1365
f 5001/283/1368 4994/242/1368 4980/243/1368 4998/244/1368
f 4998/244/1502 4980/243/1502 4976/245/1502 4995/246/1502
f 4985/284/1503 4989/248/1503 4979/285/1503 4975/250/1503
f 4994/242/1504 4986/251/1504 4976/252/1504 4980/243/1504
f 4982/282/1505 4978/286/1505 4988/254/1505 4992/287/1505
f 4992/287/1506 4988/254/1506 4987/288/1506 4993/257/1506
f 4993/257/1507 4987/288/1507 4986/251/1507 4994/242/1507
f 4977/258/1508 4981/289/1508 4991/260/1508 4983/261/1508
f 4983/261/1509 4991/260/1509 4990/262/1509 4984/263/1509
f 4984/263/1510 4990/262/1510 4989/248/1510 4985/284/1510
f 4997/240/1511 4982/282/1511 4992/287/1511 4999/290/1511
f 4999/290/1368 4992/287/1368 4993/257/1368 5000/265/1368
f 5000/265/1368 4993/257/1368 4994/242/1368 5001/283/1368
f 4995/266/1512 4976/267/1512 4986/268/1512 5002/291/1512
f 5002/291/1513 4986/268/1513 4987/292/1513 5003/293/1513
f 5003/293/1514 4987/292/1514 4988/279/1514 5004/278/1514
f 4984/272/1515 5003/293/1515 5004/278/1515 4983/294/1515
f 4985/295/1516 5002/291/1516 5003/293/1516 4984/272/1516
f 4975/275/1517 4995/266/1517 5002/291/1517 4985/295/1517
f 4990/262/1368 5000/265/1368 5001/283/1368 4989/248/1368
f 4991/260/1368 4999/290/1368 5000/265/1368 4990/262/1368
f 4981/289/1368 4997/240/1368 4999/290/1368 4991/260/1368
f 4979/285/1347 4998/244/1347 4995/246/1347 4975/296/1347
f 4989/248/1368 5001/283/1368 4998/244/1368 4979/285/1368
f 4977/277/1365 4996/281/1365 4997/240/1365 4981/289/1365
f 4983/294/1518 5004/278/1518 4996/281/1518 4977/277/1518
f 5022/238/1347 5008/237/1347 5012/239/1347 5023/240/1347
f 5026/241/1368 5020/242/1368 5010/243/1368 5024/244/1368
f 5024/244/1436 5010/243/1436 5006/245/1436 5021/246/1436
f 5014/247/1437 5017/248/1437 5009/249/1437 5005/250/1437
f 5020/242/1438 5015/251/1438 5006/252/1438 5010/243/1438
f 5011/259/1439 5018/262/1439 5013/263/1439 5007/258/1439
f 5019/257/1440 5016/256/1440 5015/251/1440 5020/242/1440
f 5011/259/1368 5023/240/1368 5025/265/1368 5018/262/1368
f 5013/263/1441 5018/262/1441 5017/248/1441 5014/247/1441
f 5028/271/1442 5016/270/1442 5008/237/1442 5022/238/1442
f 5025/265/1368 5019/257/1368 5020/242/1368 5026/241/1368
f 5021/266/1443 5006/267/1443 5015/268/1443 5027/269/1443
f 5027/269/1444 5015/268/1444 5016/270/1444 5028/271/1444
f 5012/239/1445 5019/257/1445 5025/265/1445 5023/240/1445
f 5014/274/1446 5027/269/1446 5028/271/1446 5013/272/1446
f 5005/275/1447 5021/266/1447 5027/269/1447 5014/274/1447
f 5018/262/1368 5025/265/1368 5026/241/1368 5017/248/1368
f 5028/271/1448 5022/238/1448 5007/277/1448 5013/272/1448
f 5009/249/1365 5024/244/1365 5021/246/1365 5005/276/1365
f 5017/248/1368 5026/241/1368 5024/244/1368 5009/249/1368
f 5007/277/1347 5022/238/1347 5023/240/1347 5011/259/1347
f 5008/253/1449 5016/256/1449 5019/257/1449 5012/239/1449
f 5058/278/1688 5042/279/1688 5032/280/1688 5050/281/1688
f 5050/281/1365 5032/280/1365 5036/282/1365 5051/240/1365
f 5055/283/1368 5048/242/1368 5034/243/1368 5052/244/1368
f 5052/244/1689 5034/243/1689 5030/245/1689 5049/246/1689
f 5039/284/1690 5043/248/1690 5033/285/1690 5029/250/1690
f 5048/242/1691 5040/251/1691 5030/252/1691 5034/243/1691
f 5036/282/1692 5032/286/1692 5042/254/1692 5046/287/1692
f 5046/287/1693 5042/254/1693 5041/288/1693 5047/257/1693
f 5047/257/1694 5041/288/1694 5040/251/1694 5048/242/1694
f 5031/258/1695 5035/289/1695 5045/260/1695 5037/261/1695
f 5037/261/1696 5045/260/1696 5044/262/1696 5038/263/1696
f 5038/263/1697 5044/262/1697 5043/248/1697 5039/284/1697
f 5051/240/1698 5036/282/1698 5046/287/1698 5053/290/1698
f 5053/290/1368 5046/287/1368 5047/257/1368 5054/265/1368
f 5054/265/1368 5047/257/1368 5048/242/1368 5055/283/1368
f 5049/266/1699 5030/267/1699 5040/268/1699 5056/291/1699
f 5056/291/1700 5040/268/1700 5041/292/1700 5057/293/1700
f 5057/293/1701 5041/292/1701 5042/279/1701 5058/278/1701
f 5038/272/1702 5057/293/1702 5058/278/1702 5037/294/1702
f 5039/295/1703 5056/291/1703 5057/293/1703 5038/272/1703
f 5029/275/1704 5049/266/1704 5056/291/1704 5039/295/1704
f 5044/262/1368 5054/265/1368 5055/283/1368 5043/248/1368
f 5045/260/1368 5053/290/1368 5054/265/1368 5044/262/1368
f 5035/289/1368 5051/240/1368 5053/290/1368 5045/260/1368
f 5033/285/1347 5052/244/1347 5049/246/1347 5029/296/1347
f 5043/248/1368 5055/283/1368 5052/244/1368 5033/285/1368
f 5031/277/1365 5050/281/1365 5051/240/1365 5035/289/1365
f 5037/294/1705 5058/278/1705 5050/281/1705 5031/277/1705
f 5088/235/1734 5072/236/1734 5062/237/1734 5080/238/1734
f 5080/238/1365 5062/237/1365 5066/239/1365 5081/240/1365
f 5085/241/1348 5078/242/1348 5064/243/1348 5082/244/1348
f 5082/244/1735 5064/243/1735 5060/245/1735 5079/246/1735
f 5069/247/1736 5073/248/1736 5063/249/1736 5059/250/1736
f 5078/242/1737 5070/251/1737 5060/252/1737 5064/243/1737
f 5066/239/1738 5062/253/1738 5072/254/1738 5076/255/1738
f 5076/255/1739 5072/254/1739 5071/256/1739 5077/257/1739
f 5077/257/1740 5071/256/1740 5070/251/1740 5078/242/1740
f 5061/258/1741 5065/259/1741 5075/260/1741 5067/261/1741
f 5067/261/1742 5075/260/1742 5074/262/1742 5068/263/1742
f 5068/263/1743 5074/262/1743 5073/248/1743 5069/247/1743
f 5081/240/1744 5066/239/1744 5076/255/1744 5083/264/1744
f 5083/264/1348 5076/255/1348 5077/257/1348 5084/265/1348
f 5084/265/1348 5077/257/1348 5078/242/1348 5085/241/1348
f 5079/266/1745 5060/267/1745 5070/268/1745 5086/269/1745
f 5086/269/1746 5070/268/1746 5071/270/1746 5087/271/1746
f 5087/271/1747 5071/270/1747 5072/236/1747 5088/235/1747
f 5068/272/1748 5087/271/1748 5088/235/1748 5067/273/1748
f 5069/274/1749 5086/269/1749 5087/271/1749 5068/272/1749
f 5059/275/1750 5079/266/1750 5086/269/1750 5069/274/1750
f 5074/262/1348 5084/265/1348 5085/241/1348 5073/248/1348
f 5075/260/1348 5083/264/1348 5084/265/1348 5074/262/1348
f 5065/259/1348 5081/240/1348 5083/264/1348 5075/260/1348
f 5063/249/1347 5082/244/1347 5079/246/1347 5059/276/1347
f 5073/248/1348 5085/241/1348 5082/244/1348 5063/249/1348
f 5061/277/1365 5080/238/1365 5081/240/1365 5065/259/1365
f 5067/273/1751 5088/235/1751 5080/238/1751 5061/277/1751
f 5118/235/1450 5102/236/1450 5092/237/1450 5110/238/1450
f 5110/238/1365 5092/237/1365 5096/239/1365 5111/240/1365
f 5115/241/1348 5108/242/1348 5094/243/1348 5112/244/1348
f 5112/244/1451 5094/243/1451 5090/245/1451 5109/246/1451
f 5099/247/1452 5103/248/1452 5093/249/1452 5089/250/1452
f 5108/242/1453 5100/251/1453 5090/252/1453 5094/243/1453
f 5096/239/1454 5092/253/1454 5102/254/1454 5106/255/1454
f 5106/255/1455 5102/254/1455 5101/256/1455 5107/257/1455
f 5107/257/1456 5101/256/1456 5100/251/1456 5108/242/1456
f 5091/258/1457 5095/259/1457 5105/260/1457 5097/261/1457
f 5097/261/1458 5105/260/1458 5104/262/1458 5098/263/1458
f 5098/263/1459 5104/262/1459 5103/248/1459 5099/247/1459
f 5111/240/1460 5096/239/1460 5106/255/1460 5113/264/1460
f 5113/264/1348 5106/255/1348 5107/257/1348 5114/265/1348
f 5114/265/1348 5107/257/1348 5108/242/1348 5115/241/1348
f 5109/266/1461 5090/267/1461 5100/268/1461 5116/269/1461
f 5116/269/1462 5100/268/1462 5101/270/1462 5117/271/1462
f 5117/271/1463 5101/270/1463 5102/236/1463 5118/235/1463
f 5098/272/1464 5117/271/1464 5118/235/1464 5097/273/1464
f 5099/274/1465 5116/269/1465 5117/271/1465 5098/272/1465
f 5089/275/1466 5109/266/1466 5116/269/1466 5099/274/1466
f 5104/262/1348 5114/265/1348 5115/241/1348 5103/248/1348
f 5105/260/1348 5113/264/1348 5114/265/1348 5104/262/1348
f 5095/259/1348 5111/240/1348 5113/264/1348 5105/260/1348
f 5093/249/1347 5112/244/1347 5109/246/1347 5089/276/1347
f 5103/248/1348 5115/241/1348 5112/244/1348 5093/249/1348
f 5091/277/1365 5110/238/1365 5111/240/1365 5095/259/1365
f 5097/273/1467 5118/235/1467 5110/238/1467 5091/277/1467
f 5148/278/1752 5132/279/1752 5122/280/1752 5140/281/1752
f 5140/281/1365 5122/280/1365 5126/282/1365 5141/240/1365
f 5145/283/1368 5138/242/1368 5124/243/1368 5142/244/1368
f 5142/244/1753 5124/243/1753 5120/245/1753 5139/246/1753
f 5129/284/1754 5133/248/1754 5123/285/1754 5119/250/1754
f 5138/242/1755 5130/251/1755 5120/252/1755 5124/243/1755
f 5126/282/1756 5122/286/1756 5132/254/1756 5136/287/1756
f 5136/287/1757 5132/254/1757 5131/288/1757 5137/257/1757
f 5137/257/1758 5131/288/1758 5130/251/1758 5138/242/1758
f 5121/258/1759 5125/289/1759 5135/260/1759 5127/261/1759
f 5127/261/1760 5135/260/1760 5134/262/1760 5128/263/1760
f 5128/263/1761 5134/262/1761 5133/248/1761 5129/284/1761
f 5141/240/1762 5126/282/1762 5136/287/1762 5143/290/1762
f 5143/290/1368 5136/287/1368 5137/257/1368 5144/265/1368
f 5144/265/1368 5137/257/1368 5138/242/1368 5145/283/1368
f 5139/266/1763 5120/267/1763 5130/268/1763 5146/291/1763
f 5146/291/1764 5130/268/1764 5131/292/1764 5147/293/1764
f 5147/293/1765 5131/292/1765 5132/279/1765 5148/278/1765
f 5128/272/1766 5147/293/1766 5148/278/1766 5127/294/1766
f 5129/295/1767 5146/291/1767 5147/293/1767 5128/272/1767
f 5119/275/1768 5139/266/1768 5146/291/1768 5129/295/1768
f 5134/262/1368 5144/265/1368 5145/283/1368 5133/248/1368
f 5135/260/1368 5143/290/1368 5144/265/1368 5134/262/1368
f 5125/289/1368 5141/240/1368 5143/290/1368 5135/260/1368
f 5123/285/1347 5142/244/1347 5139/246/1347 5119/296/1347
f 5133/248/1368 5145/283/1368 5142/244/1368 5123/285/1368
f 5121/277/1365 5140/281/1365 5141/240/1365 5125/289/1365
f 5127/294/1769 5148/278/1769 5140/281/1769 5121/277/1769
o M_BFloor
v -2.920029 -0.181097 2.920029
v -2.920029 0.023062 2.920029
v -2.920029 -0.181097 -2.920029
v -2.920029 0.023062 -2.920029
v 2.920029 -0.181097 2.920029
v 2.920029 0.023062 2.920029
v 2.920029 -0.181097 -2.920029
v 2.920029 0.023062 -2.920029
v -4.492770 -0.173312 -4.492770
v -4.492770 -0.173312 4.492770
v -4.492770 0.015276 4.492770
v -4.492770 0.015276 -4.492770
v 4.492770 -0.173312 -4.492770
v 4.492770 0.015276 -4.492770
v 4.492770 -0.173312 4.492770
v 4.492770 0.015276 4.492770
vn -1.0000 -0.0000 -0.0000
vn -0.0000 -0.0000 -1.0000
vn 1.0000 -0.0000 -0.0000
vn -0.0000 -0.0000 1.0000
vn -0.0050 -1.0000 -0.0000
vn -0.0050 1.0000 -0.0000
vn -0.0000 -1.0000 -0.0050
vn -0.0000 1.0000 -0.0050
vn 0.0050 -1.0000 -0.0000
vn 0.0050 1.0000 -0.0000
vn -0.0000 -1.0000 0.0050
vn -0.0000 1.0000 0.0050
vt 0.375000 0.000000
vt 0.625000 0.000000
vt 0.625000 0.250000
vt 0.375000 0.250000
vt 0.625000 0.500000
vt 0.375000 0.500000
vt 0.625000 0.750000
vt 0.375000 0.750000
vt 0.625000 1.000000
vt 0.375000 1.000000
vt 0.325046 0.549954
vt 0.674954 0.549954
vt 0.825046 0.549954
vt 0.174954 0.549954
vt 0.325046 0.700046
vt 0.674954 0.700046
vt 0.174954 0.700046
vt 0.125000 0.750000
vt 0.125000 0.500000
vt 0.825046 0.700046
vt 0.875000 0.500000
vt 0.875000 0.750000
s 0
usemtl Floor
f 5158/297/1770 5159/298/1770 5160/299/1770 5157/300/1770
f 5157/300/1771 5160/299/1771 5162/301/1771 5161/302/1771
f 5161/302/1772 5162/301/1772 5164/303/1772 5163/304/1772
f 5163/304/1773 5164/303/1773 5159/305/1773 5158/306/1773
f 5155/307/1773 5156/308/1773 5152/309/1773 5151/310/1773
f 5153/311/1770 5154/312/1770 5156/308/1770 5155/307/1770
f 5151/310/1774 5149/313/1774 5158/314/1774 5157/315/1774
f 5150/316/1775 5152/309/1775 5160/317/1775 5159/318/1775
f 5155/307/1776 5151/310/1776 5157/315/1776 5161/302/1776
f 5152/309/1777 5156/308/1777 5162/301/1777 5160/317/1777
f 5153/311/1778 5155/307/1778 5161/302/1778 5163/304/1778
f 5156/308/1779 5154/312/1779 5164/303/1779 5162/301/1779
f 5149/313/1780 5153/311/1780 5163/304/1780 5158/314/1780
f 5154/312/1781 5150/316/1781 5159/318/1781 5164/303/1781
f 5151/310/1772 5152/309/1772 5150/316/1772 5149/313/1772
f 5149/313/1771 5150/316/1771 5154/312/1771 5153/311/1771
o M_wall_02
v -4.392417 0.162061 -4.482060
v 4.392417 0.162061 -4.482060
v -4.392417 1.542260 -4.482060
v 4.392417 1.542260 -4.482060
vn -0.0000 -0.0000 1.0000
vt 0.000000 0.000000
vt 1.000000 0.000000
vt 1.000000 1.000000
vt 0.000000 1.000000
s 0
f 5165/319/1782 5166/320/1782 5168/321/1782 5167/322/1782
o M_wall_01
v -4.392417 0.162061 4.468941
v 4.392417 0.162061 4.468941
v -4.392417 1.542260 4.468941
v 4.392417 1.542260 4.468941
vn -0.0000 -0.0000 1.0000
vt 0.000000 0.000000
vt 1.000000 0.000000
vt 1.000000 1.000000
vt 0.000000 1.000000
s 0
f 5169/323/1783 5170/324/1783 5172/325/1783 5171/326/1783
o M_wall_03
v -4.475501 0.162061 4.385857
v -4.475501 0.162061 -4.398977
v -4.475500 1.542260 4.385857
v -4.475501 1.542260 -4.398977
vn 1.0000 -0.0000 -0.0000
vt 0.000000 0.000000
vt 1.000000 0.000000
vt 1.000000 1.000000
vt 0.000000 1.000000
s 0
f 5173/327/1784 5174/328/1784 5176/329/1784 5175/330/1784
o M_wall_04
v 4.475501 0.162061 4.385857
v 4.475501 0.162061 -4.398977
v 4.475501 1.542260 4.385857
v 4.475501 1.542260 -4.398977
vn 1.0000 -0.0000 -0.0000
vt 0.000000 0.000000
vt 1.000000 0.000000
vt 1.000000 1.000000
vt 0.000000 1.000000
s 0
f 5177/331/1785 5178/332/1785 5180/333/1785 5179/334/1785
o M_Wall_Foot
v 4.384388 -0.145204 4.375854
v 4.429920 0.320674 4.421385
v 4.443577 -0.157468 4.811340
v 4.443577 0.302749 4.817000
v -4.359006 -0.145204 4.375854
v -4.429919 0.320674 4.421386
v -4.443577 -0.157468 4.811343
v -4.443577 0.302749 4.817003
v -4.359007 -0.145204 -4.367540
v -4.429919 0.320674 -4.438453
v -4.443577 -0.157468 -4.828409
v -4.443577 0.302749 -4.834069
v 4.384387 -0.145204 -4.367540
v 4.429918 0.320674 -4.438453
v 4.443577 -0.157468 -4.828408
v 4.443577 0.302749 -4.834069
v -4.819875 -0.157468 4.435043
v -4.825535 0.302749 4.435043
v -4.819876 -0.157468 -4.452110
v -4.825535 0.302749 -4.452110
v 4.819873 -0.157468 -4.452111
v 4.825533 0.302749 -4.452111
v 4.819877 -0.157468 4.435044
v 4.825538 0.302749 4.435044
v 4.429919 0.256473 -3.430200
v 4.819874 -0.157468 -3.440750
v 4.825534 0.302749 -3.440750
v 4.384387 -0.145204 -3.372538
v 4.825536 0.302749 0.738184
v 4.825536 0.302749 0.666363
v 4.825536 0.302749 0.702273
v 4.825537 0.302749 3.366344
v 4.825537 0.302749 3.288731
v 4.825537 0.302749 3.327538
v 4.384387 -0.145204 0.667557
v 4.384388 -0.145204 0.739375
v 4.384387 -0.145204 0.703466
v 4.384388 -0.145204 3.247291
v 4.384388 -0.145204 3.325235
v 4.384388 -0.145204 3.286263
v 4.429920 0.320674 3.669342
v 4.429920 0.320674 2.350922
v 4.446507 0.319922 3.317713
v 4.429919 0.320674 1.160742
v 4.429919 0.319937 0.664178
v 4.429920 0.293922 0.837334
v 4.819877 -0.157468 3.288569
v 4.819877 -0.157468 3.366506
v 4.819877 -0.157468 3.327538
v 4.819875 -0.157468 0.666364
v 4.819876 -0.157468 0.738183
v 4.819875 -0.157468 0.702274
v 1.659839 -0.157468 4.811341
v 1.302546 -0.157468 4.811341
v 1.481192 -0.157468 4.811341
v 1.302546 0.302749 4.817001
v 1.659839 0.302749 4.817001
v 1.481192 0.302749 4.817001
v 1.291277 -0.145204 4.375854
v 1.648570 -0.145204 4.375854
v 1.469923 -0.145204 4.375854
v 1.701270 0.320674 4.421385
v 0.517931 0.320674 4.421386
v 1.476640 0.263050 4.421385
v -2.319372 -0.157468 4.811342
v -2.606027 -0.157468 4.811342
v -2.462699 -0.157468 4.811342
v -2.606027 0.302749 4.817002
v -2.319372 0.302749 4.817002
v -2.462699 0.302749 4.817002
v -2.569376 -0.145204 4.375854
v -2.282721 -0.145204 4.375854
v -2.426049 -0.145204 4.375854
v -1.941247 0.320674 4.421385
v -2.601474 0.320674 4.421386
v -2.458146 0.280712 4.421386
v -4.359007 -0.145204 -3.025848
v -4.359006 -0.145204 -2.163360
v -4.359007 -0.145204 -2.594604
v -4.819876 -0.157468 -2.218889
v -4.819876 -0.157468 -3.081158
v -4.819876 -0.157468 -2.650023
v -4.825536 0.302749 -3.079035
v -4.825536 0.302749 -2.221012
v -4.825536 0.302749 -2.650023
v -4.429919 0.320674 -1.501559
v -4.429919 0.320674 -3.635369
v -4.429920 0.357330 -2.641904
v -4.359006 -0.145204 1.206053
v -4.359006 -0.145204 1.716727
v -4.359006 -0.145204 1.461390
v -4.819875 -0.157468 1.727996
v -4.819875 -0.157468 1.217323
v -4.819875 -0.157468 1.472659
v -4.825535 0.302749 1.217501
v -4.825535 0.302749 1.727816
v -4.825535 0.302749 1.472659
v -4.429919 0.320674 1.723265
v -4.429919 0.320674 -0.109878
v -4.419901 0.254860 1.467158
v -1.722577 -0.157468 -4.828408
v -1.239808 -0.157468 -4.828408
v -1.481192 -0.157468 -4.828408
v -1.239808 0.302749 -4.834069
v -1.722577 0.302749 -4.834069
v -1.481192 0.302749 -4.834069
v -1.203158 -0.090102 -4.367540
v -1.685927 -0.145204 -4.367540
v -1.444542 -0.145204 -4.367540
v -2.215884 0.261607 -4.438452
v -1.235255 0.375775 -4.438452
v -1.571934 0.320674 -4.438452
v 1.276251 -0.157468 -4.828409
v 1.684347 -0.157468 -4.828409
v 1.480299 -0.157468 -4.828409
v 1.684347 0.302749 -4.834069
v 1.276303 0.302749 -4.834069
v 1.480325 0.302749 -4.834069
v 1.673077 -0.209480 -4.367540
v 1.272667 -0.141138 -4.367540
v 1.471650 -0.144013 -4.367540
v 1.279318 0.267718 -4.438453
v 1.992213 0.263699 -4.438452
v 1.555269 0.296856 -4.438453
vn 0.9951 -0.0440 -0.0888
vn -0.9904 -0.0692 -0.1196
vn -0.9910 -0.0663 0.1160
vn 0.9954 -0.0418 0.0861
vn 0.0861 -0.0418 0.9954
vn 0.1160 -0.0663 -0.9910
vn -0.1196 -0.0692 -0.9904
vn -0.0888 -0.0440 0.9951
vn -0.9945 0.1049 0.0034
vn -0.0348 0.9989 0.0318
vn -0.0282 -0.9996 -0.0000
vn 0.9999 -0.0123 -0.0000
vn -0.9914 0.1299 0.0164
vn -0.9904 0.1316 -0.0423
vn -0.9951 0.0984 0.0123
vn -0.9945 0.1049 -0.0078
vn 0.0453 0.9990 -0.0000
vn 0.0312 0.9919 0.1234
vn -0.0408 0.9964 -0.0742
vn -0.0368 0.9993 -0.0077
vn -0.9953 0.0973 -0.0000
vn -0.9945 0.1044 -0.0008
vn -0.1414 0.9894 -0.0338
vn 0.0504 0.9957 -0.0777
vn -0.0000 -0.9996 -0.0282
vn -0.0149 0.1046 -0.9944
vn 0.0055 0.1084 -0.9941
vn -0.0000 -0.0123 0.9999
vn -0.0000 0.9990 0.0453
vn -0.0000 0.0973 -0.9953
vn -0.0604 0.9976 -0.0344
vn 0.1381 0.9904 -0.0036
vn -0.0063 0.1037 -0.9946
vn 0.0143 0.1026 -0.9946
vn -0.1124 0.9934 0.0232
vn -0.1088 0.9937 -0.0256
vn 0.0266 -0.9996 -0.0000
vn 0.9897 0.1428 0.0033
vn 0.9898 0.1425 -0.0037
vn -0.9999 -0.0123 -0.0000
vn 0.9886 0.1505 -0.0000
vn -0.0453 0.9990 -0.0000
vn 0.0355 0.9913 -0.1269
vn 0.0958 0.9948 0.0352
vn -0.0666 0.9976 -0.0199
vn -0.0942 0.9878 -0.1238
vn 0.1131 -0.9906 0.0766
vn -0.0000 -0.9996 0.0266
vn -0.0102 0.1529 0.9882
vn -0.0278 0.1458 0.9889
vn -0.0000 -0.0123 -0.9999
vn 0.0120 0.9993 0.0366
vn 0.0020 0.1617 0.9868
vn -0.0605 0.9965 0.0575
vn 0.0516 0.9982 0.0317
vn -0.1592 -0.9862 -0.0447
vn -0.0071 -0.9995 0.0322
vn -0.0092 0.1656 0.9862
vn 0.0222 0.1437 0.9894
vn 0.0117 -0.9990 -0.0422
vn -0.0102 -0.9958 0.0908
vn -0.0110 0.9995 0.0308
vn 0.0214 0.9986 -0.0482
vn -0.0035 0.1507 0.9886
vn 0.0051 0.1602 0.9871
vt 0.375000 0.000000
vt 0.625000 0.000000
vt 0.625000 0.250000
vt 0.375000 0.250000
vt 0.375000 0.500000
vt 0.625000 0.500000
vt 0.624999 0.749999
vt 0.375000 0.750000
vt 0.375000 0.500000
vt 0.625000 0.500000
vt 0.625001 0.750001
vt 0.375000 0.750000
vt 0.374999 0.000000
vt 0.375000 0.250000
vt 0.375000 0.500000
vt 0.625000 0.750000
vt 0.374999 0.749999
vt 0.375000 0.500000
vt 0.625000 0.750000
vt 0.375000 0.750000
vt 0.375000 0.971550
vt 0.625000 0.971550
vt 0.625000 1.000000
vt 0.375000 1.000000
vt 0.846550 0.500000
vt 0.875000 0.500000
vt 0.875000 0.750000
vt 0.846550 0.750000
vt 0.125000 0.500000
vt 0.153450 0.500000
vt 0.153450 0.750000
vt 0.125000 0.750000
vt 0.625000 0.278450
vt 0.375000 0.278450
vt 0.625000 0.808423
vt 0.375000 0.782269
vt 0.375000 0.781155
vt 0.624601 0.781141
vt 0.375000 0.780040
vt 0.625000 0.771221
vt 0.625000 0.856018
vt 0.375000 0.856031
vt 0.375000 0.855005
vt 0.625000 0.851132
vt 0.375000 0.853978
vt 0.625000 0.842006
vt 0.657247 0.500000
vt 0.683423 0.750000
vt 0.656155 0.739518
vt 0.656155 0.500000
vt 0.646220 0.750000
vt 0.655063 0.500000
vt 0.731014 0.500000
vt 0.731019 0.750001
vt 0.726132 0.750000
vt 0.730005 0.500000
vt 0.717007 0.750000
vt 0.728994 0.500000
vt 0.271006 0.499999
vt 0.271022 0.750000
vt 0.269995 0.750000
vt 0.269995 0.500000
vt 0.268969 0.750000
vt 0.268985 0.500000
vt 0.344941 0.500000
vt 0.344960 0.750000
vt 0.343845 0.750000
vt 0.343845 0.500000
vt 0.342731 0.750000
vt 0.342749 0.500000
vt 0.625000 0.396006
vt 0.374999 0.396004
vt 0.375000 0.394995
vt 0.625000 0.394995
vt 0.375000 0.393985
vt 0.625000 0.393985
vt 0.625000 0.469937
vt 0.375000 0.469941
vt 0.375000 0.468845
vt 0.625000 0.468845
vt 0.375000 0.467749
vt 0.625000 0.467754
vt 0.796692 0.500000
vt 0.798004 0.750000
vt 0.791666 0.750000
vt 0.791667 0.500000
vt 0.764614 0.750000
vt 0.786641 0.500000
vt 0.213359 0.500000
vt 0.213442 0.750001
vt 0.208333 0.750000
vt 0.208333 0.500000
vt 0.203225 0.750000
vt 0.203308 0.500000
vt 0.625000 0.923005
vt 0.375000 0.921775
vt 0.375000 0.916667
vt 0.625000 0.916666
vt 0.375000 0.911559
vt 0.625001 0.889615
vt 0.625000 0.338359
vt 0.375000 0.338359
vt 0.375000 0.333333
vt 0.625000 0.333333
vt 0.375000 0.328308
vt 0.625000 0.328308
vt 0.875000 0.750000
vt 0.712365 0.500000
vt 0.719266 0.750000
vt 0.708333 0.750000
vt 0.708333 0.500000
vt 0.704289 0.750000
vt 0.704301 0.500000
vt 0.295699 0.500000
vt 0.295764 0.749999
vt 0.291667 0.750000
vt 0.291667 0.500000
vt 0.287569 0.750001
vt 0.287635 0.500000
vt 0.625000 0.844266
vt 0.375000 0.837431
vt 0.375000 0.833333
vt 0.624999 0.833333
vt 0.375000 0.829235
vt 0.625001 0.829290
vt 0.625000 0.420699
vt 0.375000 0.420699
vt 0.375000 0.416667
vt 0.625000 0.416667
vt 0.375000 0.412635
vt 0.625000 0.412635
vt 0.687762 0.500000
vt 0.707871 0.750000
vt 0.675694 0.750000
vt 0.675694 0.500000
vt 0.647661 0.750000
vt 0.663625 0.500000
vt 0.336434 0.500000
vt 0.336637 0.750000
vt 0.324306 0.749999
vt 0.324306 0.500000
vt 0.311976 0.749999
vt 0.312178 0.500000
vt 0.625000 0.832871
vt 0.375000 0.813024
vt 0.375000 0.800693
vt 0.625000 0.800693
vt 0.375000 0.788362
vt 0.625000 0.772660
vt 0.625000 0.461375
vt 0.375000 0.461434
vt 0.375000 0.449306
vt 0.625000 0.449306
vt 0.375000 0.437178
vt 0.625000 0.437238
vt 0.798844 0.500000
vt 0.798867 0.750000
vt 0.791509 0.495017
vt 0.791667 0.500000
vt 0.747141 0.750000
vt 0.784489 0.500000
vt 0.215516 0.500000
vt 0.215634 0.750000
vt 0.208333 0.750000
vt 0.208333 0.500000
vt 0.201032 0.750000
vt 0.201151 0.500000
vt 0.625000 0.923866
vt 0.375000 0.923967
vt 0.375000 0.916666
vt 0.589682 0.916666
vt 0.375000 0.909366
vt 0.625000 0.872140
vt 0.625000 0.340511
vt 0.375000 0.340516
vt 0.375000 0.333333
vt 0.375000 0.326151
vt 0.625000 0.326156
vt 0.624999 0.999999
vt 0.875000 0.750000
vt 0.798457 0.500000
vt 0.812526 0.750000
vt 0.793250 0.750128
vt 0.784855 0.750000
vt 0.784876 0.500000
vt 0.215124 0.500000
vt 0.215235 0.750000
vt 0.208333 0.750001
vt 0.208333 0.500000
vt 0.201432 0.750001
vt 0.201543 0.500000
vt 0.625000 0.937526
vt 0.375000 0.923568
vt 0.375000 0.916667
vt 0.624999 0.919355
vt 0.375000 0.909765
vt 0.625000 0.909855
vt 0.625000 0.340124
vt 0.375000 0.340124
vt 0.375000 0.326543
vt 0.625000 0.326543
vt 0.125000 0.500000
vt 0.125000 0.750000
vt 0.625000 1.000000
vt 0.375000 0.999999
vt 0.714097 0.500000
vt 0.713901 0.750000
vt 0.706144 0.750000
vt 0.708333 0.500000
vt 0.693785 0.750000
vt 0.702618 0.500000
vt 0.297381 0.500000
vt 0.297475 0.750000
vt 0.291667 0.750000
vt 0.291667 0.500000
vt 0.286027 0.750000
vt 0.285901 0.500000
vt 0.625000 0.838901
vt 0.375000 0.838974
vt 0.375624 0.833334
vt 0.614163 0.831130
vt 0.375000 0.827525
vt 0.625000 0.818785
vt 0.625000 0.422382
vt 0.375000 0.422382
vt 0.375000 0.416667
vt 0.625000 0.416667
vt 0.375000 0.410902
vt 0.625000 0.410903
s 0
usemtl wall_1
f 5181/335/1786 5182/336/1786 5184/337/1786 5183/338/1786
f 5187/339/1787 5188/340/1787 5186/341/1787 5185/342/1787
f 5189/335/1788 5190/336/1788 5192/337/1788 5191/338/1788
f 5195/343/1789 5196/344/1789 5194/345/1789 5193/346/1789
f 5185/347/1790 5186/336/1790 5198/337/1790 5197/348/1790
f 5199/349/1791 5200/340/1791 5190/350/1791 5189/351/1791
f 5193/335/1792 5194/336/1792 5202/337/1792 5201/338/1792
f 5203/352/1793 5204/340/1793 5182/353/1793 5181/354/1793
f 5208/355/1794 5205/356/1794 5194/357/1794 5193/358/1794
f 5207/359/1795 5202/360/1795 5194/361/1795 5205/362/1795
f 5201/363/1796 5206/364/1796 5208/365/1796 5193/366/1796
f 5201/338/1797 5202/337/1797 5207/367/1797 5206/368/1797
f 5222/369/1798 5218/370/1798 5220/371/1798 5223/372/1798
f 5223/372/1799 5220/371/1799 5219/373/1799 5221/374/1799
f 5225/375/1800 5215/376/1800 5217/377/1800 5226/378/1800
f 5226/378/1801 5217/377/1801 5216/379/1801 5224/380/1801
f 5213/381/1802 5222/382/1802 5223/383/1802 5214/384/1802
f 5214/384/1802 5223/383/1802 5221/385/1802 5212/386/1802
f 5210/387/1803 5225/388/1803 5226/389/1803 5211/390/1803
f 5211/390/1804 5226/389/1804 5224/391/1804 5209/392/1804
f 5231/393/1796 5216/394/1796 5217/395/1796 5232/396/1796
f 5232/396/1796 5217/395/1796 5215/397/1796 5230/398/1796
f 5228/399/1796 5219/400/1796 5220/401/1796 5229/402/1796
f 5229/402/1796 5220/401/1796 5218/403/1796 5227/404/1796
f 5209/405/1797 5231/406/1797 5232/407/1797 5211/408/1797
f 5211/408/1797 5232/407/1797 5230/409/1797 5210/410/1797
f 5212/411/1797 5228/412/1797 5229/413/1797 5214/414/1797
f 5214/414/1797 5229/413/1797 5227/415/1797 5213/416/1797
f 5206/368/1797 5207/367/1797 5210/410/1797 5230/409/1797
f 5210/387/1805 5207/359/1805 5205/362/1805 5225/388/1805
f 5231/406/1797 5209/405/1797 5213/416/1797 5227/415/1797
f 5213/381/1802 5209/392/1802 5224/391/1802 5222/382/1802
f 5204/340/1802 5212/386/1802 5221/385/1802 5182/353/1802
f 5228/412/1797 5212/411/1797 5204/340/1797 5203/352/1797
f 5206/364/1796 5230/398/1796 5215/397/1796 5208/365/1796
f 5218/370/1806 5222/369/1806 5224/380/1806 5216/379/1806
f 5215/376/1807 5225/375/1807 5205/356/1807 5208/355/1807
f 5231/393/1796 5227/404/1796 5218/403/1796 5216/394/1796
f 5181/354/1806 5182/353/1806 5221/374/1806 5219/373/1806
f 5228/399/1796 5203/352/1796 5181/354/1796 5219/400/1796
f 5237/417/1808 5242/418/1808 5244/419/1808 5238/420/1808
f 5238/420/1809 5244/419/1809 5243/421/1809 5236/422/1809
f 5234/423/1810 5239/424/1810 5241/425/1810 5235/426/1810
f 5235/426/1810 5241/425/1810 5240/427/1810 5233/428/1810
f 5242/429/1811 5240/430/1811 5241/431/1811 5244/432/1811
f 5244/432/1812 5241/431/1812 5239/433/1812 5243/434/1812
f 5236/435/1813 5234/436/1813 5235/437/1813 5238/438/1813
f 5238/438/1813 5235/437/1813 5233/439/1813 5237/440/1813
f 5183/338/1813 5184/337/1813 5237/440/1813 5233/439/1813
f 5183/363/1810 5233/428/1810 5240/427/1810 5181/366/1810
f 5237/417/1814 5184/360/1814 5182/441/1814 5242/418/1814
f 5240/430/1815 5242/429/1815 5182/357/1815 5181/358/1815
f 5249/442/1816 5254/443/1816 5256/444/1816 5250/445/1816
f 5250/445/1817 5256/444/1817 5255/446/1817 5248/447/1817
f 5246/448/1810 5251/449/1810 5253/450/1810 5247/451/1810
f 5247/451/1810 5253/450/1810 5252/452/1810 5245/453/1810
f 5254/454/1818 5252/455/1818 5253/456/1818 5256/457/1818
f 5256/457/1819 5253/456/1819 5251/458/1819 5255/459/1819
f 5248/460/1813 5246/461/1813 5247/462/1813 5250/463/1813
f 5250/463/1813 5247/462/1813 5245/464/1813 5249/465/1813
f 5246/448/1810 5187/339/1810 5185/342/1810 5251/449/1810
f 5234/423/1810 5245/453/1810 5252/452/1810 5239/424/1810
f 5246/461/1813 5248/460/1813 5188/340/1813 5187/339/1813
f 5234/436/1813 5236/435/1813 5249/465/1813 5245/464/1813
f 5188/340/1814 5248/447/1814 5255/446/1814 5186/341/1814
f 5249/442/1814 5236/422/1814 5243/421/1814 5254/443/1814
f 5185/342/1815 5186/341/1815 5255/459/1815 5251/458/1815
f 5252/455/1815 5254/454/1815 5243/434/1815 5239/433/1815
f 5264/466/1820 5266/467/1820 5268/468/1820 5265/469/1820
f 5265/469/1821 5268/468/1821 5267/470/1821 5263/471/1821
f 5261/472/1822 5257/473/1822 5259/474/1822 5262/475/1822
f 5262/475/1822 5259/474/1822 5258/476/1822 5260/477/1822
f 5266/478/1823 5258/479/1823 5259/480/1823 5268/481/1823
f 5268/481/1824 5259/480/1824 5257/482/1824 5267/483/1824
f 5263/484/1825 5261/485/1825 5262/486/1825 5265/487/1825
f 5265/487/1825 5262/486/1825 5260/488/1825 5264/489/1825
f 5189/351/1826 5190/350/1826 5267/483/1826 5257/482/1826
f 5261/472/1822 5199/349/1822 5189/351/1822 5257/473/1822
f 5261/485/1825 5263/484/1825 5200/340/1825 5199/349/1825
f 5200/340/1827 5263/471/1827 5267/470/1827 5190/350/1827
f 5276/490/1828 5278/491/1828 5280/492/1828 5277/493/1828
f 5277/493/1829 5280/492/1829 5279/494/1829 5275/495/1829
f 5273/496/1822 5269/497/1822 5271/498/1822 5274/499/1822
f 5274/499/1822 5271/498/1822 5270/500/1822 5272/501/1822
f 5278/502/1826 5270/503/1826 5271/504/1826 5280/505/1826
f 5280/505/1826 5271/504/1826 5269/506/1826 5279/507/1826
f 5275/508/1825 5273/509/1825 5274/510/1825 5277/438/1825
f 5277/438/1825 5274/510/1825 5272/511/1825 5276/512/1825
f 5197/363/1822 5272/501/1822 5270/500/1822 5185/366/1822
f 5273/496/1822 5260/477/1822 5258/476/1822 5269/497/1822
f 5270/503/1826 5278/502/1826 5186/513/1826 5185/358/1826
f 5258/479/1826 5266/478/1826 5279/507/1826 5269/506/1826
f 5197/348/1825 5198/337/1825 5276/512/1825 5272/511/1825
f 5273/509/1825 5275/508/1825 5264/489/1825 5260/488/1825
f 5276/490/1827 5198/360/1827 5186/514/1827 5278/491/1827
f 5264/466/1827 5275/495/1827 5279/494/1827 5266/467/1827
f 5285/515/1830 5290/516/1830 5292/517/1830 5286/493/1830
f 5286/493/1831 5292/517/1831 5291/518/1831 5284/519/1831
f 5282/520/1832 5287/521/1832 5289/522/1832 5283/523/1832
f 5283/523/1833 5289/522/1833 5288/524/1833 5281/525/1833
f 5290/526/1834 5288/527/1834 5289/528/1834 5292/529/1834
f 5292/529/1835 5289/528/1835 5287/530/1835 5291/531/1835
f 5284/532/1836 5282/533/1836 5283/437/1836 5286/438/1836
f 5286/438/1836 5283/437/1836 5281/534/1836 5285/535/1836
f 5191/338/1836 5192/337/1836 5285/535/1836 5281/534/1836
f 5191/536/1833 5281/525/1833 5288/524/1833 5189/537/1833
f 5285/515/1837 5192/360/1837 5190/514/1837 5290/516/1837
f 5288/527/1838 5290/526/1838 5190/538/1838 5189/539/1838
f 5297/540/1839 5302/541/1839 5304/542/1839 5298/543/1839
f 5298/543/1840 5304/542/1840 5303/544/1840 5296/545/1840
f 5294/546/1841 5299/547/1841 5301/548/1841 5295/549/1841
f 5295/549/1842 5301/548/1842 5300/550/1842 5293/551/1842
f 5302/552/1843 5300/553/1843 5301/554/1843 5304/555/1843
f 5304/555/1844 5301/554/1844 5299/556/1844 5303/557/1844
f 5296/558/1836 5294/559/1836 5295/560/1836 5298/561/1836
f 5298/561/1836 5295/560/1836 5293/562/1836 5297/563/1836
f 5294/546/1845 5195/343/1845 5193/346/1845 5299/547/1845
f 5282/520/1846 5293/551/1846 5300/550/1846 5287/521/1846
f 5294/559/1836 5296/558/1836 5196/344/1836 5195/343/1836
f 5282/533/1836 5284/532/1836 5297/563/1836 5293/562/1836
f 5196/344/1847 5296/545/1847 5303/544/1847 5194/345/1847
f 5297/540/1848 5284/519/1848 5291/518/1848 5302/541/1848
f 5193/346/1849 5194/345/1849 5303/557/1849 5299/556/1849
f 5300/553/1850 5302/552/1850 5291/531/1850 5287/530/1850
o M_Wall_Top
v 4.328852 1.256927 -4.417470
v 4.374383 1.722804 -4.463001
v 4.764338 1.244663 -4.476658
v 4.769999 1.704880 -4.476658
v 4.328855 1.256927 4.325925
v 4.374387 1.722804 4.396838
v 4.764343 1.244663 4.410496
v 4.770004 1.704880 4.410496
v -4.414540 1.256927 4.325927
v -4.485452 1.722804 4.396840
v -4.875408 1.244663 4.410498
v -4.881069 1.704880 4.410498
v -4.414541 1.256927 -4.417466
v -4.485455 1.722804 -4.462997
v -4.875410 1.244663 -4.476657
v -4.881071 1.704880 -4.476657
v 4.388044 1.244663 4.786794
v 4.388044 1.704880 4.792455
v -4.499110 1.244663 4.786796
v -4.499110 1.704880 4.792456
v -4.499112 1.244663 -4.852952
v -4.499112 1.704880 -4.858613
v 4.388042 1.244663 -4.852958
v 4.388042 1.704880 -4.858618
v -3.477201 1.658603 -4.462998
v -3.487751 1.244663 -4.852953
v -3.487751 1.704880 -4.858613
v -3.419540 1.256927 -4.417467
v 0.691183 1.704880 -4.858616
v 0.619361 1.704880 -4.858616
v 0.655272 1.704880 -4.858616
v 3.319342 1.704880 -4.858618
v 3.241730 1.704880 -4.858618
v 3.280537 1.704880 -4.858618
v 0.620555 1.256927 -4.417469
v 0.692374 1.256927 -4.417469
v 0.656465 1.256927 -4.417469
v 3.200290 1.256927 -4.417469
v 3.278234 1.256927 -4.417469
v 3.239262 1.256927 -4.417469
v 3.622341 1.722804 -4.463001
v 2.303921 1.722804 -4.463000
v 3.270712 1.722053 -4.479588
v 1.113740 1.722804 -4.463000
v 0.617176 1.722068 -4.463000
v 0.790332 1.696052 -4.463000
v 3.241568 1.244663 -4.852957
v 3.319505 1.244663 -4.852957
v 3.280537 1.244663 -4.852957
v 0.619363 1.244663 -4.852956
v 0.691182 1.244663 -4.852956
v 0.655272 1.244663 -4.852956
v 4.764340 1.244663 -1.692920
v 4.764340 1.244663 -1.335627
v 4.764340 1.244663 -1.514273
v 4.770001 1.704880 -1.335627
v 4.770000 1.704880 -1.692920
v 4.770000 1.704880 -1.514273
v 4.328853 1.256927 -1.324358
v 4.328853 1.256927 -1.681651
v 4.328853 1.256927 -1.503005
v 4.374384 1.722804 -1.734351
v 4.374384 1.722804 -0.551012
v 4.374384 1.665181 -1.509722
v 4.764341 1.244663 2.286291
v 4.764342 1.244663 2.572946
v 4.764341 1.244663 2.429618
v 4.770002 1.704880 2.572945
v 4.770002 1.704880 2.286291
v 4.770002 1.704880 2.429618
v 4.328855 1.256927 2.536295
v 4.328854 1.256927 2.249640
v 4.328854 1.256927 2.392967
v 4.374385 1.722804 1.908166
v 4.374386 1.722804 2.568393
v 4.374385 1.682842 2.425065
v -3.072848 1.256927 4.325927
v -2.210360 1.256927 4.325926
v -2.641604 1.256927 4.325927
v -2.265889 1.244663 4.786795
v -3.128158 1.244663 4.786796
v -2.697023 1.244663 4.786796
v -3.126035 1.704880 4.792456
v -2.268012 1.704880 4.792455
v -2.697023 1.704880 4.792456
v -1.548559 1.722804 4.396839
v -3.682369 1.722804 4.396840
v -2.688904 1.759461 4.396840
v 1.159053 1.256927 4.325926
v 1.669727 1.256927 4.325925
v 1.414390 1.256927 4.325926
v 1.680996 1.244663 4.786795
v 1.170323 1.244663 4.786795
v 1.425659 1.244663 4.786795
v 1.170501 1.704880 4.792455
v 1.680816 1.704880 4.792455
v 1.425659 1.704880 4.792455
v 1.676265 1.722804 4.396838
v -0.156878 1.722804 4.396839
v 1.420158 1.656990 4.386821
v -4.875409 1.244663 1.689497
v -4.875409 1.244663 1.206728
v -4.875409 1.244663 1.448113
v -4.881070 1.704880 1.206728
v -4.881069 1.704880 1.689497
v -4.881070 1.704880 1.448113
v -4.414540 1.312028 1.170078
v -4.414540 1.256927 1.652847
v -4.414540 1.256927 1.411462
v -4.485452 1.663738 2.182804
v -4.485453 1.777906 1.202176
v -4.485452 1.722804 1.538855
v -4.875409 1.244663 -1.309330
v -4.875410 1.244663 -1.717427
v -4.875410 1.244663 -1.513379
v -4.881071 1.704880 -1.717427
v -4.881070 1.704880 -1.309383
v -4.881071 1.704880 -1.513405
v -4.414541 1.192651 -1.706157
v -4.414541 1.260993 -1.305746
v -4.414541 1.258117 -1.504730
v -4.485453 1.669849 -1.312398
v -4.485453 1.665830 -2.025293
v -4.485454 1.698986 -1.588349
vn -0.0888 -0.0440 -0.9951
vn -0.1196 -0.0692 0.9904
vn 0.1160 -0.0663 0.9910
vn 0.0861 -0.0418 -0.9954
vn 0.9954 -0.0418 -0.0861
vn -0.9910 -0.0663 -0.1160
vn -0.9904 -0.0692 0.1196
vn 0.9951 -0.0440 0.0888
vn 0.0034 0.1049 0.9945
vn 0.0318 0.9989 0.0348
vn -0.0000 -0.9996 0.0282
vn -0.0000 -0.0123 -0.9999
vn 0.0164 0.1299 0.9914
vn -0.0423 0.1316 0.9904
vn 0.0123 0.0984 0.9951
vn -0.0078 0.1049 0.9945
vn -0.0000 0.9990 -0.0453
vn 0.1234 0.9919 -0.0312
vn -0.0742 0.9964 0.0408
vn -0.0077 0.9993 0.0368
vn -0.0000 0.0973 0.9953
vn -0.0008 0.1044 0.9945
vn -0.0338 0.9894 0.1414
vn -0.0777 0.9957 -0.0504
vn -0.0282 -0.9996 -0.0000
vn -0.9944 0.1046 0.0149
vn -0.9941 0.1084 -0.0055
vn 0.9999 -0.0123 -0.0000
vn 0.0453 0.9990 -0.0000
vn -0.9953 0.0973 -0.0000
vn -0.0344 0.9976 0.0604
vn -0.0036 0.9904 -0.1381
vn -0.9946 0.1037 0.0063
vn -0.9946 0.1026 -0.0143
vn 0.0232 0.9934 0.1124
vn -0.0256 0.9937 0.1088
vn -0.0000 -0.9996 -0.0266
vn 0.0033 0.1428 -0.9897
vn -0.0037 0.1425 -0.9898
vn -0.0000 -0.0123 0.9999
vn -0.0000 0.1505 -0.9886
vn -0.0000 0.9990 0.0453
vn -0.1269 0.9913 -0.0355
vn 0.0352 0.9948 -0.0958
vn -0.0199 0.9976 0.0666
vn -0.1238 0.9878 0.0942
vn 0.0766 -0.9906 -0.1131
vn 0.0266 -0.9996 -0.0000
vn 0.9882 0.1529 0.0102
vn 0.9889 0.1458 0.0278
vn -0.9999 -0.0123 -0.0000
vn 0.0366 0.9993 -0.0120
vn 0.9868 0.1617 -0.0020
vn 0.0575 0.9965 0.0605
vn 0.0317 0.9982 -0.0516
vn -0.0447 -0.9862 0.1592
vn 0.0322 -0.9995 0.0071
vn 0.9862 0.1656 0.0092
vn 0.9894 0.1437 -0.0222
vn -0.0422 -0.9990 -0.0117
vn 0.0908 -0.9958 0.0102
vn 0.0308 0.9995 0.0110
vn -0.0482 0.9986 -0.0214
vn 0.9886 0.1507 0.0035
vn 0.9871 0.1602 -0.0051
vt 0.375000 0.000000
vt 0.625000 0.000000
vt 0.625000 0.250000
vt 0.375000 0.250000
vt 0.375000 0.500000
vt 0.625000 0.500000
vt 0.624999 0.749999
vt 0.375000 0.750000
vt 0.375000 0.500000
vt 0.625000 0.500000
vt 0.625001 0.750001
vt 0.375000 0.750000
vt 0.374999 0.000000
vt 0.375000 0.250000
vt 0.375000 0.500000
vt 0.625000 0.750000
vt 0.374999 0.749999
vt 0.375000 0.500000
vt 0.625000 0.750000
vt 0.375000 0.750000
vt 0.375000 0.971550
vt 0.625000 0.971550
vt 0.625000 1.000000
vt 0.375000 1.000000
vt 0.846550 0.500000
vt 0.875000 0.500000
vt 0.875000 0.750000
vt 0.846550 0.750000
vt 0.125000 0.500000
vt 0.153450 0.500000
vt 0.153450 0.750000
vt 0.125000 0.750000
vt 0.625000 0.278450
vt 0.375000 0.278450
vt 0.625000 0.808423
vt 0.375000 0.782269
vt 0.375000 0.781155
vt 0.624601 0.781141
vt 0.375000 0.780040
vt 0.625000 0.771221
vt 0.625000 0.856018
vt 0.375000 0.856031
vt 0.375000 0.855005
vt 0.625000 0.851132
vt 0.375000 0.853978
vt 0.625000 0.842006
vt 0.657247 0.500000
vt 0.683423 0.750000
vt 0.656155 0.739518
vt 0.656155 0.500000
vt 0.646220 0.750000
vt 0.655063 0.500000
vt 0.731014 0.500000
vt 0.731019 0.750001
vt 0.726132 0.750000
vt 0.730005 0.500000
vt 0.717007 0.750000
vt 0.728994 0.500000
vt 0.271006 0.499999
vt 0.271022 0.750000
vt 0.269995 0.750000
vt 0.269995 0.500000
vt 0.268969 0.750000
vt 0.268985 0.500000
vt 0.344941 0.500000
vt 0.344960 0.750000
vt 0.343845 0.750000
vt 0.343845 0.500000
vt 0.342731 0.750000
vt 0.342749 0.500000
vt 0.625000 0.396006
vt 0.374999 0.396004
vt 0.375000 0.394995
vt 0.625000 0.394995
vt 0.375000 0.393985
vt 0.625000 0.393985
vt 0.625000 0.469937
vt 0.375000 0.469941
vt 0.375000 0.468845
vt 0.625000 0.468845
vt 0.375000 0.467749
vt 0.625000 0.467754
vt 0.796692 0.500000
vt 0.798004 0.750000
vt 0.791666 0.750000
vt 0.791667 0.500000
vt 0.764614 0.750000
vt 0.786641 0.500000
vt 0.213359 0.500000
vt 0.213442 0.750001
vt 0.208333 0.750000
vt 0.208333 0.500000
vt 0.203225 0.750000
vt 0.203308 0.500000
vt 0.625000 0.923005
vt 0.375000 0.921775
vt 0.375000 0.916667
vt 0.625000 0.916666
vt 0.375000 0.911559
vt 0.625001 0.889615
vt 0.625000 0.338359
vt 0.375000 0.338359
vt 0.375000 0.333333
vt 0.625000 0.333333
vt 0.375000 0.328308
vt 0.625000 0.328308
vt 0.875000 0.750000
vt 0.712365 0.500000
vt 0.719266 0.750000
vt 0.708333 0.750000
vt 0.708333 0.500000
vt 0.704289 0.750000
vt 0.704301 0.500000
vt 0.295699 0.500000
vt 0.295764 0.749999
vt 0.291667 0.750000
vt 0.291667 0.500000
vt 0.287569 0.750001
vt 0.287635 0.500000
vt 0.625000 0.844266
vt 0.375000 0.837431
vt 0.375000 0.833333
vt 0.624999 0.833333
vt 0.375000 0.829235
vt 0.625001 0.829290
vt 0.625000 0.420699
vt 0.375000 0.420699
vt 0.375000 0.416667
vt 0.625000 0.416667
vt 0.375000 0.412635
vt 0.625000 0.412635
vt 0.687762 0.500000
vt 0.707871 0.750000
vt 0.675694 0.750000
vt 0.675694 0.500000
vt 0.647661 0.750000
vt 0.663625 0.500000
vt 0.336434 0.500000
vt 0.336637 0.750000
vt 0.324306 0.749999
vt 0.324306 0.500000
vt 0.311976 0.749999
vt 0.312178 0.500000
vt 0.625000 0.832871
vt 0.375000 0.813024
vt 0.375000 0.800693
vt 0.625000 0.800693
vt 0.375000 0.788362
vt 0.625000 0.772660
vt 0.625000 0.461375
vt 0.375000 0.461434
vt 0.375000 0.449306
vt 0.625000 0.449306
vt 0.375000 0.437178
vt 0.625000 0.437238
vt 0.798844 0.500000
vt 0.798867 0.750000
vt 0.791509 0.495017
vt 0.791667 0.500000
vt 0.747141 0.750000
vt 0.784489 0.500000
vt 0.215516 0.500000
vt 0.215634 0.750000
vt 0.208333 0.750000
vt 0.208333 0.500000
vt 0.201032 0.750000
vt 0.201151 0.500000
vt 0.625000 0.923866
vt 0.375000 0.923967
vt 0.375000 0.916666
vt 0.589682 0.916666
vt 0.375000 0.909366
vt 0.625000 0.872140
vt 0.625000 0.340511
vt 0.375000 0.340516
vt 0.375000 0.333333
vt 0.375000 0.326151
vt 0.625000 0.326156
vt 0.624999 0.999999
vt 0.875000 0.750000
vt 0.798457 0.500000
vt 0.812526 0.750000
vt 0.793250 0.750128
vt 0.784855 0.750000
vt 0.784876 0.500000
vt 0.215124 0.500000
vt 0.215235 0.750000
vt 0.208333 0.750001
vt 0.208333 0.500000
vt 0.201432 0.750001
vt 0.201543 0.500000
vt 0.625000 0.937526
vt 0.375000 0.923568
vt 0.375000 0.916667
vt 0.624999 0.919355
vt 0.375000 0.909765
vt 0.625000 0.909855
vt 0.625000 0.340124
vt 0.375000 0.340124
vt 0.375000 0.326543
vt 0.625000 0.326543
vt 0.125000 0.500000
vt 0.125000 0.750000
vt 0.625000 1.000000
vt 0.375000 0.999999
vt 0.714097 0.500000
vt 0.713901 0.750000
vt 0.706144 0.750000
vt 0.708333 0.500000
vt 0.693785 0.750000
vt 0.702618 0.500000
vt 0.297381 0.500000
vt 0.297475 0.750000
vt 0.291667 0.750000
vt 0.291667 0.500000
vt 0.286027 0.750000
vt 0.285901 0.500000
vt 0.625000 0.838901
vt 0.375000 0.838974
vt 0.375624 0.833334
vt 0.614163 0.831130
vt 0.375000 0.827525
vt 0.625000 0.818785
vt 0.625000 0.422382
vt 0.375000 0.422382
vt 0.375000 0.416667
vt 0.625000 0.416667
vt 0.375000 0.410902
vt 0.625000 0.410903
s 0
usemtl wall_1
f 5305/564/1851 5306/565/1851 5308/566/1851 5307/567/1851
f 5311/568/1852 5312/569/1852 5310/570/1852 5309/571/1852
f 5313/564/1853 5314/565/1853 5316/566/1853 5315/567/1853
f 5319/572/1854 5320/573/1854 5318/574/1854 5317/575/1854
f 5309/576/1855 5310/565/1855 5322/566/1855 5321/577/1855
f 5323/578/1856 5324/569/1856 5314/579/1856 5313/580/1856
f 5317/564/1857 5318/565/1857 5326/566/1857 5325/567/1857
f 5327/581/1858 5328/569/1858 5306/582/1858 5305/583/1858
f 5332/584/1859 5329/585/1859 5318/586/1859 5317/587/1859
f 5331/588/1860 5326/589/1860 5318/590/1860 5329/591/1860
f 5325/592/1861 5330/593/1861 5332/594/1861 5317/595/1861
f 5325/567/1862 5326/566/1862 5331/596/1862 5330/597/1862
f 5346/598/1863 5342/599/1863 5344/600/1863 5347/601/1863
f 5347/601/1864 5344/600/1864 5343/602/1864 5345/603/1864
f 5349/604/1865 5339/605/1865 5341/606/1865 5350/607/1865
f 5350/607/1866 5341/606/1866 5340/608/1866 5348/609/1866
f 5337/610/1867 5346/611/1867 5347/612/1867 5338/613/1867
f 5338/613/1867 5347/612/1867 5345/614/1867 5336/615/1867
f 5334/616/1868 5349/617/1868 5350/618/1868 5335/619/1868
f 5335/619/1869 5350/618/1869 5348/620/1869 5333/621/1869
f 5355/622/1861 5340/623/1861 5341/624/1861 5356/625/1861
f 5356/625/1861 5341/624/1861 5339/626/1861 5354/627/1861
f 5352/628/1861 5343/629/1861 5344/630/1861 5353/631/1861
f 5353/631/1861 5344/630/1861 5342/632/1861 5351/633/1861
f 5333/634/1862 5355/635/1862 5356/636/1862 5335/637/1862
f 5335/637/1862 5356/636/1862 5354/638/1862 5334/639/1862
f 5336/640/1862 5352/641/1862 5353/642/1862 5338/643/1862
f 5338/643/1862 5353/642/1862 5351/644/1862 5337/645/1862
f 5330/597/1862 5331/596/1862 5334/639/1862 5354/638/1862
f 5334/616/1870 5331/588/1870 5329/591/1870 5349/617/1870
f 5355/635/1862 5333/634/1862 5337/645/1862 5351/644/1862
f 5337/610/1867 5333/621/1867 5348/620/1867 5346/611/1867
f 5328/569/1867 5336/615/1867 5345/614/1867 5306/582/1867
f 5352/641/1862 5336/640/1862 5328/569/1862 5327/581/1862
f 5330/593/1861 5354/627/1861 5339/626/1861 5332/594/1861
f 5342/599/1871 5346/598/1871 5348/609/1871 5340/608/1871
f 5339/605/1872 5349/604/1872 5329/585/1872 5332/584/1872
f 5355/622/1861 5351/633/1861 5342/632/1861 5340/623/1861
f 5305/583/1871 5306/582/1871 5345/603/1871 5343/602/1871
f 5352/628/1861 5327/581/1861 5305/583/1861 5343/629/1861
f 5361/646/1873 5366/647/1873 5368/648/1873 5362/649/1873
f 5362/649/1874 5368/648/1874 5367/650/1874 5360/651/1874
f 5358/652/1875 5363/653/1875 5365/654/1875 5359/655/1875
f 5359/655/1875 5365/654/1875 5364/656/1875 5357/657/1875
f 5366/658/1876 5364/659/1876 5365/660/1876 5368/661/1876
f 5368/661/1877 5365/660/1877 5363/662/1877 5367/663/1877
f 5360/664/1878 5358/665/1878 5359/666/1878 5362/667/1878
f 5362/667/1878 5359/666/1878 5357/668/1878 5361/669/1878
f 5307/567/1878 5308/566/1878 5361/669/1878 5357/668/1878
f 5307/592/1875 5357/657/1875 5364/656/1875 5305/595/1875
f 5361/646/1879 5308/589/1879 5306/670/1879 5366/647/1879
f 5364/659/1880 5366/658/1880 5306/586/1880 5305/587/1880
f 5373/671/1881 5378/672/1881 5380/673/1881 5374/674/1881
f 5374/674/1882 5380/673/1882 5379/675/1882 5372/676/1882
f 5370/677/1875 5375/678/1875 5377/679/1875 5371/680/1875
f 5371/680/1875 5377/679/1875 5376/681/1875 5369/682/1875
f 5378/683/1883 5376/684/1883 5377/685/1883 5380/686/1883
f 5380/686/1884 5377/685/1884 5375/687/1884 5379/688/1884
f 5372/689/1878 5370/690/1878 5371/691/1878 5374/692/1878
f 5374/692/1878 5371/691/1878 5369/693/1878 5373/694/1878
f 5370/677/1875 5311/568/1875 5309/571/1875 5375/678/1875
f 5358/652/1875 5369/682/1875 5376/681/1875 5363/653/1875
f 5370/690/1878 5372/689/1878 5312/569/1878 5311/568/1878
f 5358/665/1878 5360/664/1878 5373/694/1878 5369/693/1878
f 5312/569/1879 5372/676/1879 5379/675/1879 5310/570/1879
f 5373/671/1879 5360/651/1879 5367/650/1879 5378/672/1879
f 5309/571/1880 5310/570/1880 5379/688/1880 5375/687/1880
f 5376/684/1880 5378/683/1880 5367/663/1880 5363/662/1880
f 5388/695/1885 5390/696/1885 5392/697/1885 5389/698/1885
f 5389/698/1886 5392/697/1886 5391/699/1886 5387/700/1886
f 5385/701/1887 5381/702/1887 5383/703/1887 5386/704/1887
f 5386/704/1887 5383/703/1887 5382/705/1887 5384/706/1887
f 5390/707/1888 5382/708/1888 5383/709/1888 5392/710/1888
f 5392/710/1889 5383/709/1889 5381/711/1889 5391/712/1889
f 5387/713/1890 5385/714/1890 5386/715/1890 5389/716/1890
f 5389/716/1890 5386/715/1890 5384/717/1890 5388/718/1890
f 5313/580/1891 5314/579/1891 5391/712/1891 5381/711/1891
f 5385/701/1887 5323/578/1887 5313/580/1887 5381/702/1887
f 5385/714/1890 5387/713/1890 5324/569/1890 5323/578/1890
f 5324/569/1892 5387/700/1892 5391/699/1892 5314/579/1892
f 5400/719/1893 5402/720/1893 5404/721/1893 5401/722/1893
f 5401/722/1894 5404/721/1894 5403/723/1894 5399/724/1894
f 5397/725/1887 5393/726/1887 5395/727/1887 5398/728/1887
f 5398/728/1887 5395/727/1887 5394/729/1887 5396/730/1887
f 5402/731/1891 5394/732/1891 5395/733/1891 5404/734/1891
f 5404/734/1891 5395/733/1891 5393/735/1891 5403/736/1891
f 5399/737/1890 5397/738/1890 5398/739/1890 5401/667/1890
f 5401/667/1890 5398/739/1890 5396/740/1890 5400/741/1890
f 5321/592/1887 5396/730/1887 5394/729/1887 5309/595/1887
f 5397/725/1887 5384/706/1887 5382/705/1887 5393/726/1887
f 5394/732/1891 5402/731/1891 5310/742/1891 5309/587/1891
f 5382/708/1891 5390/707/1891 5403/736/1891 5393/735/1891
f 5321/577/1890 5322/566/1890 5400/741/1890 5396/740/1890
f 5397/738/1890 5399/737/1890 5388/718/1890 5384/717/1890
f 5400/719/1892 5322/589/1892 5310/743/1892 5402/720/1892
f 5388/695/1892 5399/724/1892 5403/723/1892 5390/696/1892
f 5409/744/1895 5414/745/1895 5416/746/1895 5410/722/1895
f 5410/722/1896 5416/746/1896 5415/747/1896 5408/748/1896
f 5406/749/1897 5411/750/1897 5413/751/1897 5407/752/1897
f 5407/752/1898 5413/751/1898 5412/753/1898 5405/754/1898
f 5414/755/1899 5412/756/1899 5413/757/1899 5416/758/1899
f 5416/758/1900 5413/757/1900 5411/759/1900 5415/760/1900
f 5408/761/1901 5406/762/1901 5407/666/1901 5410/667/1901
f 5410/667/1901 5407/666/1901 5405/763/1901 5409/764/1901
f 5315/567/1901 5316/566/1901 5409/764/1901 5405/763/1901
f 5315/765/1898 5405/754/1898 5412/753/1898 5313/766/1898
f 5409/744/1902 5316/589/1902 5314/743/1902 5414/745/1902
f 5412/756/1903 5414/755/1903 5314/767/1903 5313/768/1903
f 5421/769/1904 5426/770/1904 5428/771/1904 5422/772/1904
f 5422/772/1905 5428/771/1905 5427/773/1905 5420/774/1905
f 5418/775/1906 5423/776/1906 5425/777/1906 5419/778/1906
f 5419/778/1907 5425/777/1907 5424/779/1907 5417/780/1907
f 5426/781/1908 5424/782/1908 5425/783/1908 5428/784/1908
f 5428/784/1909 5425/783/1909 5423/785/1909 5427/786/1909
f 5420/787/1901 5418/788/1901 5419/789/1901 5422/790/1901
f 5422/790/1901 5419/789/1901 5417/791/1901 5421/792/1901
f 5418/775/1910 5319/572/1910 5317/575/1910 5423/776/1910
f 5406/749/1911 5417/780/1911 5424/779/1911 5411/750/1911
f 5418/788/1901 5420/787/1901 5320/573/1901 5319/572/1901
f 5406/762/1901 5408/761/1901 5421/792/1901 5417/791/1901
f 5320/573/1912 5420/774/1912 5427/773/1912 5318/574/1912
f 5421/769/1913 5408/748/1913 5415/747/1913 5426/770/1913
f 5317/575/1914 5318/574/1914 5427/786/1914 5423/785/1914
f 5424/782/1915 5426/781/1915 5415/760/1915 5411/759/1915
o M_Banner
v 4.329062 0.996545 -2.675910
v 4.329062 1.014089 -2.675910
v 4.346606 0.996545 -2.675910
v 4.346606 1.014089 -2.675910
v 4.329644 0.997127 -2.420254
v 4.329644 1.013507 -2.420254
v 4.346025 0.997127 -2.420254
v 4.346025 1.013507 -2.420254
v 4.350599 0.974148 -2.548082
v 4.350599 0.999675 -2.548082
v 4.325069 0.982714 -2.548082
v 4.325069 1.007510 -2.548082
v 4.343203 0.336213 -2.629911
v 4.343203 0.336213 -2.462789
v 4.343203 1.001813 -2.650735
v 4.343203 1.001813 -2.441965
v 4.343203 0.491805 -2.546350
v 4.343203 1.001813 -2.546350
v 2.380644 0.996545 -4.412301
v 2.380644 1.014089 -4.412301
v 2.380644 0.996545 -4.429845
v 2.380644 1.014089 -4.429845
v 2.636301 0.997127 -4.412883
v 2.636301 1.013507 -4.412883
v 2.636301 0.997127 -4.429263
v 2.636301 1.013507 -4.429263
v 2.508473 0.974148 -4.433838
v 2.508473 0.999675 -4.433838
v 2.508473 0.982714 -4.408308
v 2.508473 1.007510 -4.408308
v 2.426644 0.336213 -4.426442
v 2.593765 0.336213 -4.426442
v 2.405820 1.001813 -4.426442
v 2.614590 1.001813 -4.426442
v 2.510205 0.491805 -4.426442
v 2.510205 1.001813 -4.426442
v -2.675908 0.996545 -4.412301
v -2.675908 1.014089 -4.412301
v -2.675908 0.996545 -4.429845
v -2.675908 1.014089 -4.429845
v -2.420252 0.997127 -4.412883
v -2.420252 1.013507 -4.412883
v -2.420252 0.997127 -4.429263
v -2.420252 1.013507 -4.429263
v -2.548080 0.974148 -4.433838
v -2.548080 0.999675 -4.433838
v -2.548080 0.982714 -4.408308
v -2.548080 1.007510 -4.408308
v -2.629909 0.336213 -4.426442
v -2.462787 0.336213 -4.426441
v -2.650733 1.001813 -4.426442
v -2.441963 1.001813 -4.426441
v -2.546348 0.491805 -4.426442
v -2.546348 1.001813 -4.426442
v -4.394750 0.996545 -2.380644
v -4.394750 1.014089 -2.380644
v -4.412294 0.996545 -2.380644
v -4.412294 1.014089 -2.380644
v -4.395333 0.997127 -2.636301
v -4.395333 1.013507 -2.636301
v -4.411713 0.997127 -2.636301
v -4.411713 1.013507 -2.636301
v -4.416288 0.974148 -2.508473
v -4.416288 0.999675 -2.508473
v -4.390758 0.982714 -2.508473
v -4.390758 1.007510 -2.508473
v -4.408891 0.336213 -2.426644
v -4.408891 0.336213 -2.593765
v -4.408891 1.001813 -2.405819
v -4.408891 1.001813 -2.614590
v -4.408891 0.491805 -2.510205
v -4.408891 1.001813 -2.510205
v -4.412302 0.996545 2.675908
v -4.412302 1.014089 2.675908
v -4.429846 0.996545 2.675908
v -4.429846 1.014089 2.675908
v -4.412884 0.997127 2.420251
v -4.412884 1.013507 2.420251
v -4.429264 0.997127 2.420251
v -4.429264 1.013507 2.420251
v -4.433839 0.974148 2.548080
v -4.433839 0.999675 2.548080
v -4.408309 0.982714 2.548080
v -4.408309 1.007510 2.548080
v -4.426442 0.336213 2.629909
v -4.426442 0.336213 2.462787
v -4.426442 1.001813 2.650733
v -4.426442 1.001813 2.441963
v -4.426442 0.491805 2.546348
v -4.426442 1.001813 2.546348
v -2.380643 0.996545 4.386912
v -2.380643 1.014089 4.386912
v -2.380643 0.996545 4.404457
v -2.380643 1.014089 4.404457
v -2.636300 0.997127 4.387495
v -2.636300 1.013507 4.387495
v -2.636300 0.997127 4.403875
v -2.636300 1.013507 4.403875
v -2.508471 0.974148 4.408450
v -2.508471 0.999675 4.408450
v -2.508471 0.982714 4.382919
v -2.508471 1.007510 4.382919
v -2.426642 0.336213 4.401053
v -2.593765 0.336213 4.401053
v -2.405818 1.001813 4.401053
v -2.614588 1.001813 4.401053
v -2.510204 0.491805 4.401053
v -2.510204 1.001813 4.401053
v 2.675909 0.996545 4.386911
v 2.675909 1.014089 4.386911
v 2.675909 0.996545 4.404455
v 2.675909 1.014089 4.404455
v 2.420253 0.997127 4.387494
v 2.420253 1.013507 4.387494
v 2.420253 0.997127 4.403873
v 2.420253 1.013507 4.403873
v 2.548081 0.974148 4.408448
v 2.548081 0.999675 4.408448
v 2.548081 0.982714 4.382917
v 2.548081 1.007510 4.382917
v 2.629910 0.336213 4.401052
v 2.462788 0.336213 4.401052
v 2.650734 1.001813 4.401052
v 2.441964 1.001813 4.401052
v 2.546349 0.491805 4.401052
v 2.546349 1.001813 4.401052
v 4.329064 0.996545 2.380642
v 4.329064 1.014089 2.380642
v 4.346608 0.996545 2.380642
v 4.346608 1.014089 2.380642
v 4.329647 0.997127 2.636299
v 4.329647 1.013507 2.636299
v 4.346027 0.997127 2.636299
v 4.346027 1.013507 2.636299
v 4.350602 0.974148 2.508471
v 4.350602 0.999675 2.508471
v 4.325072 0.982714 2.508471
v 4.325072 1.007510 2.508471
v 4.343205 0.336213 2.426641
v 4.343205 0.336213 2.593763
v 4.343205 1.001813 2.405817
v 4.343205 1.001813 2.614587
v 4.343205 0.491805 2.510202
v 4.343205 1.001813 2.510202
vn -0.0000 -0.0000 -1.0000
vn 0.9994 -0.0000 0.0358
vn -0.0000 -0.0000 1.0000
vn -0.9995 -0.0000 -0.0312
vn -0.1982 -0.9698 0.1418
vn 0.1784 0.9807 0.0805
vn 0.1832 0.9801 -0.0760
vn -0.1932 -0.9715 -0.1377
vn -0.9994 -0.0000 0.0358
vn 0.9995 -0.0000 -0.0312
vn -1.0000 -0.0000 -0.0000
vn 0.0358 -0.0000 -0.9994
vn 1.0000 -0.0000 -0.0000
vn -0.0312 -0.0000 0.9995
vn 0.1418 -0.9698 0.1982
vn 0.0805 0.9807 -0.1784
vn -0.0760 0.9801 -0.1832
vn -0.1377 -0.9715 0.1932
vn 0.0358 -0.0000 0.9994
vn -0.0312 -0.0000 -0.9995
vn -0.9994 -0.0000 -0.0358
vn 0.9995 -0.0000 0.0312
vn 0.1982 -0.9698 -0.1418
vn -0.1784 0.9807 -0.0805
vn -0.1832 0.9801 0.0760
vn 0.1932 -0.9715 0.1377
vn 0.9994 -0.0000 -0.0358
vn -0.9995 -0.0000 0.0312
vn -0.0358 -0.0000 0.9994
vn 0.0312 -0.0000 -0.9995
vn -0.1418 -0.9698 -0.1982
vn -0.0805 0.9807 0.1784
vn 0.0760 0.9801 0.1832
vn 0.1377 -0.9715 -0.1932
vn -0.0358 -0.0000 -0.9994
vn 0.0312 -0.0000 0.9995
vt 0.375000 0.000000
vt 0.625000 0.000000
vt 0.625000 0.250000
vt 0.375000 0.250000
vt 0.375000 0.375000
vt 0.625000 0.375000
vt 0.625000 0.500000
vt 0.375000 0.500000
vt 0.625000 0.750000
vt 0.375000 0.750000
vt 0.375000 0.875000
vt 0.625000 0.875000
vt 0.625000 1.000000
vt 0.375000 1.000000
vt 0.250000 0.500000
vt 0.250000 0.750000
vt 0.750000 0.500000
vt 0.875000 0.500000
vt 0.875000 0.750000
vt 0.750000 0.750000
vt 0.125000 0.500000
vt 0.125000 0.750000
vt 0.500000 0.000000
vt 1.000000 0.000000
vt 1.000000 1.000000
vt 0.500000 1.000000
vt 0.000000 0.000000
vt 0.000000 1.000000
s 0
usemtl DECO
f 5429/793/1916 5430/794/1916 5432/795/1916 5431/796/1916
f 5437/797/1917 5438/798/1917 5436/799/1917 5435/800/1917
f 5435/800/1918 5436/799/1918 5434/801/1918 5433/802/1918
f 5439/803/1919 5440/804/1919 5430/805/1919 5429/806/1919
f 5437/807/1920 5435/800/1920 5433/802/1920 5439/808/1920
f 5438/809/1921 5432/810/1921 5430/811/1921 5440/812/1921
f 5436/799/1922 5438/809/1922 5440/812/1922 5434/801/1922
f 5431/813/1923 5437/807/1923 5439/808/1923 5429/814/1923
f 5433/802/1924 5434/801/1924 5440/804/1924 5439/803/1924
f 5431/796/1925 5432/795/1925 5438/798/1925 5437/797/1925
f 5447/793/1926 5448/794/1926 5450/795/1926 5449/796/1926
f 5455/797/1927 5456/798/1927 5454/799/1927 5453/800/1927
f 5453/800/1928 5454/799/1928 5452/801/1928 5451/802/1928
f 5457/803/1929 5458/804/1929 5448/805/1929 5447/806/1929
f 5455/807/1930 5453/800/1930 5451/802/1930 5457/808/1930
f 5456/809/1931 5450/810/1931 5448/811/1931 5458/812/1931
f 5454/799/1932 5456/809/1932 5458/812/1932 5452/801/1932
f 5449/813/1933 5455/807/1933 5457/808/1933 5447/814/1933
f 5451/802/1934 5452/801/1934 5458/804/1934 5457/803/1934
f 5449/796/1935 5450/795/1935 5456/798/1935 5455/797/1935
f 5465/793/1926 5466/794/1926 5468/795/1926 5467/796/1926
f 5473/797/1927 5474/798/1927 5472/799/1927 5471/800/1927
f 5471/800/1928 5472/799/1928 5470/801/1928 5469/802/1928
f 5475/803/1929 5476/804/1929 5466/805/1929 5465/806/1929
f 5473/807/1930 5471/800/1930 5469/802/1930 5475/808/1930
f 5474/809/1931 5468/810/1931 5466/811/1931 5476/812/1931
f 5472/799/1932 5474/809/1932 5476/812/1932 5470/801/1932
f 5467/813/1933 5473/807/1933 5475/808/1933 5465/814/1933
f 5469/802/1934 5470/801/1934 5476/804/1934 5475/803/1934
f 5467/796/1935 5468/795/1935 5474/798/1935 5473/797/1935
f 5483/793/1918 5484/794/1918 5486/795/1918 5485/796/1918
f 5491/797/1936 5492/798/1936 5490/799/1936 5489/800/1936
f 5489/800/1916 5490/799/1916 5488/801/1916 5487/802/1916
f 5493/803/1937 5494/804/1937 5484/805/1937 5483/806/1937
f 5491/807/1938 5489/800/1938 5487/802/1938 5493/808/1938
f 5492/809/1939 5486/810/1939 5484/811/1939 5494/812/1939
f 5490/799/1940 5492/809/1940 5494/812/1940 5488/801/1940
f 5485/813/1941 5491/807/1941 5493/808/1941 5483/814/1941
f 5487/802/1942 5488/801/1942 5494/804/1942 5493/803/1942
f 5485/796/1943 5486/795/1943 5492/798/1943 5491/797/1943
f 5501/793/1918 5502/794/1918 5504/795/1918 5503/796/1918
f 5509/797/1936 5510/798/1936 5508/799/1936 5507/800/1936
f 5507/800/1916 5508/799/1916 5506/801/1916 5505/802/1916
f 5511/803/1937 5512/804/1937 5502/805/1937 5501/806/1937
f 5509/807/1938 5507/800/1938 5505/802/1938 5511/808/1938
f 5510/809/1939 5504/810/1939 5502/811/1939 5512/812/1939
f 5508/799/1940 5510/809/1940 5512/812/1940 5506/801/1940
f 5503/813/1941 5509/807/1941 5511/808/1941 5501/814/1941
f 5505/802/1942 5506/801/1942 5512/804/1942 5511/803/1942
f 5503/796/1943 5504/795/1943 5510/798/1943 5509/797/1943
f 5519/793/1928 5520/794/1928 5522/795/1928 5521/796/1928
f 5527/797/1944 5528/798/1944 5526/799/1944 5525/800/1944
f 5525/800/1926 5526/799/1926 5524/801/1926 5523/802/1926
f 5529/803/1945 5530/804/1945 5520/805/1945 5519/806/1945
f 5527/807/1946 5525/800/1946 5523/802/1946 5529/808/1946
f 5528/809/1947 5522/810/1947 5520/811/1947 5530/812/1947
f 5526/799/1948 5528/809/1948 5530/812/1948 5524/801/1948
f 5521/813/1949 5527/807/1949 5529/808/1949 5519/814/1949
f 5523/802/1950 5524/801/1950 5530/804/1950 5529/803/1950
f 5521/796/1951 5522/795/1951 5528/798/1951 5527/797/1951
f 5537/793/1928 5538/794/1928 5540/795/1928 5539/796/1928
f 5545/797/1944 5546/798/1944 5544/799/1944 5543/800/1944
f 5543/800/1926 5544/799/1926 5542/801/1926 5541/802/1926
f 5547/803/1945 5548/804/1945 5538/805/1945 5537/806/1945
f 5545/807/1946 5543/800/1946 5541/802/1946 5547/808/1946
f 5546/809/1947 5540/810/1947 5538/811/1947 5548/812/1947
f 5544/799/1948 5546/809/1948 5548/812/1948 5542/801/1948
f 5539/813/1949 5545/807/1949 5547/808/1949 5537/814/1949
f 5541/802/1950 5542/801/1950 5548/804/1950 5547/803/1950
f 5539/796/1951 5540/795/1951 5546/798/1951 5545/797/1951
f 5555/793/1916 5556/794/1916 5558/795/1916 5557/796/1916
f 5563/797/1917 5564/798/1917 5562/799/1917 5561/800/1917
f 5561/800/1918 5562/799/1918 5560/801/1918 5559/802/1918
f 5565/803/1919 5566/804/1919 5556/805/1919 5555/806/1919
f 5563/807/1920 5561/800/1920 5559/802/1920 5565/808/1920
f 5564/809/1921 5558/810/1921 5556/811/1921 5566/812/1921
f 5562/799/1922 5564/809/1922 5566/812/1922 5560/801/1922
f 5557/813/1923 5563/807/1923 5565/808/1923 5555/814/1923
f 5559/802/1924 5560/801/1924 5566/804/1924 5565/803/1924
f 5557/796/1925 5558/795/1925 5564/798/1925 5563/797/1925
usemtl Banner
f 5445/815/1926 5442/816/1926 5444/817/1926 5446/818/1926
f 5441/819/1926 5445/815/1926 5446/818/1926 5443/820/1926
f 5463/815/1918 5460/816/1918 5462/817/1918 5464/818/1918
f 5459/819/1918 5463/815/1918 5464/818/1918 5461/820/1918
f 5481/815/1918 5478/816/1918 5480/817/1918 5482/818/1918
f 5477/819/1918 5481/815/1918 5482/818/1918 5479/820/1918
f 5499/815/1928 5496/816/1928 5498/817/1928 5500/818/1928
f 5495/819/1928 5499/815/1928 5500/818/1928 5497/820/1928
f 5517/815/1928 5514/816/1928 5516/817/1928 5518/818/1928
f 5513/819/1928 5517/815/1928 5518/818/1928 5515/820/1928
f 5535/815/1916 5532/816/1916 5534/817/1916 5536/818/1916
f 5531/819/1916 5535/815/1916 5536/818/1916 5533/820/1916
f 5553/815/1916 5550/816/1916 5552/817/1916 5554/818/1916
f 5549/819/1916 5553/815/1916 5554/818/1916 5551/820/1916
f 5571/815/1926 5568/816/1926 5570/817/1926 5572/818/1926
f 5567/819/1926 5571/815/1926 5572/818/1926 5569/820/1926
