# Blender 5.1.2
# www.blender.org
mtllib WAlls.mtl
o M_WALL
v 4.224929 0.353779 4.452556
v 4.246723 0.608680 4.419052
v 4.638712 0.348247 4.452556
v 4.638712 0.587323 4.452556
v 4.224929 0.353779 4.707457
v 4.224929 0.625120 4.707457
v 4.638712 0.353779 4.707457
v 4.638712 0.608680 4.684936
v 4.515118 0.338942 4.452556
v 4.431820 0.344972 4.452556
v 4.420953 0.349376 4.452556
v 4.354519 0.608680 4.422932
v 4.473951 0.601567 4.442577
v 4.530009 0.608680 4.446501
v 4.420953 0.353779 4.707457
v 4.431820 0.353779 4.707457
v 4.442687 0.353779 4.707457
v 4.623719 0.609081 4.707457
v 4.473951 0.613439 4.707457
v 4.362800 0.620464 4.707457
v 4.224929 0.481230 4.435412
v 4.638712 0.472423 4.452556
v 4.638712 0.481230 4.707457
v 4.224929 0.489449 4.707457
v 4.442687 0.483285 4.707457
v 4.431820 0.485340 4.707457
v 4.420953 0.487395 4.707457
v 4.274190 0.480676 4.442641
v 4.389004 0.478194 4.447741
v 4.393279 0.477910 4.448161
v 4.411906 0.649482 4.691795
v 4.390112 0.904383 4.658248
v 3.998123 0.643950 4.691795
v 3.998123 0.883025 4.691795
v 4.411906 0.649482 4.436894
v 4.411906 0.920822 4.436894
v 3.998123 0.649482 4.436894
v 3.998123 0.904383 4.459415
v 4.121717 0.634644 4.691795
v 4.205014 0.640675 4.691795
v 4.215882 0.645078 4.691795
v 4.282315 0.904383 4.654368
v 4.162883 0.898923 4.677934
v 4.106826 0.904383 4.697850
v 4.215882 0.649482 4.436894
v 4.205014 0.649482 4.436894
v 4.194148 0.649482 4.436894
v 4.013116 0.904783 4.436894
v 4.162883 0.909142 4.436894
v 4.274035 0.916166 4.436894
v 4.411906 0.776932 4.708939
v 3.998123 0.768125 4.691795
v 3.998123 0.776932 4.436894
v 4.411906 0.785152 4.436894
v 4.194148 0.778987 4.436894
v 4.205014 0.781042 4.436894
v 4.215882 0.783097 4.436894
v 4.362645 0.776379 4.701709
v 4.106057 0.770599 4.693839
v 4.038764 0.769034 4.692523
v 4.198195 1.204780 4.712928
v 4.219990 0.949879 4.746432
v 4.611979 1.210312 4.712928
v 4.611979 0.971237 4.712928
v 4.198195 1.204780 4.458028
v 4.198195 0.933440 4.458028
v 4.611979 1.204780 4.458028
v 4.611979 0.949879 4.480549
v 4.405087 1.213587 4.712928
v 4.394219 1.209183 4.712928
v 4.327785 0.949879 4.742552
v 4.447219 0.956993 4.722907
v 4.394219 1.204780 4.458028
v 4.405087 1.204780 4.458028
v 4.447219 0.945120 4.458028
v 4.336067 0.938096 4.458028
v 4.198195 1.077330 4.730072
v 4.611979 1.086137 4.712928
v 4.611979 1.077330 4.458028
v 4.198195 1.069110 4.458028
v 4.405087 1.073220 4.458028
v 4.394219 1.071165 4.458028
v 4.247457 1.077883 4.722843
v 4.362270 1.080365 4.717743
v 3.690726 0.948468 4.452556
v 3.716350 1.203368 4.419052
v 4.177204 0.942936 4.452556
v 4.177204 1.182011 4.452556
v 3.690726 0.948468 4.707457
v 3.690726 1.219808 4.707457
v 4.177204 0.948468 4.707457
v 4.177204 1.203368 4.684936
v 4.031898 0.933630 4.452556
v 3.933965 0.939661 4.452556
v 3.921188 0.944064 4.452556
v 3.843084 1.203368 4.422932
v 3.983498 1.196255 4.442577
v 4.049404 1.203368 4.446501
v 3.921188 0.948468 4.707457
v 3.933965 0.948468 4.707457
v 3.946741 0.948468 4.707457
v 4.159576 1.203769 4.707457
v 3.983498 1.208127 4.707457
v 3.852820 1.215152 4.707457
v 3.690726 1.075918 4.435412
v 4.177204 1.067111 4.452556
v 4.177204 1.075918 4.707457
v 3.690726 1.084138 4.707457
v 3.946741 1.077973 4.707457
v 3.933965 1.080028 4.707457
v 3.921188 1.082083 4.707457
v 3.748641 1.075365 4.442641
v 3.883626 1.072882 4.447741
v 3.888653 1.072598 4.448161
v 3.611506 0.342357 4.438714
v 3.641675 0.597257 4.472261
v 4.184274 0.336825 4.438714
v 4.184274 0.575900 4.438714
v 3.611506 0.342357 4.693615
v 3.611506 0.613697 4.693615
v 4.184275 0.342357 4.693615
v 4.184275 0.597257 4.671094
v 4.013193 0.327519 4.438714
v 3.897890 0.333550 4.438714
v 3.882847 0.337953 4.438714
v 3.790888 0.597257 4.476141
v 3.956209 0.591798 4.452575
v 4.033806 0.597257 4.432659
v 3.882847 0.342357 4.693615
v 3.897890 0.342357 4.693615
v 3.912933 0.342357 4.693615
v 4.163520 0.597658 4.693615
v 3.956209 0.602016 4.693615
v 3.802351 0.609041 4.693615
v 3.611506 0.469807 4.421570
v 4.184274 0.461000 4.438714
v 4.184275 0.469807 4.693615
v 3.611506 0.478027 4.693615
v 3.912933 0.471862 4.693615
v 3.897890 0.473917 4.693615
v 3.882847 0.475972 4.693615
v 3.679694 0.469254 4.428800
v 4.034869 0.463474 4.436671
v 4.128017 0.461909 4.437986
v 3.297708 0.903524 4.712928
v 3.332964 0.648623 4.746432
v 3.967058 0.909055 4.712928
v 3.967058 0.669980 4.712928
v 3.297708 0.903523 4.458028
v 3.297708 0.632183 4.458028
v 3.967058 0.903523 4.458028
v 3.967058 0.648623 4.480549
v 3.632383 0.912330 4.712928
v 3.614804 0.907927 4.712928
v 3.507339 0.648623 4.742552
v 3.700536 0.655736 4.722907
v 3.614804 0.903523 4.458028
v 3.632383 0.903523 4.458028
v 3.700536 0.643863 4.458028
v 3.520734 0.636839 4.458028
v 3.297708 0.776073 4.730072
v 3.967058 0.784880 4.712928
v 3.967058 0.776073 4.458028
v 3.297708 0.767853 4.458028
v 3.632383 0.771963 4.458028
v 3.614804 0.769908 4.458028
v 3.377395 0.776626 4.722843
v 3.563122 0.779109 4.717743
v 3.258620 0.892759 4.452556
v 3.232105 0.637858 4.419052
v 2.755211 0.898291 4.452556
v 2.755211 0.659216 4.452556
v 3.258620 0.892759 4.707457
v 3.258620 0.621419 4.707457
v 2.755211 0.892759 4.707457
v 2.755211 0.637858 4.684936
v 2.905575 0.907596 4.452556
v 3.006916 0.901566 4.452556
v 3.020137 0.897163 4.452556
v 3.100960 0.637858 4.422932
v 2.955658 0.644972 4.442577
v 2.887459 0.637858 4.446501
v 3.020137 0.892759 4.707457
v 3.006916 0.892759 4.707457
v 2.993695 0.892759 4.707457
v 2.773452 0.637458 4.707457
v 2.955658 0.633099 4.707457
v 3.090885 0.626075 4.707457
v 3.258620 0.765309 4.435412
v 2.755211 0.774116 4.452556
v 2.755211 0.765309 4.707457
v 3.258620 0.757089 4.707457
v 2.993695 0.763254 4.707457
v 3.006916 0.761199 4.707457
v 3.020137 0.759144 4.707457
v 3.198689 0.765862 4.442641
v 3.059006 0.768344 4.447741
v 3.053804 0.768629 4.448161
v 2.932759 0.569064 4.449456
v 2.967182 0.602568 4.704357
v 3.586300 0.569064 4.443924
v 3.586300 0.569064 4.683000
v 2.932759 0.314164 4.449456
v 2.932759 0.314164 4.720797
v 3.586300 0.314163 4.449456
v 3.586300 0.336684 4.704357
v 3.259529 0.569064 4.440649
v 3.242365 0.569064 4.445053
v 3.137438 0.598688 4.704357
v 3.326073 0.579043 4.697243
v 3.242365 0.314163 4.449456
v 3.259529 0.314163 4.449456
v 3.326073 0.314163 4.709116
v 3.150517 0.314163 4.716140
v 2.932759 0.586208 4.576906
v 3.586300 0.569064 4.568099
v 3.586300 0.314163 4.576906
v 2.932759 0.314164 4.585126
v 3.259529 0.314163 4.581017
v 3.242365 0.314163 4.583071
v 3.010564 0.578979 4.576353
v 3.191904 0.573879 4.573871
v 3.641956 1.182255 4.709348
v 3.610358 1.148707 4.454447
v 3.042044 1.182255 4.714880
v 3.042044 1.182255 4.475804
v 3.641956 0.927354 4.709348
v 3.641956 0.927354 4.438007
v 3.042044 0.927354 4.709348
v 3.042044 0.949875 4.454447
v 3.221232 1.182255 4.724185
v 3.342000 1.182255 4.718155
v 3.357755 1.182255 4.713752
v 3.454073 1.144828 4.454447
v 3.280917 1.168394 4.459907
v 3.199643 1.188310 4.454447
v 3.357755 0.927354 4.709348
v 3.342000 0.927354 4.709348
v 3.326244 0.927354 4.709348
v 3.063781 0.927354 4.454047
v 3.280917 0.927354 4.449688
v 3.442066 0.927354 4.442664
v 3.641956 1.199398 4.581898
v 3.042044 1.182255 4.590704
v 3.042044 0.927354 4.581898
v 3.641956 0.927354 4.573678
v 3.326244 0.927354 4.579843
v 3.342000 0.927354 4.577788
v 3.357755 0.927354 4.575733
v 3.570535 1.192169 4.582451
v 3.198529 1.184298 4.588231
v 3.100966 1.182982 4.589796
v 2.113828 0.648243 4.691795
v 2.082229 0.903143 4.658248
v 1.513916 0.642711 4.691795
v 1.513916 0.881786 4.691795
v 2.113828 0.648243 4.436894
v 2.113828 0.919583 4.436894
v 1.513916 0.648243 4.436894
v 1.513916 0.903143 4.459415
v 1.693105 0.633405 4.691795
v 1.813872 0.639436 4.691795
v 1.829628 0.643839 4.691795
v 1.925945 0.903143 4.654368
v 1.752789 0.897684 4.677935
v 1.671516 0.903143 4.697850
v 1.829628 0.648243 4.436894
v 1.813872 0.648243 4.436894
v 1.798117 0.648243 4.436894
v 1.535654 0.903544 4.436894
v 1.752789 0.907902 4.436894
v 1.913939 0.914927 4.436894
v 2.113828 0.775693 4.708939
v 1.513916 0.766886 4.691795
v 1.513916 0.775693 4.436894
v 2.113828 0.783913 4.436894
v 1.798117 0.777748 4.436894
v 1.813872 0.779803 4.436894
v 1.829628 0.781858 4.436894
v 2.042408 0.775140 4.701709
v 1.670401 0.769360 4.693839
v 1.572839 0.767795 4.692523
v 2.350575 0.972677 4.687427
v 2.385832 0.939173 4.432526
v 3.019925 0.972677 4.692958
v 3.019925 0.972677 4.453883
v 2.350575 1.227578 4.687427
v 2.350575 1.227578 4.416087
v 3.019925 1.227578 4.687426
v 3.019925 1.205057 4.432526
v 2.685251 0.972677 4.696233
v 2.667671 0.972677 4.691830
v 2.560206 0.943053 4.432526
v 2.753404 0.962699 4.439639
v 2.667671 1.227578 4.687427
v 2.685250 1.227578 4.687427
v 2.753404 1.227578 4.427767
v 2.573601 1.227578 4.420742
v 2.350575 0.955533 4.559976
v 3.019925 0.972677 4.568783
v 3.019925 1.227578 4.559976
v 2.350575 1.227578 4.551756
v 2.685250 1.227578 4.555866
v 2.667671 1.227578 4.553812
v 2.430262 0.962763 4.560530
v 2.615989 0.967862 4.563012
v 1.808079 0.944360 4.452556
v 1.834594 1.199260 4.419052
v 2.311487 0.938828 4.452556
v 2.311487 1.177903 4.452556
v 1.808079 0.944360 4.707457
v 1.808079 1.215700 4.707457
v 2.311487 0.944360 4.707457
v 2.311487 1.199260 4.684936
v 2.161124 0.929522 4.452556
v 2.059783 0.935553 4.452556
v 2.046562 0.939956 4.452556
v 1.965738 1.199260 4.422932
v 2.111040 1.192147 4.442577
v 2.179240 1.199260 4.446501
v 2.046562 0.944360 4.707457
v 2.059783 0.944360 4.707457
v 2.073004 0.944360 4.707457
v 2.293247 1.199661 4.707457
v 2.111040 1.204020 4.707457
v 1.975813 1.211044 4.707457
v 1.808079 1.071810 4.435412
v 2.311487 1.063003 4.452556
v 2.311487 1.071810 4.707457
v 1.808079 1.080030 4.707457
v 2.073004 1.073865 4.707457
v 2.059783 1.075920 4.707457
v 2.046562 1.077975 4.707457
v 1.868010 1.071257 4.442641
v 2.007692 1.068775 4.447741
v 2.012894 1.068490 4.448161
v 2.306834 0.341769 4.435264
v 2.338433 0.596670 4.468812
v 2.906746 0.336237 4.435264
v 2.906746 0.575313 4.435264
v 2.306834 0.341769 4.690165
v 2.306834 0.613109 4.690165
v 2.906746 0.341769 4.690165
v 2.906746 0.596670 4.667644
v 2.727558 0.326932 4.435264
v 2.606790 0.332962 4.435264
v 2.591035 0.337366 4.435264
v 2.494718 0.596670 4.472691
v 2.667874 0.591211 4.449125
v 2.749147 0.596670 4.429209
v 2.591035 0.341769 4.690165
v 2.606790 0.341769 4.690165
v 2.622546 0.341769 4.690165
v 2.885009 0.597071 4.690165
v 2.667874 0.601429 4.690165
v 2.506724 0.608454 4.690165
v 2.306834 0.469220 4.418120
v 2.906746 0.460413 4.435264
v 2.906746 0.469220 4.690165
v 2.306834 0.477439 4.690165
v 2.622546 0.471275 4.690165
v 2.606790 0.473330 4.690165
v 2.591035 0.475384 4.690165
v 2.378255 0.468666 4.425350
v 2.750261 0.462887 4.433221
v 2.847823 0.461322 4.434536
v 1.615366 0.610092 4.712929
v 1.650622 0.355191 4.746432
v 2.284715 0.615624 4.712929
v 2.284715 0.376548 4.712929
v 1.615366 0.610092 4.458028
v 1.615366 0.338751 4.458028
v 2.284715 0.610092 4.458028
v 2.284715 0.355191 4.480549
v 1.950040 0.618898 4.712929
v 1.932461 0.614495 4.712929
v 1.824996 0.355191 4.742552
v 2.018194 0.362304 4.722907
v 1.932461 0.610092 4.458028
v 1.950040 0.610092 4.458028
v 2.018194 0.350432 4.458028
v 1.838392 0.343407 4.458028
v 1.615366 0.482641 4.730072
v 2.284715 0.491448 4.712929
v 2.284715 0.482641 4.458028
v 1.615366 0.474421 4.458028
v 1.950040 0.478531 4.458028
v 1.932461 0.476476 4.458028
v 1.695052 0.483195 4.722843
v 1.880779 0.485677 4.717743
v 2.717115 0.898160 4.430030
v 2.686946 0.643259 4.463577
v 2.144347 0.903692 4.430030
v 2.144347 0.664616 4.430030
v 2.717115 0.898160 4.684931
v 2.717115 0.626820 4.684931
v 2.144346 0.898160 4.684931
v 2.144347 0.643259 4.662410
v 2.315428 0.912997 4.430030
v 2.430731 0.906967 4.430030
v 2.445774 0.902563 4.430030
v 2.537733 0.643259 4.467457
v 2.372411 0.648719 4.443891
v 2.294815 0.643259 4.423975
v 2.445774 0.898160 4.684931
v 2.430731 0.898160 4.684931
v 2.415688 0.898160 4.684931
v 2.165100 0.642859 4.684931
v 2.372411 0.638500 4.684931
v 2.526270 0.631475 4.684931
v 2.717115 0.770710 4.412886
v 2.144347 0.779516 4.430030
v 2.144347 0.770709 4.684931
v 2.717115 0.762490 4.684931
v 2.415688 0.768655 4.684931
v 2.430731 0.766600 4.684931
v 2.445774 0.764545 4.684931
v 2.648926 0.771263 4.420115
v 2.293752 0.777043 4.427986
v 2.200603 0.778608 4.429302
v 0.978971 0.636256 4.452556
v 1.005486 0.891157 4.419052
v 1.482380 0.630724 4.452556
v 1.482380 0.869800 4.452556
v 0.978971 0.636256 4.707457
v 0.978971 0.907597 4.707457
v 1.482380 0.636256 4.707457
v 1.482380 0.891157 4.684936
v 1.332016 0.621419 4.452556
v 1.230675 0.627449 4.452556
v 1.217454 0.631853 4.452556
v 1.136631 0.891157 4.422932
v 1.281933 0.884044 4.442577
v 1.350132 0.891157 4.446501
v 1.217454 0.636256 4.707457
v 1.230675 0.636256 4.707457
v 1.243896 0.636256 4.707457
v 1.464139 0.891557 4.707457
v 1.281933 0.895916 4.707457
v 1.146706 0.902941 4.707457
v 0.978971 0.763707 4.435412
v 1.482380 0.754900 4.452556
v 1.482380 0.763707 4.707457
v 0.978971 0.771926 4.707457
v 1.243896 0.765762 4.707457
v 1.230675 0.767816 4.707457
v 1.217454 0.769871 4.707457
v 1.038902 0.763153 4.442641
v 1.178585 0.760671 4.447741
v 1.183786 0.760387 4.448161
v 1.787467 1.199807 4.438837
v 1.755868 0.944907 4.472384
v 1.187555 1.205340 4.438837
v 1.187555 0.966264 4.438837
v 1.787467 1.199807 4.693738
v 1.787467 0.928467 4.693738
v 1.187555 1.199808 4.693738
v 1.187555 0.944907 4.671217
v 1.366744 1.214645 4.438837
v 1.487511 1.208614 4.438837
v 1.503267 1.204211 4.438837
v 1.599584 0.944907 4.476264
v 1.426428 0.950366 4.452698
v 1.345154 0.944907 4.432782
v 1.503267 1.199808 4.693738
v 1.487511 1.199808 4.693738
v 1.471756 1.199808 4.693738
v 1.209293 0.944507 4.693738
v 1.426428 0.940148 4.693738
v 1.587577 0.933123 4.693738
v 1.787467 1.072357 4.421693
v 1.187555 1.081164 4.438837
v 1.187555 1.072357 4.693738
v 1.787467 1.064137 4.693738
v 1.471756 1.070302 4.693738
v 1.487511 1.068247 4.693738
v 1.503267 1.066192 4.693738
v 1.716047 1.072910 4.428923
v 1.344040 1.078690 4.436794
v 1.246478 1.080256 4.438109
v 1.019524 0.598859 4.691795
v 1.049694 0.343959 4.658248
v 1.592293 0.604392 4.691795
v 1.592293 0.365316 4.691795
v 1.019524 0.598859 4.436894
v 1.019525 0.327519 4.436894
v 1.592293 0.598859 4.436894
v 1.592293 0.343959 4.459415
v 1.421212 0.613697 4.691795
v 1.305909 0.607666 4.691795
v 1.290866 0.603263 4.691795
v 1.198907 0.343959 4.654368
v 1.364228 0.349418 4.677935
v 1.441824 0.343959 4.697850
v 1.290866 0.598859 4.436894
v 1.305909 0.598859 4.436894
v 1.320951 0.598859 4.436894
v 1.571539 0.343558 4.436894
v 1.364228 0.339200 4.436894
v 1.210370 0.332175 4.436894
v 1.019524 0.471409 4.708939
v 1.592293 0.480216 4.691795
v 1.592293 0.471409 4.436894
v 1.019524 0.463189 4.436894
v 1.320951 0.469354 4.436894
v 1.305909 0.467299 4.436894
v 1.290866 0.465244 4.436894
v 1.087713 0.471962 4.701709
v 1.442888 0.477742 4.693839
v 1.536036 0.479307 4.692523
v 0.994319 0.330114 4.712929
v 0.959895 0.585015 4.746432
v 0.340778 0.324582 4.712929
v 0.340778 0.563657 4.712929
v 0.994319 0.330114 4.458028
v 0.994319 0.601455 4.458028
v 0.340778 0.330114 4.458028
v 0.340778 0.585015 4.480549
v 0.667548 0.321307 4.712929
v 0.684713 0.325711 4.712929
v 0.789640 0.585015 4.742552
v 0.601005 0.577902 4.722907
v 0.684713 0.330114 4.458028
v 0.667548 0.330114 4.458028
v 0.601005 0.589774 4.458028
v 0.776560 0.596799 4.458028
v 0.994319 0.457565 4.730072
v 0.340778 0.448758 4.712929
v 0.340778 0.457565 4.458028
v 0.994319 0.465785 4.458028
v 0.667548 0.461675 4.458028
v 0.684713 0.463730 4.458028
v 0.916514 0.457011 4.722843
v 0.735174 0.454529 4.717743
v 0.678159 0.948468 4.452556
v 0.703783 1.203368 4.419052
v 1.164637 0.942936 4.452556
v 1.164637 1.182011 4.452556
v 0.678159 0.948468 4.707457
v 0.678159 1.219808 4.707457
v 1.164637 0.948468 4.707457
v 1.164637 1.203368 4.684936
v 1.019330 0.933630 4.452556
v 0.921398 0.939661 4.452556
v 0.908622 0.944064 4.452556
v 0.830517 1.203368 4.422932
v 0.970932 1.196255 4.442577
v 1.036837 1.203368 4.446501
v 0.908622 0.948468 4.707457
v 0.921398 0.948468 4.707457
v 0.934174 0.948468 4.707457
v 1.147010 1.203769 4.707457
v 0.970932 1.208127 4.707457
v 0.840253 1.215152 4.707457
v 0.678159 1.075918 4.435412
v 1.164637 1.067111 4.452556
v 1.164637 1.075918 4.707457
v 0.678159 1.084138 4.707457
v 0.934174 1.077973 4.707457
v 0.921398 1.080028 4.707457
v 0.908622 1.082083 4.707457
v 0.736075 1.075365 4.442641
v 0.871059 1.072882 4.447741
v 0.876086 1.072598 4.448161
v 0.629390 0.943305 4.691795
v 0.597791 1.198205 4.658248
v 0.029478 0.937773 4.691795
v 0.029478 1.176848 4.691795
v 0.629390 0.943305 4.436894
v 0.629390 1.214645 4.436894
v 0.029478 0.943305 4.436894
v 0.029478 1.198205 4.459415
v 0.208666 0.928467 4.691795
v 0.329434 0.934498 4.691795
v 0.345189 0.938901 4.691795
v 0.441506 1.198205 4.654368
v 0.268350 1.192746 4.677935
v 0.187077 1.198205 4.697850
v 0.345189 0.943305 4.436894
v 0.329434 0.943305 4.436894
v 0.313678 0.943305 4.436894
v 0.051215 1.198606 4.436894
v 0.268350 1.202965 4.436894
v 0.429500 1.209989 4.436894
v 0.629390 1.070755 4.708939
v 0.029478 1.061948 4.691795
v 0.029478 1.070755 4.436894
v 0.629390 1.078975 4.436894
v 0.313678 1.072810 4.436894
v 0.329434 1.074865 4.436894
v 0.345189 1.076920 4.436894
v 0.557969 1.070202 4.701709
v 0.185963 1.064422 4.693839
v 0.088400 1.062857 4.692523
v 0.449823 0.636256 4.452556
v 0.476338 0.891157 4.419052
v 0.953232 0.630724 4.452556
v 0.953232 0.869800 4.452556
v 0.449823 0.636256 4.707457
v 0.449823 0.907597 4.707457
v 0.953232 0.636256 4.707457
v 0.953232 0.891157 4.684936
v 0.802868 0.621419 4.452556
v 0.701527 0.627449 4.452556
v 0.688306 0.631853 4.452556
v 0.607483 0.891157 4.422932
v 0.752784 0.884044 4.442577
v 0.820984 0.891157 4.446501
v 0.688306 0.636256 4.707457
v 0.701527 0.636256 4.707457
v 0.714748 0.636256 4.707457
v 0.934991 0.891557 4.707457
v 0.752784 0.895916 4.707457
v 0.617557 0.902941 4.707457
v 0.449823 0.763707 4.435412
v 0.953232 0.754900 4.452556
v 0.953232 0.763707 4.707457
v 0.449823 0.771926 4.707457
v 0.714748 0.765762 4.707457
v 0.701527 0.767816 4.707457
v 0.688306 0.769871 4.707457
v 0.509754 0.763153 4.442641
v 0.649437 0.760671 4.447741
v 0.654639 0.760387 4.448161
v -0.161042 0.641657 4.432387
v -0.130873 0.896558 4.465934
v 0.411727 0.636125 4.432387
v 0.411726 0.875200 4.432387
v -0.161042 0.641657 4.687288
v -0.161042 0.912997 4.687288
v 0.411727 0.641657 4.687288
v 0.411726 0.896558 4.664767
v 0.240645 0.626820 4.432387
v 0.125342 0.632850 4.432387
v 0.110299 0.637254 4.432387
v 0.018340 0.896558 4.469814
v 0.183662 0.891098 4.446248
v 0.261258 0.896558 4.426332
v 0.110299 0.641657 4.687288
v 0.125342 0.641657 4.687288
v 0.140385 0.641657 4.687288
v 0.390973 0.896958 4.687288
v 0.183662 0.901317 4.687288
v 0.029803 0.908341 4.687288
v -0.161042 0.769107 4.415243
v 0.411727 0.760301 4.432387
v 0.411727 0.769107 4.687288
v -0.161042 0.777327 4.687288
v 0.140385 0.771162 4.687288
v 0.125342 0.773217 4.687288
v 0.110299 0.775272 4.687288
v -0.092853 0.768554 4.422472
v 0.262322 0.762774 4.430344
v 0.355469 0.761209 4.431659
v -2.823215 0.589551 4.712929
v -2.787958 0.334651 4.746432
v -2.153865 0.595083 4.712929
v -2.153865 0.356008 4.712929
v -2.823215 0.589551 4.458028
v -2.823215 0.318211 4.458028
v -2.153865 0.589551 4.458028
v -2.153865 0.334651 4.480549
v -2.488540 0.598358 4.712929
v -2.506119 0.593955 4.712929
v -2.613584 0.334651 4.742552
v -2.420386 0.341764 4.722907
v -2.506119 0.589551 4.458028
v -2.488540 0.589551 4.458028
v -2.420386 0.329891 4.458028
v -2.600189 0.322867 4.458028
v -2.823215 0.462101 4.730072
v -2.153865 0.470908 4.712929
v -2.153865 0.462101 4.458028
v -2.823215 0.453881 4.458028
v -2.488540 0.457991 4.458028
v -2.506119 0.455936 4.458028
v -2.743528 0.462654 4.722843
v -2.557801 0.465137 4.717743
v -1.487748 0.322284 4.452556
v -1.461232 0.577185 4.419052
v -0.984339 0.316752 4.452556
v -0.984339 0.555827 4.452556
v -1.487748 0.322284 4.707457
v -1.487748 0.593624 4.707457
v -0.984339 0.322284 4.707457
v -0.984339 0.577185 4.684936
v -1.134703 0.307447 4.452556
v -1.236043 0.313477 4.452556
v -1.249264 0.317881 4.452556
v -1.330088 0.577185 4.422932
v -1.184786 0.570071 4.442577
v -1.116586 0.577185 4.446501
v -1.249264 0.322284 4.707457
v -1.236043 0.322284 4.707457
v -1.222822 0.322284 4.707457
v -1.002579 0.577585 4.707457
v -1.184786 0.581944 4.707457
v -1.320013 0.588969 4.707457
v -1.487748 0.449735 4.435412
v -0.984339 0.440928 4.452556
v -0.984339 0.449735 4.707457
v -1.487748 0.457954 4.707457
v -1.222822 0.451789 4.707457
v -1.236043 0.453844 4.707457
v -1.249264 0.455899 4.707457
v -1.427816 0.449181 4.442641
v -1.288133 0.446699 4.447741
v -1.282932 0.446415 4.448161
v -0.596967 1.192178 4.691795
v -0.565368 0.937277 4.658248
v 0.002945 1.197710 4.691795
v 0.002945 0.958635 4.691795
v -0.596967 1.192178 4.436894
v -0.596967 0.920838 4.436894
v 0.002945 1.192178 4.436894
v 0.002945 0.937277 4.459415
v -0.176244 1.207016 4.691795
v -0.297011 1.200985 4.691795
v -0.312767 1.196582 4.691795
v -0.409083 0.937277 4.654368
v -0.235927 0.942737 4.677935
v -0.154654 0.937277 4.697850
v -0.312767 1.192178 4.436894
v -0.297011 1.192178 4.436894
v -0.281256 1.192178 4.436894
v -0.018792 0.936877 4.436894
v -0.235927 0.932518 4.436894
v -0.397077 0.925494 4.436894
v -0.596967 1.064728 4.708939
v 0.002945 1.073535 4.691795
v 0.002945 1.064728 4.436894
v -0.596967 1.056508 4.436894
v -0.281256 1.062673 4.436894
v -0.297011 1.060618 4.436894
v -0.312766 1.058563 4.436894
v -0.525546 1.065281 4.701709
v -0.153540 1.071061 4.693839
v -0.055978 1.072626 4.692523
v -1.288436 1.203998 4.712929
v -1.253180 0.949097 4.746432
v -0.619086 1.209530 4.712929
v -0.619086 0.970454 4.712929
v -1.288436 1.203998 4.458028
v -1.288436 0.932657 4.458028
v -0.619086 1.203998 4.458028
v -0.619086 0.949097 4.480549
v -0.953761 1.212805 4.712929
v -0.971340 1.208401 4.712929
v -1.078805 0.949097 4.742552
v -0.885607 0.956210 4.722907
v -0.971340 1.203998 4.458028
v -0.953761 1.203998 4.458028
v -0.885607 0.944338 4.458028
v -1.065409 0.937313 4.458028
v -1.288436 1.076547 4.730072
v -0.619086 1.085354 4.712929
v -0.619086 1.076547 4.458028
v -1.288436 1.068328 4.458028
v -0.953761 1.072437 4.458028
v -0.971340 1.070382 4.458028
v -1.208749 1.077101 4.722843
v -1.023022 1.079583 4.717743
v -0.184809 0.883371 4.407557
v -0.214978 0.628470 4.441103
v -0.757578 0.888903 4.407557
v -0.757577 0.649828 4.407557
v -0.184809 0.883371 4.662457
v -0.184809 0.612031 4.662457
v -0.757578 0.883371 4.662457
v -0.757577 0.628470 4.639936
v -0.586497 0.898208 4.407557
v -0.471193 0.892178 4.407557
v -0.456151 0.887774 4.407557
v -0.364192 0.628470 4.444983
v -0.529513 0.633930 4.421417
v -0.607109 0.628470 4.401502
v -0.456151 0.883371 4.662457
v -0.471193 0.883371 4.662457
v -0.486236 0.883371 4.662457
v -0.736824 0.628070 4.662457
v -0.529513 0.623711 4.662457
v -0.375654 0.616687 4.662457
v -0.184809 0.755921 4.390413
v -0.757577 0.764727 4.407557
v -0.757578 0.755921 4.662457
v -0.184809 0.747701 4.662457
v -0.486236 0.753866 4.662457
v -0.471193 0.751811 4.662457
v -0.456151 0.749756 4.662457
v -0.252998 0.756474 4.397642
v -0.608173 0.762254 4.405513
v -0.701321 0.763819 4.406828
v -0.782783 0.614626 4.712929
v -0.817207 0.869527 4.746432
v -1.436325 0.609094 4.712929
v -1.436325 0.848169 4.712929
v -0.782783 0.614626 4.458028
v -0.782783 0.885966 4.458028
v -1.436325 0.614626 4.458028
v -1.436325 0.869527 4.480549
v -1.109554 0.605819 4.712929
v -1.092390 0.610222 4.712929
v -0.987462 0.869527 4.742552
v -1.176098 0.862413 4.722907
v -1.092390 0.614626 4.458028
v -1.109554 0.614626 4.458028
v -1.176098 0.874286 4.458028
v -1.000542 0.881310 4.458028
v -0.782783 0.742076 4.730072
v -1.436325 0.733269 4.712929
v -1.436325 0.742076 4.458028
v -0.782783 0.750296 4.458028
v -1.109554 0.746186 4.458028
v -1.092390 0.748241 4.458028
v -0.860588 0.741523 4.722843
v -1.041928 0.739041 4.717743
v -1.809755 0.948468 4.452556
v -1.784132 1.203368 4.419052
v -1.323278 0.942936 4.452556
v -1.323278 1.182011 4.452556
v -1.809755 0.948468 4.707457
v -1.809755 1.219808 4.707457
v -1.323278 0.948468 4.707457
v -1.323278 1.203368 4.684936
v -1.468584 0.933630 4.452556
v -1.566517 0.939661 4.452556
v -1.579293 0.944064 4.452556
v -1.657398 1.203368 4.422932
v -1.516983 1.196255 4.442577
v -1.451077 1.203368 4.446501
v -1.579293 0.948468 4.707457
v -1.566517 0.948468 4.707457
v -1.553740 0.948468 4.707457
v -1.340905 1.203769 4.707457
v -1.516983 1.208127 4.707457
v -1.647662 1.215152 4.707457
v -1.809755 1.075918 4.435412
v -1.323278 1.067111 4.452556
v -1.323278 1.075918 4.707457
v -1.809755 1.084138 4.707457
v -1.553740 1.077973 4.707457
v -1.566517 1.080028 4.707457
v -1.579293 1.082083 4.707457
v -1.751840 1.075365 4.442641
v -1.616855 1.072882 4.447741
v -1.611828 1.072598 4.448161
v -3.111473 0.892759 4.673953
v -3.084958 0.637858 4.707456
v -2.608064 0.898291 4.673953
v -2.608064 0.659216 4.673953
v -3.111473 0.892759 4.419052
v -3.111473 0.621419 4.419052
v -2.608064 0.892759 4.419052
v -2.608064 0.637858 4.441573
v -2.758428 0.907597 4.673953
v -2.859769 0.901566 4.673953
v -2.872990 0.897163 4.673953
v -2.953813 0.637858 4.703577
v -2.808511 0.644972 4.683931
v -2.740312 0.637858 4.680007
v -2.872990 0.892759 4.419052
v -2.859769 0.892759 4.419052
v -2.846547 0.892759 4.419052
v -2.626304 0.637458 4.419052
v -2.808511 0.633099 4.419052
v -2.943738 0.626075 4.419052
v -3.111473 0.765309 4.691096
v -2.608064 0.774116 4.673953
v -2.608064 0.765309 4.419052
v -3.111473 0.757089 4.419052
v -2.846547 0.763254 4.419052
v -2.859769 0.761199 4.419052
v -2.872990 0.759144 4.419052
v -3.051542 0.765862 4.683867
v -2.911859 0.768344 4.678767
v -2.906657 0.768629 4.678347
v -4.819585 0.586617 4.712929
v -4.785161 0.331716 4.746432
v -4.166043 0.592149 4.712929
v -4.166043 0.353074 4.712929
v -4.819585 0.586617 4.458028
v -4.819585 0.315277 4.458028
v -4.166043 0.586617 4.458028
v -4.166043 0.331716 4.480549
v -4.492814 0.595424 4.712929
v -4.509978 0.591021 4.712929
v -4.614905 0.331716 4.742552
v -4.426270 0.338830 4.722907
v -4.509978 0.586617 4.458028
v -4.492814 0.586617 4.458028
v -4.426270 0.326957 4.458028
v -4.601827 0.319933 4.458028
v -4.819585 0.459167 4.730072
v -4.166043 0.467974 4.712929
v -4.166043 0.459167 4.458028
v -4.819585 0.450947 4.458028
v -4.492814 0.455057 4.458028
v -4.509978 0.453002 4.458028
v -4.741779 0.459720 4.722843
v -4.560439 0.462202 4.717743
v -3.427682 0.342356 4.455427
v -3.397513 0.597257 4.488975
v -2.854913 0.336825 4.455427
v -2.854913 0.575900 4.455427
v -3.427682 0.342356 4.710328
v -3.427682 0.613697 4.710328
v -2.854913 0.342357 4.710328
v -2.854913 0.597257 4.687807
v -3.025994 0.327519 4.455427
v -3.141298 0.333550 4.455427
v -3.156340 0.337953 4.455427
v -3.248300 0.597257 4.492854
v -3.082978 0.591798 4.469288
v -3.005382 0.597257 4.449372
v -3.156340 0.342356 4.710328
v -3.141298 0.342356 4.710328
v -3.126255 0.342356 4.710328
v -2.875667 0.597658 4.710328
v -3.082978 0.602016 4.710328
v -3.236836 0.609041 4.710328
v -3.427682 0.469807 4.438283
v -2.854913 0.461000 4.455427
v -2.854913 0.469807 4.710328
v -3.427682 0.478027 4.710328
v -3.126255 0.471862 4.710328
v -3.141298 0.473917 4.710328
v -3.156340 0.475972 4.710328
v -3.359493 0.469254 4.445513
v -3.004318 0.463474 4.453384
v -2.911170 0.461909 4.454700
v -3.136405 0.641657 4.691795
v -3.166574 0.896558 4.658248
v -3.709174 0.636125 4.691795
v -3.709174 0.875200 4.691795
v -3.136405 0.641657 4.436894
v -3.136405 0.912997 4.436894
v -3.709174 0.641657 4.436894
v -3.709174 0.896558 4.459415
v -3.538093 0.626820 4.691795
v -3.422790 0.632850 4.691795
v -3.407747 0.637254 4.691795
v -3.315787 0.896558 4.654368
v -3.481109 0.891098 4.677935
v -3.558705 0.896558 4.697850
v -3.407747 0.641657 4.436894
v -3.422790 0.641657 4.436894
v -3.437832 0.641657 4.436894
v -3.688420 0.896958 4.436894
v -3.481109 0.901317 4.436894
v -3.327251 0.908341 4.436894
v -3.136405 0.769107 4.708939
v -3.709174 0.760301 4.691795
v -3.709174 0.769107 4.436894
v -3.136405 0.777327 4.436894
v -3.437832 0.771162 4.436894
v -3.422790 0.773217 4.436894
v -3.407747 0.775272 4.436894
v -3.204594 0.768554 4.701709
v -3.559769 0.762774 4.693839
v -3.652917 0.761209 4.692523
v -3.453604 0.333049 4.712929
v -3.488861 0.587949 4.746432
v -4.122954 0.327516 4.712929
v -4.122954 0.566592 4.712929
v -3.453604 0.333049 4.458028
v -3.453604 0.604389 4.458028
v -4.122954 0.333048 4.458028
v -4.122954 0.587949 4.480549
v -3.788279 0.324242 4.712929
v -3.770700 0.328645 4.712929
v -3.663234 0.587949 4.742552
v -3.856433 0.580836 4.722907
v -3.770700 0.333049 4.458028
v -3.788279 0.333049 4.458028
v -3.856433 0.592708 4.458028
v -3.676630 0.599733 4.458028
v -3.453604 0.460499 4.730072
v -4.122954 0.451692 4.712929
v -4.122954 0.460499 4.458028
v -3.453604 0.468719 4.458028
v -3.788279 0.464609 4.458028
v -3.770700 0.466664 4.458028
v -3.533291 0.459946 4.722843
v -3.719018 0.457463 4.717743
v -3.746868 0.871129 4.453322
v -3.781292 0.616228 4.419819
v -4.400410 0.876661 4.453322
v -4.400410 0.637586 4.453322
v -3.746868 0.871129 4.708223
v -3.746868 0.599788 4.708223
v -4.400410 0.871129 4.708223
v -4.400410 0.616228 4.685702
v -4.073639 0.879936 4.453322
v -4.056475 0.875532 4.453322
v -3.951548 0.616228 4.423699
v -4.140182 0.623342 4.443344
v -4.056475 0.871129 4.708223
v -4.073639 0.871129 4.708223
v -4.140182 0.611469 4.708223
v -3.964627 0.604444 4.708223
v -3.746868 0.743678 4.436179
v -4.400410 0.752486 4.453322
v -4.400410 0.743679 4.708223
v -3.746868 0.735458 4.708223
v -4.073639 0.739569 4.708223
v -4.056475 0.737514 4.708223
v -3.824674 0.744232 4.443408
v -4.006014 0.746714 4.448508
v -4.433805 0.937317 4.452556
v -4.407289 1.192218 4.419052
v -3.930395 0.931785 4.452556
v -3.930395 1.170861 4.452556
v -4.433805 0.937317 4.707457
v -4.433805 1.208658 4.707457
v -3.930395 0.937317 4.707457
v -3.930395 1.192218 4.684936
v -4.080759 0.922480 4.452556
v -4.182099 0.928510 4.452556
v -4.195321 0.932914 4.452556
v -4.276144 1.192218 4.422932
v -4.130842 1.185105 4.442577
v -4.062643 1.192218 4.446501
v -4.195321 0.937317 4.707457
v -4.182099 0.937317 4.707457
v -4.168879 0.937317 4.707457
v -3.948635 1.192619 4.707457
v -4.130842 1.196977 4.707457
v -4.266068 1.204002 4.707457
v -4.433805 1.064768 4.435412
v -3.930395 1.055961 4.452556
v -3.930395 1.064768 4.707457
v -4.433805 1.072987 4.707457
v -4.168879 1.066823 4.707457
v -4.182099 1.068878 4.707457
v -4.195321 1.070933 4.707457
v -4.373873 1.064214 4.442642
v -4.234190 1.061732 4.447741
v -4.228989 1.061448 4.448161
v -2.001457 0.898160 4.427588
v -2.031626 0.643259 4.461135
v -2.574225 0.903692 4.427588
v -2.574225 0.664617 4.427588
v -2.001457 0.898160 4.682489
v -2.001457 0.626820 4.682489
v -2.574225 0.898160 4.682489
v -2.574225 0.643259 4.659968
v -2.403144 0.912997 4.427588
v -2.287841 0.906967 4.427588
v -2.272799 0.902563 4.427588
v -2.180840 0.643259 4.465015
v -2.346160 0.648719 4.441449
v -2.423757 0.643259 4.421533
v -2.272799 0.898160 4.682489
v -2.287841 0.898160 4.682489
v -2.302884 0.898160 4.682489
v -2.553472 0.642859 4.682489
v -2.346160 0.638500 4.682489
v -2.192303 0.631476 4.682489
v -2.001457 0.770709 4.410444
v -2.574225 0.779516 4.427588
v -2.574225 0.770710 4.682489
v -2.001457 0.762490 4.682489
v -2.302884 0.768655 4.682489
v -2.287841 0.766600 4.682489
v -2.272799 0.764545 4.682489
v -2.069646 0.771263 4.417674
v -2.424820 0.777043 4.425545
v -2.517968 0.778608 4.426860
v -3.903110 1.203998 4.712929
v -3.867853 0.949097 4.746432
v -3.233760 1.209530 4.712929
v -3.233760 0.970454 4.712929
v -3.903110 1.203998 4.458028
v -3.903110 0.932657 4.458028
v -3.233760 1.203998 4.458028
v -3.233760 0.949097 4.480549
v -3.568435 1.212805 4.712929
v -3.586014 1.208401 4.712929
v -3.693479 0.949097 4.742552
v -3.500281 0.956210 4.722907
v -3.586014 1.203998 4.458028
v -3.568435 1.203998 4.458028
v -3.500281 0.944338 4.458028
v -3.680084 0.937313 4.458028
v -3.903110 1.076547 4.730072
v -3.233760 1.085354 4.712929
v -3.233760 1.076547 4.458028
v -3.903110 1.068328 4.458028
v -3.568435 1.072437 4.458028
v -3.586014 1.070382 4.458028
v -3.823423 1.077101 4.722843
v -3.637696 1.079583 4.717743
v -1.520879 0.330619 4.691795
v -1.552478 0.585520 4.658248
v -2.120791 0.325087 4.691795
v -2.120791 0.564162 4.691795
v -1.520879 0.330619 4.436894
v -1.520879 0.601959 4.436894
v -2.120791 0.330619 4.436894
v -2.120791 0.585520 4.459415
v -1.941602 0.315782 4.691795
v -1.820835 0.321812 4.691795
v -1.805080 0.326215 4.691795
v -1.708763 0.585520 4.654368
v -1.881918 0.580060 4.677935
v -1.963192 0.585520 4.697850
v -1.805080 0.330619 4.436894
v -1.820835 0.330619 4.436894
v -1.836590 0.330619 4.436894
v -2.099054 0.585920 4.436894
v -1.881918 0.590279 4.436894
v -1.720769 0.597303 4.436894
v -1.520879 0.458069 4.708939
v -2.120791 0.449262 4.691795
v -2.120791 0.458069 4.436894
v -1.520879 0.466289 4.436894
v -1.836590 0.460124 4.436894
v -1.820835 0.462179 4.436894
v -1.805080 0.464234 4.436894
v -1.592299 0.457516 4.701709
v -1.964306 0.451736 4.693839
v -2.061868 0.450171 4.692523
v -0.955097 0.588964 4.712929
v -0.919841 0.334064 4.746432
v -0.285747 0.594496 4.712929
v -0.285747 0.355421 4.712929
v -0.955097 0.588964 4.458028
v -0.955097 0.317624 4.458028
v -0.285747 0.588964 4.458028
v -0.285747 0.334064 4.480549
v -0.620422 0.597771 4.712929
v -0.638002 0.593368 4.712929
v -0.745467 0.334064 4.742552
v -0.552269 0.341177 4.722907
v -0.638002 0.588964 4.458028
v -0.620422 0.588964 4.458028
v -0.552269 0.329304 4.458028
v -0.732071 0.322280 4.458028
v -0.955097 0.461514 4.730072
v -0.285747 0.470321 4.712929
v -0.285747 0.461514 4.458028
v -0.955097 0.453294 4.458028
v -0.620422 0.457404 4.458028
v -0.638002 0.455349 4.458028
v -0.875410 0.462067 4.722843
v -0.689684 0.464550 4.717743
v 0.319784 0.344313 4.691795
v 0.289615 0.599213 4.658248
v -0.252984 0.338781 4.691795
v -0.252984 0.577856 4.691795
v 0.319784 0.344313 4.436894
v 0.319784 0.615653 4.436894
v -0.252984 0.344313 4.436894
v -0.252984 0.599213 4.459415
v -0.081903 0.329475 4.691795
v 0.033400 0.335506 4.691795
v 0.048443 0.339909 4.691795
v 0.140402 0.599213 4.654368
v -0.024920 0.593754 4.677935
v -0.102515 0.599213 4.697850
v 0.048443 0.344313 4.436894
v 0.033400 0.344313 4.436894
v 0.018357 0.344313 4.436894
v -0.232230 0.599614 4.436894
v -0.024920 0.603973 4.436894
v 0.128939 0.610997 4.436894
v 0.319784 0.471763 4.708939
v -0.252984 0.462956 4.691795
v -0.252984 0.471763 4.436894
v 0.319784 0.479983 4.436894
v 0.018357 0.473818 4.436894
v 0.033400 0.475873 4.436894
v 0.048443 0.477928 4.436894
v 0.251595 0.471210 4.701709
v -0.103579 0.465430 4.693839
v -0.196727 0.463865 4.692523
v -1.478210 0.885717 4.452556
v -1.503834 0.630816 4.419052
v -1.964687 0.891249 4.452556
v -1.964687 0.652173 4.452556
v -1.478210 0.885717 4.707457
v -1.478210 0.614376 4.707457
v -1.964687 0.885716 4.707457
v -1.964687 0.630816 4.684936
v -1.819381 0.900554 4.452556
v -1.721449 0.894523 4.452556
v -1.708672 0.890120 4.452556
v -1.630567 0.630816 4.422932
v -1.770982 0.637929 4.442577
v -1.836888 0.630816 4.446501
v -1.708672 0.885717 4.707457
v -1.721449 0.885717 4.707457
v -1.734225 0.885717 4.707457
v -1.947060 0.630415 4.707457
v -1.770982 0.626057 4.707457
v -1.640303 0.619032 4.707457
v -1.478210 0.758266 4.435412
v -1.964687 0.767073 4.452556
v -1.964687 0.758266 4.707457
v -1.478210 0.750047 4.707457
v -1.734225 0.756211 4.707457
v -1.721449 0.754156 4.707457
v -1.708672 0.752101 4.707457
v -1.536125 0.758820 4.442641
v -1.671110 0.761302 4.447741
v -1.676137 0.761586 4.448161
v -1.856672 1.204971 4.452556
v -1.883187 0.950070 4.419052
v -2.360081 1.210503 4.452556
v -2.360081 0.971427 4.452556
v -1.856672 1.204971 4.707457
v -1.856672 0.933630 4.707457
v -2.360081 1.204971 4.707457
v -2.360081 0.950070 4.684936
v -2.209717 1.219808 4.452556
v -2.108376 1.213777 4.452556
v -2.095155 1.209374 4.452556
v -2.014331 0.950070 4.422932
v -2.159633 0.957183 4.442577
v -2.227833 0.950070 4.446501
v -2.095155 1.204971 4.707457
v -2.108376 1.204971 4.707457
v -2.121597 1.204971 4.707457
v -2.341840 0.949669 4.707457
v -2.159633 0.945311 4.707457
v -2.024406 0.938286 4.707457
v -1.856672 1.077520 4.435412
v -2.360081 1.086327 4.452556
v -2.360081 1.077520 4.707457
v -1.856672 1.069301 4.707457
v -2.121597 1.075465 4.707457
v -2.108376 1.073410 4.707457
v -2.095155 1.071355 4.707457
v -1.916603 1.078074 4.442641
v -2.056286 1.080556 4.447741
v -2.061488 1.080840 4.448161
v -2.409394 0.953869 4.691795
v -2.449261 1.208769 4.658248
v -3.166305 0.948336 4.691795
v -3.166305 1.187412 4.691795
v -2.409394 0.953869 4.436894
v -2.409394 1.225209 4.436894
v -3.166305 0.953869 4.436894
v -3.166305 1.208769 4.459415
v -2.940223 0.939031 4.691795
v -2.787849 0.945062 4.691795
v -2.767970 0.949465 4.691795
v -2.646446 1.208769 4.654368
v -2.864918 1.203310 4.677935
v -2.967461 1.208769 4.697850
v -2.767970 0.953869 4.436894
v -2.787849 0.953869 4.436894
v -2.807728 0.953869 4.436894
v -3.138879 1.209170 4.436894
v -2.864918 1.213528 4.436894
v -2.661595 1.220553 4.436894
v -2.409394 1.081319 4.708939
v -3.166305 1.072512 4.691795
v -3.166305 1.081319 4.436894
v -2.409394 1.089539 4.436894
v -2.807728 1.083374 4.436894
v -2.787849 1.085429 4.436894
v -2.767970 1.087484 4.436894
v -2.499505 1.080766 4.701709
v -2.968867 1.074986 4.693839
v -3.091962 1.073421 4.692523
v 4.327753 -0.041214 4.793241
v 4.327753 2.085359 4.793241
v 4.327753 -0.041214 4.317791
v 4.327753 2.082117 4.317791
v 4.763805 -0.041214 4.793241
v 4.792403 2.045495 4.793241
v 4.763805 -0.041214 4.317791
v 4.763805 2.016789 4.317791
v 4.327753 2.215277 4.793241
v 4.327753 2.127893 4.317791
v 4.763805 2.084234 4.317791
v 4.828644 2.149318 4.793241
v 4.545779 2.591984 4.555516
v 4.288625 2.053165 4.835905
v 4.288625 2.098595 4.275127
v 4.802934 2.007307 4.275127
v 4.840345 2.044860 4.835905
v 4.288625 2.189504 4.835905
v 4.288625 2.142646 4.275127
v 4.802934 2.083653 4.275127
v 4.894361 2.175425 4.835905
v 4.763804 -0.041214 -4.808494
v 4.763804 2.085359 -4.808494
v 4.763804 -0.041214 -4.333045
v 4.763804 2.082117 -4.333045
v 4.327753 -0.041214 -4.808494
v 4.299155 2.045495 -4.808494
v 4.327753 -0.041214 -4.333044
v 4.327753 2.016789 -4.333044
v 4.763804 2.215277 -4.808494
v 4.763804 2.127893 -4.333045
v 4.327753 2.084234 -4.333044
v 4.262915 2.149318 -4.808494
v 4.545779 2.591984 -4.570769
v 4.802934 2.053165 -4.851157
v 4.802934 2.098595 -4.290380
v 4.288625 2.007307 -4.290380
v 4.251212 2.044860 -4.851157
v 4.802934 2.189504 -4.851157
v 4.802934 2.142646 -4.290380
v 4.288625 2.083653 -4.290380
v 4.197198 2.175425 -4.851157
v -4.320910 -0.041214 4.773541
v -4.320910 2.085359 4.773541
v -4.796360 -0.041214 4.773542
v -4.796360 2.082117 4.773542
v -4.320911 -0.041214 4.337490
v -4.320911 2.045495 4.308892
v -4.796360 -0.041214 4.337491
v -4.796360 2.016789 4.337491
v -4.320910 2.215277 4.773541
v -4.796360 2.127893 4.773542
v -4.796360 2.084234 4.337491
v -4.320911 2.149318 4.272651
v -4.558636 2.591984 4.555516
v -4.278247 2.053165 4.812670
v -4.839024 2.098595 4.812670
v -4.839025 2.007307 4.298362
v -4.278248 2.044860 4.260950
v -4.278247 2.189504 4.812670
v -4.839024 2.142646 4.812670
v -4.839025 2.083653 4.298362
v -4.278248 2.175425 4.206935
v -4.340610 -0.041214 -4.808494
v -4.340610 2.085359 -4.808494
v -4.340610 -0.041214 -4.333045
v -4.340610 2.082117 -4.333045
v -4.776661 -0.041214 -4.808494
v -4.805260 2.045495 -4.808494
v -4.776661 -0.041214 -4.333044
v -4.776661 2.016789 -4.333044
v -4.340610 2.215277 -4.808494
v -4.340610 2.127893 -4.333045
v -4.776661 2.084234 -4.333044
v -4.841500 2.149318 -4.808494
v -4.558636 2.591984 -4.570769
v -4.301481 2.053165 -4.851157
v -4.301481 2.098595 -4.290380
v -4.815790 2.007307 -4.290380
v -4.853202 2.044860 -4.851157
v -4.301481 2.189504 -4.851157
v -4.301481 2.142646 -4.290380
v -4.815790 2.083653 -4.290380
v -4.907217 2.175425 -4.851157
v -4.224929 0.353779 -4.467016
v -4.246724 0.608680 -4.433513
v -4.638712 0.348247 -4.467016
v -4.638712 0.587323 -4.467016
v -4.224929 0.353779 -4.721917
v -4.224929 0.625120 -4.721917
v -4.638712 0.353779 -4.721917
v -4.638712 0.608680 -4.699396
v -4.515119 0.338942 -4.467016
v -4.431821 0.344972 -4.467016
v -4.420953 0.349376 -4.467016
v -4.354520 0.608680 -4.437392
v -4.473952 0.601567 -4.457038
v -4.530009 0.608680 -4.460961
v -4.420953 0.353779 -4.721917
v -4.431821 0.353779 -4.721917
v -4.442688 0.353779 -4.721917
v -4.623719 0.609081 -4.721917
v -4.473952 0.613439 -4.721917
v -4.362801 0.620464 -4.721917
v -4.224929 0.481230 -4.449872
v -4.638712 0.472423 -4.467016
v -4.638712 0.481230 -4.721917
v -4.224929 0.489449 -4.721917
v -4.442688 0.483285 -4.721917
v -4.431821 0.485340 -4.721917
v -4.420953 0.487395 -4.721917
v -4.274190 0.480676 -4.457102
v -4.389005 0.478194 -4.462201
v -4.393279 0.477910 -4.462621
v -4.411907 0.649482 -4.706255
v -4.390112 0.904383 -4.672709
v -3.998124 0.643950 -4.706255
v -3.998124 0.883025 -4.706255
v -4.411907 0.649482 -4.451354
v -4.411907 0.920822 -4.451354
v -3.998124 0.649482 -4.451354
v -3.998124 0.904383 -4.473875
v -4.121717 0.634644 -4.706255
v -4.205015 0.640675 -4.706255
v -4.215883 0.645078 -4.706255
v -4.282316 0.904383 -4.668829
v -4.162884 0.898923 -4.692395
v -4.106827 0.904383 -4.712310
v -4.215883 0.649482 -4.451354
v -4.205015 0.649482 -4.451354
v -4.194148 0.649482 -4.451354
v -4.013117 0.904783 -4.451354
v -4.162884 0.909142 -4.451354
v -4.274035 0.916166 -4.451354
v -4.411907 0.776932 -4.723399
v -3.998124 0.768125 -4.706255
v -3.998124 0.776932 -4.451354
v -4.411907 0.785152 -4.451354
v -4.194148 0.778987 -4.451354
v -4.205015 0.781042 -4.451354
v -4.215883 0.783097 -4.451354
v -4.362645 0.776379 -4.716169
v -4.106058 0.770599 -4.708299
v -4.038765 0.769034 -4.706984
v -4.198195 1.204780 -4.727388
v -4.219991 0.949879 -4.760893
v -4.611979 1.210312 -4.727388
v -4.611979 0.971237 -4.727388
v -4.198195 1.204780 -4.472487
v -4.198195 0.933440 -4.472487
v -4.611979 1.204780 -4.472487
v -4.611979 0.949879 -4.495008
v -4.405087 1.213587 -4.727388
v -4.394220 1.209183 -4.727388
v -4.327786 0.949879 -4.757013
v -4.447220 0.956993 -4.737367
v -4.394220 1.204780 -4.472487
v -4.405087 1.204780 -4.472487
v -4.447220 0.945120 -4.472487
v -4.336067 0.938096 -4.472487
v -4.198195 1.077330 -4.744533
v -4.611979 1.086137 -4.727388
v -4.611979 1.077330 -4.472487
v -4.198195 1.069110 -4.472487
v -4.405087 1.073220 -4.472487
v -4.394220 1.071165 -4.472487
v -4.247457 1.077883 -4.737303
v -4.362270 1.080365 -4.732203
v -3.690727 0.948468 -4.467016
v -3.716351 1.203368 -4.433513
v -4.177204 0.942936 -4.467016
v -4.177204 1.182011 -4.467016
v -3.690727 0.948468 -4.721917
v -3.690727 1.219808 -4.721917
v -4.177204 0.948468 -4.721917
v -4.177204 1.203368 -4.699396
v -4.031898 0.933630 -4.467016
v -3.933966 0.939661 -4.467016
v -3.921189 0.944064 -4.467016
v -3.843084 1.203368 -4.437392
v -3.983498 1.196255 -4.457038
v -4.049405 1.203368 -4.460961
v -3.921189 0.948468 -4.721917
v -3.933966 0.948468 -4.721917
v -3.946742 0.948468 -4.721917
v -4.159577 1.203769 -4.721917
v -3.983498 1.208127 -4.721917
v -3.852820 1.215152 -4.721917
v -3.690727 1.075918 -4.449872
v -4.177204 1.067111 -4.467016
v -4.177204 1.075918 -4.721917
v -3.690727 1.084138 -4.721917
v -3.946742 1.077973 -4.721917
v -3.933966 1.080028 -4.721917
v -3.921189 1.082083 -4.721917
v -3.748642 1.075365 -4.457102
v -3.883627 1.072882 -4.462201
v -3.888654 1.072598 -4.462621
v -3.611506 0.342357 -4.453175
v -3.641675 0.597257 -4.486721
v -4.184275 0.336825 -4.453175
v -4.184275 0.575900 -4.453175
v -3.611506 0.342357 -4.708076
v -3.611506 0.613697 -4.708076
v -4.184275 0.342357 -4.708076
v -4.184275 0.597257 -4.685555
v -4.013194 0.327519 -4.453175
v -3.897891 0.333550 -4.453175
v -3.882848 0.337953 -4.453175
v -3.790889 0.597257 -4.490602
v -3.956210 0.591798 -4.467034
v -4.033806 0.597257 -4.447120
v -3.882848 0.342357 -4.708076
v -3.897891 0.342357 -4.708076
v -3.912934 0.342357 -4.708076
v -4.163521 0.597658 -4.708076
v -3.956210 0.602016 -4.708076
v -3.802351 0.609041 -4.708076
v -3.611506 0.469807 -4.436030
v -4.184275 0.461000 -4.453175
v -4.184275 0.469807 -4.708076
v -3.611506 0.478027 -4.708076
v -3.912934 0.471862 -4.708076
v -3.897891 0.473917 -4.708076
v -3.882848 0.475972 -4.708076
v -3.679695 0.469254 -4.443260
v -4.034870 0.463474 -4.451132
v -4.128018 0.461909 -4.452446
v -3.297709 0.903523 -4.727388
v -3.332965 0.648623 -4.760893
v -3.967059 0.909055 -4.727388
v -3.967059 0.669980 -4.727388
v -3.297709 0.903523 -4.472487
v -3.297709 0.632183 -4.472487
v -3.967059 0.903523 -4.472487
v -3.967059 0.648623 -4.495008
v -3.632384 0.912330 -4.727388
v -3.614805 0.907927 -4.727388
v -3.507339 0.648623 -4.757013
v -3.700537 0.655736 -4.737367
v -3.614805 0.903523 -4.472487
v -3.632384 0.903523 -4.472487
v -3.700537 0.643863 -4.472487
v -3.520735 0.636839 -4.472487
v -3.297709 0.776073 -4.744533
v -3.967059 0.784880 -4.727388
v -3.967059 0.776073 -4.472487
v -3.297709 0.767853 -4.472487
v -3.632384 0.771963 -4.472487
v -3.614805 0.769908 -4.472487
v -3.377396 0.776626 -4.737303
v -3.563123 0.779109 -4.732203
v -3.258621 0.892759 -4.467016
v -3.232105 0.637858 -4.433513
v -2.755212 0.898291 -4.467016
v -2.755212 0.659216 -4.467016
v -3.258621 0.892759 -4.721917
v -3.258621 0.621419 -4.721917
v -2.755212 0.892759 -4.721917
v -2.755212 0.637858 -4.699396
v -2.905576 0.907596 -4.467016
v -3.006917 0.901566 -4.467016
v -3.020138 0.897163 -4.467016
v -3.100961 0.637858 -4.437392
v -2.955659 0.644972 -4.457038
v -2.887460 0.637858 -4.460961
v -3.020138 0.892759 -4.721917
v -3.006917 0.892759 -4.721917
v -2.993695 0.892759 -4.721917
v -2.773453 0.637458 -4.721917
v -2.955659 0.633099 -4.721917
v -3.090886 0.626075 -4.721917
v -3.258621 0.765309 -4.449872
v -2.755212 0.774116 -4.467016
v -2.755212 0.765309 -4.721917
v -3.258621 0.757089 -4.721917
v -2.993695 0.763254 -4.721917
v -3.006917 0.761199 -4.721917
v -3.020138 0.759144 -4.721917
v -3.198690 0.765862 -4.457102
v -3.059007 0.768344 -4.462201
v -3.053805 0.768629 -4.462621
v -2.932760 0.569064 -4.463917
v -2.967183 0.602568 -4.718817
v -3.586301 0.569064 -4.458385
v -3.586301 0.569064 -4.697460
v -2.932760 0.314164 -4.463917
v -2.932760 0.314164 -4.735257
v -3.586301 0.314163 -4.463917
v -3.586301 0.336684 -4.718817
v -3.259530 0.569064 -4.455110
v -3.242366 0.569064 -4.459513
v -3.137439 0.598688 -4.718817
v -3.326074 0.579043 -4.711703
v -3.242366 0.314163 -4.463917
v -3.259530 0.314163 -4.463917
v -3.326074 0.314163 -4.723576
v -3.150518 0.314163 -4.730600
v -2.932760 0.586208 -4.591367
v -3.586301 0.569064 -4.582560
v -3.586301 0.314163 -4.591367
v -2.932760 0.314164 -4.599586
v -3.259530 0.314163 -4.595477
v -3.242366 0.314163 -4.597531
v -3.010564 0.578979 -4.590814
v -3.191905 0.573879 -4.588331
v -3.641956 1.182255 -4.723808
v -3.610358 1.148707 -4.468907
v -3.042045 1.182255 -4.729341
v -3.042045 1.182255 -4.490266
v -3.641956 0.927354 -4.723808
v -3.641956 0.927354 -4.452469
v -3.042045 0.927354 -4.723808
v -3.042045 0.949875 -4.468907
v -3.221233 1.182255 -4.738646
v -3.342000 1.182255 -4.732615
v -3.357756 1.182255 -4.728212
v -3.454073 1.144828 -4.468907
v -3.280917 1.168394 -4.474367
v -3.199644 1.188309 -4.468907
v -3.357756 0.927354 -4.723808
v -3.342000 0.927354 -4.723808
v -3.326245 0.927354 -4.723808
v -3.063782 0.927354 -4.468507
v -3.280917 0.927354 -4.464149
v -3.442067 0.927354 -4.457125
v -3.641956 1.199398 -4.596358
v -3.042045 1.182255 -4.605165
v -3.042045 0.927354 -4.596358
v -3.641956 0.927354 -4.588139
v -3.326245 0.927354 -4.594303
v -3.342000 0.927354 -4.592249
v -3.357756 0.927354 -4.590193
v -3.570536 1.192169 -4.596911
v -3.198530 1.184298 -4.602691
v -3.100967 1.182982 -4.604257
v -2.113829 0.648243 -4.706255
v -2.082230 0.903143 -4.672709
v -1.513917 0.642711 -4.706255
v -1.513917 0.881786 -4.706255
v -2.113829 0.648243 -4.451354
v -2.113829 0.919583 -4.451354
v -1.513917 0.648243 -4.451354
v -1.513917 0.903143 -4.473875
v -1.693106 0.633405 -4.706255
v -1.813873 0.639436 -4.706255
v -1.829629 0.643839 -4.706255
v -1.925946 0.903143 -4.668829
v -1.752790 0.897684 -4.692395
v -1.671517 0.903143 -4.712310
v -1.829629 0.648243 -4.451354
v -1.813873 0.648243 -4.451354
v -1.798118 0.648243 -4.451354
v -1.535654 0.903544 -4.451354
v -1.752790 0.907902 -4.451354
v -1.913940 0.914927 -4.451354
v -2.113829 0.775693 -4.723399
v -1.513917 0.766886 -4.706255
v -1.513917 0.775693 -4.451354
v -2.113829 0.783913 -4.451354
v -1.798118 0.777748 -4.451354
v -1.813873 0.779803 -4.451354
v -1.829629 0.781858 -4.451354
v -2.042409 0.775140 -4.716169
v -1.670402 0.769360 -4.708299
v -1.572840 0.767795 -4.706984
v -2.350576 0.972677 -4.701887
v -2.385832 0.939173 -4.446986
v -3.019926 0.972677 -4.707419
v -3.019926 0.972677 -4.468344
v -2.350576 1.227578 -4.701887
v -2.350576 1.227578 -4.430547
v -3.019926 1.227578 -4.701887
v -3.019926 1.205057 -4.446986
v -2.685251 0.972677 -4.710694
v -2.667672 0.972677 -4.706290
v -2.560206 0.943053 -4.446986
v -2.753405 0.962699 -4.454100
v -2.667672 1.227578 -4.701887
v -2.685251 1.227578 -4.701887
v -2.753405 1.227578 -4.442226
v -2.573602 1.227578 -4.435203
v -2.350576 0.955533 -4.574437
v -3.019926 0.972677 -4.583243
v -3.019926 1.227578 -4.574437
v -2.350576 1.227578 -4.566216
v -2.685251 1.227578 -4.570327
v -2.667672 1.227578 -4.568272
v -2.430263 0.962763 -4.574990
v -2.615990 0.967862 -4.577473
v -1.808079 0.944360 -4.467016
v -1.834595 1.199260 -4.433513
v -2.311488 0.938828 -4.467016
v -2.311488 1.177903 -4.467016
v -1.808079 0.944360 -4.721917
v -1.808079 1.215700 -4.721917
v -2.311488 0.944360 -4.721917
v -2.311488 1.199260 -4.699396
v -2.161124 0.929522 -4.467016
v -2.059784 0.935553 -4.467016
v -2.046563 0.939956 -4.467016
v -1.965739 1.199260 -4.437392
v -2.111041 1.192147 -4.457038
v -2.179241 1.199260 -4.460961
v -2.046563 0.944360 -4.721917
v -2.059784 0.944360 -4.721917
v -2.073005 0.944360 -4.721917
v -2.293248 1.199661 -4.721917
v -2.111041 1.204020 -4.721917
v -1.975814 1.211044 -4.721917
v -1.808079 1.071810 -4.449872
v -2.311488 1.063003 -4.467016
v -2.311488 1.071810 -4.721917
v -1.808079 1.080030 -4.721917
v -2.073005 1.073865 -4.721917
v -2.059784 1.075920 -4.721917
v -2.046563 1.077975 -4.721917
v -1.868011 1.071257 -4.457102
v -2.007693 1.068774 -4.462201
v -2.012895 1.068490 -4.462621
v -2.306835 0.341769 -4.449724
v -2.338434 0.596670 -4.483272
v -2.906747 0.336237 -4.449724
v -2.906747 0.575313 -4.449724
v -2.306835 0.341769 -4.704625
v -2.306835 0.613109 -4.704625
v -2.906747 0.341769 -4.704625
v -2.906747 0.596670 -4.682104
v -2.727559 0.326932 -4.449724
v -2.606791 0.332962 -4.449724
v -2.591036 0.337366 -4.449724
v -2.494718 0.596670 -4.487151
v -2.667874 0.591210 -4.463585
v -2.749148 0.596670 -4.443669
v -2.591036 0.341769 -4.704625
v -2.606791 0.341769 -4.704625
v -2.622547 0.341769 -4.704625
v -2.885010 0.597071 -4.704625
v -2.667874 0.601429 -4.704625
v -2.506725 0.608454 -4.704625
v -2.306835 0.469220 -4.432581
v -2.906747 0.460413 -4.449724
v -2.906747 0.469220 -4.704625
v -2.306835 0.477439 -4.704625
v -2.622547 0.471275 -4.704625
v -2.606791 0.473329 -4.704625
v -2.591036 0.475384 -4.704625
v -2.378255 0.468666 -4.439811
v -2.750262 0.462887 -4.447681
v -2.847824 0.461322 -4.448997
v -1.615366 0.610092 -4.727388
v -1.650623 0.355191 -4.760893
v -2.284716 0.615624 -4.727388
v -2.284716 0.376548 -4.727388
v -1.615366 0.610092 -4.472487
v -1.615366 0.338751 -4.472487
v -2.284716 0.610092 -4.472487
v -2.284716 0.355191 -4.495008
v -1.950041 0.618898 -4.727388
v -1.932462 0.614495 -4.727388
v -1.824997 0.355191 -4.757013
v -2.018195 0.362304 -4.737367
v -1.932462 0.610092 -4.472487
v -1.950041 0.610092 -4.472487
v -2.018195 0.350432 -4.472487
v -1.838392 0.343407 -4.472487
v -1.615366 0.482641 -4.744533
v -2.284716 0.491448 -4.727388
v -2.284716 0.482641 -4.472487
v -1.615366 0.474421 -4.472487
v -1.950041 0.478531 -4.472487
v -1.932462 0.476476 -4.472487
v -1.695053 0.483194 -4.737303
v -1.880780 0.485677 -4.732203
v -2.717116 0.898160 -4.444490
v -2.686947 0.643259 -4.478037
v -2.144347 0.903692 -4.444490
v -2.144347 0.664616 -4.444490
v -2.717116 0.898160 -4.699391
v -2.717116 0.626820 -4.699391
v -2.144347 0.898160 -4.699391
v -2.144347 0.643259 -4.676870
v -2.315428 0.912997 -4.444490
v -2.430732 0.906967 -4.444490
v -2.445774 0.902563 -4.444490
v -2.537734 0.643259 -4.481916
v -2.372412 0.648719 -4.458350
v -2.294816 0.643259 -4.438436
v -2.445774 0.898160 -4.699391
v -2.430732 0.898160 -4.699391
v -2.415689 0.898160 -4.699391
v -2.165101 0.642859 -4.699391
v -2.372412 0.638500 -4.699391
v -2.526271 0.631475 -4.699391
v -2.717116 0.770710 -4.427346
v -2.144347 0.779516 -4.444490
v -2.144347 0.770709 -4.699391
v -2.717116 0.762490 -4.699391
v -2.415689 0.768654 -4.699391
v -2.430732 0.766600 -4.699391
v -2.445774 0.764545 -4.699391
v -2.648927 0.771263 -4.434576
v -2.293752 0.777043 -4.442448
v -2.200604 0.778608 -4.443762
v -0.978971 0.636256 -4.467016
v -1.005487 0.891157 -4.433513
v -1.482380 0.630724 -4.467016
v -1.482380 0.869799 -4.467016
v -0.978971 0.636256 -4.721917
v -0.978971 0.907596 -4.721917
v -1.482380 0.636256 -4.721917
v -1.482380 0.891157 -4.699396
v -1.332016 0.621419 -4.467016
v -1.230676 0.627449 -4.467016
v -1.217455 0.631853 -4.467016
v -1.136631 0.891157 -4.437392
v -1.281933 0.884044 -4.457038
v -1.350133 0.891157 -4.460961
v -1.217455 0.636256 -4.721917
v -1.230676 0.636256 -4.721917
v -1.243897 0.636256 -4.721917
v -1.464140 0.891557 -4.721917
v -1.281933 0.895916 -4.721917
v -1.146706 0.902941 -4.721917
v -0.978971 0.763707 -4.449872
v -1.482380 0.754900 -4.467016
v -1.482380 0.763707 -4.721917
v -0.978971 0.771926 -4.721917
v -1.243897 0.765762 -4.721917
v -1.230676 0.767816 -4.721917
v -1.217455 0.769871 -4.721917
v -1.038903 0.763153 -4.457102
v -1.178585 0.760671 -4.462201
v -1.183787 0.760387 -4.462621
v -1.787468 1.199807 -4.453298
v -1.755869 0.944907 -4.486845
v -1.187556 1.205340 -4.453298
v -1.187556 0.966264 -4.453298
v -1.787468 1.199807 -4.708198
v -1.787468 0.928467 -4.708198
v -1.187556 1.199808 -4.708199
v -1.187556 0.944907 -4.685678
v -1.366745 1.214645 -4.453298
v -1.487512 1.208614 -4.453298
v -1.503268 1.204211 -4.453298
v -1.599584 0.944907 -4.490725
v -1.426429 0.950366 -4.467158
v -1.345155 0.944907 -4.447242
v -1.503268 1.199808 -4.708198
v -1.487512 1.199808 -4.708198
v -1.471757 1.199808 -4.708198
v -1.209293 0.944507 -4.708198
v -1.426429 0.940148 -4.708198
v -1.587578 0.933123 -4.708198
v -1.787468 1.072357 -4.436153
v -1.187556 1.081164 -4.453298
v -1.187556 1.072357 -4.708199
v -1.787468 1.064137 -4.708198
v -1.471756 1.070302 -4.708198
v -1.487512 1.068247 -4.708198
v -1.503268 1.066192 -4.708198
v -1.716048 1.072910 -4.443383
v -1.344041 1.078690 -4.451254
v -1.246479 1.080256 -4.452570
v -1.019525 0.598859 -4.706255
v -1.049695 0.343959 -4.672709
v -1.592294 0.604392 -4.706255
v -1.592294 0.365316 -4.706255
v -1.019525 0.598859 -4.451354
v -1.019526 0.327519 -4.451354
v -1.592294 0.598860 -4.451354
v -1.592294 0.343959 -4.473875
v -1.421213 0.613697 -4.706255
v -1.305910 0.607666 -4.706255
v -1.290867 0.603263 -4.706255
v -1.198908 0.343959 -4.668829
v -1.364229 0.349418 -4.692395
v -1.441825 0.343959 -4.712310
v -1.290867 0.598859 -4.451354
v -1.305910 0.598859 -4.451354
v -1.320952 0.598859 -4.451354
v -1.571540 0.343558 -4.451354
v -1.364229 0.339200 -4.451354
v -1.210371 0.332175 -4.451354
v -1.019525 0.471409 -4.723399
v -1.592294 0.480216 -4.706255
v -1.592294 0.471409 -4.451354
v -1.019525 0.463189 -4.451354
v -1.320952 0.469354 -4.451354
v -1.305910 0.467299 -4.451354
v -1.290867 0.465244 -4.451354
v -1.087714 0.471962 -4.716169
v -1.442889 0.477742 -4.708299
v -1.536037 0.479307 -4.706984
v -0.994320 0.330114 -4.727388
v -0.959896 0.585015 -4.760893
v -0.340778 0.324582 -4.727388
v -0.340778 0.563657 -4.727388
v -0.994320 0.330114 -4.472487
v -0.994320 0.601455 -4.472487
v -0.340778 0.330114 -4.472487
v -0.340778 0.585015 -4.495008
v -0.667549 0.321307 -4.727388
v -0.684713 0.325711 -4.727388
v -0.789640 0.585015 -4.757013
v -0.601005 0.577902 -4.737367
v -0.684713 0.330114 -4.472487
v -0.667549 0.330114 -4.472487
v -0.601005 0.589774 -4.472487
v -0.776561 0.596799 -4.472487
v -0.994320 0.457565 -4.744533
v -0.340778 0.448758 -4.727388
v -0.340778 0.457565 -4.472487
v -0.994320 0.465785 -4.472487
v -0.667549 0.461675 -4.472487
v -0.684713 0.463730 -4.472487
v -0.916515 0.457011 -4.737303
v -0.735175 0.454529 -4.732203
v -0.678160 0.948468 -4.467016
v -0.703784 1.203368 -4.433513
v -1.164638 0.942936 -4.467016
v -1.164638 1.182011 -4.467016
v -0.678160 0.948468 -4.721917
v -0.678160 1.219808 -4.721917
v -1.164638 0.948468 -4.721917
v -1.164638 1.203368 -4.699396
v -1.019331 0.933630 -4.467016
v -0.921399 0.939661 -4.467016
v -0.908622 0.944064 -4.467016
v -0.830517 1.203368 -4.437392
v -0.970932 1.196255 -4.457038
v -1.036838 1.203368 -4.460961
v -0.908622 0.948468 -4.721917
v -0.921399 0.948468 -4.721917
v -0.934175 0.948468 -4.721917
v -1.147010 1.203769 -4.721917
v -0.970932 1.208127 -4.721917
v -0.840253 1.215152 -4.721917
v -0.678160 1.075918 -4.449872
v -1.164638 1.067111 -4.467016
v -1.164638 1.075918 -4.721917
v -0.678160 1.084138 -4.721917
v -0.934175 1.077973 -4.721917
v -0.921399 1.080028 -4.721917
v -0.908622 1.082083 -4.721917
v -0.736076 1.075365 -4.457102
v -0.871060 1.072882 -4.462201
v -0.876087 1.072598 -4.462621
v -0.629390 0.943305 -4.706255
v -0.597792 1.198205 -4.672709
v -0.029478 0.937773 -4.706255
v -0.029478 1.176848 -4.706255
v -0.629390 0.943305 -4.451354
v -0.629390 1.214645 -4.451354
v -0.029478 0.943305 -4.451354
v -0.029478 1.198205 -4.473875
v -0.208667 0.928467 -4.706255
v -0.329434 0.934498 -4.706255
v -0.345190 0.938901 -4.706255
v -0.441507 1.198205 -4.668829
v -0.268351 1.192746 -4.692395
v -0.187078 1.198205 -4.712310
v -0.345190 0.943305 -4.451354
v -0.329434 0.943305 -4.451354
v -0.313679 0.943305 -4.451354
v -0.051216 1.198606 -4.451354
v -0.268351 1.202965 -4.451354
v -0.429501 1.209989 -4.451354
v -0.629390 1.070755 -4.723399
v -0.029478 1.061948 -4.706255
v -0.029478 1.070755 -4.451354
v -0.629390 1.078975 -4.451354
v -0.313679 1.072810 -4.451354
v -0.329434 1.074865 -4.451354
v -0.345190 1.076920 -4.451354
v -0.557970 1.070202 -4.716169
v -0.185964 1.064422 -4.708299
v -0.088401 1.062857 -4.706984
v -0.449823 0.636256 -4.467016
v -0.476339 0.891157 -4.433513
v -0.953232 0.630724 -4.467016
v -0.953232 0.869799 -4.467016
v -0.449823 0.636256 -4.721917
v -0.449823 0.907596 -4.721917
v -0.953232 0.636256 -4.721917
v -0.953232 0.891157 -4.699396
v -0.802868 0.621419 -4.467016
v -0.701528 0.627449 -4.467016
v -0.688307 0.631853 -4.467016
v -0.607483 0.891157 -4.437392
v -0.752785 0.884044 -4.457038
v -0.820985 0.891157 -4.460961
v -0.688307 0.636256 -4.721917
v -0.701528 0.636256 -4.721917
v -0.714749 0.636256 -4.721917
v -0.934992 0.891557 -4.721917
v -0.752785 0.895916 -4.721917
v -0.617558 0.902941 -4.721917
v -0.449823 0.763707 -4.449872
v -0.953232 0.754900 -4.467016
v -0.953232 0.763707 -4.721917
v -0.449823 0.771926 -4.721917
v -0.714749 0.765762 -4.721917
v -0.701528 0.767816 -4.721917
v -0.688307 0.769871 -4.721917
v -0.509755 0.763153 -4.457102
v -0.649438 0.760671 -4.462201
v -0.654639 0.760387 -4.462621
v 0.161041 0.641657 -4.446847
v 0.130872 0.896558 -4.480394
v -0.411727 0.636125 -4.446847
v -0.411727 0.875200 -4.446847
v 0.161041 0.641657 -4.701748
v 0.161041 0.912997 -4.701748
v -0.411727 0.641657 -4.701748
v -0.411727 0.896558 -4.679227
v -0.240646 0.626820 -4.446847
v -0.125343 0.632850 -4.446847
v -0.110300 0.637254 -4.446847
v -0.018341 0.896558 -4.484274
v -0.183663 0.891098 -4.460709
v -0.261258 0.896558 -4.440792
v -0.110300 0.641657 -4.701748
v -0.125343 0.641657 -4.701748
v -0.140386 0.641657 -4.701748
v -0.390973 0.896958 -4.701748
v -0.183663 0.901317 -4.701748
v -0.029804 0.908341 -4.701748
v 0.161041 0.769107 -4.429704
v -0.411727 0.760301 -4.446847
v -0.411727 0.769107 -4.701748
v 0.161041 0.777327 -4.701748
v -0.140386 0.771162 -4.701748
v -0.125343 0.773217 -4.701748
v -0.110300 0.775272 -4.701748
v 0.092852 0.768554 -4.436934
v -0.262322 0.762774 -4.444804
v -0.355470 0.761209 -4.446120
v 2.823214 0.589551 -4.727388
v 2.787957 0.334651 -4.760893
v 2.153864 0.595083 -4.727389
v 2.153864 0.356008 -4.727389
v 2.823214 0.589551 -4.472487
v 2.823214 0.318211 -4.472488
v 2.153864 0.589551 -4.472488
v 2.153864 0.334651 -4.495009
v 2.488539 0.598358 -4.727388
v 2.506118 0.593955 -4.727388
v 2.613584 0.334651 -4.757013
v 2.420385 0.341764 -4.737368
v 2.506118 0.589551 -4.472487
v 2.488539 0.589551 -4.472487
v 2.420385 0.329891 -4.472488
v 2.600188 0.322867 -4.472488
v 2.823214 0.462101 -4.744534
v 2.153864 0.470908 -4.727389
v 2.153864 0.462101 -4.472488
v 2.823214 0.453881 -4.472487
v 2.488539 0.457991 -4.472488
v 2.506118 0.455936 -4.472488
v 2.743527 0.462654 -4.737304
v 2.557800 0.465137 -4.732203
v 1.487747 0.322284 -4.467016
v 1.461231 0.577185 -4.433514
v 0.984338 0.316752 -4.467016
v 0.984338 0.555827 -4.467016
v 1.487747 0.322284 -4.721917
v 1.487747 0.593624 -4.721917
v 0.984338 0.322284 -4.721917
v 0.984338 0.577185 -4.699396
v 1.134702 0.307447 -4.467016
v 1.236042 0.313477 -4.467016
v 1.249264 0.317881 -4.467016
v 1.330087 0.577185 -4.437393
v 1.184785 0.570071 -4.457038
v 1.116585 0.577185 -4.460961
v 1.249264 0.322284 -4.721917
v 1.236042 0.322284 -4.721917
v 1.222821 0.322284 -4.721917
v 1.002578 0.577585 -4.721917
v 1.184785 0.581944 -4.721917
v 1.320012 0.588969 -4.721917
v 1.487747 0.449734 -4.449872
v 0.984338 0.440928 -4.467016
v 0.984338 0.449734 -4.721917
v 1.487747 0.457954 -4.721917
v 1.222821 0.451789 -4.721917
v 1.236042 0.453844 -4.721917
v 1.249264 0.455899 -4.721917
v 1.427815 0.449181 -4.457102
v 1.288133 0.446699 -4.462201
v 1.282931 0.446415 -4.462621
v 0.596966 1.192178 -4.706255
v 0.565367 0.937277 -4.672709
v -0.002946 1.197710 -4.706255
v -0.002946 0.958635 -4.706255
v 0.596966 1.192178 -4.451354
v 0.596966 0.920838 -4.451354
v -0.002946 1.192178 -4.451354
v -0.002946 0.937277 -4.473875
v 0.176243 1.207016 -4.706255
v 0.297010 1.200985 -4.706255
v 0.312766 1.196582 -4.706255
v 0.409083 0.937277 -4.668829
v 0.235927 0.942737 -4.692395
v 0.154653 0.937277 -4.712310
v 0.312766 1.192178 -4.451354
v 0.297010 1.192178 -4.451354
v 0.281255 1.192178 -4.451354
v 0.018792 0.936877 -4.451354
v 0.235927 0.932518 -4.451354
v 0.397077 0.925494 -4.451354
v 0.596966 1.064728 -4.723399
v -0.002946 1.073535 -4.706255
v -0.002946 1.064728 -4.451354
v 0.596966 1.056508 -4.451354
v 0.281255 1.062673 -4.451354
v 0.297010 1.060618 -4.451354
v 0.312766 1.058563 -4.451354
v 0.525546 1.065281 -4.716169
v 0.153539 1.071061 -4.708299
v 0.055977 1.072626 -4.706984
v 1.288435 1.203998 -4.727388
v 1.253179 0.949097 -4.760893
v 0.619085 1.209530 -4.727388
v 0.619085 0.970454 -4.727389
v 1.288435 1.203998 -4.472487
v 1.288435 0.932657 -4.472487
v 0.619085 1.203998 -4.472487
v 0.619085 0.949097 -4.495009
v 0.953760 1.212805 -4.727388
v 0.971339 1.208401 -4.727388
v 1.078805 0.949097 -4.757013
v 0.885607 0.956210 -4.737368
v 0.971339 1.203998 -4.472487
v 0.953760 1.203998 -4.472487
v 0.885607 0.944338 -4.472488
v 1.065409 0.937313 -4.472488
v 1.288435 1.076547 -4.744533
v 0.619085 1.085354 -4.727388
v 0.619085 1.076547 -4.472488
v 1.288435 1.068327 -4.472487
v 0.953760 1.072437 -4.472487
v 0.971339 1.070382 -4.472487
v 1.208748 1.077101 -4.737303
v 1.023021 1.079583 -4.732203
v 0.184809 0.883371 -4.422017
v 0.214977 0.628470 -4.455564
v 0.757577 0.888903 -4.422017
v 0.757577 0.649828 -4.422017
v 0.184809 0.883371 -4.676918
v 0.184808 0.612031 -4.676918
v 0.757577 0.883371 -4.676918
v 0.757577 0.628470 -4.654397
v 0.586496 0.898208 -4.422017
v 0.471193 0.892178 -4.422017
v 0.456150 0.887774 -4.422017
v 0.364191 0.628470 -4.459443
v 0.529512 0.633930 -4.435878
v 0.607108 0.628470 -4.415962
v 0.456150 0.883371 -4.676918
v 0.471193 0.883371 -4.676918
v 0.486235 0.883371 -4.676918
v 0.736823 0.628070 -4.676918
v 0.529512 0.623711 -4.676918
v 0.375654 0.616687 -4.676918
v 0.184808 0.755921 -4.404873
v 0.757577 0.764727 -4.422017
v 0.757577 0.755921 -4.676918
v 0.184809 0.747701 -4.676918
v 0.486235 0.753866 -4.676918
v 0.471193 0.751811 -4.676918
v 0.456150 0.749756 -4.676918
v 0.252997 0.756474 -4.412103
v 0.608172 0.762254 -4.419974
v 0.701320 0.763819 -4.421289
v 0.782782 0.614626 -4.727388
v 0.817206 0.869527 -4.760893
v 1.436324 0.609094 -4.727388
v 1.436324 0.848169 -4.727389
v 0.782782 0.614626 -4.472487
v 0.782782 0.885966 -4.472488
v 1.436324 0.614626 -4.472487
v 1.436324 0.869527 -4.495009
v 1.109553 0.605819 -4.727388
v 1.092389 0.610222 -4.727388
v 0.987462 0.869527 -4.757013
v 1.176097 0.862413 -4.737368
v 1.092389 0.614626 -4.472487
v 1.109553 0.614626 -4.472487
v 1.176097 0.874286 -4.472488
v 1.000541 0.881310 -4.472488
v 0.782782 0.742076 -4.744533
v 1.436324 0.733269 -4.727388
v 1.436324 0.742076 -4.472487
v 0.782782 0.750296 -4.472487
v 1.109553 0.746186 -4.472487
v 1.092389 0.748241 -4.472487
v 0.860587 0.741523 -4.737303
v 1.041927 0.739041 -4.732203
v 1.809754 0.948468 -4.467016
v 1.784131 1.203368 -4.433514
v 1.323277 0.942936 -4.467016
v 1.323277 1.182011 -4.467016
v 1.809754 0.948468 -4.721917
v 1.809754 1.219808 -4.721917
v 1.323277 0.948468 -4.721917
v 1.323277 1.203368 -4.699396
v 1.468583 0.933630 -4.467016
v 1.566516 0.939661 -4.467016
v 1.579292 0.944064 -4.467016
v 1.657397 1.203368 -4.437393
v 1.516982 1.196255 -4.457038
v 1.451076 1.203368 -4.460961
v 1.579292 0.948468 -4.721917
v 1.566516 0.948468 -4.721917
v 1.553739 0.948468 -4.721917
v 1.340904 1.203769 -4.721917
v 1.516982 1.208127 -4.721917
v 1.647661 1.215152 -4.721917
v 1.809754 1.075918 -4.449872
v 1.323277 1.067111 -4.467016
v 1.323277 1.075918 -4.721917
v 1.809754 1.084138 -4.721917
v 1.553739 1.077973 -4.721917
v 1.566516 1.080028 -4.721917
v 1.579292 1.082083 -4.721917
v 1.751838 1.075365 -4.457102
v 1.616854 1.072882 -4.462202
v 1.611827 1.072598 -4.462623
v 3.111473 0.892759 -4.688414
v 3.084957 0.637858 -4.721917
v 2.608063 0.898291 -4.688414
v 2.608063 0.659216 -4.688414
v 3.111473 0.892759 -4.433513
v 3.111473 0.621419 -4.433513
v 2.608063 0.892759 -4.433513
v 2.608063 0.637858 -4.456034
v 2.758427 0.907597 -4.688414
v 2.859768 0.901566 -4.688414
v 2.872989 0.897163 -4.688414
v 2.953812 0.637858 -4.718038
v 2.808511 0.644972 -4.698392
v 2.740311 0.637858 -4.694468
v 2.872989 0.892759 -4.433513
v 2.859768 0.892759 -4.433513
v 2.846547 0.892759 -4.433513
v 2.626303 0.637458 -4.433513
v 2.808511 0.633099 -4.433513
v 2.943737 0.626075 -4.433513
v 3.111473 0.765309 -4.705557
v 2.608063 0.774116 -4.688414
v 2.608063 0.765309 -4.433513
v 3.111473 0.757089 -4.433513
v 2.846547 0.763254 -4.433513
v 2.859768 0.761199 -4.433513
v 2.872989 0.759144 -4.433513
v 3.051541 0.765862 -4.698327
v 2.911858 0.768344 -4.693229
v 2.906657 0.768629 -4.692808
v 4.819585 0.586617 -4.727389
v 4.785161 0.331716 -4.760893
v 4.166043 0.592149 -4.727389
v 4.166043 0.353074 -4.727389
v 4.819585 0.586617 -4.472488
v 4.819585 0.315277 -4.472488
v 4.166043 0.586617 -4.472488
v 4.166043 0.331716 -4.495009
v 4.492814 0.595424 -4.727389
v 4.509978 0.591021 -4.727389
v 4.614905 0.331716 -4.757013
v 4.426270 0.338830 -4.737368
v 4.509978 0.586617 -4.472488
v 4.492814 0.586617 -4.472488
v 4.426270 0.326957 -4.472488
v 4.601826 0.319933 -4.472488
v 4.819585 0.459167 -4.744534
v 4.166043 0.467974 -4.727389
v 4.166043 0.459167 -4.472488
v 4.819585 0.450947 -4.472488
v 4.492814 0.455057 -4.472488
v 4.509978 0.453002 -4.472488
v 4.741779 0.459720 -4.737304
v 4.560439 0.462202 -4.732203
v 3.427681 0.342356 -4.469888
v 3.397512 0.597257 -4.503435
v 2.854912 0.336825 -4.469888
v 2.854912 0.575900 -4.469888
v 3.427681 0.342356 -4.724789
v 3.427681 0.613697 -4.724789
v 2.854912 0.342357 -4.724789
v 2.854912 0.597257 -4.702268
v 3.025994 0.327519 -4.469888
v 3.141297 0.333550 -4.469888
v 3.156339 0.337953 -4.469888
v 3.248299 0.597257 -4.507316
v 3.082978 0.591798 -4.483748
v 3.005381 0.597257 -4.463833
v 3.156339 0.342356 -4.724789
v 3.141297 0.342356 -4.724789
v 3.126254 0.342356 -4.724789
v 2.875666 0.597658 -4.724789
v 3.082978 0.602016 -4.724789
v 3.236835 0.609041 -4.724789
v 3.427681 0.469807 -4.452744
v 2.854912 0.461000 -4.469888
v 2.854912 0.469807 -4.724789
v 3.427681 0.478027 -4.724789
v 3.126254 0.471862 -4.724789
v 3.141297 0.473917 -4.724789
v 3.156339 0.475972 -4.724789
v 3.359493 0.469254 -4.459973
v 3.004317 0.463474 -4.467845
v 2.911169 0.461909 -4.469160
v 3.136404 0.641657 -4.706256
v 3.166573 0.896558 -4.672709
v 3.709173 0.636125 -4.706256
v 3.709173 0.875200 -4.706256
v 3.136404 0.641657 -4.451355
v 3.136404 0.912997 -4.451355
v 3.709173 0.641657 -4.451355
v 3.709173 0.896558 -4.473876
v 3.538092 0.626820 -4.706256
v 3.422789 0.632850 -4.706256
v 3.407746 0.637254 -4.706256
v 3.315787 0.896558 -4.668829
v 3.481108 0.891098 -4.692395
v 3.558704 0.896558 -4.712311
v 3.407746 0.641657 -4.451355
v 3.422789 0.641657 -4.451355
v 3.437832 0.641657 -4.451355
v 3.688420 0.896958 -4.451355
v 3.481108 0.901317 -4.451355
v 3.327250 0.908341 -4.451355
v 3.136404 0.769107 -4.723400
v 3.709173 0.760300 -4.706256
v 3.709173 0.769107 -4.451355
v 3.136404 0.777327 -4.451355
v 3.437832 0.771162 -4.451355
v 3.422789 0.773217 -4.451355
v 3.407746 0.775272 -4.451355
v 3.204593 0.768554 -4.716170
v 3.559768 0.762774 -4.708299
v 3.652916 0.761209 -4.706984
v 3.453604 0.333049 -4.727388
v 3.488860 0.587949 -4.760893
v 4.122953 0.327516 -4.727389
v 4.122953 0.566592 -4.727389
v 3.453604 0.333049 -4.472488
v 3.453604 0.604389 -4.472488
v 4.122953 0.333048 -4.472488
v 4.122953 0.587949 -4.495009
v 3.788278 0.324242 -4.727389
v 3.770699 0.328645 -4.727389
v 3.663234 0.587949 -4.757013
v 3.856432 0.580836 -4.737368
v 3.770699 0.333049 -4.472488
v 3.788278 0.333049 -4.472488
v 3.856432 0.592708 -4.472488
v 3.676629 0.599733 -4.472488
v 3.453604 0.460499 -4.744534
v 4.122953 0.451692 -4.727389
v 4.122953 0.460499 -4.472488
v 3.453604 0.468719 -4.472488
v 3.788278 0.464609 -4.472488
v 3.770699 0.466664 -4.472488
v 3.533290 0.459946 -4.737304
v 3.719017 0.457463 -4.732203
v 3.746868 0.871129 -4.467784
v 3.781291 0.616228 -4.434279
v 4.400409 0.876661 -4.467784
v 4.400409 0.637586 -4.467784
v 3.746868 0.871129 -4.722684
v 3.746868 0.599788 -4.722684
v 4.400409 0.871129 -4.722684
v 4.400409 0.616228 -4.700163
v 4.073638 0.879936 -4.467784
v 4.056475 0.875532 -4.467784
v 3.951547 0.616228 -4.438159
v 4.140182 0.623342 -4.457805
v 4.056475 0.871129 -4.722684
v 4.073638 0.871129 -4.722684
v 4.140182 0.611469 -4.722684
v 3.964626 0.604444 -4.722684
v 3.746868 0.743678 -4.450640
v 4.400409 0.752486 -4.467784
v 4.400409 0.743679 -4.722684
v 3.746868 0.735458 -4.722684
v 4.073638 0.739569 -4.722684
v 4.056475 0.737514 -4.722684
v 3.824673 0.744232 -4.457870
v 4.006013 0.746714 -4.462968
v 4.433804 0.937317 -4.467016
v 4.407289 1.192218 -4.433514
v 3.930394 0.931785 -4.467016
v 3.930394 1.170861 -4.467016
v 4.433804 0.937317 -4.721917
v 4.433804 1.208658 -4.721917
v 3.930394 0.937317 -4.721917
v 3.930394 1.192218 -4.699396
v 4.080758 0.922480 -4.467016
v 4.182099 0.928510 -4.467016
v 4.195320 0.932914 -4.467016
v 4.276143 1.192218 -4.437393
v 4.130841 1.185105 -4.457038
v 4.062642 1.192218 -4.460961
v 4.195320 0.937317 -4.721917
v 4.182099 0.937317 -4.721917
v 4.168878 0.937317 -4.721917
v 3.948635 1.192618 -4.721917
v 4.130841 1.196977 -4.721917
v 4.266068 1.204002 -4.721917
v 4.433804 1.064768 -4.449872
v 3.930394 1.055961 -4.467016
v 3.930394 1.064768 -4.721917
v 4.433804 1.072987 -4.721917
v 4.168878 1.066823 -4.721917
v 4.182099 1.068878 -4.721917
v 4.195320 1.070932 -4.721917
v 4.373872 1.064214 -4.457102
v 4.234190 1.061732 -4.462202
v 4.228988 1.061448 -4.462623
v 2.001456 0.898160 -4.442049
v 2.031625 0.643259 -4.475596
v 2.574225 0.903692 -4.442049
v 2.574225 0.664617 -4.442049
v 2.001456 0.898160 -4.696950
v 2.001456 0.626820 -4.696950
v 2.574225 0.898160 -4.696950
v 2.574225 0.643259 -4.674429
v 2.403143 0.912997 -4.442049
v 2.287840 0.906967 -4.442049
v 2.272798 0.902563 -4.442049
v 2.180839 0.643259 -4.479476
v 2.346160 0.648719 -4.455910
v 2.423756 0.643259 -4.435994
v 2.272798 0.898160 -4.696950
v 2.287840 0.898160 -4.696950
v 2.302883 0.898160 -4.696950
v 2.553471 0.642859 -4.696950
v 2.346160 0.638500 -4.696950
v 2.192302 0.631475 -4.696950
v 2.001456 0.770709 -4.424905
v 2.574225 0.779516 -4.442049
v 2.574225 0.770710 -4.696950
v 2.001456 0.762490 -4.696950
v 2.302883 0.768655 -4.696950
v 2.287840 0.766600 -4.696950
v 2.272798 0.764545 -4.696950
v 2.069645 0.771263 -4.432135
v 2.424820 0.777043 -4.440006
v 2.517968 0.778608 -4.441321
v 3.903109 1.203998 -4.727388
v 3.867852 0.949097 -4.760893
v 3.233759 1.209530 -4.727389
v 3.233759 0.970454 -4.727389
v 3.903109 1.203998 -4.472487
v 3.903109 0.932657 -4.472488
v 3.233759 1.203998 -4.472488
v 3.233759 0.949097 -4.495009
v 3.568434 1.212805 -4.727389
v 3.586013 1.208401 -4.727389
v 3.693479 0.949097 -4.757013
v 3.500280 0.956210 -4.737368
v 3.586013 1.203998 -4.472488
v 3.568434 1.203998 -4.472488
v 3.500280 0.944338 -4.472488
v 3.680083 0.937313 -4.472488
v 3.903109 1.076547 -4.744534
v 3.233759 1.085354 -4.727389
v 3.233759 1.076547 -4.472488
v 3.903109 1.068327 -4.472488
v 3.568434 1.072437 -4.472488
v 3.586013 1.070382 -4.472488
v 3.823422 1.077101 -4.737304
v 3.637695 1.079583 -4.732203
v 1.520878 0.330619 -4.706255
v 1.552477 0.585520 -4.672709
v 2.120790 0.325087 -4.706256
v 2.120790 0.564162 -4.706256
v 1.520878 0.330619 -4.451355
v 1.520878 0.601959 -4.451355
v 2.120790 0.330619 -4.451354
v 2.120790 0.585520 -4.473876
v 1.941602 0.315782 -4.706256
v 1.820834 0.321812 -4.706256
v 1.805079 0.326215 -4.706256
v 1.708762 0.585520 -4.668829
v 1.881917 0.580060 -4.692395
v 1.963191 0.585520 -4.712311
v 1.805079 0.330619 -4.451355
v 1.820834 0.330619 -4.451355
v 1.836589 0.330619 -4.451355
v 2.099053 0.585920 -4.451354
v 1.881917 0.590279 -4.451355
v 1.720768 0.597303 -4.451354
v 1.520878 0.458069 -4.723400
v 2.120790 0.449262 -4.706256
v 2.120790 0.458069 -4.451354
v 1.520878 0.466289 -4.451355
v 1.836589 0.460124 -4.451355
v 1.820834 0.462179 -4.451355
v 1.805079 0.464234 -4.451355
v 1.592298 0.457516 -4.716169
v 1.964305 0.451736 -4.708299
v 2.061867 0.450171 -4.706984
v 0.955096 0.588964 -4.727388
v 0.919840 0.334064 -4.760893
v 0.285747 0.594496 -4.727388
v 0.285747 0.355421 -4.727389
v 0.955096 0.588964 -4.472487
v 0.955096 0.317624 -4.472487
v 0.285747 0.588964 -4.472487
v 0.285747 0.334064 -4.495009
v 0.620422 0.597771 -4.727388
v 0.638001 0.593368 -4.727388
v 0.745466 0.334064 -4.757013
v 0.552268 0.341177 -4.737368
v 0.638001 0.588964 -4.472487
v 0.620422 0.588964 -4.472487
v 0.552268 0.329304 -4.472488
v 0.732070 0.322280 -4.472488
v 0.955096 0.461514 -4.744533
v 0.285747 0.470321 -4.727388
v 0.285747 0.461514 -4.472488
v 0.955096 0.453294 -4.472487
v 0.620422 0.457404 -4.472487
v 0.638001 0.455349 -4.472487
v 0.875410 0.462067 -4.737303
v 0.689683 0.464550 -4.732203
v -0.319785 0.344313 -4.706255
v -0.289616 0.599213 -4.672709
v 0.252983 0.338781 -4.706255
v 0.252983 0.577856 -4.706255
v -0.319785 0.344313 -4.451354
v -0.319785 0.615653 -4.451354
v 0.252983 0.344313 -4.451354
v 0.252983 0.599213 -4.473875
v 0.081902 0.329475 -4.706255
v -0.033401 0.335506 -4.706255
v -0.048444 0.339909 -4.706255
v -0.140403 0.599213 -4.668829
v 0.024919 0.593754 -4.692395
v 0.102515 0.599213 -4.712310
v -0.048444 0.344313 -4.451354
v -0.033401 0.344313 -4.451354
v -0.018358 0.344313 -4.451354
v 0.232229 0.599614 -4.451354
v 0.024919 0.603973 -4.451354
v -0.128940 0.610997 -4.451354
v -0.319785 0.471763 -4.723399
v 0.252983 0.462956 -4.706255
v 0.252983 0.471763 -4.451354
v -0.319785 0.479983 -4.451354
v -0.018358 0.473818 -4.451354
v -0.033401 0.475873 -4.451354
v -0.048444 0.477928 -4.451354
v -0.251596 0.471210 -4.716169
v 0.103578 0.465430 -4.708299
v 0.196726 0.463865 -4.706984
v 1.478209 0.885717 -4.467016
v 1.503833 0.630816 -4.433514
v 1.964687 0.891248 -4.467016
v 1.964687 0.652173 -4.467016
v 1.478209 0.885717 -4.721917
v 1.478209 0.614376 -4.721917
v 1.964687 0.885716 -4.721917
v 1.964687 0.630816 -4.699396
v 1.819380 0.900554 -4.467016
v 1.721448 0.894523 -4.467016
v 1.708671 0.890120 -4.467016
v 1.630566 0.630816 -4.437393
v 1.770981 0.637929 -4.457038
v 1.836887 0.630816 -4.460961
v 1.708671 0.885717 -4.721917
v 1.721448 0.885717 -4.721917
v 1.734224 0.885717 -4.721917
v 1.947060 0.630415 -4.721917
v 1.770981 0.626057 -4.721917
v 1.640302 0.619032 -4.721917
v 1.478209 0.758266 -4.449872
v 1.964687 0.767073 -4.467016
v 1.964687 0.758266 -4.721917
v 1.478209 0.750046 -4.721917
v 1.734224 0.756211 -4.721917
v 1.721448 0.754156 -4.721917
v 1.708671 0.752101 -4.721917
v 1.536125 0.758819 -4.457102
v 1.671109 0.761302 -4.462202
v 1.676136 0.761586 -4.462623
v 1.856671 1.204971 -4.467016
v 1.883186 0.950070 -4.433514
v 2.360080 1.210503 -4.467016
v 2.360080 0.971427 -4.467016
v 1.856671 1.204971 -4.721917
v 1.856671 0.933630 -4.721917
v 2.360080 1.204971 -4.721917
v 2.360080 0.950070 -4.699396
v 2.209716 1.219808 -4.467016
v 2.108375 1.213778 -4.467016
v 2.095154 1.209374 -4.467016
v 2.014331 0.950070 -4.437393
v 2.159632 0.957183 -4.457038
v 2.227832 0.950070 -4.460961
v 2.095154 1.204971 -4.721917
v 2.108375 1.204971 -4.721917
v 2.121596 1.204971 -4.721917
v 2.341839 0.949669 -4.721917
v 2.159632 0.945311 -4.721917
v 2.024405 0.938286 -4.721917
v 1.856671 1.077520 -4.449872
v 2.360080 1.086327 -4.467016
v 2.360080 1.077520 -4.721917
v 1.856671 1.069301 -4.721917
v 2.121596 1.075465 -4.721917
v 2.108375 1.073410 -4.721917
v 2.095154 1.071355 -4.721917
v 1.916602 1.078074 -4.457102
v 2.056285 1.080556 -4.462202
v 2.061487 1.080840 -4.462623
v 2.409393 0.953869 -4.706256
v 2.449260 1.208769 -4.672709
v 3.166304 0.948336 -4.706256
v 3.166304 1.187412 -4.706256
v 2.409393 0.953869 -4.451355
v 2.409393 1.225209 -4.451355
v 3.166304 0.953869 -4.451355
v 3.166304 1.208769 -4.473876
v 2.940222 0.939031 -4.706256
v 2.787848 0.945062 -4.706256
v 2.767969 0.949465 -4.706256
v 2.646446 1.208769 -4.668829
v 2.864918 1.203310 -4.692395
v 2.967460 1.208769 -4.712311
v 2.767969 0.953869 -4.451355
v 2.787848 0.953869 -4.451355
v 2.807728 0.953869 -4.451355
v 3.138879 1.209170 -4.451355
v 2.864918 1.213528 -4.451355
v 2.661594 1.220553 -4.451355
v 2.409393 1.081319 -4.723400
v 3.166304 1.072512 -4.706256
v 3.166304 1.081319 -4.451355
v 2.409393 1.089539 -4.451355
v 2.807728 1.083374 -4.451355
v 2.787848 1.085429 -4.451355
v 2.767969 1.087484 -4.451355
v 2.499504 1.080766 -4.716170
v 2.968866 1.074986 -4.708299
v 3.091961 1.073421 -4.706984
v -4.458152 0.348199 4.315191
v -4.424648 0.603100 4.336986
v -4.458151 0.342667 4.728975
v -4.458151 0.581742 4.728975
v -4.713052 0.348199 4.315191
v -4.713052 0.619539 4.315191
v -4.713052 0.348199 4.728975
v -4.690531 0.603100 4.728975
v -4.458151 0.333361 4.605381
v -4.458151 0.339392 4.522083
v -4.458151 0.343795 4.511215
v -4.428527 0.603100 4.444782
v -4.448173 0.595986 4.564214
v -4.452096 0.603100 4.620272
v -4.713052 0.348199 4.511215
v -4.713052 0.348199 4.522083
v -4.713052 0.348199 4.532950
v -4.713052 0.603500 4.713982
v -4.713052 0.607859 4.564214
v -4.713052 0.614883 4.453063
v -4.441008 0.475649 4.315191
v -4.458151 0.466842 4.728975
v -4.713052 0.475649 4.728975
v -4.713052 0.483869 4.315191
v -4.713052 0.477704 4.532950
v -4.713052 0.479759 4.522083
v -4.713052 0.481814 4.511215
v -4.448237 0.475096 4.364453
v -4.453337 0.472614 4.479266
v -4.453756 0.472329 4.483542
v -4.697391 0.643901 4.502169
v -4.663843 0.898802 4.480375
v -4.697391 0.638369 4.088386
v -4.697391 0.877444 4.088386
v -4.442490 0.643901 4.502169
v -4.442490 0.915241 4.502169
v -4.442490 0.643901 4.088386
v -4.465011 0.898802 4.088386
v -4.697391 0.629064 4.211980
v -4.697391 0.635094 4.295278
v -4.697391 0.639498 4.306145
v -4.659964 0.898802 4.372579
v -4.683530 0.893342 4.253146
v -4.703445 0.898802 4.197089
v -4.442490 0.643901 4.306145
v -4.442490 0.643901 4.295278
v -4.442490 0.643901 4.284411
v -4.442490 0.899202 4.103379
v -4.442490 0.903561 4.253146
v -4.442490 0.910586 4.364297
v -4.714535 0.771352 4.502169
v -4.697391 0.762545 4.088386
v -4.442490 0.771352 4.088386
v -4.442490 0.779571 4.502169
v -4.442490 0.773407 4.284411
v -4.442490 0.775461 4.295278
v -4.442490 0.777516 4.306145
v -4.707305 0.770798 4.452908
v -4.699434 0.765018 4.196320
v -4.698118 0.763453 4.129027
v -4.718524 1.199199 4.288458
v -4.752028 0.944299 4.310253
v -4.718524 1.204731 4.702241
v -4.718524 0.965656 4.702241
v -4.463623 1.199199 4.288458
v -4.463623 0.927859 4.288458
v -4.463623 1.199199 4.702241
v -4.486144 0.944299 4.702241
v -4.718524 1.208007 4.495349
v -4.718524 1.203603 4.484483
v -4.748148 0.944299 4.418048
v -4.728502 0.951412 4.537482
v -4.463623 1.199199 4.484483
v -4.463623 1.199199 4.495349
v -4.463623 0.939540 4.537482
v -4.463623 0.932515 4.426330
v -4.735668 1.071749 4.288458
v -4.718524 1.080556 4.702241
v -4.463623 1.071749 4.702241
v -4.463623 1.063529 4.288458
v -4.463623 1.067639 4.495349
v -4.463623 1.065584 4.484483
v -4.728438 1.072302 4.337719
v -4.723339 1.074785 4.452533
v -4.458152 0.942887 3.780989
v -4.424648 1.197788 3.806613
v -4.458152 0.937355 4.267467
v -4.458152 1.176430 4.267467
v -4.713052 0.942887 3.780989
v -4.713052 1.214227 3.780989
v -4.713052 0.942887 4.267467
v -4.690531 1.197788 4.267467
v -4.458152 0.928050 4.122160
v -4.458152 0.934080 4.024228
v -4.458152 0.938484 4.011451
v -4.428528 1.197788 3.933347
v -4.448173 1.190674 4.073761
v -4.452096 1.197788 4.139667
v -4.713052 0.942887 4.011451
v -4.713052 0.942887 4.024228
v -4.713052 0.942887 4.037004
v -4.713052 1.198188 4.249839
v -4.713052 1.202547 4.073761
v -4.713052 1.209571 3.943083
v -4.441008 1.070337 3.780989
v -4.458152 1.061530 4.267467
v -4.713052 1.070337 4.267467
v -4.713052 1.078557 3.780989
v -4.713052 1.072392 4.037004
v -4.713052 1.074447 4.024228
v -4.713052 1.076502 4.011451
v -4.448237 1.069784 3.838904
v -4.453337 1.067302 3.973889
v -4.453756 1.067018 3.978916
v -4.444309 0.336776 3.701769
v -4.477857 0.591677 3.731938
v -4.444309 0.331244 4.274536
v -4.444309 0.570319 4.274536
v -4.699210 0.336776 3.701769
v -4.699210 0.608116 3.701769
v -4.699210 0.336776 4.274537
v -4.676689 0.591677 4.274537
v -4.444309 0.321939 4.103456
v -4.444309 0.327969 3.988153
v -4.444309 0.332373 3.973110
v -4.481737 0.591677 3.881151
v -4.458170 0.586217 4.046472
v -4.438254 0.591677 4.124068
v -4.699210 0.336776 3.973110
v -4.699210 0.336776 3.988153
v -4.699210 0.336776 4.003196
v -4.699210 0.592077 4.253783
v -4.699210 0.596436 4.046472
v -4.699210 0.603460 3.892614
v -4.427166 0.464226 3.701769
v -4.444309 0.455420 4.274536
v -4.699210 0.464226 4.274537
v -4.699210 0.472446 3.701769
v -4.699210 0.466281 4.003196
v -4.699210 0.468336 3.988153
v -4.699210 0.470391 3.973110
v -4.434395 0.463673 3.769957
v -4.442266 0.457893 4.125132
v -4.443582 0.456328 4.218280
v -4.718524 0.897943 3.387971
v -4.752028 0.643042 3.423227
v -4.718524 0.903475 4.057321
v -4.718524 0.664400 4.057321
v -4.463623 0.897943 3.387971
v -4.463623 0.626603 3.387971
v -4.463623 0.897943 4.057321
v -4.486144 0.643042 4.057321
v -4.718524 0.906750 3.722646
v -4.718524 0.902346 3.705067
v -4.748148 0.643042 3.597601
v -4.728502 0.650155 3.790799
v -4.463623 0.897943 3.705067
v -4.463623 0.897943 3.722646
v -4.463623 0.638283 3.790799
v -4.463623 0.631258 3.610997
v -4.735668 0.770493 3.387971
v -4.718524 0.779299 4.057321
v -4.463623 0.770492 4.057321
v -4.463623 0.762273 3.387971
v -4.463623 0.766383 3.722646
v -4.463623 0.764328 3.705067
v -4.728438 0.771046 3.467658
v -4.723339 0.773528 3.653385
v -4.458152 0.887179 3.348883
v -4.424648 0.632278 3.322367
v -4.458152 0.892711 2.845474
v -4.458152 0.653635 2.845474
v -4.713052 0.887179 3.348883
v -4.713052 0.615838 3.348883
v -4.713052 0.887179 2.845474
v -4.690531 0.632278 2.845474
v -4.458152 0.902016 2.995838
v -4.458152 0.895985 3.097178
v -4.458152 0.891582 3.110400
v -4.428528 0.632278 3.191223
v -4.448173 0.639391 3.045921
v -4.452096 0.632278 2.977721
v -4.713052 0.887179 3.110400
v -4.713052 0.887179 3.097178
v -4.713052 0.887179 3.083957
v -4.713052 0.631877 2.863714
v -4.713052 0.627519 3.045921
v -4.713052 0.620494 3.181148
v -4.441008 0.759728 3.348883
v -4.458152 0.768535 2.845474
v -4.713052 0.759728 2.845474
v -4.713052 0.751508 3.348883
v -4.713052 0.757673 3.083957
v -4.713052 0.755618 3.097178
v -4.713052 0.753563 3.110400
v -4.448237 0.760282 3.288952
v -4.453337 0.762764 3.149269
v -4.453756 0.763048 3.144067
v -4.455051 0.563484 3.023021
v -4.709952 0.596987 3.057445
v -4.449519 0.563483 3.676563
v -4.688595 0.563483 3.676563
v -4.455051 0.308583 3.023021
v -4.726392 0.308583 3.023021
v -4.455051 0.308583 3.676563
v -4.709952 0.331104 3.676563
v -4.446244 0.563484 3.349792
v -4.450648 0.563484 3.332628
v -4.709952 0.593107 3.227701
v -4.702839 0.573462 3.416336
v -4.455051 0.308583 3.332628
v -4.455051 0.308583 3.349792
v -4.714711 0.308583 3.416336
v -4.721736 0.308583 3.240780
v -4.582502 0.580628 3.023021
v -4.573695 0.563483 3.676563
v -4.582502 0.308583 3.676563
v -4.590722 0.308583 3.023021
v -4.586612 0.308583 3.349792
v -4.588667 0.308583 3.332628
v -4.581948 0.573398 3.100826
v -4.579467 0.568298 3.282166
v -4.714944 1.176674 3.732219
v -4.460043 1.143127 3.700620
v -4.720476 1.176674 3.132307
v -4.481400 1.176674 3.132307
v -4.714944 0.921773 3.732219
v -4.443604 0.921773 3.732219
v -4.714944 0.921773 3.132307
v -4.460043 0.944294 3.132307
v -4.729781 1.176674 3.311496
v -4.723751 1.176674 3.432263
v -4.719347 1.176674 3.448018
v -4.460043 1.139247 3.544335
v -4.465503 1.162813 3.371180
v -4.460043 1.182729 3.289906
v -4.714944 0.921773 3.448018
v -4.714944 0.921773 3.432263
v -4.714944 0.921773 3.416507
v -4.459642 0.921773 3.154044
v -4.455284 0.921773 3.371180
v -4.448259 0.921773 3.532329
v -4.587493 1.193818 3.732219
v -4.596300 1.176674 3.132307
v -4.587493 0.921773 3.132307
v -4.579273 0.921773 3.732219
v -4.585438 0.921773 3.416507
v -4.583384 0.921773 3.432263
v -4.581328 0.921773 3.448018
v -4.588047 1.186588 3.660798
v -4.593826 1.178717 3.288792
v -4.595391 1.177402 3.191229
v -4.697391 0.642662 2.204091
v -4.663843 0.897563 2.172492
v -4.697391 0.637130 1.604179
v -4.697391 0.876205 1.604179
v -4.442490 0.642662 2.204091
v -4.442490 0.914002 2.204091
v -4.442490 0.642662 1.604179
v -4.465011 0.897563 1.604179
v -4.697391 0.627825 1.783368
v -4.697391 0.633855 1.904135
v -4.697391 0.638259 1.919890
v -4.659964 0.897563 2.016207
v -4.683530 0.892103 1.843052
v -4.703445 0.897563 1.761778
v -4.442490 0.642662 1.919890
v -4.442490 0.642662 1.904135
v -4.442490 0.642662 1.888379
v -4.442490 0.897963 1.625916
v -4.442490 0.902322 1.843052
v -4.442490 0.909346 2.004201
v -4.714535 0.770112 2.204091
v -4.697391 0.761306 1.604179
v -4.442490 0.770112 1.604179
v -4.442490 0.778332 2.204091
v -4.442490 0.772167 1.888379
v -4.442490 0.774222 1.904135
v -4.442490 0.776277 1.919890
v -4.707305 0.769559 2.132670
v -4.699434 0.763779 1.760664
v -4.698118 0.762214 1.663102
v -4.693023 0.967096 2.440838
v -4.438122 0.933593 2.476094
v -4.698554 0.967097 3.110188
v -4.459478 0.967097 3.110188
v -4.693023 1.221997 2.440838
v -4.421682 1.221997 2.440838
v -4.693022 1.221997 3.110188
v -4.438121 1.199476 3.110188
v -4.701829 0.967096 2.775513
v -4.697426 0.967096 2.757934
v -4.438122 0.937473 2.650468
v -4.445235 0.957118 2.843667
v -4.693023 1.221997 2.757934
v -4.693023 1.221997 2.775513
v -4.433362 1.221997 2.843667
v -4.426338 1.221997 2.663864
v -4.565572 0.949952 2.440838
v -4.574379 0.967097 3.110188
v -4.565572 1.221997 3.110188
v -4.557352 1.221997 2.440838
v -4.561461 1.221997 2.775513
v -4.559407 1.221997 2.757934
v -4.566125 0.957182 2.520525
v -4.568607 0.962282 2.706252
v -4.458152 0.938779 1.898341
v -4.424648 1.193680 1.924857
v -4.458152 0.933247 2.401750
v -4.458152 1.172323 2.401750
v -4.713052 0.938779 1.898341
v -4.713052 1.210119 1.898341
v -4.713052 0.938779 2.401750
v -4.690531 1.193680 2.401750
v -4.458152 0.923942 2.251386
v -4.458152 0.929972 2.150046
v -4.458152 0.934376 2.136824
v -4.428528 1.193680 2.056001
v -4.448173 1.186566 2.201303
v -4.452096 1.193680 2.269502
v -4.713052 0.938779 2.136824
v -4.713052 0.938779 2.150046
v -4.713052 0.938779 2.163267
v -4.713052 1.194080 2.383510
v -4.713052 1.198439 2.201303
v -4.713052 1.205463 2.066076
v -4.441008 1.066229 1.898341
v -4.458152 1.057423 2.401750
v -4.713052 1.066229 2.401750
v -4.713052 1.074449 1.898341
v -4.713052 1.068285 2.163267
v -4.713052 1.070339 2.150046
v -4.713052 1.072394 2.136824
v -4.448237 1.065676 1.958272
v -4.453337 1.063194 2.097955
v -4.453756 1.062910 2.103157
v -4.440860 0.336189 2.397097
v -4.474407 0.591089 2.428696
v -4.440860 0.330657 2.997009
v -4.440860 0.569732 2.997009
v -4.695761 0.336189 2.397097
v -4.695761 0.607529 2.397097
v -4.695761 0.336189 2.997009
v -4.673240 0.591090 2.997009
v -4.440860 0.321351 2.817821
v -4.440860 0.327382 2.697053
v -4.440860 0.331785 2.681297
v -4.478287 0.591090 2.584980
v -4.454720 0.585630 2.758136
v -4.434805 0.591090 2.839409
v -4.695761 0.336189 2.681297
v -4.695761 0.336189 2.697053
v -4.695761 0.336189 2.712808
v -4.695761 0.591490 2.975272
v -4.695761 0.595849 2.758136
v -4.695761 0.602873 2.596986
v -4.423716 0.463639 2.397097
v -4.440860 0.454832 2.997009
v -4.695761 0.463639 2.997009
v -4.695761 0.471859 2.397097
v -4.695761 0.465694 2.712808
v -4.695761 0.467749 2.697053
v -4.695761 0.469804 2.681297
v -4.430945 0.463086 2.468517
v -4.438817 0.457306 2.840524
v -4.440132 0.455741 2.938086
v -4.718524 0.604511 1.705628
v -4.752028 0.349610 1.740884
v -4.718524 0.610043 2.374978
v -4.718524 0.370968 2.374978
v -4.463623 0.604511 1.705628
v -4.463623 0.333171 1.705628
v -4.463623 0.604511 2.374978
v -4.486145 0.349610 2.374978
v -4.718524 0.613318 2.040303
v -4.718524 0.608914 2.022724
v -4.748148 0.349610 1.915258
v -4.728502 0.356724 2.108456
v -4.463623 0.604511 2.022724
v -4.463623 0.604511 2.040303
v -4.463623 0.344851 2.108457
v -4.463623 0.337827 1.928654
v -4.735668 0.477061 1.705628
v -4.718524 0.485868 2.374978
v -4.463623 0.477061 2.374978
v -4.463623 0.468841 1.705628
v -4.463623 0.472951 2.040303
v -4.463623 0.470896 2.022724
v -4.728438 0.477614 1.785315
v -4.723339 0.480096 1.971042
v -4.435625 0.892579 2.807378
v -4.469172 0.637679 2.777209
v -4.435626 0.898111 2.234609
v -4.435626 0.659036 2.234609
v -4.690526 0.892579 2.807378
v -4.690526 0.621239 2.807378
v -4.690526 0.892579 2.234609
v -4.668005 0.637678 2.234609
v -4.435626 0.907417 2.405690
v -4.435626 0.901386 2.520993
v -4.435626 0.896983 2.536036
v -4.473052 0.637679 2.627995
v -4.449486 0.643138 2.462674
v -4.429570 0.637678 2.385078
v -4.690526 0.892579 2.536036
v -4.690526 0.892579 2.520993
v -4.690526 0.892579 2.505951
v -4.690526 0.637278 2.255363
v -4.690526 0.632919 2.462674
v -4.690526 0.625895 2.616532
v -4.418482 0.765129 2.807378
v -4.435626 0.773936 2.234609
v -4.690526 0.765129 2.234609
v -4.690526 0.756909 2.807378
v -4.690526 0.763074 2.505951
v -4.690526 0.761019 2.520993
v -4.690526 0.758964 2.536036
v -4.425712 0.765682 2.739189
v -4.433582 0.771462 2.384014
v -4.434897 0.773027 2.290866
v -4.458152 0.630676 1.069233
v -4.424648 0.885576 1.095749
v -4.458152 0.625144 1.572642
v -4.458152 0.864219 1.572642
v -4.713052 0.630676 1.069233
v -4.713052 0.902016 1.069233
v -4.713052 0.630676 1.572642
v -4.690531 0.885576 1.572642
v -4.458152 0.615838 1.422278
v -4.458152 0.621869 1.320938
v -4.458152 0.626272 1.307717
v -4.428528 0.885576 1.226893
v -4.448174 0.878463 1.372195
v -4.452096 0.885576 1.440395
v -4.713052 0.630676 1.307717
v -4.713052 0.630676 1.320938
v -4.713052 0.630676 1.334159
v -4.713052 0.885977 1.554402
v -4.713052 0.890336 1.372195
v -4.713052 0.897360 1.236968
v -4.441008 0.758126 1.069233
v -4.458152 0.749319 1.572642
v -4.713052 0.758126 1.572642
v -4.713052 0.766346 1.069233
v -4.713052 0.760181 1.334159
v -4.713052 0.762236 1.320938
v -4.713052 0.764291 1.307717
v -4.448237 0.757573 1.129165
v -4.453337 0.755091 1.268847
v -4.453757 0.754806 1.274049
v -4.444432 1.194227 1.877730
v -4.477980 0.939326 1.846131
v -4.444432 1.199759 1.277818
v -4.444432 0.960684 1.277818
v -4.699333 1.194227 1.877730
v -4.699333 0.922887 1.877730
v -4.699333 1.194227 1.277818
v -4.676812 0.939326 1.277818
v -4.444432 1.209064 1.457006
v -4.444432 1.203034 1.577774
v -4.444432 1.198630 1.593529
v -4.481860 0.939326 1.689846
v -4.458294 0.944786 1.516690
v -4.438377 0.939326 1.435417
v -4.699333 1.194227 1.593529
v -4.699333 1.194227 1.577774
v -4.699333 1.194227 1.562018
v -4.699333 0.938926 1.299555
v -4.699333 0.934567 1.516690
v -4.699333 0.927543 1.677840
v -4.427289 1.066776 1.877730
v -4.444432 1.075584 1.277818
v -4.699333 1.066777 1.277818
v -4.699333 1.058557 1.877730
v -4.699333 1.064722 1.562018
v -4.699333 1.062667 1.577774
v -4.699333 1.060612 1.593529
v -4.434518 1.067330 1.806309
v -4.442389 1.073110 1.434303
v -4.443705 1.074675 1.336740
v -4.697391 0.593279 1.109787
v -4.663843 0.338378 1.139957
v -4.697391 0.598811 1.682555
v -4.697391 0.359736 1.682555
v -4.442490 0.593279 1.109787
v -4.442490 0.321939 1.109787
v -4.442490 0.593279 1.682555
v -4.465011 0.338378 1.682555
v -4.697391 0.608116 1.511475
v -4.697391 0.602086 1.396172
v -4.697391 0.597682 1.381129
v -4.659964 0.338378 1.289170
v -4.683530 0.343838 1.454491
v -4.703445 0.338378 1.532087
v -4.442490 0.593279 1.381129
v -4.442490 0.593279 1.396172
v -4.442490 0.593279 1.411214
v -4.442490 0.337978 1.661802
v -4.442490 0.333619 1.454491
v -4.442490 0.326594 1.300633
v -4.714535 0.465828 1.109787
v -4.697391 0.474635 1.682555
v -4.442490 0.465829 1.682555
v -4.442490 0.457609 1.109787
v -4.442490 0.463774 1.411214
v -4.442490 0.461719 1.396172
v -4.442490 0.459664 1.381129
v -4.707305 0.466382 1.177976
v -4.699434 0.472162 1.533151
v -4.698118 0.473727 1.626299
v -4.718524 0.324534 1.084582
v -4.752028 0.579435 1.050158
v -4.718524 0.319002 0.431040
v -4.718524 0.558077 0.431040
v -4.463623 0.324534 1.084582
v -4.463623 0.595874 1.084582
v -4.463623 0.324534 0.431040
v -4.486145 0.579434 0.431040
v -4.718524 0.315727 0.757811
v -4.718524 0.320130 0.774975
v -4.748148 0.579435 0.879902
v -4.728502 0.572321 0.691267
v -4.463623 0.324534 0.774975
v -4.463623 0.324534 0.757811
v -4.463623 0.584194 0.691267
v -4.463623 0.591218 0.866823
v -4.735668 0.451984 1.084582
v -4.718524 0.443177 0.431040
v -4.463623 0.451984 0.431040
v -4.463623 0.460204 1.084582
v -4.463623 0.456094 0.757811
v -4.463623 0.458149 0.774975
v -4.728438 0.451431 1.006777
v -4.723339 0.448949 0.825437
v -4.458152 0.942887 0.768422
v -4.424648 1.197788 0.794046
v -4.458152 0.937355 1.254900
v -4.458152 1.176430 1.254900
v -4.713052 0.942887 0.768422
v -4.713052 1.214227 0.768422
v -4.713052 0.942887 1.254900
v -4.690531 1.197788 1.254900
v -4.458152 0.928050 1.109593
v -4.458152 0.934080 1.011661
v -4.458152 0.938484 0.998884
v -4.428528 1.197788 0.920779
v -4.448174 1.190674 1.061194
v -4.452096 1.197788 1.127100
v -4.713052 0.942887 0.998884
v -4.713052 0.942887 1.011661
v -4.713052 0.942887 1.024437
v -4.713052 1.198188 1.237272
v -4.713052 1.202547 1.061194
v -4.713052 1.209571 0.930515
v -4.441008 1.070337 0.768422
v -4.458152 1.061530 1.254900
v -4.713052 1.070337 1.254900
v -4.713052 1.078557 0.768422
v -4.713052 1.072392 1.024437
v -4.713052 1.074447 1.011661
v -4.713052 1.076502 0.998884
v -4.448237 1.069784 0.826338
v -4.453337 1.067302 0.961322
v -4.453757 1.067018 0.966349
v -4.697391 0.937724 0.719652
v -4.663843 1.192625 0.688054
v -4.697391 0.932192 0.119740
v -4.697391 1.171267 0.119740
v -4.442490 0.937724 0.719652
v -4.442490 1.209064 0.719652
v -4.442490 0.937724 0.119740
v -4.465011 1.192625 0.119740
v -4.697391 0.922887 0.298929
v -4.697391 0.928917 0.419696
v -4.697391 0.933321 0.435452
v -4.659964 1.192625 0.531769
v -4.683531 1.187165 0.358613
v -4.703445 1.192625 0.277339
v -4.442490 0.937724 0.435452
v -4.442490 0.937724 0.419696
v -4.442490 0.937724 0.403941
v -4.442490 1.193025 0.141478
v -4.442490 1.197384 0.358613
v -4.442490 1.204408 0.519763
v -4.714535 1.065174 0.719652
v -4.697391 1.056368 0.119740
v -4.442490 1.065174 0.119740
v -4.442490 1.073394 0.719652
v -4.442490 1.067230 0.403941
v -4.442490 1.069284 0.419696
v -4.442490 1.071339 0.435452
v -4.707305 1.064621 0.648232
v -4.699434 1.058841 0.276226
v -4.698119 1.057276 0.178663
v -4.458152 0.630676 0.540085
v -4.424648 0.885576 0.566601
v -4.458152 0.625144 1.043494
v -4.458152 0.864219 1.043494
v -4.713052 0.630676 0.540085
v -4.713052 0.902016 0.540085
v -4.713052 0.630676 1.043494
v -4.690531 0.885576 1.043494
v -4.458152 0.615838 0.893130
v -4.458152 0.621869 0.791790
v -4.458152 0.626272 0.778569
v -4.428528 0.885576 0.697745
v -4.448174 0.878463 0.843047
v -4.452096 0.885576 0.911247
v -4.713052 0.630676 0.778569
v -4.713052 0.630676 0.791790
v -4.713052 0.630676 0.805011
v -4.713052 0.885977 1.025254
v -4.713052 0.890336 0.843047
v -4.713052 0.897360 0.707820
v -4.441008 0.758126 0.540085
v -4.458152 0.749319 1.043494
v -4.713052 0.758126 1.043494
v -4.713052 0.766346 0.540085
v -4.713052 0.760181 0.805011
v -4.713052 0.762236 0.791790
v -4.713052 0.764291 0.778569
v -4.448237 0.757573 0.600017
v -4.453337 0.755091 0.739700
v -4.453757 0.754806 0.744901
v -4.437983 0.636076 -0.070779
v -4.471530 0.890977 -0.040610
v -4.437983 0.630545 0.501989
v -4.437983 0.869620 0.501989
v -4.692883 0.636076 -0.070779
v -4.692883 0.907417 -0.070779
v -4.692883 0.636076 0.501989
v -4.670362 0.890977 0.501989
v -4.437983 0.621239 0.330908
v -4.437983 0.627270 0.215605
v -4.437983 0.631673 0.200562
v -4.475410 0.890977 0.108603
v -4.451843 0.885518 0.273924
v -4.431928 0.890977 0.351521
v -4.692883 0.636076 0.200562
v -4.692883 0.636076 0.215605
v -4.692883 0.636076 0.230648
v -4.692883 0.891378 0.481235
v -4.692883 0.895736 0.273924
v -4.692883 0.902761 0.120066
v -4.420838 0.763527 -0.070779
v -4.437983 0.754720 0.501989
v -4.692883 0.763527 0.501989
v -4.692883 0.771746 -0.070779
v -4.692883 0.765582 0.230648
v -4.692883 0.767637 0.215605
v -4.692883 0.769692 0.200562
v -4.428068 0.762973 -0.002591
v -4.435940 0.757194 0.352584
v -4.437255 0.755629 0.445733
v -4.718525 0.583971 -2.732952
v -4.752028 0.329070 -2.697696
v -4.718524 0.589503 -2.063602
v -4.718524 0.350428 -2.063602
v -4.463624 0.583971 -2.732952
v -4.463624 0.312631 -2.732952
v -4.463623 0.583971 -2.063602
v -4.486145 0.329070 -2.063602
v -4.718524 0.592778 -2.398277
v -4.718524 0.588374 -2.415856
v -4.748148 0.329070 -2.523322
v -4.728503 0.336183 -2.330123
v -4.463624 0.583971 -2.415856
v -4.463624 0.583971 -2.398277
v -4.463624 0.324311 -2.330123
v -4.463624 0.317286 -2.509926
v -4.735668 0.456520 -2.732952
v -4.718524 0.465327 -2.063602
v -4.463623 0.456520 -2.063602
v -4.463624 0.448301 -2.732952
v -4.463624 0.452411 -2.398277
v -4.463624 0.450356 -2.415856
v -4.728438 0.457074 -2.653265
v -4.723339 0.459556 -2.467538
v -4.458152 0.316704 -1.397485
v -4.424648 0.571604 -1.370969
v -4.458152 0.311172 -0.894076
v -4.458152 0.550247 -0.894076
v -4.713053 0.316704 -1.397485
v -4.713053 0.588044 -1.397485
v -4.713052 0.316704 -0.894076
v -4.690531 0.571604 -0.894076
v -4.458152 0.301866 -1.044440
v -4.458152 0.307897 -1.145781
v -4.458152 0.312300 -1.159001
v -4.428528 0.571604 -1.239825
v -4.448174 0.564491 -1.094523
v -4.452097 0.571604 -1.026323
v -4.713053 0.316704 -1.159001
v -4.713053 0.316704 -1.145781
v -4.713053 0.316704 -1.132559
v -4.713052 0.572005 -0.912317
v -4.713053 0.576363 -1.094523
v -4.713053 0.583388 -1.229750
v -4.441008 0.444154 -1.397485
v -4.458152 0.435347 -0.894076
v -4.713052 0.444154 -0.894076
v -4.713053 0.452374 -1.397485
v -4.713053 0.446209 -1.132559
v -4.713053 0.448264 -1.145781
v -4.713053 0.450319 -1.159001
v -4.448237 0.443601 -1.337554
v -4.453337 0.441118 -1.197870
v -4.453757 0.440834 -1.192669
v -4.697391 1.186598 -0.506704
v -4.663844 0.931697 -0.475105
v -4.697391 1.192130 0.093208
v -4.697391 0.953054 0.093208
v -4.442490 1.186598 -0.506704
v -4.442490 0.915257 -0.506704
v -4.442490 1.186598 0.093208
v -4.465011 0.931697 0.093208
v -4.697391 1.201435 -0.085980
v -4.697391 1.195405 -0.206748
v -4.697391 1.191001 -0.222504
v -4.659964 0.931697 -0.318820
v -4.683531 0.937157 -0.145665
v -4.703445 0.931697 -0.064392
v -4.442490 1.186598 -0.222504
v -4.442490 1.186598 -0.206748
v -4.442490 1.186598 -0.190993
v -4.442490 0.931297 0.071470
v -4.442490 0.926938 -0.145665
v -4.442490 0.919913 -0.306814
v -4.714535 1.059147 -0.506704
v -4.697391 1.067954 0.093208
v -4.442490 1.059147 0.093208
v -4.442490 1.050927 -0.506704
v -4.442490 1.057092 -0.190993
v -4.442490 1.055037 -0.206748
v -4.442490 1.052982 -0.222504
v -4.707305 1.059700 -0.435284
v -4.699434 1.065480 -0.063278
v -4.698119 1.067046 0.034285
v -4.718524 1.198417 -1.198173
v -4.752028 0.943516 -1.162917
v -4.718524 1.203949 -0.528823
v -4.718524 0.964874 -0.528823
v -4.463623 1.198417 -1.198173
v -4.463623 0.927077 -1.198173
v -4.463623 1.198417 -0.528823
v -4.486145 0.943516 -0.528823
v -4.718524 1.207224 -0.863498
v -4.718524 1.202821 -0.881077
v -4.748148 0.943516 -0.988543
v -4.728503 0.950630 -0.795344
v -4.463623 1.198417 -0.881077
v -4.463623 1.198417 -0.863498
v -4.463623 0.938757 -0.795344
v -4.463623 0.931733 -0.975147
v -4.735668 1.070967 -1.198173
v -4.718524 1.079774 -0.528823
v -4.463623 1.070966 -0.528823
v -4.463623 1.062747 -1.198173
v -4.463623 1.066857 -0.863498
v -4.463623 1.064802 -0.881077
v -4.728438 1.071520 -1.118486
v -4.723339 1.074002 -0.932759
v -4.413153 0.877791 -0.094547
v -4.446699 0.622890 -0.124715
v -4.413153 0.883322 -0.667315
v -4.413153 0.644247 -0.667315
v -4.668054 0.877791 -0.094547
v -4.668054 0.606450 -0.094546
v -4.668054 0.877790 -0.667315
v -4.645532 0.622890 -0.667315
v -4.413153 0.892628 -0.496234
v -4.413153 0.886597 -0.380931
v -4.413153 0.882194 -0.365888
v -4.450579 0.622890 -0.273929
v -4.427012 0.628349 -0.439250
v -4.407098 0.622890 -0.516846
v -4.668054 0.877790 -0.365888
v -4.668054 0.877790 -0.380931
v -4.668054 0.877790 -0.395973
v -4.668054 0.622489 -0.646561
v -4.668054 0.618131 -0.439250
v -4.668054 0.611106 -0.285392
v -4.396008 0.750340 -0.094546
v -4.413153 0.759147 -0.667315
v -4.668054 0.750340 -0.667315
v -4.668054 0.742120 -0.094547
v -4.668054 0.748285 -0.395973
v -4.668054 0.746230 -0.380931
v -4.668054 0.744175 -0.365888
v -4.403238 0.750893 -0.162735
v -4.411109 0.756673 -0.517910
v -4.412424 0.758238 -0.611058
v -4.718524 0.609045 -0.692520
v -4.752028 0.863946 -0.726944
v -4.718524 0.603513 -1.346062
v -4.718524 0.842588 -1.346062
v -4.463623 0.609046 -0.692520
v -4.463623 0.880386 -0.692520
v -4.463623 0.609045 -1.346062
v -4.486145 0.863946 -1.346062
v -4.718524 0.600238 -1.019291
v -4.718524 0.604642 -1.002127
v -4.748148 0.863946 -0.897200
v -4.728503 0.856833 -1.085835
v -4.463623 0.609045 -1.002127
v -4.463623 0.609045 -1.019291
v -4.463623 0.868705 -1.085835
v -4.463623 0.875730 -0.910279
v -4.735668 0.736496 -0.692520
v -4.718524 0.727689 -1.346062
v -4.463623 0.736496 -1.346062
v -4.463623 0.744716 -0.692520
v -4.463623 0.740606 -1.019291
v -4.463623 0.742661 -1.002127
v -4.728438 0.735943 -0.770325
v -4.723339 0.733460 -0.951665
v -4.458152 0.942887 -1.719492
v -4.424648 1.197788 -1.693869
v -4.458152 0.937355 -1.233015
v -4.458152 1.176430 -1.233015
v -4.713053 0.942887 -1.719492
v -4.713053 1.214227 -1.719492
v -4.713053 0.942887 -1.233015
v -4.690532 1.197788 -1.233015
v -4.458152 0.928050 -1.378322
v -4.458152 0.934080 -1.476254
v -4.458152 0.938484 -1.489030
v -4.428528 1.197788 -1.567135
v -4.448174 1.190674 -1.426721
v -4.452097 1.197788 -1.360814
v -4.713053 0.942887 -1.489030
v -4.713053 0.942887 -1.476254
v -4.713053 0.942887 -1.463478
v -4.713053 1.198188 -1.250642
v -4.713053 1.202547 -1.426721
v -4.713053 1.209571 -1.557399
v -4.441008 1.070337 -1.719492
v -4.458152 1.061530 -1.233015
v -4.713053 1.070337 -1.233015
v -4.713053 1.078557 -1.719492
v -4.713053 1.072392 -1.463478
v -4.713053 1.074447 -1.476254
v -4.713053 1.076502 -1.489030
v -4.448237 1.069784 -1.661577
v -4.453337 1.067302 -1.526593
v -4.453757 1.067018 -1.521565
v -4.679548 0.887179 -3.021211
v -4.713052 0.632278 -2.994695
v -4.679548 0.892711 -2.517801
v -4.679548 0.653635 -2.517801
v -4.424648 0.887179 -3.021211
v -4.424648 0.615838 -3.021211
v -4.424648 0.887179 -2.517801
v -4.447169 0.632278 -2.517801
v -4.679548 0.902016 -2.668165
v -4.679548 0.895985 -2.769506
v -4.679548 0.891582 -2.782727
v -4.709172 0.632278 -2.863550
v -4.689527 0.639391 -2.718249
v -4.685604 0.632278 -2.650049
v -4.424648 0.887179 -2.782727
v -4.424648 0.887179 -2.769506
v -4.424648 0.887179 -2.756285
v -4.424648 0.631877 -2.536041
v -4.424648 0.627519 -2.718249
v -4.424648 0.620494 -2.853475
v -4.696692 0.759728 -3.021211
v -4.679548 0.768535 -2.517801
v -4.424648 0.759728 -2.517801
v -4.424648 0.751508 -3.021211
v -4.424648 0.757673 -2.756285
v -4.424648 0.755618 -2.769506
v -4.424648 0.753563 -2.782727
v -4.689463 0.760282 -2.961279
v -4.684363 0.762764 -2.821597
v -4.683943 0.763048 -2.816395
v -4.718525 0.581037 -4.729321
v -4.752028 0.326136 -4.694898
v -4.718525 0.586569 -4.075781
v -4.718525 0.347493 -4.075781
v -4.463624 0.581037 -4.729321
v -4.463624 0.309696 -4.729321
v -4.463624 0.581037 -4.075781
v -4.486145 0.326136 -4.075781
v -4.718525 0.589844 -4.402551
v -4.718525 0.585440 -4.419715
v -4.748149 0.326136 -4.524643
v -4.728503 0.333249 -4.336008
v -4.463624 0.581037 -4.419715
v -4.463624 0.581037 -4.402551
v -4.463624 0.321377 -4.336008
v -4.463624 0.314352 -4.511563
v -4.735668 0.453586 -4.729321
v -4.718525 0.462393 -4.075781
v -4.463624 0.453586 -4.075781
v -4.463624 0.445366 -4.729321
v -4.463624 0.449476 -4.402551
v -4.463624 0.447421 -4.419715
v -4.728439 0.454140 -4.651517
v -4.723339 0.456622 -4.470177
v -4.461023 0.336776 -3.337419
v -4.494571 0.591677 -3.307250
v -4.461023 0.331244 -2.764650
v -4.461023 0.570319 -2.764650
v -4.715924 0.336776 -3.337419
v -4.715924 0.608116 -3.337419
v -4.715924 0.336776 -2.764650
v -4.693403 0.591677 -2.764650
v -4.461023 0.321939 -2.935732
v -4.461023 0.327969 -3.051035
v -4.461023 0.332373 -3.066078
v -4.498450 0.591677 -3.158037
v -4.474884 0.586217 -2.992716
v -4.454968 0.591677 -2.915120
v -4.715924 0.336776 -3.066078
v -4.715924 0.336776 -3.051035
v -4.715924 0.336776 -3.035992
v -4.715924 0.592077 -2.785404
v -4.715924 0.596436 -2.992716
v -4.715924 0.603460 -3.146574
v -4.443879 0.464226 -3.337419
v -4.461023 0.455420 -2.764650
v -4.715924 0.464226 -2.764650
v -4.715924 0.472446 -3.337419
v -4.715924 0.466281 -3.035992
v -4.715924 0.468336 -3.051035
v -4.715924 0.470391 -3.066078
v -4.451109 0.463673 -3.269230
v -4.458981 0.457893 -2.914056
v -4.460296 0.456328 -2.820908
v -4.697392 0.636076 -3.046143
v -4.663844 0.890977 -3.076311
v -4.697392 0.630544 -3.618911
v -4.697392 0.869620 -3.618911
v -4.442491 0.636076 -3.046143
v -4.442491 0.907417 -3.046143
v -4.442491 0.636076 -3.618911
v -4.465012 0.890977 -3.618911
v -4.697392 0.621239 -3.447829
v -4.697392 0.627270 -3.332527
v -4.697392 0.631673 -3.317484
v -4.659964 0.890977 -3.225524
v -4.683531 0.885518 -3.390846
v -4.703446 0.890977 -3.468442
v -4.442491 0.636076 -3.317484
v -4.442491 0.636076 -3.332527
v -4.442491 0.636076 -3.347569
v -4.442491 0.891378 -3.598158
v -4.442491 0.895736 -3.390846
v -4.442491 0.902761 -3.236988
v -4.714535 0.763527 -3.046143
v -4.697392 0.754720 -3.618911
v -4.442491 0.763527 -3.618911
v -4.442491 0.771747 -3.046143
v -4.442491 0.765582 -3.347569
v -4.442491 0.767637 -3.332527
v -4.442491 0.769692 -3.317484
v -4.707306 0.762973 -3.114331
v -4.699434 0.757194 -3.469506
v -4.698119 0.755629 -3.562654
v -4.718525 0.327468 -3.363341
v -4.752028 0.582369 -3.398598
v -4.718525 0.321936 -4.032691
v -4.718525 0.561011 -4.032691
v -4.463624 0.327468 -3.363341
v -4.463624 0.598808 -3.363341
v -4.463624 0.327468 -4.032691
v -4.486145 0.582369 -4.032691
v -4.718525 0.318661 -3.698016
v -4.718525 0.323064 -3.680436
v -4.748149 0.582369 -3.572971
v -4.728503 0.575255 -3.766171
v -4.463624 0.327468 -3.680436
v -4.463624 0.327468 -3.698016
v -4.463624 0.587128 -3.766171
v -4.463624 0.594152 -3.586367
v -4.735668 0.454918 -3.363341
v -4.718525 0.446111 -4.032691
v -4.463624 0.454918 -4.032691
v -4.463624 0.463138 -3.363341
v -4.463624 0.459028 -3.698016
v -4.463624 0.461083 -3.680436
v -4.728439 0.454365 -3.443028
v -4.723339 0.451883 -3.628755
v -4.458919 0.865548 -3.656606
v -4.425415 0.610647 -3.691030
v -4.458919 0.871081 -4.310147
v -4.458919 0.632005 -4.310147
v -4.713820 0.865548 -3.656606
v -4.713820 0.594208 -3.656606
v -4.713820 0.865548 -4.310147
v -4.691298 0.610648 -4.310147
v -4.458919 0.874355 -3.983377
v -4.458919 0.869952 -3.966212
v -4.429295 0.610647 -3.861284
v -4.448940 0.617761 -4.049919
v -4.713820 0.865548 -3.966212
v -4.713820 0.865548 -3.983377
v -4.713820 0.605888 -4.049919
v -4.713820 0.598864 -3.874364
v -4.441774 0.738098 -3.656606
v -4.458919 0.746905 -4.310147
v -4.713820 0.738098 -4.310147
v -4.713820 0.729878 -3.656606
v -4.713820 0.733988 -3.983377
v -4.713820 0.731933 -3.966212
v -4.449004 0.738651 -3.734411
v -4.454103 0.741133 -3.915751
v -4.458152 0.931737 -4.343542
v -4.424648 1.186637 -4.317025
v -4.458152 0.926205 -3.840132
v -4.458152 1.165280 -3.840132
v -4.713053 0.931737 -4.343542
v -4.713053 1.203077 -4.343542
v -4.713053 0.931737 -3.840132
v -4.690532 1.186637 -3.840132
v -4.458152 0.916899 -3.990496
v -4.458152 0.922930 -4.091836
v -4.458152 0.927333 -4.105058
v -4.428528 1.186637 -4.185881
v -4.448174 1.179524 -4.040579
v -4.452097 1.186637 -3.972380
v -4.713053 0.931737 -4.105058
v -4.713053 0.931737 -4.091836
v -4.713053 0.931737 -4.078616
v -4.713053 1.187038 -3.858373
v -4.713053 1.191397 -4.040579
v -4.713053 1.198421 -4.175806
v -4.441009 1.059187 -4.343542
v -4.458152 1.050380 -3.840132
v -4.713053 1.059187 -3.840132
v -4.713053 1.067407 -4.343542
v -4.713053 1.061242 -4.078616
v -4.713053 1.063297 -4.091836
v -4.713053 1.065352 -4.105058
v -4.448237 1.058634 -4.283610
v -4.453337 1.056152 -4.143928
v -4.453757 1.055867 -4.138726
v -4.433184 0.892579 -1.911194
v -4.466731 0.637678 -1.941363
v -4.433184 0.898111 -2.483963
v -4.433184 0.659036 -2.483963
v -4.688085 0.892579 -1.911194
v -4.688085 0.621239 -1.911194
v -4.688085 0.892579 -2.483963
v -4.665564 0.637679 -2.483963
v -4.433184 0.907417 -2.312881
v -4.433184 0.901386 -2.197578
v -4.433184 0.896983 -2.182536
v -4.470611 0.637678 -2.090577
v -4.447045 0.643138 -2.255898
v -4.427129 0.637678 -2.333494
v -4.688085 0.892579 -2.182536
v -4.688085 0.892579 -2.197578
v -4.688085 0.892579 -2.212621
v -4.688085 0.637278 -2.463209
v -4.688085 0.632919 -2.255898
v -4.688085 0.625895 -2.102040
v -4.416040 0.765129 -1.911194
v -4.433184 0.773936 -2.483963
v -4.688085 0.765129 -2.483963
v -4.688085 0.756909 -1.911194
v -4.688085 0.763074 -2.212621
v -4.688085 0.761019 -2.197578
v -4.688085 0.758964 -2.182536
v -4.423270 0.765682 -1.979383
v -4.431141 0.771462 -2.334558
v -4.432456 0.773027 -2.427706
v -4.718525 1.198417 -3.812846
v -4.752028 0.943516 -3.777590
v -4.718525 1.203949 -3.143497
v -4.718525 0.964874 -3.143497
v -4.463624 1.198417 -3.812846
v -4.463624 0.927077 -3.812846
v -4.463624 1.198417 -3.143497
v -4.486145 0.943516 -3.143497
v -4.718525 1.207224 -3.478172
v -4.718525 1.202821 -3.495751
v -4.748149 0.943516 -3.603217
v -4.728503 0.950630 -3.410017
v -4.463624 1.198417 -3.495751
v -4.463624 1.198417 -3.478172
v -4.463624 0.938757 -3.410017
v -4.463624 0.931733 -3.589821
v -4.735668 1.070967 -3.812846
v -4.718525 1.079774 -3.143497
v -4.463624 1.070966 -3.143497
v -4.463624 1.062747 -3.812846
v -4.463624 1.066857 -3.478172
v -4.463624 1.064802 -3.495751
v -4.728439 1.071520 -3.733159
v -4.723339 1.074002 -3.547433
v -4.697392 0.325038 -1.430616
v -4.663844 0.579939 -1.462215
v -4.697392 0.319506 -2.030529
v -4.697392 0.558582 -2.030529
v -4.442491 0.325038 -1.430616
v -4.442491 0.596379 -1.430616
v -4.442491 0.325038 -2.030529
v -4.465012 0.579939 -2.030529
v -4.697392 0.310201 -1.851340
v -4.697392 0.316231 -1.730572
v -4.697392 0.320635 -1.714817
v -4.659964 0.579939 -1.618500
v -4.683531 0.574480 -1.791656
v -4.703446 0.579939 -1.872929
v -4.442491 0.325038 -1.714817
v -4.442491 0.325038 -1.730572
v -4.442491 0.325038 -1.746327
v -4.442491 0.580340 -2.008791
v -4.442491 0.584698 -1.791656
v -4.442491 0.591723 -1.630506
v -4.714535 0.452489 -1.430616
v -4.697392 0.443682 -2.030529
v -4.442491 0.452489 -2.030529
v -4.442491 0.460708 -1.430616
v -4.442491 0.454544 -1.746327
v -4.442491 0.456599 -1.730572
v -4.442491 0.458654 -1.714817
v -4.707306 0.451935 -1.502036
v -4.699434 0.446156 -1.874043
v -4.698119 0.444590 -1.971606
v -4.718524 0.583384 -0.864835
v -4.752028 0.328483 -0.829579
v -4.718524 0.588916 -0.195485
v -4.718524 0.349841 -0.195485
v -4.463623 0.583384 -0.864835
v -4.463623 0.312044 -0.864835
v -4.463623 0.583384 -0.195485
v -4.486145 0.328483 -0.195485
v -4.718524 0.592191 -0.530159
v -4.718524 0.587787 -0.547739
v -4.748148 0.328483 -0.655204
v -4.728503 0.335596 -0.462006
v -4.463623 0.583384 -0.547739
v -4.463623 0.583384 -0.530159
v -4.463623 0.323724 -0.462006
v -4.463623 0.316699 -0.641809
v -4.735668 0.455933 -0.864835
v -4.718524 0.464740 -0.195485
v -4.463623 0.455933 -0.195485
v -4.463623 0.447714 -0.864835
v -4.463623 0.451824 -0.530159
v -4.463623 0.449769 -0.547739
v -4.728438 0.456487 -0.785148
v -4.723339 0.458969 -0.599421
v -4.697391 0.338732 0.410048
v -4.663844 0.593633 0.379878
v -4.697391 0.333200 -0.162721
v -4.697391 0.572275 -0.162721
v -4.442490 0.338732 0.410048
v -4.442490 0.610072 0.410048
v -4.442490 0.338732 -0.162721
v -4.465011 0.593633 -0.162721
v -4.697391 0.323895 0.008360
v -4.697391 0.329925 0.123663
v -4.697391 0.334329 0.138706
v -4.659964 0.593633 0.230665
v -4.683531 0.588173 0.065343
v -4.703445 0.593633 -0.012252
v -4.442490 0.338732 0.138705
v -4.442490 0.338732 0.123663
v -4.442490 0.338732 0.108620
v -4.442490 0.594033 -0.141968
v -4.442490 0.598392 0.065343
v -4.442490 0.605417 0.219202
v -4.714535 0.466183 0.410048
v -4.697391 0.457376 -0.162721
v -4.442490 0.466183 -0.162721
v -4.442490 0.474402 0.410048
v -4.442490 0.468237 0.108620
v -4.442490 0.470292 0.123663
v -4.442490 0.472347 0.138705
v -4.707305 0.465629 0.341858
v -4.699434 0.459849 -0.013316
v -4.698119 0.458284 -0.106464
v -4.458152 0.880136 -1.387947
v -4.424648 0.625235 -1.413571
v -4.458152 0.885668 -1.874424
v -4.458152 0.646593 -1.874424
v -4.713053 0.880136 -1.387947
v -4.713053 0.608796 -1.387947
v -4.713053 0.880136 -1.874424
v -4.690532 0.625235 -1.874424
v -4.458152 0.894973 -1.729118
v -4.458152 0.888943 -1.631186
v -4.458152 0.884539 -1.618410
v -4.428528 0.625235 -1.540304
v -4.448174 0.632349 -1.680719
v -4.452097 0.625235 -1.746624
v -4.713053 0.880136 -1.618410
v -4.713053 0.880136 -1.631186
v -4.713053 0.880136 -1.643962
v -4.713053 0.624835 -1.856798
v -4.713053 0.620476 -1.680719
v -4.713053 0.613452 -1.550040
v -4.441008 0.752686 -1.387947
v -4.458152 0.761492 -1.874424
v -4.713053 0.752686 -1.874424
v -4.713053 0.744466 -1.387947
v -4.713053 0.750631 -1.643962
v -4.713053 0.748576 -1.631186
v -4.713053 0.746521 -1.618410
v -4.448237 0.753239 -1.445862
v -4.453337 0.755721 -1.580847
v -4.453757 0.756005 -1.585874
v -4.458152 1.199390 -1.766409
v -4.424648 0.944489 -1.792924
v -4.458152 1.204922 -2.269818
v -4.458152 0.965847 -2.269818
v -4.713053 1.199390 -1.766409
v -4.713053 0.928050 -1.766409
v -4.713053 1.199390 -2.269818
v -4.690532 0.944489 -2.269818
v -4.458152 1.214227 -2.119454
v -4.458152 1.208197 -2.018113
v -4.458152 1.203793 -2.004892
v -4.428528 0.944489 -1.924069
v -4.448174 0.951603 -2.069371
v -4.452097 0.944489 -2.137570
v -4.713053 1.199390 -2.004892
v -4.713053 1.199390 -2.018113
v -4.713053 1.199390 -2.031334
v -4.713053 0.944089 -2.251577
v -4.713053 0.939730 -2.069371
v -4.713053 0.932706 -1.934144
v -4.441008 1.071940 -1.766409
v -4.458152 1.080746 -2.269818
v -4.713053 1.071940 -2.269818
v -4.713053 1.063720 -1.766409
v -4.713053 1.069885 -2.031334
v -4.713053 1.067830 -2.018113
v -4.713053 1.065775 -2.004892
v -4.448237 1.072493 -1.826340
v -4.453337 1.074975 -1.966023
v -4.453757 1.075260 -1.971225
v -4.697392 0.948288 -2.319131
v -4.663844 1.203189 -2.358999
v -4.697392 0.942756 -3.076042
v -4.697392 1.181831 -3.076042
v -4.442491 0.948288 -2.319131
v -4.442491 1.219628 -2.319131
v -4.442491 0.948288 -3.076042
v -4.465012 1.203189 -3.076042
v -4.697392 0.933451 -2.849960
v -4.697392 0.939481 -2.697587
v -4.697392 0.943884 -2.677708
v -4.659964 1.203189 -2.556183
v -4.683531 1.197729 -2.774655
v -4.703446 1.203189 -2.877198
v -4.442491 0.948288 -2.677708
v -4.442491 0.948288 -2.697587
v -4.442491 0.948288 -2.717465
v -4.442491 1.203589 -3.048616
v -4.442491 1.207948 -2.774655
v -4.442491 1.214972 -2.571332
v -4.714535 1.075738 -2.319131
v -4.697392 1.066931 -3.076042
v -4.442491 1.075738 -3.076042
v -4.442491 1.083958 -2.319131
v -4.442491 1.077793 -2.717465
v -4.442491 1.079848 -2.697587
v -4.442491 1.081903 -2.677708
v -4.707306 1.075185 -2.409241
v -4.699434 1.069405 -2.878604
v -4.698119 1.067840 -3.001699
v 4.458151 0.348199 -4.315189
v 4.424647 0.603100 -4.336985
v 4.458151 0.342667 -4.728973
v 4.458151 0.581742 -4.728973
v 4.713052 0.348199 -4.315189
v 4.713052 0.619539 -4.315189
v 4.713052 0.348199 -4.728973
v 4.690531 0.603100 -4.728973
v 4.458151 0.333361 -4.605380
v 4.458151 0.339392 -4.522082
v 4.458151 0.343795 -4.511214
v 4.428527 0.603100 -4.444781
v 4.448173 0.595986 -4.564214
v 4.452096 0.603100 -4.620271
v 4.713052 0.348199 -4.511214
v 4.713052 0.348199 -4.522082
v 4.713052 0.348199 -4.532948
v 4.713052 0.603500 -4.713981
v 4.713052 0.607859 -4.564214
v 4.713052 0.614883 -4.453062
v 4.441007 0.475649 -4.315189
v 4.458151 0.466842 -4.728973
v 4.713052 0.475649 -4.728973
v 4.713052 0.483869 -4.315189
v 4.713052 0.477704 -4.532948
v 4.713052 0.479759 -4.522082
v 4.713052 0.481814 -4.511214
v 4.448236 0.475096 -4.364451
v 4.453336 0.472614 -4.479265
v 4.453756 0.472329 -4.483541
v 4.697391 0.643901 -4.502169
v 4.663843 0.898802 -4.480373
v 4.697391 0.638369 -4.088385
v 4.697391 0.877444 -4.088385
v 4.442490 0.643901 -4.502169
v 4.442490 0.915241 -4.502169
v 4.442490 0.643901 -4.088385
v 4.465011 0.898802 -4.088385
v 4.697391 0.629064 -4.211978
v 4.697391 0.635094 -4.295277
v 4.697391 0.639498 -4.306145
v 4.659964 0.898802 -4.372577
v 4.683530 0.893342 -4.253144
v 4.703445 0.898802 -4.197087
v 4.442490 0.643901 -4.306145
v 4.442490 0.643901 -4.295277
v 4.442490 0.643901 -4.284410
v 4.442490 0.899202 -4.103378
v 4.442490 0.903561 -4.253144
v 4.442490 0.910586 -4.364296
v 4.714534 0.771352 -4.502169
v 4.697391 0.762545 -4.088385
v 4.442490 0.771352 -4.088385
v 4.442490 0.779571 -4.502169
v 4.442490 0.773406 -4.284410
v 4.442490 0.775461 -4.295277
v 4.442490 0.777516 -4.306145
v 4.707304 0.770798 -4.452907
v 4.699434 0.765018 -4.196320
v 4.698118 0.763453 -4.129025
v 4.718524 1.199199 -4.288457
v 4.752028 0.944299 -4.310252
v 4.718524 1.204731 -4.702239
v 4.718524 0.965656 -4.702239
v 4.463623 1.199199 -4.288457
v 4.463623 0.927859 -4.288457
v 4.463623 1.199199 -4.702239
v 4.486144 0.944299 -4.702239
v 4.718524 1.208006 -4.495348
v 4.718524 1.203603 -4.484481
v 4.748147 0.944299 -4.418047
v 4.728502 0.951412 -4.537481
v 4.463623 1.199199 -4.484481
v 4.463623 1.199199 -4.495348
v 4.463623 0.939539 -4.537481
v 4.463623 0.932515 -4.426329
v 4.735668 1.071749 -4.288457
v 4.718524 1.080556 -4.702239
v 4.463623 1.071749 -4.702239
v 4.463623 1.063529 -4.288457
v 4.463623 1.067639 -4.495348
v 4.463623 1.065584 -4.484481
v 4.728438 1.072302 -4.337717
v 4.723338 1.074785 -4.452532
v 4.458151 0.942887 -3.780989
v 4.424647 1.197788 -3.806612
v 4.458151 0.937355 -4.267466
v 4.458151 1.176430 -4.267466
v 4.713052 0.942887 -3.780989
v 4.713052 1.214227 -3.780989
v 4.713052 0.942887 -4.267466
v 4.690531 1.197788 -4.267466
v 4.458151 0.928050 -4.122159
v 4.458151 0.934080 -4.024226
v 4.458151 0.938484 -4.011451
v 4.428528 1.197788 -3.933346
v 4.448173 1.190674 -4.073760
v 4.452096 1.197788 -4.139666
v 4.713052 0.942887 -4.011451
v 4.713052 0.942887 -4.024226
v 4.713052 0.942887 -4.037003
v 4.713052 1.198188 -4.249839
v 4.713052 1.202547 -4.073760
v 4.713052 1.209571 -3.943081
v 4.441007 1.070337 -3.780989
v 4.458151 1.061530 -4.267466
v 4.713052 1.070337 -4.267466
v 4.713052 1.078557 -3.780989
v 4.713052 1.072392 -4.037003
v 4.713052 1.074447 -4.024226
v 4.713052 1.076502 -4.011451
v 4.448236 1.069784 -3.838903
v 4.453337 1.067302 -3.973887
v 4.453756 1.067017 -3.978915
v 4.444309 0.336776 -3.701767
v 4.477857 0.591677 -3.731937
v 4.444309 0.331244 -4.274535
v 4.444309 0.570319 -4.274535
v 4.699210 0.336776 -3.701767
v 4.699210 0.608116 -3.701767
v 4.699210 0.336776 -4.274537
v 4.676689 0.591677 -4.274537
v 4.444309 0.321939 -4.103456
v 4.444309 0.327969 -3.988152
v 4.444309 0.332372 -3.973109
v 4.481736 0.591677 -3.881150
v 4.458170 0.586217 -4.046472
v 4.438254 0.591677 -4.124067
v 4.699210 0.336776 -3.973109
v 4.699210 0.336776 -3.988152
v 4.699210 0.336776 -4.003195
v 4.699210 0.592077 -4.253782
v 4.699210 0.596436 -4.046472
v 4.699210 0.603460 -3.892612
v 4.427166 0.464226 -3.701767
v 4.444309 0.455419 -4.274535
v 4.699210 0.464226 -4.274537
v 4.699210 0.472446 -3.701767
v 4.699210 0.466281 -4.003195
v 4.699210 0.468336 -3.988152
v 4.699210 0.470391 -3.973109
v 4.434395 0.463673 -3.769957
v 4.442266 0.457893 -4.125132
v 4.443582 0.456328 -4.218279
v 4.718524 0.897943 -3.387970
v 4.752028 0.643042 -3.423226
v 4.718524 0.903475 -4.057320
v 4.718524 0.664400 -4.057320
v 4.463623 0.897943 -3.387970
v 4.463623 0.626603 -3.387970
v 4.463623 0.897943 -4.057320
v 4.486144 0.643042 -4.057320
v 4.718524 0.906750 -3.722645
v 4.718524 0.902346 -3.705066
v 4.748148 0.643042 -3.597600
v 4.728502 0.650155 -3.790798
v 4.463623 0.897943 -3.705066
v 4.463623 0.897943 -3.722645
v 4.463623 0.638283 -3.790798
v 4.463623 0.631258 -3.610995
v 4.735668 0.770492 -3.387970
v 4.718524 0.779299 -4.057320
v 4.463623 0.770492 -4.057320
v 4.463623 0.762273 -3.387970
v 4.463623 0.766383 -3.722645
v 4.463623 0.764328 -3.705066
v 4.728438 0.771046 -3.467657
v 4.723338 0.773528 -3.653384
v 4.458151 0.887179 -3.348882
v 4.424647 0.632278 -3.322366
v 4.458151 0.892710 -2.845473
v 4.458151 0.653635 -2.845473
v 4.713052 0.887179 -3.348882
v 4.713052 0.615838 -3.348882
v 4.713052 0.887178 -2.845473
v 4.690531 0.632278 -2.845473
v 4.458151 0.902016 -2.995837
v 4.458151 0.895985 -3.097177
v 4.458151 0.891582 -3.110399
v 4.428528 0.632278 -3.191222
v 4.448173 0.639391 -3.045920
v 4.452096 0.632278 -2.977721
v 4.713052 0.887179 -3.110399
v 4.713052 0.887179 -3.097177
v 4.713052 0.887179 -3.083956
v 4.713052 0.631877 -2.863713
v 4.713052 0.627519 -3.045920
v 4.713052 0.620494 -3.181147
v 4.441007 0.759728 -3.348882
v 4.458151 0.768535 -2.845473
v 4.713052 0.759728 -2.845473
v 4.713052 0.751508 -3.348882
v 4.713052 0.757673 -3.083956
v 4.713052 0.755618 -3.097177
v 4.713052 0.753563 -3.110399
v 4.448236 0.760282 -3.288951
v 4.453337 0.762764 -3.149268
v 4.453756 0.763048 -3.144066
v 4.455051 0.563484 -3.023020
v 4.709952 0.596987 -3.057444
v 4.449519 0.563483 -3.676561
v 4.688595 0.563483 -3.676561
v 4.455051 0.308583 -3.023020
v 4.726392 0.308583 -3.023020
v 4.455051 0.308583 -3.676561
v 4.709951 0.331104 -3.676561
v 4.446244 0.563484 -3.349791
v 4.450648 0.563484 -3.332627
v 4.709951 0.593107 -3.227699
v 4.702839 0.573462 -3.416335
v 4.455051 0.308583 -3.332627
v 4.455051 0.308583 -3.349791
v 4.714711 0.308583 -3.416335
v 4.721736 0.308583 -3.240779
v 4.582501 0.580628 -3.023020
v 4.573694 0.563483 -3.676561
v 4.582501 0.308583 -3.676561
v 4.590721 0.308583 -3.023020
v 4.586612 0.308583 -3.349791
v 4.588666 0.308583 -3.332627
v 4.581948 0.573398 -3.100825
v 4.579466 0.568298 -3.282166
v 4.714944 1.176674 -3.732217
v 4.460043 1.143127 -3.700619
v 4.720475 1.176674 -3.132306
v 4.481400 1.176674 -3.132306
v 4.714944 0.921773 -3.732217
v 4.443603 0.921773 -3.732217
v 4.714944 0.921773 -3.132306
v 4.460043 0.944294 -3.132306
v 4.729781 1.176674 -3.311494
v 4.723750 1.176674 -3.432261
v 4.719347 1.176674 -3.448017
v 4.460043 1.139247 -3.544334
v 4.465503 1.162813 -3.371178
v 4.460043 1.182729 -3.289905
v 4.714944 0.921773 -3.448017
v 4.714944 0.921773 -3.432261
v 4.714944 0.921773 -3.416506
v 4.459642 0.921773 -3.154043
v 4.455283 0.921773 -3.371178
v 4.448259 0.921773 -3.532329
v 4.587493 1.193818 -3.732217
v 4.596300 1.176674 -3.132306
v 4.587493 0.921773 -3.132306
v 4.579273 0.921773 -3.732217
v 4.585438 0.921773 -3.416506
v 4.583384 0.921773 -3.432261
v 4.581328 0.921773 -3.448017
v 4.588046 1.186588 -3.660796
v 4.593826 1.178717 -3.288790
v 4.595391 1.177402 -3.191228
v 4.697391 0.642662 -2.204090
v 4.663843 0.897563 -2.172491
v 4.697391 0.637130 -1.604178
v 4.697391 0.876205 -1.604178
v 4.442490 0.642662 -2.204090
v 4.442490 0.914002 -2.204090
v 4.442490 0.642662 -1.604178
v 4.465011 0.897563 -1.604178
v 4.697391 0.627825 -1.783367
v 4.697391 0.633855 -1.904134
v 4.697391 0.638259 -1.919890
v 4.659964 0.897563 -2.016207
v 4.683530 0.892103 -1.843050
v 4.703445 0.897563 -1.761777
v 4.442490 0.642662 -1.919890
v 4.442490 0.642662 -1.904134
v 4.442490 0.642662 -1.888378
v 4.442490 0.897963 -1.625915
v 4.442490 0.902322 -1.843050
v 4.442490 0.909346 -2.004200
v 4.714535 0.770112 -2.204090
v 4.697391 0.761305 -1.604178
v 4.442490 0.770112 -1.604178
v 4.442490 0.778332 -2.204090
v 4.442490 0.772167 -1.888378
v 4.442490 0.774222 -1.904134
v 4.442490 0.776277 -1.919890
v 4.707305 0.769559 -2.132669
v 4.699434 0.763779 -1.760663
v 4.698118 0.762214 -1.663101
v 4.693022 0.967096 -2.440836
v 4.438121 0.933593 -2.476093
v 4.698554 0.967097 -3.110187
v 4.459478 0.967097 -3.110187
v 4.693022 1.221997 -2.440836
v 4.421682 1.221997 -2.440836
v 4.693022 1.221997 -3.110187
v 4.438121 1.199476 -3.110187
v 4.701829 0.967096 -2.775512
v 4.697426 0.967096 -2.757933
v 4.438121 0.937473 -2.650467
v 4.445234 0.957118 -2.843666
v 4.693022 1.221997 -2.757933
v 4.693022 1.221997 -2.775512
v 4.433362 1.221997 -2.843666
v 4.426337 1.221997 -2.663863
v 4.565572 0.949952 -2.440836
v 4.574379 0.967097 -3.110187
v 4.565571 1.221997 -3.110187
v 4.557352 1.221997 -2.440836
v 4.561461 1.221997 -2.775512
v 4.559407 1.221997 -2.757933
v 4.566125 0.957182 -2.520524
v 4.568607 0.962282 -2.706251
v 4.458152 0.938779 -1.898340
v 4.424648 1.193680 -1.924856
v 4.458151 0.933247 -2.401749
v 4.458151 1.172322 -2.401749
v 4.713053 0.938779 -1.898340
v 4.713053 1.210119 -1.898340
v 4.713052 0.938779 -2.401749
v 4.690531 1.193680 -2.401749
v 4.458151 0.923942 -2.251385
v 4.458151 0.929972 -2.150045
v 4.458151 0.934376 -2.136823
v 4.428528 1.193680 -2.056000
v 4.448173 1.186566 -2.201302
v 4.452096 1.193680 -2.269501
v 4.713052 0.938779 -2.136823
v 4.713052 0.938779 -2.150045
v 4.713052 0.938779 -2.163266
v 4.713052 1.194080 -2.383509
v 4.713052 1.198439 -2.201302
v 4.713052 1.205463 -2.066075
v 4.441008 1.066229 -1.898340
v 4.458151 1.057423 -2.401749
v 4.713052 1.066229 -2.401749
v 4.713053 1.074449 -1.898340
v 4.713052 1.068285 -2.163266
v 4.713052 1.070339 -2.150045
v 4.713052 1.072394 -2.136823
v 4.448237 1.065676 -1.958272
v 4.453337 1.063194 -2.097954
v 4.453756 1.062910 -2.103156
v 4.440860 0.336189 -2.397096
v 4.474407 0.591089 -2.428695
v 4.440860 0.330657 -2.997008
v 4.440860 0.569732 -2.997008
v 4.695761 0.336188 -2.397096
v 4.695761 0.607529 -2.397096
v 4.695761 0.336189 -2.997008
v 4.673240 0.591090 -2.997008
v 4.440860 0.321351 -2.817820
v 4.440860 0.327382 -2.697052
v 4.440860 0.331785 -2.681296
v 4.478287 0.591089 -2.584979
v 4.454720 0.585630 -2.758135
v 4.434805 0.591090 -2.839408
v 4.695761 0.336189 -2.681296
v 4.695761 0.336189 -2.697052
v 4.695761 0.336189 -2.712807
v 4.695761 0.591490 -2.975270
v 4.695761 0.595849 -2.758135
v 4.695761 0.602873 -2.596985
v 4.423716 0.463639 -2.397096
v 4.440860 0.454832 -2.997008
v 4.695761 0.463639 -2.997008
v 4.695761 0.471859 -2.397096
v 4.695761 0.465694 -2.712807
v 4.695761 0.467749 -2.697052
v 4.695761 0.469804 -2.681296
v 4.430945 0.463086 -2.468516
v 4.438817 0.457306 -2.840523
v 4.440132 0.455741 -2.938085
v 4.718524 0.604511 -1.705627
v 4.752028 0.349610 -1.740883
v 4.718524 0.610043 -2.374977
v 4.718524 0.370968 -2.374977
v 4.463623 0.604511 -1.705627
v 4.463623 0.333171 -1.705627
v 4.463623 0.604511 -2.374977
v 4.486144 0.349610 -2.374977
v 4.718524 0.613318 -2.040302
v 4.718524 0.608914 -2.022723
v 4.748148 0.349610 -1.915257
v 4.728502 0.356724 -2.108456
v 4.463623 0.604511 -2.022723
v 4.463623 0.604511 -2.040302
v 4.463623 0.344851 -2.108456
v 4.463623 0.337826 -1.928653
v 4.735668 0.477061 -1.705627
v 4.718524 0.485867 -2.374977
v 4.463623 0.477060 -2.374977
v 4.463623 0.468841 -1.705627
v 4.463623 0.472951 -2.040302
v 4.463623 0.470896 -2.022723
v 4.728438 0.477614 -1.785314
v 4.723339 0.480096 -1.971041
v 4.435625 0.892579 -2.807377
v 4.469172 0.637679 -2.777207
v 4.435625 0.898111 -2.234608
v 4.435625 0.659036 -2.234608
v 4.690526 0.892579 -2.807377
v 4.690526 0.621239 -2.807377
v 4.690526 0.892579 -2.234608
v 4.668005 0.637678 -2.234608
v 4.435625 0.907417 -2.405689
v 4.435625 0.901386 -2.520992
v 4.435625 0.896983 -2.536036
v 4.473052 0.637679 -2.627995
v 4.449486 0.643138 -2.462673
v 4.429570 0.637678 -2.385077
v 4.690526 0.892579 -2.536036
v 4.690526 0.892579 -2.520992
v 4.690526 0.892579 -2.505949
v 4.690526 0.637278 -2.255362
v 4.690526 0.632919 -2.462673
v 4.690526 0.625895 -2.616531
v 4.418481 0.765129 -2.807377
v 4.435625 0.773936 -2.234608
v 4.690526 0.765129 -2.234608
v 4.690526 0.756909 -2.807377
v 4.690526 0.763074 -2.505949
v 4.690526 0.761019 -2.520992
v 4.690526 0.758964 -2.536036
v 4.425711 0.765682 -2.739188
v 4.433582 0.771462 -2.384013
v 4.434897 0.773027 -2.290865
v 4.458152 0.630676 -1.069232
v 4.424648 0.885576 -1.095748
v 4.458152 0.625144 -1.572641
v 4.458152 0.864219 -1.572641
v 4.713053 0.630676 -1.069232
v 4.713053 0.902016 -1.069232
v 4.713053 0.630676 -1.572641
v 4.690532 0.885576 -1.572641
v 4.458152 0.615838 -1.422277
v 4.458152 0.621869 -1.320936
v 4.458152 0.626272 -1.307715
v 4.428528 0.885576 -1.226892
v 4.448173 0.878463 -1.372194
v 4.452097 0.885576 -1.440393
v 4.713053 0.630676 -1.307715
v 4.713053 0.630676 -1.320936
v 4.713053 0.630676 -1.334157
v 4.713053 0.885977 -1.554401
v 4.713053 0.890336 -1.372194
v 4.713053 0.897360 -1.236967
v 4.441008 0.758126 -1.069232
v 4.458152 0.749319 -1.572641
v 4.713053 0.758126 -1.572641
v 4.713053 0.766346 -1.069232
v 4.713053 0.760181 -1.334157
v 4.713053 0.762236 -1.320936
v 4.713053 0.764291 -1.307715
v 4.448237 0.757573 -1.129164
v 4.453337 0.755090 -1.268846
v 4.453756 0.754806 -1.274048
v 4.444433 1.194227 -1.877729
v 4.477980 0.939326 -1.846129
v 4.444433 1.199759 -1.277817
v 4.444433 0.960684 -1.277817
v 4.699333 1.194227 -1.877729
v 4.699333 0.922887 -1.877729
v 4.699333 1.194227 -1.277817
v 4.676812 0.939326 -1.277817
v 4.444433 1.209064 -1.457006
v 4.444433 1.203034 -1.577773
v 4.444433 1.198630 -1.593528
v 4.481859 0.939326 -1.689845
v 4.458293 0.944786 -1.516689
v 4.438377 0.939326 -1.435416
v 4.699333 1.194227 -1.593528
v 4.699333 1.194227 -1.577773
v 4.699333 1.194227 -1.562017
v 4.699333 0.938926 -1.299554
v 4.699333 0.934567 -1.516689
v 4.699333 0.927542 -1.677839
v 4.427289 1.066776 -1.877729
v 4.444433 1.075584 -1.277817
v 4.699333 1.066777 -1.277817
v 4.699333 1.058557 -1.877729
v 4.699333 1.064722 -1.562017
v 4.699333 1.062667 -1.577773
v 4.699333 1.060612 -1.593528
v 4.434519 1.067330 -1.806308
v 4.442389 1.073110 -1.434302
v 4.443706 1.074675 -1.336740
v 4.697391 0.593279 -1.109786
v 4.663843 0.338378 -1.139956
v 4.697391 0.598811 -1.682555
v 4.697391 0.359736 -1.682555
v 4.442490 0.593279 -1.109786
v 4.442490 0.321938 -1.109787
v 4.442490 0.593279 -1.682555
v 4.465011 0.338378 -1.682555
v 4.697391 0.608116 -1.511474
v 4.697391 0.602086 -1.396171
v 4.697391 0.597682 -1.381127
v 4.659964 0.338378 -1.289168
v 4.683530 0.343838 -1.454490
v 4.703445 0.338378 -1.532086
v 4.442490 0.593279 -1.381127
v 4.442490 0.593279 -1.396171
v 4.442490 0.593279 -1.411213
v 4.442490 0.337978 -1.661801
v 4.442490 0.333619 -1.454490
v 4.442490 0.326594 -1.300632
v 4.714535 0.465828 -1.109786
v 4.697391 0.474635 -1.682555
v 4.442490 0.465829 -1.682555
v 4.442490 0.457609 -1.109786
v 4.442490 0.463773 -1.411213
v 4.442490 0.461719 -1.396171
v 4.442490 0.459664 -1.381127
v 4.707305 0.466382 -1.177975
v 4.699434 0.472162 -1.533150
v 4.698118 0.473727 -1.626298
v 4.718525 0.324534 -1.084580
v 4.752028 0.579435 -1.050157
v 4.718525 0.319001 -0.431039
v 4.718525 0.558077 -0.431039
v 4.463624 0.324534 -1.084580
v 4.463624 0.595874 -1.084580
v 4.463624 0.324534 -0.431039
v 4.486145 0.579434 -0.431039
v 4.718525 0.315727 -0.757810
v 4.718525 0.320130 -0.774974
v 4.748148 0.579434 -0.879901
v 4.728502 0.572321 -0.691267
v 4.463624 0.324534 -0.774974
v 4.463624 0.324534 -0.757810
v 4.463624 0.584194 -0.691267
v 4.463624 0.591218 -0.866822
v 4.735668 0.451984 -1.084580
v 4.718525 0.443177 -0.431039
v 4.463624 0.451984 -0.431039
v 4.463624 0.460204 -1.084580
v 4.463624 0.456094 -0.757810
v 4.463624 0.458149 -0.774974
v 4.728438 0.451431 -1.006776
v 4.723339 0.448949 -0.825436
v 4.458152 0.942887 -0.768421
v 4.424648 1.197788 -0.794045
v 4.458152 0.937355 -1.254899
v 4.458152 1.176430 -1.254899
v 4.713053 0.942887 -0.768421
v 4.713053 1.214227 -0.768421
v 4.713053 0.942887 -1.254899
v 4.690532 1.197788 -1.254899
v 4.458152 0.928050 -1.109592
v 4.458152 0.934080 -1.011660
v 4.458152 0.938484 -0.998883
v 4.428528 1.197788 -0.920778
v 4.448173 1.190674 -1.061193
v 4.452097 1.197788 -1.127099
v 4.713053 0.942887 -0.998883
v 4.713053 0.942887 -1.011660
v 4.713053 0.942887 -1.024436
v 4.713053 1.198188 -1.237271
v 4.713053 1.202547 -1.061193
v 4.713053 1.209571 -0.930514
v 4.441008 1.070337 -0.768421
v 4.458152 1.061530 -1.254899
v 4.713053 1.070337 -1.254899
v 4.713053 1.078557 -0.768421
v 4.713053 1.072392 -1.024436
v 4.713053 1.074447 -1.011660
v 4.713053 1.076502 -0.998883
v 4.448237 1.069784 -0.826336
v 4.453337 1.067302 -0.961321
v 4.453756 1.067017 -0.966348
v 4.697391 0.937724 -0.719651
v 4.663843 1.192625 -0.688053
v 4.697391 0.932192 -0.119739
v 4.697391 1.171267 -0.119739
v 4.442490 0.937724 -0.719651
v 4.442490 1.209064 -0.719651
v 4.442490 0.937724 -0.119739
v 4.465011 1.192625 -0.119739
v 4.697391 0.922887 -0.298928
v 4.697391 0.928917 -0.419695
v 4.697391 0.933321 -0.435451
v 4.659965 1.192625 -0.531768
v 4.683531 1.187165 -0.358612
v 4.703445 1.192625 -0.277339
v 4.442490 0.937724 -0.435451
v 4.442490 0.937724 -0.419695
v 4.442490 0.937724 -0.403940
v 4.442490 1.193025 -0.141477
v 4.442490 1.197384 -0.358612
v 4.442490 1.204408 -0.519762
v 4.714535 1.065174 -0.719651
v 4.697391 1.056368 -0.119739
v 4.442490 1.065174 -0.119739
v 4.442490 1.073394 -0.719651
v 4.442490 1.067229 -0.403940
v 4.442490 1.069284 -0.419695
v 4.442490 1.071339 -0.435451
v 4.707305 1.064621 -0.648232
v 4.699434 1.058841 -0.276225
v 4.698119 1.057276 -0.178662
v 4.458152 0.630676 -0.540084
v 4.424648 0.885576 -0.566600
v 4.458152 0.625144 -1.043493
v 4.458152 0.864219 -1.043493
v 4.713053 0.630676 -0.540084
v 4.713053 0.902016 -0.540084
v 4.713053 0.630676 -1.043493
v 4.690532 0.885576 -1.043493
v 4.458152 0.615838 -0.893129
v 4.458152 0.621869 -0.791789
v 4.458152 0.626272 -0.778568
v 4.428528 0.885576 -0.697744
v 4.448173 0.878463 -0.843046
v 4.452097 0.885576 -0.911245
v 4.713053 0.630676 -0.778568
v 4.713053 0.630676 -0.791789
v 4.713053 0.630676 -0.805010
v 4.713053 0.885977 -1.025253
v 4.713053 0.890336 -0.843046
v 4.713053 0.897360 -0.707819
v 4.441008 0.758126 -0.540084
v 4.458152 0.749319 -1.043493
v 4.713053 0.758126 -1.043493
v 4.713053 0.766346 -0.540084
v 4.713053 0.760181 -0.805010
v 4.713053 0.762236 -0.791789
v 4.713053 0.764291 -0.778568
v 4.448237 0.757573 -0.600016
v 4.453337 0.755090 -0.739699
v 4.453757 0.754806 -0.744900
v 4.437983 0.636076 0.070780
v 4.471530 0.890977 0.040611
v 4.437983 0.630544 -0.501988
v 4.437983 0.869620 -0.501988
v 4.692883 0.636076 0.070780
v 4.692883 0.907416 0.070780
v 4.692883 0.636076 -0.501988
v 4.670362 0.890977 -0.501988
v 4.437983 0.621239 -0.330907
v 4.437983 0.627270 -0.215604
v 4.437983 0.631673 -0.200561
v 4.475410 0.890977 -0.108602
v 4.451843 0.885518 -0.273923
v 4.431928 0.890977 -0.351519
v 4.692883 0.636076 -0.200561
v 4.692883 0.636076 -0.215604
v 4.692883 0.636076 -0.230647
v 4.692883 0.891378 -0.481234
v 4.692883 0.895736 -0.273923
v 4.692883 0.902761 -0.120065
v 4.420838 0.763527 0.070780
v 4.437983 0.754720 -0.501988
v 4.692883 0.763527 -0.501988
v 4.692883 0.771746 0.070780
v 4.692883 0.765582 -0.230647
v 4.692883 0.767637 -0.215604
v 4.692883 0.769691 -0.200561
v 4.428068 0.762973 0.002592
v 4.435940 0.757194 -0.352583
v 4.437255 0.755629 -0.445731
v 4.718525 0.583971 2.732953
v 4.752028 0.329070 2.697697
v 4.718525 0.589503 2.063603
v 4.718525 0.350427 2.063603
v 4.463624 0.583971 2.732953
v 4.463624 0.312630 2.732953
v 4.463624 0.583971 2.063603
v 4.486145 0.329070 2.063603
v 4.718525 0.592778 2.398278
v 4.718525 0.588374 2.415857
v 4.748149 0.329070 2.523323
v 4.728503 0.336183 2.330124
v 4.463624 0.583971 2.415857
v 4.463624 0.583971 2.398278
v 4.463624 0.324311 2.330124
v 4.463624 0.317286 2.509927
v 4.735669 0.456520 2.732953
v 4.718525 0.465327 2.063603
v 4.463624 0.456520 2.063603
v 4.463624 0.448301 2.732953
v 4.463624 0.452410 2.398278
v 4.463624 0.450355 2.415857
v 4.728439 0.457074 2.653266
v 4.723340 0.459556 2.467539
v 4.458152 0.316703 1.397486
v 4.424648 0.571604 1.370970
v 4.458152 0.311171 0.894077
v 4.458152 0.550247 0.894077
v 4.713053 0.316703 1.397486
v 4.713053 0.588044 1.397486
v 4.713053 0.316703 0.894077
v 4.690532 0.571604 0.894077
v 4.458152 0.301866 1.044441
v 4.458152 0.307897 1.145782
v 4.458152 0.312300 1.159003
v 4.428528 0.571604 1.239826
v 4.448174 0.564491 1.094524
v 4.452097 0.571604 1.026325
v 4.713053 0.316703 1.159003
v 4.713053 0.316703 1.145782
v 4.713053 0.316703 1.132560
v 4.713053 0.572005 0.912318
v 4.713053 0.576363 1.094524
v 4.713053 0.583388 1.229751
v 4.441008 0.444154 1.397486
v 4.458152 0.435347 0.894077
v 4.713053 0.444154 0.894077
v 4.713053 0.452374 1.397486
v 4.713053 0.446209 1.132560
v 4.713053 0.448264 1.145782
v 4.713053 0.450319 1.159003
v 4.448237 0.443601 1.337555
v 4.453338 0.441118 1.197872
v 4.453757 0.440834 1.192670
v 4.697391 1.186597 0.506705
v 4.663844 0.931697 0.475106
v 4.697391 1.192130 -0.093207
v 4.697391 0.953054 -0.093207
v 4.442491 1.186597 0.506705
v 4.442491 0.915257 0.506705
v 4.442490 1.186598 -0.093207
v 4.465011 0.931697 -0.093207
v 4.697391 1.201435 0.085982
v 4.697391 1.195405 0.206749
v 4.697391 1.191001 0.222505
v 4.659965 0.931697 0.318822
v 4.683531 0.937156 0.145666
v 4.703445 0.931697 0.064393
v 4.442490 1.186597 0.222505
v 4.442490 1.186597 0.206749
v 4.442490 1.186597 0.190994
v 4.442490 0.931296 -0.071469
v 4.442490 0.926938 0.145666
v 4.442490 0.919913 0.306816
v 4.714535 1.059147 0.506705
v 4.697391 1.067954 -0.093207
v 4.442490 1.059147 -0.093207
v 4.442491 1.050927 0.506705
v 4.442490 1.057092 0.190994
v 4.442490 1.055037 0.206749
v 4.442490 1.052982 0.222505
v 4.707305 1.059700 0.435285
v 4.699434 1.065480 0.063279
v 4.698119 1.067046 -0.034284
v 4.718525 1.198417 1.198174
v 4.752028 0.943516 1.162918
v 4.718525 1.203949 0.528824
v 4.718525 0.964874 0.528824
v 4.463624 1.198417 1.198174
v 4.463624 0.927077 1.198174
v 4.463624 1.198417 0.528824
v 4.486145 0.943516 0.528824
v 4.718525 1.207224 0.863499
v 4.718525 1.202821 0.881078
v 4.748148 0.943516 0.988544
v 4.728503 0.950630 0.795346
v 4.463624 1.198417 0.881078
v 4.463624 1.198417 0.863499
v 4.463624 0.938757 0.795346
v 4.463624 0.931733 0.975148
v 4.735668 1.070967 1.198174
v 4.718525 1.079773 0.528824
v 4.463624 1.070966 0.528824
v 4.463624 1.062747 1.198174
v 4.463624 1.066857 0.863499
v 4.463624 1.064802 0.881078
v 4.728438 1.071520 1.118487
v 4.723339 1.074002 0.932760
v 4.413153 0.877791 0.094548
v 4.446699 0.622890 0.124716
v 4.413153 0.883322 0.667316
v 4.413153 0.644247 0.667315
v 4.668054 0.877791 0.094548
v 4.668054 0.606450 0.094547
v 4.668054 0.877790 0.667316
v 4.645533 0.622889 0.667315
v 4.413153 0.892628 0.496235
v 4.413153 0.886597 0.380932
v 4.413153 0.882194 0.365889
v 4.450580 0.622890 0.273930
v 4.427012 0.628349 0.439251
v 4.407098 0.622890 0.516847
v 4.668054 0.877790 0.365889
v 4.668054 0.877790 0.380932
v 4.668054 0.877790 0.395974
v 4.668054 0.622489 0.646562
v 4.668054 0.618131 0.439251
v 4.668054 0.611106 0.285393
v 4.396008 0.750340 0.094548
v 4.413153 0.759147 0.667315
v 4.668054 0.750340 0.667316
v 4.668054 0.742120 0.094548
v 4.668054 0.748285 0.395974
v 4.668054 0.746230 0.380932
v 4.668054 0.744175 0.365889
v 4.403238 0.750893 0.162736
v 4.411109 0.756673 0.517911
v 4.412425 0.758238 0.611059
v 4.718525 0.609045 0.692521
v 4.752028 0.863946 0.726945
v 4.718525 0.603513 1.346063
v 4.718525 0.842588 1.346063
v 4.463624 0.609046 0.692521
v 4.463624 0.880386 0.692521
v 4.463624 0.609045 1.346063
v 4.486145 0.863946 1.346063
v 4.718525 0.600238 1.019292
v 4.718525 0.604642 1.002128
v 4.748148 0.863946 0.897201
v 4.728503 0.856833 1.085836
v 4.463624 0.609045 1.002128
v 4.463624 0.609045 1.019292
v 4.463624 0.868705 1.085836
v 4.463624 0.875730 0.910280
v 4.735668 0.736496 0.692521
v 4.718525 0.727689 1.346063
v 4.463624 0.736496 1.346063
v 4.463624 0.744716 0.692521
v 4.463624 0.740606 1.019292
v 4.463624 0.742661 1.002128
v 4.728438 0.735942 0.770326
v 4.723339 0.733460 0.951667
v 4.458152 0.942887 1.719494
v 4.424648 1.197788 1.693870
v 4.458152 0.937355 1.233016
v 4.458152 1.176430 1.233016
v 4.713053 0.942887 1.719494
v 4.713053 1.214227 1.719494
v 4.713053 0.942887 1.233016
v 4.690532 1.197788 1.233016
v 4.458152 0.928050 1.378323
v 4.458152 0.934080 1.476255
v 4.458152 0.938484 1.489031
v 4.428528 1.197788 1.567136
v 4.448174 1.190674 1.426722
v 4.452097 1.197788 1.360816
v 4.713053 0.942887 1.489031
v 4.713053 0.942887 1.476255
v 4.713053 0.942887 1.463479
v 4.713053 1.198188 1.250643
v 4.713053 1.202547 1.426722
v 4.713053 1.209571 1.557400
v 4.441009 1.070337 1.719494
v 4.458152 1.061530 1.233016
v 4.713053 1.070337 1.233016
v 4.713053 1.078557 1.719494
v 4.713053 1.072392 1.463479
v 4.713053 1.074447 1.476255
v 4.713053 1.076502 1.489031
v 4.448237 1.069784 1.661578
v 4.453338 1.067302 1.526593
v 4.453757 1.067017 1.521566
v 4.679549 0.887179 3.021212
v 4.713053 0.632278 2.994696
v 4.679549 0.892711 2.517802
v 4.679549 0.653635 2.517802
v 4.424648 0.887178 3.021212
v 4.424648 0.615838 3.021212
v 4.424648 0.887178 2.517802
v 4.447169 0.632278 2.517802
v 4.679549 0.902016 2.668166
v 4.679549 0.895985 2.769507
v 4.679549 0.891582 2.782728
v 4.709172 0.632278 2.863551
v 4.689528 0.639391 2.718250
v 4.685604 0.632278 2.650050
v 4.424648 0.887178 2.782728
v 4.424648 0.887178 2.769507
v 4.424648 0.887178 2.756286
v 4.424648 0.631877 2.536043
v 4.424648 0.627519 2.718250
v 4.424648 0.620494 2.853476
v 4.696692 0.759728 3.021212
v 4.679549 0.768535 2.517802
v 4.424648 0.759728 2.517802
v 4.424648 0.751508 3.021212
v 4.424648 0.757673 2.756286
v 4.424648 0.755618 2.769507
v 4.424648 0.753563 2.782728
v 4.689463 0.760281 2.961280
v 4.684363 0.762764 2.821598
v 4.683944 0.763048 2.816396
v 4.718525 0.581037 4.729323
v 4.752028 0.326136 4.694900
v 4.718525 0.586569 4.075781
v 4.718525 0.347493 4.075781
v 4.463624 0.581037 4.729323
v 4.463624 0.309696 4.729323
v 4.463624 0.581037 4.075781
v 4.486145 0.326136 4.075781
v 4.718525 0.589844 4.402552
v 4.718525 0.585440 4.419716
v 4.748149 0.326136 4.524644
v 4.728503 0.333249 4.336009
v 4.463624 0.581037 4.419716
v 4.463624 0.581037 4.402552
v 4.463624 0.321377 4.336009
v 4.463624 0.314352 4.511564
v 4.735669 0.453586 4.729323
v 4.718525 0.462393 4.075781
v 4.463624 0.453586 4.075781
v 4.463624 0.445366 4.729323
v 4.463624 0.449476 4.402552
v 4.463624 0.447421 4.419716
v 4.728439 0.454140 4.651517
v 4.723340 0.456622 4.470178
v 4.461023 0.336776 3.337420
v 4.494571 0.591677 3.307251
v 4.461023 0.331244 2.764652
v 4.461023 0.570319 2.764652
v 4.715924 0.336776 3.337420
v 4.715924 0.608116 3.337420
v 4.715924 0.336776 2.764652
v 4.693403 0.591677 2.764652
v 4.461023 0.321939 2.935733
v 4.461023 0.327969 3.051036
v 4.461023 0.332373 3.066078
v 4.498450 0.591677 3.158038
v 4.474884 0.586217 2.992717
v 4.454968 0.591677 2.915120
v 4.715924 0.336776 3.066078
v 4.715924 0.336776 3.051036
v 4.715924 0.336776 3.035993
v 4.715924 0.592077 2.785405
v 4.715924 0.596436 2.992717
v 4.715924 0.603460 3.146574
v 4.443880 0.464226 3.337420
v 4.461023 0.455420 2.764652
v 4.715924 0.464226 2.764652
v 4.715924 0.472446 3.337420
v 4.715924 0.466281 3.035993
v 4.715924 0.468336 3.051036
v 4.715924 0.470391 3.066078
v 4.451109 0.463673 3.269231
v 4.458981 0.457893 2.914057
v 4.460296 0.456328 2.820909
v 4.697392 0.636076 3.046144
v 4.663844 0.890977 3.076313
v 4.697392 0.630544 3.618912
v 4.697392 0.869620 3.618912
v 4.442491 0.636076 3.046144
v 4.442491 0.907417 3.046144
v 4.442491 0.636076 3.618912
v 4.465012 0.890977 3.618912
v 4.697392 0.621239 3.447831
v 4.697392 0.627269 3.332528
v 4.697392 0.631673 3.317485
v 4.659965 0.890977 3.225525
v 4.683531 0.885518 3.390847
v 4.703446 0.890977 3.468443
v 4.442491 0.636076 3.317485
v 4.442491 0.636076 3.332528
v 4.442491 0.636076 3.347570
v 4.442491 0.891378 3.598158
v 4.442491 0.895736 3.390847
v 4.442491 0.902761 3.236989
v 4.714536 0.763527 3.046144
v 4.697392 0.754720 3.618912
v 4.442491 0.763527 3.618912
v 4.442491 0.771746 3.046144
v 4.442491 0.765582 3.347570
v 4.442491 0.767637 3.332528
v 4.442491 0.769691 3.317485
v 4.707306 0.762973 3.114332
v 4.699435 0.757194 3.469507
v 4.698119 0.755628 3.562655
v 4.718525 0.327468 3.363342
v 4.752028 0.582369 3.398599
v 4.718525 0.321936 4.032692
v 4.718525 0.561011 4.032692
v 4.463624 0.327468 3.363342
v 4.463624 0.598808 3.363342
v 4.463624 0.327468 4.032692
v 4.486145 0.582369 4.032692
v 4.718525 0.318661 3.698017
v 4.718525 0.323064 3.680438
v 4.748149 0.582369 3.572972
v 4.728503 0.575255 3.766171
v 4.463624 0.327468 3.680438
v 4.463624 0.327468 3.698017
v 4.463624 0.587128 3.766171
v 4.463624 0.594152 3.586368
v 4.735669 0.454918 3.363342
v 4.718525 0.446111 4.032692
v 4.463624 0.454918 4.032692
v 4.463624 0.463138 3.363342
v 4.463624 0.459028 3.698017
v 4.463624 0.461083 3.680438
v 4.728439 0.454365 3.443029
v 4.723340 0.451883 3.628756
v 4.458920 0.865548 3.656606
v 4.425415 0.610647 3.691030
v 4.458920 0.871080 4.310148
v 4.458920 0.632005 4.310148
v 4.713820 0.865548 3.656606
v 4.713820 0.594208 3.656606
v 4.713820 0.865548 4.310148
v 4.691298 0.610648 4.310148
v 4.458920 0.874355 3.983377
v 4.458920 0.869952 3.966213
v 4.429296 0.610647 3.861286
v 4.448940 0.617761 4.049921
v 4.713820 0.865548 3.966213
v 4.713820 0.865548 3.983377
v 4.713820 0.605888 4.049921
v 4.713820 0.598864 3.874365
v 4.441775 0.738098 3.656606
v 4.458920 0.746905 4.310148
v 4.713820 0.738098 4.310148
v 4.713820 0.729878 3.656606
v 4.713820 0.733988 3.983377
v 4.713820 0.731933 3.966213
v 4.449005 0.738651 3.734411
v 4.454104 0.741133 3.915752
v 4.458153 0.931737 4.343543
v 4.424648 1.186637 4.317027
v 4.458153 0.926205 3.840133
v 4.458153 1.165280 3.840133
v 4.713053 0.931737 4.343543
v 4.713053 1.203077 4.343543
v 4.713053 0.931737 3.840133
v 4.690532 1.186637 3.840133
v 4.458153 0.916899 3.990497
v 4.458153 0.922930 4.091838
v 4.458153 0.927333 4.105059
v 4.428529 1.186637 4.185882
v 4.448174 1.179524 4.040580
v 4.452097 1.186637 3.972381
v 4.713053 0.931737 4.105059
v 4.713053 0.931737 4.091838
v 4.713053 0.931737 4.078617
v 4.713053 1.187038 3.858373
v 4.713053 1.191397 4.040580
v 4.713053 1.198421 4.175807
v 4.441009 1.059187 4.343543
v 4.458153 1.050380 3.840133
v 4.713053 1.059187 3.840133
v 4.713053 1.067407 4.343543
v 4.713053 1.061242 4.078617
v 4.713053 1.063297 4.091838
v 4.713053 1.065352 4.105059
v 4.448238 1.058634 4.283611
v 4.453338 1.056152 4.143928
v 4.453758 1.055867 4.138726
v 4.433185 0.892579 1.911195
v 4.466732 0.637678 1.941364
v 4.433185 0.898111 2.483964
v 4.433185 0.659036 2.483964
v 4.688086 0.892579 1.911195
v 4.688086 0.621239 1.911195
v 4.688086 0.892579 2.483964
v 4.665565 0.637679 2.483964
v 4.433185 0.907417 2.312883
v 4.433185 0.901386 2.197579
v 4.433185 0.896983 2.182537
v 4.470612 0.637678 2.090578
v 4.447045 0.643138 2.255899
v 4.427130 0.637678 2.333495
v 4.688086 0.892579 2.182537
v 4.688086 0.892579 2.197579
v 4.688086 0.892579 2.212622
v 4.688086 0.637278 2.463210
v 4.688086 0.632919 2.255899
v 4.688086 0.625895 2.102041
v 4.416040 0.765129 1.911195
v 4.433185 0.773936 2.483964
v 4.688086 0.765129 2.483964
v 4.688086 0.756909 1.911195
v 4.688086 0.763074 2.212622
v 4.688086 0.761019 2.197579
v 4.688086 0.758964 2.182537
v 4.423270 0.765682 1.979384
v 4.431142 0.771462 2.334559
v 4.432457 0.773027 2.427707
v 4.718525 1.198417 3.812847
v 4.752028 0.943516 3.777591
v 4.718525 1.203949 3.143498
v 4.718525 0.964874 3.143498
v 4.463624 1.198417 3.812847
v 4.463624 0.927077 3.812847
v 4.463624 1.198417 3.143498
v 4.486145 0.943516 3.143498
v 4.718525 1.207224 3.478173
v 4.718525 1.202821 3.495752
v 4.748149 0.943516 3.603217
v 4.728503 0.950630 3.410019
v 4.463624 1.198417 3.495752
v 4.463624 1.198417 3.478173
v 4.463624 0.938757 3.410019
v 4.463624 0.931733 3.589822
v 4.735669 1.070967 3.812847
v 4.718525 1.079773 3.143498
v 4.463624 1.070966 3.143498
v 4.463624 1.062747 3.812847
v 4.463624 1.066857 3.478173
v 4.463624 1.064802 3.495752
v 4.728439 1.071520 3.733160
v 4.723340 1.074002 3.547434
v 4.697392 0.325038 1.430617
v 4.663844 0.579939 1.462216
v 4.697392 0.319506 2.030529
v 4.697392 0.558582 2.030529
v 4.442491 0.325038 1.430617
v 4.442491 0.596379 1.430617
v 4.442491 0.325038 2.030529
v 4.465012 0.579939 2.030529
v 4.697392 0.310201 1.851341
v 4.697392 0.316231 1.730573
v 4.697392 0.320635 1.714818
v 4.659965 0.579939 1.618501
v 4.683531 0.574479 1.791656
v 4.703446 0.579939 1.872930
v 4.442491 0.325038 1.714818
v 4.442491 0.325038 1.730573
v 4.442491 0.325038 1.746329
v 4.442491 0.580339 2.008792
v 4.442491 0.584698 1.791656
v 4.442491 0.591723 1.630507
v 4.714535 0.452489 1.430617
v 4.697392 0.443682 2.030529
v 4.442491 0.452489 2.030529
v 4.442491 0.460708 1.430617
v 4.442491 0.454544 1.746329
v 4.442491 0.456599 1.730573
v 4.442491 0.458653 1.714818
v 4.707306 0.451935 1.502037
v 4.699434 0.446156 1.874044
v 4.698119 0.444590 1.971607
v 4.718525 0.583384 0.864836
v 4.752028 0.328483 0.829580
v 4.718525 0.588916 0.195486
v 4.718525 0.349840 0.195486
v 4.463624 0.583384 0.864836
v 4.463624 0.312043 0.864836
v 4.463624 0.583384 0.195486
v 4.486145 0.328483 0.195486
v 4.718525 0.592191 0.530160
v 4.718525 0.587787 0.547740
v 4.748148 0.328483 0.655205
v 4.728503 0.335596 0.462007
v 4.463624 0.583384 0.547740
v 4.463624 0.583384 0.530160
v 4.463624 0.323724 0.462007
v 4.463624 0.316699 0.641809
v 4.735668 0.455933 0.864836
v 4.718525 0.464740 0.195486
v 4.463624 0.455933 0.195486
v 4.463624 0.447714 0.864836
v 4.463624 0.451823 0.530160
v 4.463624 0.449768 0.547740
v 4.728438 0.456487 0.785149
v 4.723339 0.458969 0.599422
v 4.697391 0.338732 -0.410046
v 4.663843 0.593633 -0.379877
v 4.697391 0.333200 0.162723
v 4.697391 0.572275 0.162723
v 4.442490 0.338732 -0.410046
v 4.442490 0.610072 -0.410046
v 4.442490 0.338732 0.162723
v 4.465011 0.593633 0.162723
v 4.697391 0.323895 -0.008358
v 4.697391 0.329925 -0.123662
v 4.697391 0.334329 -0.138704
v 4.659965 0.593633 -0.230664
v 4.683531 0.588173 -0.065342
v 4.703445 0.593633 0.012254
v 4.442490 0.338732 -0.138704
v 4.442490 0.338732 -0.123662
v 4.442490 0.338732 -0.108619
v 4.442490 0.594033 0.141969
v 4.442490 0.598392 -0.065342
v 4.442490 0.605416 -0.219201
v 4.714535 0.466182 -0.410046
v 4.697391 0.457376 0.162723
v 4.442490 0.466182 0.162723
v 4.442490 0.474402 -0.410046
v 4.442490 0.468237 -0.108619
v 4.442490 0.470292 -0.123662
v 4.442490 0.472347 -0.138704
v 4.707305 0.465629 -0.341857
v 4.699434 0.459849 0.013318
v 4.698119 0.458284 0.106465
v 4.458152 0.880136 1.387948
v 4.424648 0.625235 1.413572
v 4.458152 0.885668 1.874426
v 4.458152 0.646593 1.874426
v 4.713053 0.880136 1.387948
v 4.713053 0.608796 1.387948
v 4.713053 0.880136 1.874426
v 4.690532 0.625235 1.874426
v 4.458152 0.894973 1.729119
v 4.458152 0.888943 1.631187
v 4.458152 0.884539 1.618410
v 4.428528 0.625235 1.540306
v 4.448174 0.632349 1.680720
v 4.452097 0.625235 1.746626
v 4.713053 0.880136 1.618410
v 4.713053 0.880136 1.631187
v 4.713053 0.880136 1.643963
v 4.713053 0.624835 1.856798
v 4.713053 0.620476 1.680720
v 4.713053 0.613452 1.550041
v 4.441008 0.752686 1.387948
v 4.458152 0.761492 1.874426
v 4.713053 0.752685 1.874426
v 4.713053 0.744466 1.387948
v 4.713053 0.750631 1.643963
v 4.713053 0.748576 1.631187
v 4.713053 0.746521 1.618410
v 4.448237 0.753239 1.445863
v 4.453338 0.755721 1.580848
v 4.453757 0.756005 1.585875
v 4.458152 1.199390 1.766410
v 4.424648 0.944489 1.792926
v 4.458152 1.204922 2.269819
v 4.458152 0.965847 2.269819
v 4.713053 1.199390 1.766410
v 4.713053 0.928050 1.766410
v 4.713053 1.199390 2.269819
v 4.690532 0.944489 2.269819
v 4.458152 1.214227 2.119455
v 4.458152 1.208197 2.018114
v 4.458152 1.203793 2.004893
v 4.428528 0.944489 1.924070
v 4.448174 0.951603 2.069372
v 4.452097 0.944489 2.137571
v 4.713053 1.199390 2.004893
v 4.713053 1.199390 2.018114
v 4.713053 1.199390 2.031335
v 4.713053 0.944089 2.251579
v 4.713053 0.939730 2.069372
v 4.713053 0.932706 1.934145
v 4.441009 1.071940 1.766410
v 4.458152 1.080746 2.269819
v 4.713053 1.071940 2.269819
v 4.713053 1.063720 1.766410
v 4.713053 1.069885 2.031335
v 4.713053 1.067830 2.018114
v 4.713053 1.065775 2.004893
v 4.448237 1.072493 1.826341
v 4.453338 1.074975 1.966024
v 4.453757 1.075259 1.971226
v 4.697392 0.948288 2.319132
v 4.663844 1.203189 2.359000
v 4.697392 0.942756 3.076043
v 4.697392 1.181831 3.076043
v 4.442491 0.948288 2.319132
v 4.442491 1.219628 2.319132
v 4.442491 0.948288 3.076043
v 4.465012 1.203189 3.076043
v 4.697392 0.933450 2.849961
v 4.697392 0.939481 2.697587
v 4.697392 0.943884 2.677709
v 4.659965 1.203189 2.556185
v 4.683531 1.197729 2.774656
v 4.703446 1.203189 2.877199
v 4.442491 0.948288 2.677709
v 4.442491 0.948288 2.697587
v 4.442491 0.948288 2.717467
v 4.442491 1.203589 3.048618
v 4.442491 1.207948 2.774656
v 4.442491 1.214972 2.571333
v 4.714536 1.075738 2.319132
v 4.697392 1.066931 3.076043
v 4.442491 1.075738 3.076043
v 4.442491 1.083958 2.319132
v 4.442491 1.077793 2.717467
v 4.442491 1.079848 2.697587
v 4.442491 1.081903 2.677709
v 4.707306 1.075185 2.409243
v 4.699435 1.069405 2.878605
v 4.698119 1.067840 3.001700
v -4.392417 0.162061 -4.482059
v 4.392417 0.162061 -4.482059
v -4.392417 1.542260 -4.482059
v 4.392417 1.542260 -4.482059
v -4.392417 0.162061 4.468941
v 4.392417 0.162061 4.468941
v -4.392417 1.542260 4.468941
v 4.392417 1.542260 4.468941
v -4.475501 0.162061 4.385857
v -4.475501 0.162061 -4.398976
v -4.475501 1.542260 4.385857
v -4.475501 1.542260 -4.398976
v 4.475500 0.162061 4.385858
v 4.475500 0.162061 -4.398976
v 4.475500 1.542260 4.385858
v 4.475500 1.542260 -4.398976
v 4.384388 -0.145204 4.375853
v 4.429920 0.320674 4.421385
v 4.443577 -0.157468 4.811339
v 4.443577 0.302749 4.817000
v -4.359006 -0.145204 4.375854
v -4.429918 0.320674 4.421386
v -4.443576 -0.157468 4.811343
v -4.443576 0.302749 4.817003
v -4.359006 -0.145204 -4.367540
v -4.429919 0.320674 -4.438453
v -4.443577 -0.157468 -4.828408
v -4.443577 0.302749 -4.834069
v 4.384387 -0.145204 -4.367540
v 4.429918 0.320674 -4.438453
v 4.443577 -0.157468 -4.828408
v 4.443577 0.302749 -4.834069
v -4.819875 -0.157468 4.435043
v -4.825535 0.302749 4.435043
v -4.819876 -0.157468 -4.452111
v -4.825535 0.302749 -4.452111
v 4.819873 -0.157468 -4.452111
v 4.825533 0.302749 -4.452111
v 4.819878 -0.157468 4.435043
v 4.825538 0.302749 4.435043
v 4.429918 0.256473 -3.430200
v 4.819874 -0.157468 -3.440749
v 4.825533 0.302749 -3.440749
v 4.384387 -0.145204 -3.372539
v 4.825536 0.302749 0.738184
v 4.825536 0.302749 0.666363
v 4.825536 0.302749 0.702273
v 4.825538 0.302749 3.366344
v 4.825538 0.302749 3.288732
v 4.825538 0.302749 3.327538
v 4.384388 -0.145204 0.667556
v 4.384388 -0.145204 0.739375
v 4.384388 -0.145204 0.703466
v 4.384388 -0.145204 3.247291
v 4.384388 -0.145204 3.325235
v 4.384388 -0.145204 3.286263
v 4.429919 0.320674 3.669341
v 4.429919 0.320674 2.350922
v 4.446507 0.319922 3.317713
v 4.429919 0.320674 1.160742
v 4.429919 0.319937 0.664178
v 4.429919 0.293922 0.837333
v 4.819877 -0.157468 3.288569
v 4.819877 -0.157468 3.366506
v 4.819877 -0.157468 3.327538
v 4.819876 -0.157468 0.666364
v 4.819876 -0.157468 0.738183
v 4.819876 -0.157468 0.702274
v 1.659839 -0.157468 4.811341
v 1.302546 -0.157468 4.811341
v 1.481192 -0.157468 4.811341
v 1.302546 0.302749 4.817001
v 1.659839 0.302749 4.817001
v 1.481192 0.302749 4.817001
v 1.291277 -0.145204 4.375854
v 1.648570 -0.145204 4.375854
v 1.469923 -0.145204 4.375854
v 1.701270 0.320674 4.421385
v 0.517931 0.320674 4.421385
v 1.476640 0.263050 4.421385
v -2.319372 -0.157468 4.811341
v -2.606027 -0.157468 4.811342
v -2.462699 -0.157468 4.811342
v -2.606026 0.302749 4.817002
v -2.319372 0.302749 4.817002
v -2.462699 0.302749 4.817002
v -2.569376 -0.145204 4.375854
v -2.282721 -0.145204 4.375854
v -2.426048 -0.145204 4.375854
v -1.941247 0.320674 4.421385
v -2.601474 0.320674 4.421386
v -2.458146 0.280712 4.421386
v -4.359006 -0.145204 -3.025848
v -4.359006 -0.145204 -2.163360
v -4.359006 -0.145204 -2.594604
v -4.819875 -0.157468 -2.218889
v -4.819875 -0.157468 -3.081159
v -4.819875 -0.157468 -2.650024
v -4.825535 0.302749 -3.079035
v -4.825535 0.302749 -2.221012
v -4.825535 0.302749 -2.650024
v -4.429919 0.320674 -1.501559
v -4.429919 0.320674 -3.635369
v -4.429919 0.357331 -2.641904
v -4.359006 -0.145204 1.206052
v -4.359006 -0.145204 1.716726
v -4.359006 -0.145204 1.461389
v -4.819875 -0.157468 1.727995
v -4.819875 -0.157468 1.217322
v -4.819875 -0.157468 1.472659
v -4.825535 0.302749 1.217501
v -4.825535 0.302749 1.727816
v -4.825535 0.302749 1.472659
v -4.429919 0.320674 1.723265
v -4.429919 0.320674 -0.109878
v -4.419901 0.254860 1.467157
v -1.722577 -0.157468 -4.828408
v -1.239808 -0.157468 -4.828408
v -1.481192 -0.157468 -4.828408
v -1.239808 0.302749 -4.834069
v -1.722577 0.302749 -4.834069
v -1.481192 0.302749 -4.834069
v -1.203157 -0.090102 -4.367540
v -1.685927 -0.145204 -4.367540
v -1.444542 -0.145204 -4.367540
v -2.215883 0.261607 -4.438453
v -1.235255 0.375775 -4.438453
v -1.571934 0.320674 -4.438453
v 1.276251 -0.157468 -4.828409
v 1.684347 -0.157468 -4.828409
v 1.480299 -0.157468 -4.828409
v 1.684347 0.302749 -4.834069
v 1.276303 0.302749 -4.834069
v 1.480325 0.302749 -4.834069
v 1.673077 -0.209480 -4.367540
v 1.272667 -0.141138 -4.367540
v 1.471650 -0.144013 -4.367540
v 1.279318 0.267718 -4.438453
v 1.992213 0.263699 -4.438453
v 1.555269 0.296856 -4.438453
v 4.328852 1.256927 -4.417469
v 4.374384 1.722804 -4.463000
v 4.764338 1.244663 -4.476657
v 4.770000 1.704880 -4.476657
v 4.328855 1.256927 4.325925
v 4.374387 1.722804 4.396838
v 4.764342 1.244663 4.410495
v 4.770003 1.704880 4.410495
v -4.414539 1.256927 4.325927
v -4.485453 1.722804 4.396840
v -4.875408 1.244663 4.410498
v -4.881069 1.704880 4.410498
v -4.414541 1.256927 -4.417466
v -4.485454 1.722804 -4.462997
v -4.875409 1.244663 -4.476655
v -4.881070 1.704880 -4.476655
v 4.388043 1.244663 4.786794
v 4.388043 1.704880 4.792455
v -4.499110 1.244663 4.786796
v -4.499110 1.704880 4.792456
v -4.499112 1.244663 -4.852953
v -4.499112 1.704880 -4.858612
v 4.388041 1.244663 -4.852958
v 4.388041 1.704880 -4.858618
v -3.477201 1.658603 -4.462997
v -3.487751 1.244663 -4.852953
v -3.487751 1.704880 -4.858613
v -3.419539 1.256927 -4.417467
v 0.691183 1.704880 -4.858616
v 0.619361 1.704880 -4.858616
v 0.655272 1.704880 -4.858616
v 3.319342 1.704880 -4.858618
v 3.241730 1.704880 -4.858618
v 3.280537 1.704880 -4.858618
v 0.620555 1.256927 -4.417468
v 0.692374 1.256927 -4.417468
v 0.656465 1.256927 -4.417468
v 3.200289 1.256927 -4.417469
v 3.278234 1.256927 -4.417469
v 3.239262 1.256927 -4.417469
v 3.622341 1.722804 -4.463000
v 2.303921 1.722804 -4.462999
v 3.270712 1.722053 -4.479588
v 1.113740 1.722804 -4.462999
v 0.617176 1.722068 -4.462999
v 0.790332 1.696052 -4.462999
v 3.241568 1.244663 -4.852957
v 3.319505 1.244663 -4.852957
v 3.280537 1.244663 -4.852957
v 0.619363 1.244663 -4.852955
v 0.691182 1.244663 -4.852955
v 0.655272 1.244663 -4.852955
v 4.764340 1.244663 -1.692920
v 4.764340 1.244663 -1.335627
v 4.764340 1.244663 -1.514273
v 4.770000 1.704880 -1.335627
v 4.770000 1.704880 -1.692920
v 4.770000 1.704880 -1.514273
v 4.328853 1.256927 -1.324358
v 4.328853 1.256927 -1.681651
v 4.328853 1.256927 -1.503004
v 4.374384 1.722804 -1.734350
v 4.374385 1.722804 -0.551013
v 4.374384 1.665181 -1.509721
v 4.764341 1.244663 2.286291
v 4.764341 1.244663 2.572946
v 4.764341 1.244663 2.429618
v 4.770002 1.704880 2.572946
v 4.770002 1.704880 2.286291
v 4.770002 1.704880 2.429618
v 4.328855 1.256927 2.536295
v 4.328855 1.256927 2.249640
v 4.328855 1.256927 2.392967
v 4.374385 1.722804 1.908166
v 4.374386 1.722804 2.568393
v 4.374386 1.682842 2.425065
v -3.072848 1.256927 4.325927
v -2.210360 1.256927 4.325927
v -2.641604 1.256927 4.325927
v -2.265889 1.244663 4.786795
v -3.128158 1.244663 4.786796
v -2.697023 1.244663 4.786796
v -3.126035 1.704880 4.792456
v -2.268012 1.704880 4.792456
v -2.697023 1.704880 4.792456
v -1.548559 1.722804 4.396839
v -3.682369 1.722804 4.396840
v -2.688904 1.759461 4.396840
v 1.159052 1.256927 4.325926
v 1.669727 1.256927 4.325925
v 1.414389 1.256927 4.325926
v 1.680996 1.244663 4.786794
v 1.170323 1.244663 4.786795
v 1.425659 1.244663 4.786795
v 1.170501 1.704880 4.792455
v 1.680816 1.704880 4.792455
v 1.425659 1.704880 4.792455
v 1.676265 1.722804 4.396839
v -0.156878 1.722804 4.396839
v 1.420158 1.656990 4.386821
v -4.875408 1.244663 1.689497
v -4.875409 1.244663 1.206728
v -4.875408 1.244663 1.448113
v -4.881069 1.704880 1.206728
v -4.881069 1.704880 1.689497
v -4.881069 1.704880 1.448113
v -4.414540 1.312028 1.170078
v -4.414539 1.256927 1.652847
v -4.414539 1.256927 1.411462
v -4.485452 1.663738 2.182804
v -4.485453 1.777906 1.202176
v -4.485453 1.722804 1.538855
v -4.875409 1.244663 -1.309330
v -4.875409 1.244663 -1.717427
v -4.875409 1.244663 -1.513379
v -4.881070 1.704880 -1.717427
v -4.881070 1.704880 -1.309383
v -4.881070 1.704880 -1.513405
v -4.414541 1.192651 -1.706157
v -4.414541 1.260993 -1.305746
v -4.414541 1.258117 -1.504730
v -4.485454 1.669849 -1.312398
v -4.485453 1.665830 -2.025292
v -4.485454 1.698986 -1.588349
vn 0.0278 -0.0222 -0.9994
vn 1.0000 -0.0000 -0.0000
vn -0.0000 -0.0000 1.0000
vn -0.9959 0.0799 -0.0422
vn -0.0112 -0.9999 0.0086
vn 0.0197 0.9986 -0.0487
vn 0.1631 0.9838 -0.0744
vn -0.0130 0.9997 -0.0210
vn 0.0649 0.9969 -0.0439
vn 0.0291 -0.9986 0.0440
vn -0.0639 -0.9973 0.0372
vn -0.1985 -0.9798 0.0254
vn 0.1063 0.0125 0.9943
vn 0.0690 -0.1665 -0.9836
vn 0.0972 -0.1611 -0.9822
vn 0.0826 -0.0986 -0.9917
vn 0.0025 -0.0323 -0.9995
vn 0.0390 -0.0277 -0.9989
vn 0.0276 -0.0885 -0.9957
vn -1.0000 -0.0000 -0.0000
vn 0.0120 -0.0111 -0.9999
vn -0.0440 -0.0093 0.9990
vn -0.0000 -0.0000 -1.0000
vn 0.9946 0.0917 0.0485
vn 0.0112 -0.9999 -0.0086
vn -0.0199 0.9978 0.0636
vn -0.1631 0.9838 0.0744
vn 0.0073 0.9998 0.0198
vn -0.0490 0.9976 0.0488
vn -0.0291 -0.9986 -0.0440
vn 0.0639 -0.9973 -0.0372
vn 0.1985 -0.9798 -0.0254
vn -0.1063 0.0125 -0.9943
vn -0.0677 0.3338 0.9402
vn 0.0332 0.2423 0.9696
vn 0.1481 -0.0305 0.9885
vn -0.0079 -0.0159 0.9998
vn -0.0278 -0.0406 0.9988
vn -0.0276 -0.0885 0.9957
vn -0.0047 -0.0043 1.0000
vn -0.9959 -0.0799 0.0422
vn -0.0112 0.9999 -0.0086
vn 0.0197 -0.9986 0.0487
vn 0.0079 0.9996 -0.0281
vn 0.0649 -0.9969 0.0439
vn -0.1985 0.9798 -0.0254
vn 0.0340 0.0338 0.9989
vn 0.0690 0.1665 0.9836
vn 0.0972 0.1611 0.9822
vn 0.0621 -0.0774 -0.9951
vn 0.0390 0.0277 0.9989
vn 0.0276 0.0885 0.9957
vn 0.0104 0.0170 0.9998
vn 0.0549 -0.9963 0.0666
vn 0.0237 -0.0222 -0.9995
vn -0.9944 0.0938 -0.0496
vn -0.0096 -0.9999 0.0086
vn 0.0168 0.9987 -0.0487
vn 0.1393 0.9874 -0.0747
vn -0.0110 0.9997 -0.0210
vn 0.0552 0.9975 -0.0439
vn 0.0247 -0.9987 0.0440
vn -0.0544 -0.9978 0.0372
vn -0.1698 -0.9852 0.0255
vn 0.0905 0.0125 0.9958
vn 0.0587 -0.1666 -0.9843
vn 0.0827 -0.1613 -0.9834
vn 0.0703 -0.0987 -0.9926
vn 0.0021 -0.0323 -0.9995
vn 0.0332 -0.0277 -0.9991
vn 0.0234 -0.0885 -0.9958
vn 0.0102 -0.0111 -0.9999
vn 0.0318 -0.0093 -0.9995
vn -0.9897 0.1264 -0.0668
vn -0.0081 -0.9999 0.0086
vn 0.0144 0.9979 -0.0636
vn 0.1186 0.9901 -0.0749
vn -0.0052 0.9998 -0.0198
vn 0.0354 0.9982 -0.0488
vn 0.0210 -0.9988 0.0440
vn -0.0462 -0.9982 0.0372
vn -0.1448 -0.9891 0.0256
vn 0.0770 0.0125 0.9970
vn 0.0489 0.3341 -0.9413
vn -0.0240 0.2424 -0.9699
vn -0.1076 -0.0307 -0.9937
vn 0.0057 -0.0159 -0.9999
vn 0.0201 -0.0406 -0.9990
vn 0.0199 -0.0885 -0.9959
vn 0.0034 -0.0043 -1.0000
vn -0.9894 -0.1284 0.0679
vn -0.0069 0.9999 -0.0086
vn 0.0122 -0.9987 0.0487
vn 0.0049 0.9996 -0.0281
vn 0.0402 -0.9982 0.0440
vn -0.1242 0.9919 -0.0257
vn 0.0210 0.0338 0.9992
vn 0.0427 0.1667 0.9851
vn 0.0602 0.1615 0.9850
vn 0.0385 -0.0775 -0.9962
vn 0.0241 0.0277 0.9993
vn 0.0170 0.0885 0.9959
vn 0.0065 0.0170 0.9998
vn 0.0340 -0.9972 0.0666
vn -0.0229 0.0222 -0.9995
vn 0.9940 -0.0970 -0.0513
vn 0.0092 0.9999 0.0086
vn -0.0162 -0.9987 -0.0487
vn -0.1347 -0.9881 -0.0747
vn 0.0107 -0.9997 -0.0210
vn -0.0534 -0.9976 -0.0439
vn -0.0239 0.9987 0.0440
vn 0.0525 0.9979 0.0372
vn 0.1642 0.9861 0.0256
vn -0.0875 -0.0125 0.9961
vn -0.0568 0.1666 -0.9844
vn -0.0800 0.1613 -0.9837
vn -0.0679 0.0988 -0.9928
vn -0.0020 0.0323 -0.9995
vn -0.0321 0.0277 -0.9991
vn -0.0227 0.0885 -0.9958
vn -0.0099 0.0111 -0.9999
vn -0.0000 -1.0000 -0.0000
vn -0.9899 0.0663 0.1254
vn -0.0071 -0.0086 -0.9999
vn 0.0125 0.0487 0.9987
vn 0.0050 -0.0281 -0.9996
vn 0.0411 0.0440 0.9982
vn -0.1272 -0.0257 -0.9915
vn 0.0215 0.9992 -0.0338
vn 0.0437 0.9850 -0.1667
vn 0.0617 0.9849 -0.1615
vn 0.0394 -0.9962 0.0775
vn 0.0247 0.9993 -0.0277
vn 0.0175 0.9959 -0.0885
vn 0.0066 0.9998 -0.0170
vn 0.0348 0.0666 0.9972
vn -0.0304 0.9995 0.0093
vn 0.9888 0.0699 -0.1322
vn 0.0077 -0.0086 0.9999
vn -0.0137 0.0636 -0.9979
vn -0.1133 0.0749 -0.9907
vn 0.0050 0.0198 -0.9998
vn -0.0338 0.0488 -0.9982
vn -0.0201 -0.0440 0.9988
vn 0.0441 -0.0372 0.9983
vn 0.1384 -0.0257 0.9901
vn -0.0735 -0.9972 -0.0125
vn -0.0467 0.9414 -0.3342
vn 0.0229 0.9699 -0.2424
vn 0.1027 0.9942 0.0307
vn -0.0055 0.9999 0.0159
vn -0.0192 0.9990 0.0406
vn -0.0190 0.9959 0.0885
vn -0.0032 1.0000 0.0043
vn -0.0304 -0.0093 0.9995
vn 0.9888 0.1322 0.0699
vn 0.0077 -0.9999 -0.0086
vn -0.0137 0.9979 0.0636
vn -0.1133 0.9907 0.0749
vn 0.0050 0.9998 0.0198
vn -0.0338 0.9982 0.0488
vn -0.0201 -0.9988 -0.0440
vn 0.0441 -0.9983 -0.0372
vn 0.1384 -0.9901 -0.0257
vn -0.0735 0.0125 -0.9972
vn -0.0467 0.3342 0.9414
vn 0.0229 0.2424 0.9699
vn 0.1027 -0.0307 0.9942
vn -0.0055 -0.0159 0.9999
vn -0.0192 -0.0406 0.9990
vn -0.0190 -0.0885 0.9959
vn -0.0032 -0.0043 1.0000
vn -0.0000 1.0000 -0.0000
vn -0.9894 -0.0679 -0.1284
vn -0.0069 0.0086 0.9999
vn 0.0122 -0.0487 -0.9987
vn 0.0049 0.0281 0.9996
vn 0.0402 -0.0440 -0.9982
vn -0.1242 0.0257 0.9919
vn 0.0210 -0.9992 0.0338
vn 0.0427 -0.9851 0.1667
vn 0.0602 -0.9850 0.1615
vn 0.0385 0.9962 -0.0775
vn 0.0241 -0.9993 0.0277
vn 0.0170 -0.9959 0.0885
vn 0.0065 -0.9998 0.0170
vn 0.0340 -0.0666 -0.9972
vn 0.0229 -0.0222 -0.9995
vn -0.9940 0.0970 -0.0513
vn -0.0092 -0.9999 0.0086
vn 0.0162 0.9987 -0.0487
vn 0.1347 0.9881 -0.0747
vn -0.0107 0.9997 -0.0210
vn 0.0534 0.9976 -0.0439
vn 0.0239 -0.9987 0.0440
vn -0.0525 -0.9979 0.0372
vn -0.1642 -0.9861 0.0256
vn 0.0875 0.0125 0.9961
vn 0.0568 -0.1666 -0.9844
vn 0.0800 -0.1613 -0.9837
vn 0.0679 -0.0988 -0.9928
vn 0.0020 -0.0323 -0.9995
vn 0.0321 -0.0277 -0.9991
vn 0.0227 -0.0885 -0.9958
vn 0.0099 -0.0111 -0.9999
vn 0.0304 -0.0093 -0.9995
vn -0.9888 0.1322 -0.0699
vn -0.0077 -0.9999 0.0086
vn 0.0137 0.9979 -0.0636
vn 0.1133 0.9907 -0.0749
vn -0.0050 0.9998 -0.0198
vn 0.0338 0.9982 -0.0488
vn 0.0201 -0.9988 0.0440
vn -0.0441 -0.9983 0.0372
vn -0.1384 -0.9901 0.0257
vn 0.0735 0.0125 0.9972
vn 0.0467 0.3342 -0.9414
vn -0.0229 0.2424 -0.9699
vn -0.1027 -0.0307 -0.9942
vn 0.0055 -0.0159 -0.9999
vn 0.0192 -0.0406 -0.9990
vn 0.0190 -0.0885 -0.9959
vn 0.0032 -0.0043 -1.0000
vn -0.0318 0.0093 -0.9995
vn 0.9897 -0.1264 -0.0668
vn 0.0081 0.9999 0.0086
vn -0.0144 -0.9979 -0.0636
vn -0.1186 -0.9901 -0.0749
vn 0.0052 -0.9998 -0.0198
vn -0.0354 -0.9982 -0.0488
vn -0.0210 0.9988 0.0440
vn 0.0462 0.9982 0.0372
vn 0.1448 0.9891 0.0256
vn -0.0770 -0.0125 0.9970
vn -0.0489 -0.3341 -0.9413
vn 0.0240 -0.2424 -0.9699
vn 0.1076 0.0307 -0.9937
vn -0.0057 0.0159 -0.9999
vn -0.0201 0.0406 -0.9990
vn -0.0199 0.0885 -0.9959
vn -0.0034 0.0043 -1.0000
vn -0.0304 0.0093 -0.9995
vn 0.9888 -0.1322 -0.0699
vn 0.0077 0.9999 0.0086
vn -0.0137 -0.9979 -0.0636
vn -0.1133 -0.9907 -0.0749
vn 0.0050 -0.9998 -0.0198
vn -0.0338 -0.9982 -0.0488
vn -0.0201 0.9988 0.0440
vn 0.0441 0.9983 0.0372
vn 0.1384 0.9901 0.0257
vn -0.0735 -0.0125 0.9972
vn -0.0467 -0.3342 -0.9414
vn 0.0229 -0.2424 -0.9699
vn 0.1027 0.0307 -0.9942
vn -0.0055 0.0159 -0.9999
vn -0.0192 0.0406 -0.9990
vn -0.0190 0.0885 -0.9959
vn -0.0032 0.0043 -1.0000
vn 0.0318 0.0093 0.9995
vn -0.9897 -0.1264 0.0668
vn -0.0081 0.9999 -0.0086
vn 0.0144 -0.9979 0.0636
vn 0.1186 -0.9901 0.0749
vn -0.0052 -0.9998 0.0198
vn 0.0354 -0.9982 0.0488
vn 0.0210 0.9988 -0.0440
vn -0.0462 0.9982 -0.0372
vn -0.1448 0.9891 -0.0256
vn 0.0770 -0.0125 -0.9970
vn 0.0489 -0.3341 0.9413
vn -0.0240 -0.2424 0.9699
vn -0.1076 0.0307 0.9937
vn 0.0057 0.0159 0.9999
vn 0.0201 0.0406 0.9990
vn 0.0199 0.0885 0.9959
vn 0.0034 0.0043 1.0000
vn 0.9899 0.1254 0.0663
vn 0.0071 -0.9999 -0.0086
vn -0.0125 0.9987 0.0487
vn -0.0050 -0.9996 -0.0281
vn -0.0411 0.9982 0.0440
vn 0.1272 -0.9915 -0.0257
vn -0.0215 -0.0338 0.9992
vn -0.0437 -0.1667 0.9850
vn -0.0617 -0.1615 0.9849
vn -0.0394 0.0775 -0.9962
vn -0.0247 -0.0277 0.9993
vn -0.0175 -0.0885 0.9959
vn -0.0066 -0.0170 0.9998
vn -0.0348 0.9972 0.0666
vn 0.0304 0.0093 0.9995
vn -0.9888 -0.1322 0.0699
vn -0.0077 0.9999 -0.0086
vn 0.0137 -0.9979 0.0636
vn 0.1133 -0.9907 0.0749
vn -0.0050 -0.9998 0.0198
vn 0.0338 -0.9982 0.0488
vn 0.0201 0.9988 -0.0440
vn -0.0441 0.9983 -0.0372
vn -0.1384 0.9901 -0.0257
vn 0.0735 -0.0125 -0.9972
vn 0.0467 -0.3342 0.9414
vn -0.0229 -0.2424 0.9699
vn -0.1027 0.0307 0.9942
vn 0.0055 0.0159 0.9999
vn 0.0192 0.0406 0.9990
vn 0.0190 0.0885 0.9959
vn 0.0032 0.0043 1.0000
vn 0.0229 0.0222 0.9995
vn -0.9940 -0.0970 0.0513
vn -0.0092 0.9999 -0.0086
vn 0.0162 -0.9987 0.0487
vn 0.1347 -0.9881 0.0747
vn -0.0107 -0.9997 0.0210
vn 0.0534 -0.9976 0.0439
vn 0.0239 0.9987 -0.0440
vn -0.0525 0.9979 -0.0372
vn -0.1642 0.9861 -0.0256
vn 0.0875 -0.0125 -0.9961
vn 0.0568 0.1666 0.9844
vn 0.0800 0.1613 0.9837
vn 0.0679 0.0988 0.9928
vn 0.0020 0.0323 0.9995
vn 0.0321 0.0277 0.9991
vn 0.0227 0.0885 0.9958
vn 0.0099 0.0111 0.9999
vn -0.9899 -0.1254 0.0663
vn -0.0071 0.9999 -0.0086
vn 0.0125 -0.9987 0.0487
vn 0.0050 0.9996 -0.0281
vn 0.0411 -0.9982 0.0440
vn -0.1272 0.9915 -0.0257
vn 0.0215 0.0338 0.9992
vn 0.0437 0.1667 0.9850
vn 0.0617 0.1615 0.9849
vn 0.0394 -0.0775 -0.9962
vn 0.0247 0.0277 0.9993
vn 0.0175 0.0885 0.9959
vn 0.0066 0.0170 0.9998
vn 0.0348 -0.9972 0.0666
vn -0.0318 -0.0093 0.9995
vn 0.9897 0.1264 0.0668
vn 0.0081 -0.9999 -0.0086
vn -0.0144 0.9979 0.0636
vn -0.1186 0.9901 0.0749
vn 0.0052 0.9998 0.0198
vn -0.0354 0.9982 0.0488
vn -0.0210 -0.9988 -0.0440
vn 0.0462 -0.9982 -0.0372
vn 0.1448 -0.9891 -0.0256
vn -0.0770 0.0125 -0.9970
vn -0.0489 0.3341 0.9413
vn 0.0240 0.2424 0.9699
vn 0.1076 -0.0307 0.9937
vn -0.0057 -0.0159 0.9999
vn -0.0201 -0.0406 0.9990
vn -0.0199 -0.0885 0.9959
vn -0.0034 -0.0043 1.0000
vn 0.9894 0.1284 0.0679
vn 0.0069 -0.9999 -0.0086
vn -0.0122 0.9987 0.0487
vn -0.0049 -0.9996 -0.0281
vn -0.0402 0.9982 0.0440
vn 0.1242 -0.9919 -0.0257
vn -0.0210 -0.0338 0.9992
vn -0.0427 -0.1667 0.9851
vn -0.0602 -0.1615 0.9850
vn -0.0385 0.0775 -0.9962
vn -0.0241 -0.0277 0.9993
vn -0.0170 -0.0885 0.9959
vn -0.0065 -0.0170 0.9998
vn -0.0340 0.9972 0.0666
vn 0.9899 -0.1254 -0.0663
vn 0.0071 0.9999 0.0086
vn -0.0125 -0.9987 -0.0487
vn -0.0050 0.9996 0.0281
vn -0.0411 -0.9982 -0.0440
vn 0.1272 0.9915 0.0257
vn -0.0215 0.0338 -0.9992
vn -0.0437 0.1667 -0.9850
vn -0.0617 0.1615 -0.9849
vn -0.0394 -0.0775 0.9962
vn -0.0247 0.0277 -0.9993
vn -0.0175 0.0885 -0.9959
vn -0.0066 0.0170 -0.9998
vn -0.0348 -0.9972 -0.0666
vn -0.0237 0.0222 -0.9995
vn 0.9944 -0.0938 -0.0496
vn 0.0096 0.9999 0.0086
vn -0.0168 -0.9987 -0.0487
vn -0.1393 -0.9874 -0.0747
vn 0.0110 -0.9997 -0.0210
vn -0.0552 -0.9975 -0.0439
vn -0.0247 0.9987 0.0440
vn 0.0544 0.9978 0.0372
vn 0.1698 0.9852 0.0255
vn -0.0905 -0.0125 0.9958
vn -0.0587 0.1666 -0.9843
vn -0.0827 0.1613 -0.9834
vn -0.0703 0.0987 -0.9926
vn -0.0021 0.0323 -0.9995
vn -0.0332 0.0277 -0.9991
vn -0.0234 0.0885 -0.9958
vn -0.0102 0.0111 -0.9999
vn -0.0241 -0.0093 0.9997
vn 0.9823 0.1657 0.0877
vn 0.0061 -0.9999 -0.0086
vn -0.0109 0.9979 0.0636
vn -0.0900 0.9931 0.0751
vn 0.0040 0.9998 0.0198
vn -0.0268 0.9984 0.0488
vn -0.0159 -0.9989 -0.0440
vn 0.0350 -0.9987 -0.0372
vn 0.1100 -0.9936 -0.0257
vn -0.0583 0.0125 -0.9982
vn -0.0371 0.3343 0.9417
vn 0.0182 0.2424 0.9700
vn 0.0816 -0.0307 0.9962
vn -0.0043 -0.0159 0.9999
vn -0.0152 -0.0406 0.9991
vn -0.0151 -0.0885 0.9960
vn -0.0025 -0.0043 1.0000
vn 0.9995 -0.0069 -0.0299
vn 0.1060 0.9809 0.1629
vn 0.8700 0.4585 -0.1814
vn 0.0721 0.9970 -0.0264
vn -0.1151 -0.9908 0.0707
vn -0.1383 0.9822 -0.1272
vn -0.8846 0.4587 -0.0843
vn 0.0665 0.5047 0.8607
vn 0.0440 0.4390 -0.8974
vn 0.9643 -0.2517 -0.0818
vn 0.1967 -0.9796 -0.0399
vn -0.0443 -0.9339 -0.3547
vn -0.1621 -0.9835 -0.0806
vn -0.2351 0.9656 -0.1107
vn -0.9995 -0.0069 0.0299
vn -0.1060 0.9809 -0.1629
vn -0.8700 0.4585 0.1814
vn -0.0721 0.9970 0.0264
vn 0.1151 -0.9908 -0.0707
vn 0.1383 0.9822 0.1272
vn 0.8846 0.4587 0.0843
vn -0.0665 0.5047 -0.8607
vn -0.0440 0.4390 0.8974
vn -0.9643 -0.2517 0.0818
vn -0.1967 -0.9796 0.0399
vn 0.0443 -0.9339 0.3547
vn 0.1621 -0.9835 0.0806
vn 0.2351 0.9656 0.1107
vn -0.0299 -0.0069 -0.9995
vn 0.1629 0.9809 -0.1060
vn -0.1814 0.4585 -0.8700
vn -0.0264 0.9970 -0.0721
vn 0.0707 -0.9908 0.1151
vn -0.1272 0.9822 0.1383
vn -0.0843 0.4587 0.8846
vn 0.8607 0.5047 -0.0665
vn -0.8974 0.4390 -0.0440
vn -0.0818 -0.2517 -0.9643
vn -0.0399 -0.9796 -0.1967
vn -0.3547 -0.9339 0.0443
vn -0.0806 -0.9835 0.1621
vn -0.1107 0.9656 0.2351
vn -0.0278 -0.0222 0.9994
vn 0.9959 0.0799 0.0422
vn -0.0197 0.9986 0.0487
vn 0.0130 0.9997 0.0210
vn -0.0649 0.9969 0.0439
vn -0.0690 -0.1665 0.9836
vn -0.0972 -0.1611 0.9822
vn -0.0826 -0.0986 0.9917
vn -0.0025 -0.0323 0.9995
vn -0.0390 -0.0277 0.9989
vn 0.0001 -0.0000 -1.0000
vn -0.0001 -0.0000 -1.0000
vn -0.0120 -0.0111 0.9999
vn 0.0440 -0.0093 -0.9990
vn -0.9946 0.0917 -0.0485
vn 0.0199 0.9978 -0.0636
vn -0.0073 0.9998 -0.0198
vn 0.0490 0.9976 -0.0488
vn 0.0677 0.3338 -0.9402
vn -0.0332 0.2423 -0.9696
vn -0.1481 -0.0305 -0.9885
vn 0.0079 -0.0159 -0.9998
vn 0.0278 -0.0406 -0.9988
vn 0.0047 -0.0043 -1.0000
vn 0.9959 -0.0799 -0.0422
vn 0.0112 0.9999 0.0086
vn -0.0197 -0.9986 -0.0487
vn -0.0079 0.9996 0.0281
vn -0.0649 -0.9969 -0.0439
vn 0.1985 0.9798 0.0254
vn -0.0340 0.0338 -0.9989
vn -0.0690 0.1665 -0.9836
vn -0.0971 0.1611 -0.9822
vn -0.0621 -0.0774 0.9951
vn -0.0390 0.0277 -0.9989
vn -0.0276 0.0885 -0.9957
vn -0.0104 0.0170 -0.9998
vn -0.0549 -0.9963 -0.0666
vn -0.0236 -0.0222 0.9995
vn 0.9944 0.0938 0.0496
vn 0.0096 -0.9999 -0.0086
vn -0.0168 0.9987 0.0487
vn -0.1393 0.9874 0.0747
vn 0.0110 0.9997 0.0210
vn -0.0552 0.9975 0.0439
vn -0.0247 -0.9987 -0.0440
vn 0.0544 -0.9978 -0.0372
vn 0.1698 -0.9852 -0.0255
vn -0.0905 0.0125 -0.9958
vn -0.0587 -0.1666 0.9843
vn -0.0827 -0.1613 0.9834
vn -0.0703 -0.0987 0.9926
vn -0.0021 -0.0323 0.9995
vn -0.0332 -0.0277 0.9991
vn -0.0234 -0.0885 0.9958
vn -0.0102 -0.0111 0.9999
vn -0.0490 0.3341 0.9413
vn 0.0240 0.2423 0.9699
vn 0.1075 -0.0307 0.9937
vn 0.9894 -0.1283 -0.0679
vn 0.0069 0.9999 0.0086
vn -0.0122 -0.9987 -0.0487
vn -0.0049 0.9996 0.0281
vn -0.0402 -0.9982 -0.0440
vn 0.1242 0.9919 0.0257
vn -0.0210 0.0338 -0.9992
vn -0.0427 0.1667 -0.9851
vn -0.0602 0.1615 -0.9850
vn -0.0385 -0.0775 0.9962
vn -0.0241 0.0277 -0.9993
vn -0.0170 0.0885 -0.9959
vn -0.0001 -0.0000 1.0000
vn -0.0065 0.0170 -0.9998
vn -0.0340 -0.9972 -0.0666
vn 0.0679 0.0987 0.9928
vn 0.9899 0.0663 -0.1254
vn 0.0071 -0.0086 0.9999
vn -0.0125 0.0487 -0.9987
vn -0.0050 -0.0281 0.9996
vn -0.0411 0.0440 -0.9982
vn 0.1272 -0.0257 0.9915
vn -0.0215 0.9992 0.0338
vn -0.0437 0.9850 0.1667
vn -0.0617 0.9849 0.1615
vn -0.0394 -0.9962 -0.0775
vn -0.0247 0.9993 0.0277
vn -0.0175 0.9959 0.0885
vn -0.0066 0.9998 0.0170
vn -0.0348 0.0666 -0.9972
vn 0.0304 0.9995 -0.0093
vn -0.9888 0.0699 0.1322
vn -0.0077 -0.0086 -0.9999
vn 0.0137 0.0636 0.9979
vn 0.1133 0.0749 0.9907
vn -0.0050 0.0198 0.9998
vn 0.0338 0.0488 0.9982
vn 0.0201 -0.0440 -0.9988
vn -0.0441 -0.0372 -0.9983
vn -0.1383 -0.0257 -0.9901
vn 0.0735 -0.9972 0.0125
vn 0.0467 0.9414 0.3342
vn -0.0229 0.9699 0.2424
vn -0.1027 0.9942 -0.0307
vn 0.0055 0.9999 -0.0159
vn 0.0192 0.9990 -0.0406
vn 0.0190 0.9959 -0.0885
vn 0.0032 1.0000 -0.0043
vn 0.0303 -0.0093 -0.9995
vn 0.9894 -0.0679 0.1284
vn 0.0069 0.0086 -0.9999
vn -0.0122 -0.0487 0.9987
vn -0.0049 0.0281 -0.9996
vn -0.0402 -0.0440 0.9982
vn 0.1242 0.0257 -0.9919
vn -0.0210 -0.9992 -0.0338
vn -0.0427 -0.9851 -0.1667
vn -0.0602 -0.9850 -0.1615
vn -0.0385 0.9962 0.0775
vn -0.0241 -0.9993 -0.0277
vn -0.0170 -0.9959 -0.0885
vn -0.0065 -0.9998 -0.0170
vn -0.0340 -0.0666 0.9972
vn -0.0229 -0.0222 0.9995
vn 0.9940 0.0970 0.0513
vn 0.0092 -0.9999 -0.0086
vn -0.0162 0.9987 0.0487
vn -0.1347 0.9881 0.0747
vn 0.0107 0.9997 0.0210
vn -0.0534 0.9976 0.0439
vn -0.0239 -0.9987 -0.0440
vn 0.0525 -0.9979 -0.0372
vn 0.1642 -0.9861 -0.0256
vn -0.0875 0.0125 -0.9961
vn -0.0567 -0.1666 0.9844
vn -0.0800 -0.1613 0.9837
vn -0.0679 -0.0987 0.9928
vn -0.0020 -0.0323 0.9995
vn -0.0321 -0.0277 0.9991
vn -0.0226 -0.0885 0.9958
vn -0.0099 -0.0111 0.9999
vn -0.0303 -0.0093 0.9995
vn 0.9894 -0.1284 -0.0679
vn -0.0240 -0.2423 0.9699
vn 0.1075 0.0306 -0.9937
vn -0.9899 0.1254 -0.0663
vn -0.0071 -0.9999 0.0086
vn 0.0125 0.9987 -0.0487
vn 0.0050 -0.9996 0.0281
vn 0.0411 0.9982 -0.0440
vn -0.1272 -0.9915 0.0257
vn 0.0215 -0.0338 -0.9992
vn 0.0438 -0.1667 -0.9850
vn 0.0617 -0.1615 -0.9849
vn 0.0394 0.0775 0.9962
vn 0.0247 -0.0277 -0.9993
vn 0.0175 -0.0885 -0.9959
vn 0.0001 -0.0000 1.0000
vn 0.0066 -0.0170 -0.9998
vn 0.0348 0.9972 -0.0666
vn -0.1075 0.0307 0.9937
vn -0.0679 0.0987 -0.9928
vn -0.0174 0.0885 -0.9959
vn -0.1075 -0.0307 -0.9937
vn -0.9894 0.1284 -0.0679
vn -0.0069 -0.9999 0.0086
vn 0.0122 0.9987 -0.0487
vn 0.0049 -0.9996 0.0281
vn 0.0402 0.9982 -0.0440
vn -0.1242 -0.9919 0.0257
vn 0.0210 -0.0338 -0.9992
vn 0.0427 -0.1667 -0.9851
vn 0.0602 -0.1615 -0.9850
vn 0.0385 0.0775 0.9962
vn 0.0241 -0.0277 -0.9993
vn 0.0170 -0.0885 -0.9959
vn 0.0065 -0.0170 -0.9998
vn 0.0340 0.9972 -0.0666
vn -0.0679 -0.0988 0.9928
vn 0.0490 -0.3341 0.9413
vn 0.0490 0.3341 -0.9413
vn -0.1075 -0.0306 -0.9937
vn 0.0237 0.0222 0.9995
vn -0.9944 -0.0938 0.0496
vn -0.0096 0.9999 -0.0086
vn 0.0168 -0.9987 0.0487
vn 0.1393 -0.9874 0.0747
vn -0.0110 -0.9997 0.0210
vn 0.0552 -0.9975 0.0439
vn 0.0247 0.9987 -0.0440
vn -0.0544 0.9978 -0.0372
vn -0.1698 0.9852 -0.0255
vn 0.0905 -0.0125 -0.9958
vn 0.0587 0.1666 0.9843
vn 0.0827 0.1613 0.9834
vn 0.0703 0.0987 0.9926
vn 0.0021 0.0323 0.9995
vn 0.0332 0.0277 0.9991
vn 0.0234 0.0885 0.9958
vn 0.0102 0.0111 0.9999
vn 0.0241 -0.0093 -0.9997
vn -0.9823 0.1657 -0.0877
vn -0.0061 -0.9999 0.0086
vn 0.0109 0.9979 -0.0636
vn 0.0900 0.9931 -0.0751
vn -0.0040 0.9998 -0.0198
vn 0.0268 0.9984 -0.0488
vn 0.0159 -0.9989 0.0440
vn -0.0350 -0.9987 0.0372
vn -0.1100 -0.9936 0.0257
vn 0.0583 0.0125 0.9982
vn 0.0371 0.3343 -0.9417
vn -0.0182 0.2424 -0.9700
vn -0.0816 -0.0307 -0.9962
vn 0.0043 -0.0159 -0.9999
vn 0.0152 -0.0406 -0.9991
vn 0.0151 -0.0885 -0.9960
vn 0.0025 -0.0043 -1.0000
vn 0.9994 -0.0222 0.0278
vn 0.0422 0.0799 -0.9959
vn -0.0086 -0.9999 -0.0112
vn 0.0487 0.9986 0.0197
vn 0.0744 0.9838 0.1631
vn 0.0210 0.9997 -0.0130
vn 0.0439 0.9969 0.0649
vn -0.0440 -0.9986 0.0291
vn -0.0372 -0.9973 -0.0639
vn -0.0254 -0.9798 -0.1985
vn -0.9943 0.0125 0.1063
vn 0.9836 -0.1665 0.0690
vn 0.9822 -0.1611 0.0972
vn 0.9917 -0.0987 0.0826
vn 0.9995 -0.0323 0.0025
vn 0.9989 -0.0277 0.0390
vn 0.9957 -0.0885 0.0276
vn 0.9999 -0.0111 0.0120
vn -0.9990 -0.0093 -0.0440
vn -0.0485 0.0917 0.9946
vn 0.0086 -0.9999 0.0112
vn -0.0636 0.9978 -0.0199
vn -0.0744 0.9838 -0.1631
vn -0.0198 0.9998 0.0073
vn -0.0488 0.9976 -0.0490
vn 0.0440 -0.9986 -0.0291
vn 0.0372 -0.9973 0.0639
vn 0.0254 -0.9798 0.1985
vn 0.9943 0.0125 -0.1063
vn -0.9402 0.3338 -0.0677
vn -0.9696 0.2423 0.0332
vn -0.9885 -0.0305 0.1481
vn -0.9998 -0.0159 -0.0079
vn -0.9988 -0.0406 -0.0278
vn -0.9957 -0.0885 -0.0276
vn -1.0000 -0.0043 -0.0047
vn -0.0422 -0.0799 -0.9959
vn 0.0086 0.9999 -0.0112
vn -0.0487 -0.9986 0.0197
vn 0.0281 0.9996 0.0079
vn -0.0439 -0.9969 0.0649
vn 0.0254 0.9798 -0.1985
vn -0.9989 0.0338 0.0340
vn -0.9836 0.1665 0.0690
vn -0.9822 0.1611 0.0972
vn 0.9951 -0.0774 0.0621
vn -0.9989 0.0277 0.0390
vn -0.9957 0.0885 0.0276
vn -0.9998 0.0170 0.0104
vn -0.0666 -0.9963 0.0549
vn 0.9995 -0.0222 0.0237
vn 0.0496 0.0938 -0.9944
vn -0.0086 -0.9999 -0.0096
vn 0.0487 0.9987 0.0168
vn 0.0747 0.9874 0.1393
vn 0.0210 0.9997 -0.0110
vn 0.0439 0.9975 0.0552
vn -0.0440 -0.9987 0.0247
vn -0.0372 -0.9978 -0.0544
vn -0.0255 -0.9852 -0.1698
vn -0.9958 0.0125 0.0905
vn 0.9843 -0.1666 0.0587
vn 0.9834 -0.1613 0.0827
vn 0.9926 -0.0987 0.0703
vn 0.9995 -0.0323 0.0021
vn 0.9991 -0.0277 0.0332
vn 0.9958 -0.0885 0.0234
vn 0.9999 -0.0111 0.0102
vn 0.9995 -0.0093 0.0318
vn 0.0668 0.1264 -0.9897
vn -0.0086 -0.9999 -0.0081
vn 0.0636 0.9979 0.0144
vn 0.0749 0.9901 0.1186
vn 0.0198 0.9998 -0.0052
vn 0.0488 0.9982 0.0354
vn -0.0440 -0.9988 0.0210
vn -0.0372 -0.9982 -0.0462
vn -0.0256 -0.9891 -0.1448
vn -0.9970 0.0125 0.0770
vn 0.9413 0.3341 0.0489
vn 0.9699 0.2424 -0.0240
vn 0.9937 -0.0307 -0.1076
vn 0.9999 -0.0159 0.0057
vn 0.9990 -0.0406 0.0201
vn 0.9959 -0.0885 0.0199
vn 1.0000 -0.0043 0.0034
vn -0.0679 -0.1283 -0.9894
vn 0.0086 0.9999 -0.0069
vn -0.0487 -0.9987 0.0122
vn 0.0281 0.9996 0.0049
vn -0.0440 -0.9982 0.0402
vn 0.0257 0.9919 -0.1242
vn -0.9992 0.0338 0.0210
vn -0.9851 0.1667 0.0427
vn -0.9850 0.1615 0.0602
vn 0.9962 -0.0775 0.0385
vn -0.9993 0.0277 0.0241
vn -0.9959 0.0885 0.0170
vn -0.9998 0.0170 0.0065
vn -0.0666 -0.9972 0.0340
vn 0.9995 0.0222 -0.0229
vn 0.0513 -0.0970 0.9940
vn -0.0086 0.9999 0.0092
vn 0.0487 -0.9987 -0.0162
vn 0.0747 -0.9881 -0.1347
vn 0.0210 -0.9997 0.0107
vn 0.0439 -0.9976 -0.0534
vn -0.0440 0.9987 -0.0239
vn -0.0372 0.9979 0.0525
vn -0.0256 0.9861 0.1642
vn -0.9961 -0.0125 -0.0875
vn 0.9844 0.1666 -0.0568
vn 0.9837 0.1613 -0.0800
vn 0.9928 0.0988 -0.0679
vn 0.9995 0.0323 -0.0020
vn 0.9991 0.0277 -0.0321
vn 0.9958 0.0885 -0.0227
vn 0.9999 0.0111 -0.0099
vn -0.1254 0.0663 -0.9899
vn 0.9999 -0.0086 -0.0071
vn -0.9987 0.0487 0.0125
vn 0.9996 -0.0281 0.0050
vn -0.9982 0.0440 0.0411
vn 0.9915 -0.0257 -0.1272
vn 0.0338 0.9992 0.0215
vn 0.1667 0.9850 0.0437
vn 0.1615 0.9849 0.0617
vn -0.0775 -0.9962 0.0394
vn 0.0277 0.9993 0.0247
vn 0.0885 0.9959 0.0175
vn 0.0170 0.9998 0.0066
vn -0.9972 0.0666 0.0348
vn -0.0093 0.9995 -0.0304
vn 0.1322 0.0699 0.9888
vn -0.9999 -0.0086 0.0077
vn 0.9979 0.0636 -0.0137
vn 0.9907 0.0749 -0.1133
vn 0.9998 0.0198 0.0050
vn 0.9982 0.0488 -0.0338
vn -0.9988 -0.0440 -0.0201
vn -0.9983 -0.0372 0.0441
vn -0.9901 -0.0257 0.1384
vn 0.0125 -0.9972 -0.0735
vn 0.3342 0.9414 -0.0467
vn 0.2424 0.9699 0.0229
vn -0.0307 0.9942 0.1027
vn -0.0159 0.9999 -0.0055
vn -0.0406 0.9990 -0.0192
vn -0.0885 0.9959 -0.0190
vn -0.0043 1.0000 -0.0032
vn -0.9995 -0.0093 -0.0304
vn -0.0699 0.1322 0.9888
vn 0.0086 -0.9999 0.0077
vn -0.0636 0.9979 -0.0137
vn -0.0749 0.9907 -0.1133
vn -0.0198 0.9998 0.0050
vn -0.0488 0.9982 -0.0338
vn 0.0440 -0.9988 -0.0201
vn 0.0372 -0.9983 0.0441
vn 0.0257 -0.9901 0.1384
vn 0.9972 0.0125 -0.0735
vn -0.9414 0.3342 -0.0467
vn -0.9699 0.2424 0.0229
vn -0.9942 -0.0307 0.1027
vn -0.9999 -0.0159 -0.0055
vn -0.9990 -0.0406 -0.0192
vn -0.9959 -0.0885 -0.0190
vn -1.0000 -0.0043 -0.0032
vn 0.1284 -0.0679 -0.9894
vn -0.9999 0.0086 -0.0069
vn 0.9987 -0.0487 0.0122
vn -0.9996 0.0281 0.0049
vn 0.9982 -0.0440 0.0402
vn -0.9919 0.0257 -0.1242
vn -0.0338 -0.9992 0.0210
vn -0.1667 -0.9851 0.0427
vn -0.1615 -0.9850 0.0602
vn 0.0775 0.9962 0.0385
vn -0.0277 -0.9993 0.0241
vn -0.0885 -0.9959 0.0170
vn -0.0170 -0.9998 0.0065
vn 0.9972 -0.0666 0.0340
vn 0.9995 -0.0222 0.0229
vn 0.0513 0.0970 -0.9940
vn -0.0086 -0.9999 -0.0092
vn 0.0487 0.9987 0.0162
vn 0.0747 0.9881 0.1347
vn 0.0210 0.9997 -0.0107
vn 0.0439 0.9976 0.0534
vn -0.0440 -0.9987 0.0239
vn -0.0372 -0.9979 -0.0525
vn -0.0256 -0.9861 -0.1642
vn -0.9961 0.0125 0.0875
vn 0.9844 -0.1666 0.0568
vn 0.9837 -0.1613 0.0800
vn 0.9928 -0.0988 0.0679
vn 0.9995 -0.0323 0.0020
vn 0.9991 -0.0277 0.0321
vn 0.9958 -0.0885 0.0227
vn 0.9999 -0.0111 0.0099
vn 0.9995 -0.0093 0.0304
vn 0.0699 0.1322 -0.9888
vn -0.0086 -0.9999 -0.0077
vn 0.0636 0.9979 0.0137
vn 0.0749 0.9907 0.1133
vn 0.0198 0.9998 -0.0050
vn 0.0488 0.9982 0.0338
vn -0.0440 -0.9988 0.0201
vn -0.0372 -0.9983 -0.0441
vn -0.0257 -0.9901 -0.1384
vn -0.9972 0.0125 0.0735
vn 0.9414 0.3342 0.0467
vn 0.9699 0.2424 -0.0229
vn 0.9942 -0.0307 -0.1027
vn 0.9999 -0.0159 0.0055
vn 0.9990 -0.0406 0.0192
vn 0.9959 -0.0885 0.0190
vn 1.0000 -0.0043 0.0032
vn -0.0679 -0.1284 -0.9894
vn 0.9995 0.0093 -0.0318
vn 0.0668 -0.1264 0.9897
vn -0.0086 0.9999 0.0081
vn 0.0636 -0.9979 -0.0144
vn 0.0749 -0.9901 -0.1186
vn 0.0198 -0.9998 0.0052
vn 0.0488 -0.9982 -0.0354
vn -0.0440 0.9988 -0.0210
vn -0.0372 0.9982 0.0462
vn -0.0256 0.9891 0.1448
vn -0.9970 -0.0125 -0.0770
vn 0.9413 -0.3341 -0.0489
vn 0.9699 -0.2424 0.0240
vn 0.9937 0.0307 0.1076
vn 0.9999 0.0159 -0.0057
vn 0.9990 0.0406 -0.0201
vn 0.9959 0.0885 -0.0199
vn 1.0000 0.0043 -0.0034
vn 0.9995 0.0093 -0.0304
vn 0.0699 -0.1322 0.9888
vn -0.0086 0.9999 0.0077
vn 0.0636 -0.9979 -0.0137
vn 0.0749 -0.9907 -0.1133
vn 0.0198 -0.9998 0.0050
vn 0.0488 -0.9982 -0.0338
vn -0.0440 0.9988 -0.0201
vn -0.0372 0.9983 0.0441
vn -0.0257 0.9901 0.1383
vn -0.9972 -0.0125 -0.0735
vn 0.9414 -0.3342 -0.0467
vn 0.9699 -0.2424 0.0229
vn 0.9942 0.0307 0.1027
vn 0.9999 0.0159 -0.0055
vn 0.9990 0.0406 -0.0192
vn 0.9959 0.0885 -0.0190
vn 1.0000 0.0043 -0.0032
vn -0.9995 0.0093 0.0318
vn -0.0668 -0.1264 -0.9897
vn 0.0086 0.9999 -0.0081
vn -0.0636 -0.9979 0.0144
vn -0.0749 -0.9901 0.1186
vn -0.0198 -0.9998 -0.0052
vn -0.0488 -0.9982 0.0354
vn 0.0440 0.9988 0.0210
vn 0.0372 0.9982 -0.0462
vn 0.0256 0.9891 -0.1448
vn 0.9970 -0.0125 0.0770
vn -0.9413 -0.3341 0.0489
vn -0.9699 -0.2424 -0.0240
vn -0.9937 0.0307 -0.1076
vn -0.9999 0.0159 0.0057
vn -0.9990 0.0406 0.0201
vn -0.9959 0.0885 0.0199
vn -1.0000 0.0043 0.0034
vn -0.0663 0.1254 0.9899
vn 0.0086 -0.9999 0.0071
vn -0.0487 0.9987 -0.0125
vn 0.0281 -0.9996 -0.0050
vn -0.0440 0.9982 -0.0411
vn 0.0257 -0.9915 0.1272
vn -0.9992 -0.0338 -0.0215
vn -0.9850 -0.1667 -0.0437
vn -0.9849 -0.1615 -0.0617
vn 0.9962 0.0775 -0.0394
vn -0.9993 -0.0277 -0.0247
vn -0.9959 -0.0885 -0.0175
vn -0.9998 -0.0170 -0.0066
vn -0.0666 0.9972 -0.0348
vn 0.9928 -0.0987 0.0679
vn -0.9995 0.0093 0.0304
vn -0.0699 -0.1322 -0.9888
vn 0.0086 0.9999 -0.0077
vn -0.0636 -0.9979 0.0137
vn -0.0749 -0.9907 0.1133
vn -0.0198 -0.9998 -0.0050
vn -0.0488 -0.9982 0.0338
vn 0.0440 0.9988 0.0201
vn 0.0372 0.9983 -0.0441
vn 0.0257 0.9901 -0.1383
vn 0.9972 -0.0125 0.0735
vn -0.9414 -0.3342 0.0467
vn -0.9699 -0.2424 -0.0229
vn -0.9942 0.0307 -0.1027
vn -0.9999 0.0159 0.0055
vn -0.9990 0.0406 0.0192
vn -0.9959 0.0885 0.0190
vn -1.0000 0.0043 0.0032
vn -0.9995 0.0222 0.0229
vn -0.0513 -0.0970 -0.9940
vn 0.0086 0.9999 -0.0092
vn -0.0487 -0.9987 0.0162
vn -0.0747 -0.9881 0.1347
vn -0.0210 -0.9997 -0.0107
vn -0.0439 -0.9976 0.0534
vn 0.0440 0.9987 0.0239
vn 0.0372 0.9979 -0.0525
vn 0.0256 0.9861 -0.1642
vn 0.9961 -0.0125 0.0875
vn -0.9844 0.1666 0.0568
vn -0.9837 0.1613 0.0800
vn -0.9928 0.0987 0.0679
vn -0.9995 0.0323 0.0020
vn -0.9991 0.0277 0.0321
vn -0.9958 0.0885 0.0227
vn -0.9999 0.0111 0.0099
vn -0.0663 -0.1254 -0.9899
vn 0.0086 0.9999 -0.0071
vn -0.0487 -0.9987 0.0125
vn 0.0281 0.9996 0.0050
vn -0.0440 -0.9982 0.0411
vn 0.0257 0.9915 -0.1272
vn -0.9992 0.0338 0.0215
vn -0.9850 0.1667 0.0437
vn -0.9849 0.1615 0.0617
vn 0.9962 -0.0775 0.0394
vn -0.9993 0.0277 0.0247
vn -0.9959 0.0885 0.0175
vn -0.9998 0.0170 0.0066
vn -0.0666 -0.9972 0.0348
vn 0.9413 0.3341 0.0490
vn -0.9995 -0.0093 -0.0318
vn -0.0668 0.1264 0.9897
vn 0.0086 -0.9999 0.0081
vn -0.0636 0.9979 -0.0144
vn -0.0749 0.9901 -0.1186
vn -0.0198 0.9998 0.0052
vn -0.0488 0.9982 -0.0354
vn 0.0440 -0.9988 -0.0210
vn 0.0372 -0.9982 0.0462
vn 0.0256 -0.9891 0.1448
vn 0.9970 0.0125 -0.0770
vn -0.9413 0.3341 -0.0489
vn -0.9699 0.2424 0.0240
vn -0.9937 -0.0307 0.1076
vn -0.9999 -0.0159 -0.0057
vn -0.9990 -0.0406 -0.0201
vn -0.9959 -0.0885 -0.0199
vn -1.0000 -0.0043 -0.0034
vn -0.0679 0.1284 0.9894
vn 0.0086 -0.9999 0.0069
vn -0.0487 0.9987 -0.0122
vn 0.0281 -0.9996 -0.0049
vn -0.0440 0.9982 -0.0402
vn 0.0257 -0.9919 0.1242
vn -0.9992 -0.0338 -0.0210
vn -0.9851 -0.1667 -0.0427
vn -0.9850 -0.1615 -0.0602
vn 0.9962 0.0775 -0.0385
vn -0.9993 -0.0277 -0.0241
vn -0.9959 -0.0885 -0.0170
vn -0.9998 -0.0170 -0.0065
vn -0.0666 0.9972 -0.0340
vn 0.0663 -0.1254 0.9899
vn -0.0086 0.9999 0.0071
vn 0.0487 -0.9987 -0.0125
vn -0.0281 0.9996 -0.0050
vn 0.0440 -0.9982 -0.0411
vn -0.0257 0.9915 0.1272
vn 0.9992 0.0338 -0.0215
vn 0.9850 0.1667 -0.0437
vn 0.9849 0.1615 -0.0617
vn -0.9962 -0.0775 -0.0394
vn 0.9993 0.0277 -0.0247
vn 0.9959 0.0885 -0.0175
vn 0.9998 0.0170 -0.0066
vn 0.0666 -0.9972 -0.0348
vn 0.9995 0.0222 -0.0237
vn 0.0496 -0.0938 0.9944
vn -0.0086 0.9999 0.0096
vn 0.0487 -0.9987 -0.0168
vn 0.0747 -0.9874 -0.1393
vn 0.0210 -0.9997 0.0110
vn 0.0439 -0.9975 -0.0552
vn -0.0440 0.9987 -0.0247
vn -0.0372 0.9978 0.0544
vn -0.0255 0.9852 0.1698
vn -0.9958 -0.0125 -0.0905
vn 0.9843 0.1666 -0.0587
vn 0.9834 0.1613 -0.0827
vn 0.9926 0.0987 -0.0703
vn 0.9995 0.0323 -0.0021
vn 0.9991 0.0277 -0.0332
vn 0.9958 0.0885 -0.0234
vn 0.9999 0.0111 -0.0102
vn 0.9928 0.0987 -0.0679
vn -0.9997 -0.0093 -0.0241
vn -0.0876 0.1657 0.9823
vn 0.0086 -0.9999 0.0061
vn -0.0636 0.9979 -0.0109
vn -0.0751 0.9931 -0.0900
vn -0.0198 0.9998 0.0040
vn -0.0488 0.9984 -0.0268
vn 0.0440 -0.9989 -0.0159
vn 0.0372 -0.9987 0.0350
vn 0.0257 -0.9936 0.1100
vn 0.9982 0.0125 -0.0583
vn -0.9417 0.3343 -0.0371
vn -0.9700 0.2424 0.0182
vn -0.9962 -0.0307 0.0816
vn -0.9999 -0.0159 -0.0043
vn -0.9991 -0.0406 -0.0152
vn -0.9960 -0.0885 -0.0151
vn -1.0000 -0.0043 -0.0025
vn -0.9994 -0.0222 -0.0278
vn -0.0422 0.0799 0.9959
vn -0.0487 0.9986 -0.0197
vn -0.0210 0.9997 0.0130
vn -0.0439 0.9969 -0.0649
vn -0.9836 -0.1665 -0.0690
vn -0.9822 -0.1611 -0.0972
vn -0.9917 -0.0987 -0.0826
vn -0.9995 -0.0323 -0.0025
vn -0.9989 -0.0277 -0.0390
vn -0.9999 -0.0111 -0.0120
vn 0.9990 -0.0093 0.0440
vn 0.0485 0.0917 -0.9946
vn 0.0636 0.9978 0.0199
vn 0.0198 0.9998 -0.0073
vn 0.0488 0.9976 0.0490
vn 0.9402 0.3338 0.0677
vn 0.9696 0.2423 -0.0332
vn 0.9885 -0.0305 -0.1481
vn 0.9998 -0.0159 0.0079
vn 0.9988 -0.0406 0.0278
vn 1.0000 -0.0043 0.0046
vn 0.0422 -0.0799 0.9959
vn -0.0086 0.9999 0.0112
vn 0.0487 -0.9986 -0.0197
vn -0.0281 0.9996 -0.0079
vn 0.0439 -0.9969 -0.0649
vn -0.0254 0.9798 0.1985
vn 0.9989 0.0338 -0.0340
vn 0.9836 0.1665 -0.0690
vn 0.9822 0.1611 -0.0972
vn -0.9951 -0.0774 -0.0621
vn 0.9989 0.0277 -0.0390
vn 0.9957 0.0885 -0.0276
vn 0.9998 0.0170 -0.0104
vn 0.0666 -0.9963 -0.0549
vn -0.9995 -0.0222 -0.0237
vn -0.0496 0.0938 0.9944
vn 0.0086 -0.9999 0.0096
vn -0.0487 0.9987 -0.0168
vn -0.0747 0.9874 -0.1393
vn -0.0210 0.9997 0.0110
vn -0.0439 0.9975 -0.0552
vn 0.0440 -0.9987 -0.0247
vn 0.0372 -0.9978 0.0544
vn 0.0255 -0.9852 0.1698
vn 0.9958 0.0125 -0.0905
vn -0.9843 -0.1666 -0.0587
vn -0.9834 -0.1613 -0.0827
vn -0.9926 -0.0988 -0.0703
vn -0.9995 -0.0323 -0.0021
vn -0.9991 -0.0277 -0.0332
vn -0.9958 -0.0885 -0.0234
vn -0.9999 -0.0111 -0.0102
vn 0.0679 -0.1283 0.9894
vn -0.0086 0.9999 0.0069
vn 0.0487 -0.9987 -0.0122
vn -0.0281 0.9996 -0.0049
vn 0.0440 -0.9982 -0.0402
vn -0.0257 0.9919 0.1242
vn 0.9992 0.0338 -0.0210
vn 0.9851 0.1667 -0.0427
vn 0.9850 0.1615 -0.0602
vn -0.9962 -0.0775 -0.0385
vn 0.9993 0.0277 -0.0241
vn 0.9959 0.0885 -0.0170
vn 0.9998 0.0170 -0.0065
vn 0.0666 -0.9972 -0.0340
vn -0.9928 0.0988 0.0679
vn 0.1254 0.0663 0.9899
vn -0.9999 -0.0086 0.0071
vn 0.9987 0.0487 -0.0125
vn -0.9996 -0.0281 -0.0050
vn 0.9982 0.0440 -0.0411
vn -0.9915 -0.0257 0.1272
vn -0.0338 0.9992 -0.0215
vn -0.1667 0.9850 -0.0437
vn -0.1615 0.9849 -0.0617
vn 0.0775 -0.9962 -0.0394
vn -0.0277 0.9993 -0.0247
vn -0.0885 0.9959 -0.0175
vn -0.0170 0.9998 -0.0066
vn 0.9972 0.0666 -0.0348
vn 0.0093 0.9995 0.0304
vn -0.1322 0.0699 -0.9888
vn 0.9999 -0.0086 -0.0077
vn -0.9979 0.0636 0.0137
vn -0.9907 0.0749 0.1133
vn -0.9998 0.0198 -0.0050
vn -0.9982 0.0488 0.0338
vn 0.9988 -0.0440 0.0201
vn 0.9983 -0.0372 -0.0441
vn 0.9901 -0.0257 -0.1384
vn -0.0125 -0.9972 0.0735
vn -0.3342 0.9414 0.0467
vn -0.2424 0.9699 -0.0229
vn 0.0307 0.9942 -0.1027
vn 0.0159 0.9999 0.0055
vn 0.0406 0.9990 0.0192
vn 0.0885 0.9959 0.0190
vn 0.0043 1.0000 0.0032
vn -0.1284 -0.0679 0.9894
vn 0.9999 0.0086 0.0069
vn -0.9987 -0.0487 -0.0122
vn 0.9996 0.0281 -0.0049
vn -0.9982 -0.0440 -0.0402
vn 0.9919 0.0257 0.1242
vn 0.0338 -0.9992 -0.0210
vn 0.1667 -0.9851 -0.0427
vn 0.1615 -0.9850 -0.0602
vn -0.0775 0.9962 -0.0385
vn 0.0277 -0.9993 -0.0241
vn 0.0885 -0.9959 -0.0170
vn 0.0170 -0.9998 -0.0065
vn -0.9972 -0.0666 -0.0340
vn -0.9995 -0.0222 -0.0229
vn -0.0513 0.0970 0.9940
vn 0.0086 -0.9999 0.0092
vn -0.0487 0.9987 -0.0162
vn -0.0747 0.9881 -0.1347
vn -0.0210 0.9997 0.0107
vn -0.0439 0.9976 -0.0534
vn 0.0440 -0.9987 -0.0239
vn 0.0372 -0.9979 0.0525
vn 0.0256 -0.9861 0.1642
vn 0.9961 0.0125 -0.0875
vn -0.9844 -0.1666 -0.0568
vn -0.9837 -0.1613 -0.0800
vn -0.9928 -0.0988 -0.0679
vn -0.9995 -0.0323 -0.0020
vn -0.9991 -0.0277 -0.0321
vn -0.9958 -0.0885 -0.0227
vn -0.9999 -0.0111 -0.0099
vn 0.0257 -0.9901 0.1383
vn 0.0679 -0.1284 0.9894
vn -0.9937 0.0306 -0.1076
vn -0.9928 -0.0987 -0.0679
vn 0.0257 0.9901 -0.1384
vn 0.0663 0.1254 -0.9899
vn -0.0086 -0.9999 -0.0071
vn 0.0487 0.9987 0.0125
vn -0.0281 -0.9996 0.0050
vn 0.0440 0.9982 0.0411
vn -0.0257 -0.9915 -0.1272
vn 0.9992 -0.0338 0.0215
vn 0.9850 -0.1667 0.0437
vn 0.9849 -0.1615 0.0617
vn -0.9962 0.0775 0.0394
vn 0.9993 -0.0277 0.0247
vn 0.9959 -0.0885 0.0175
vn 0.9998 -0.0170 0.0066
vn 0.0666 0.9972 0.0348
vn -0.9926 -0.0987 -0.0703
vn -0.9844 -0.1666 -0.0567
vn 0.0679 0.1284 -0.9894
vn -0.0086 -0.9999 -0.0069
vn 0.0487 0.9987 0.0122
vn -0.0281 -0.9996 0.0049
vn 0.0440 0.9982 0.0402
vn -0.0257 -0.9919 -0.1242
vn 0.9992 -0.0338 0.0210
vn 0.9851 -0.1667 0.0427
vn 0.9850 -0.1615 0.0602
vn -0.9962 0.0775 0.0385
vn 0.9993 -0.0277 0.0241
vn 0.9959 -0.0885 0.0170
vn 0.9998 -0.0170 0.0065
vn 0.0666 0.9972 0.0340
vn -0.9699 -0.2423 -0.0240
vn 0.9937 -0.0306 -0.1076
vn 0.9999 -0.0160 0.0057
vn -0.9995 0.0222 0.0237
vn -0.0496 -0.0938 -0.9944
vn 0.0086 0.9999 -0.0096
vn -0.0487 -0.9987 0.0168
vn -0.0747 -0.9874 0.1393
vn -0.0210 -0.9997 -0.0110
vn -0.0439 -0.9975 0.0552
vn 0.0440 0.9987 0.0247
vn 0.0372 0.9978 -0.0544
vn 0.0255 0.9852 -0.1698
vn 0.9958 -0.0125 0.0905
vn -0.9843 0.1666 0.0587
vn -0.9834 0.1613 0.0827
vn -0.9926 0.0987 0.0703
vn -0.9995 0.0323 0.0021
vn -0.9991 0.0277 0.0332
vn -0.9958 0.0885 0.0234
vn -0.9999 0.0111 0.0102
vn 0.9997 -0.0093 0.0241
vn 0.0877 0.1657 -0.9823
vn -0.0086 -0.9999 -0.0061
vn 0.0636 0.9979 0.0109
vn 0.0751 0.9931 0.0900
vn 0.0198 0.9998 -0.0040
vn 0.0488 0.9984 0.0268
vn -0.0440 -0.9989 0.0159
vn -0.0372 -0.9987 -0.0350
vn -0.0257 -0.9936 -0.1100
vn -0.9982 0.0125 0.0583
vn 0.9417 0.3343 0.0371
vn 0.9700 0.2424 -0.0182
vn 0.9962 -0.0307 -0.0816
vn 0.9999 -0.0159 0.0043
vn 0.9991 -0.0406 0.0152
vn 0.9960 -0.0885 0.0151
vn 1.0000 -0.0043 0.0025
vn 0.9951 -0.0440 -0.0888
vn -0.9904 -0.0692 -0.1196
vn -0.9910 -0.0663 0.1160
vn 0.9954 -0.0418 0.0861
vn 0.0861 -0.0418 0.9954
vn 0.1160 -0.0663 -0.9910
vn -0.1196 -0.0692 -0.9904
vn -0.0888 -0.0440 0.9951
vn -0.9945 0.1049 0.0034
vn -0.0348 0.9989 0.0318
vn -0.0282 -0.9996 -0.0000
vn 0.9999 -0.0123 -0.0000
vn -0.9914 0.1299 0.0164
vn -0.9904 0.1316 -0.0423
vn -0.9951 0.0984 0.0123
vn -0.9945 0.1049 -0.0078
vn 0.0453 0.9990 -0.0000
vn 0.0312 0.9919 0.1234
vn -0.0408 0.9964 -0.0742
vn -0.0368 0.9993 -0.0077
vn -0.9953 0.0973 -0.0000
vn -0.9945 0.1044 -0.0008
vn -0.1414 0.9894 -0.0338
vn 0.0504 0.9957 -0.0777
vn -0.0000 -0.9996 -0.0282
vn -0.0149 0.1046 -0.9944
vn 0.0055 0.1084 -0.9941
vn -0.0000 -0.0123 0.9999
vn -0.0000 0.9990 0.0453
vn -0.0000 0.0973 -0.9953
vn -0.0604 0.9976 -0.0344
vn 0.1381 0.9904 -0.0036
vn -0.0063 0.1037 -0.9946
vn 0.0143 0.1026 -0.9946
vn -0.1124 0.9934 0.0232
vn -0.1088 0.9937 -0.0256
vn 0.0266 -0.9996 -0.0000
vn 0.9897 0.1428 0.0033
vn 0.9898 0.1425 -0.0037
vn -0.9999 -0.0123 -0.0000
vn 0.9886 0.1505 -0.0000
vn -0.0453 0.9990 -0.0000
vn 0.0355 0.9913 -0.1269
vn 0.0958 0.9948 0.0352
vn -0.0666 0.9976 -0.0199
vn -0.0942 0.9878 -0.1238
vn 0.1131 -0.9906 0.0766
vn -0.0000 -0.9996 0.0266
vn -0.0102 0.1529 0.9882
vn -0.0278 0.1458 0.9889
vn -0.0000 -0.0123 -0.9999
vn 0.0120 0.9993 0.0366
vn 0.0020 0.1617 0.9868
vn -0.0605 0.9965 0.0575
vn 0.0516 0.9982 0.0317
vn -0.1592 -0.9862 -0.0447
vn -0.0071 -0.9995 0.0322
vn -0.0092 0.1656 0.9862
vn 0.0222 0.1437 0.9894
vn 0.0117 -0.9990 -0.0422
vn -0.0102 -0.9958 0.0908
vn -0.0110 0.9995 0.0308
vn 0.0214 0.9986 -0.0482
vn -0.0035 0.1507 0.9886
vn 0.0051 0.1602 0.9871
vn -0.0888 -0.0440 -0.9951
vn -0.1196 -0.0692 0.9904
vn 0.1160 -0.0663 0.9910
vn 0.0861 -0.0418 -0.9954
vn 0.9954 -0.0418 -0.0861
vn -0.9910 -0.0663 -0.1160
vn -0.9904 -0.0692 0.1196
vn 0.9951 -0.0440 0.0888
vn 0.0034 0.1049 0.9945
vn 0.0318 0.9989 0.0348
vn -0.0000 -0.9996 0.0282
vn 0.0164 0.1299 0.9914
vn -0.0423 0.1316 0.9904
vn 0.0123 0.0984 0.9951
vn -0.0078 0.1049 0.9945
vn -0.0000 0.9990 -0.0453
vn 0.1234 0.9919 -0.0312
vn -0.0742 0.9964 0.0408
vn -0.0077 0.9993 0.0368
vn -0.0000 0.0973 0.9953
vn -0.0008 0.1044 0.9945
vn -0.0338 0.9894 0.1414
vn -0.0777 0.9957 -0.0504
vn -0.9944 0.1046 0.0149
vn -0.9941 0.1084 -0.0055
vn -0.0344 0.9976 0.0604
vn -0.0036 0.9904 -0.1381
vn -0.9946 0.1037 0.0063
vn -0.9946 0.1026 -0.0143
vn 0.0232 0.9934 0.1124
vn -0.0256 0.9937 0.1088
vn -0.0000 -0.9996 -0.0266
vn 0.0033 0.1428 -0.9897
vn -0.0037 0.1425 -0.9898
vn -0.0000 0.1505 -0.9886
vn -0.1269 0.9913 -0.0355
vn 0.0352 0.9948 -0.0958
vn -0.0199 0.9976 0.0666
vn -0.1238 0.9878 0.0942
vn 0.0766 -0.9906 -0.1131
vn 0.9882 0.1529 0.0102
vn 0.9889 0.1458 0.0278
vn 0.0366 0.9993 -0.0120
vn 0.9868 0.1617 -0.0020
vn 0.0575 0.9965 0.0605
vn 0.0317 0.9982 -0.0516
vn -0.0447 -0.9862 0.1592
vn 0.0322 -0.9995 0.0071
vn 0.9862 0.1656 0.0092
vn 0.9894 0.1437 -0.0222
vn -0.0422 -0.9990 -0.0117
vn 0.0908 -0.9958 0.0102
vn 0.0308 0.9995 0.0110
vn -0.0482 0.9986 -0.0214
vn 0.9886 0.1507 0.0035
vn 0.9871 0.1602 -0.0051
vt 0.500000 0.094241
vt 0.625000 0.205853
vt 0.605407 0.250000
vt 0.500000 0.250000
vt 0.636044 0.488956
vt 0.500000 0.500000
vt 0.500000 0.687500
vt 0.625000 0.713818
vt 0.625000 0.750000
vt 0.500000 0.750000
vt 0.624957 0.999326
vt 0.500000 1.000000
vt 0.125000 0.687500
vt 0.375000 0.687500
vt 0.375000 0.750000
vt 0.125000 0.750000
vt 0.875000 0.715991
vt 0.875000 0.744280
vt 0.875034 0.499926
vt 0.875000 0.544147
vt 0.625000 0.506089
vt 0.875000 0.625000
vt 0.625000 0.625000
vt 0.125736 0.500088
vt 0.375000 0.500000
vt 0.375000 0.562500
vt 0.125000 0.539406
vt 0.375000 0.625000
vt 0.125000 0.625000
vt 0.500000 0.562500
vt 0.500000 0.625000
vt 0.500000 0.000000
vt 0.625000 0.005720
vt 0.625000 0.034009
vt 0.500000 0.015706
vt 0.625000 0.125000
vt 0.500000 0.086170
vt 0.375000 0.125000
vt 0.375000 0.210594
vt 0.375000 0.062500
vt 0.375000 0.000000
vt 0.375000 1.000000
vt 0.386084 0.250000
vt 0.500000 0.224208
vt 0.625000 0.205853
vt 0.605407 0.250000
vt 0.500000 0.250000
vt 0.636044 0.488956
vt 0.500000 0.687500
vt 0.125000 0.687500
vt 0.375000 0.750000
vt 0.875034 0.499926
vt 0.625000 0.506089
vt 0.840176 0.625000
vt 0.375000 0.500000
vt 0.500000 0.562500
vt 0.500000 0.015706
vt 0.626865 0.129043
vt 0.500000 0.179777
vt 0.375000 0.210594
vt 0.375000 0.062500
vt 0.375000 1.000000
vt 0.625000 0.000000
vt 0.625000 0.250000
vt 0.375000 0.250000
vt 0.625000 0.500000
vt 0.625000 1.000000
vt 0.125000 0.500000
vt 0.000000 0.000000
vt 1.000000 0.000000
vt 1.000000 1.000000
vt 0.000000 1.000000
vt 0.375000 0.500000
vt 0.624999 0.749999
vt 0.375000 0.750000
vt 0.625000 0.500000
vt 0.625001 0.750001
vt 0.375000 0.750000
vt 0.374999 0.000000
vt 0.375000 0.250000
vt 0.375000 0.500000
vt 0.625000 0.750000
vt 0.374999 0.749999
vt 0.625000 0.750000
vt 0.375000 0.971550
vt 0.625000 0.971550
vt 0.846550 0.500000
vt 0.875000 0.500000
vt 0.875000 0.750000
vt 0.846550 0.750000
vt 0.153450 0.500000
vt 0.153450 0.750000
vt 0.625000 0.278450
vt 0.375000 0.278450
vt 0.625000 0.808423
vt 0.375000 0.782269
vt 0.375000 0.781155
vt 0.624601 0.781141
vt 0.375000 0.780040
vt 0.625000 0.771221
vt 0.625000 0.856018
vt 0.375000 0.856031
vt 0.375000 0.855005
vt 0.625000 0.851132
vt 0.375000 0.853978
vt 0.625000 0.842006
vt 0.657247 0.500000
vt 0.683423 0.750000
vt 0.656155 0.739518
vt 0.656155 0.500000
vt 0.646220 0.750000
vt 0.655063 0.500000
vt 0.731014 0.500000
vt 0.731019 0.750001
vt 0.726132 0.750000
vt 0.730005 0.500000
vt 0.717007 0.750000
vt 0.728994 0.500000
vt 0.271006 0.499999
vt 0.271022 0.750000
vt 0.269995 0.750000
vt 0.269995 0.500000
vt 0.268969 0.750000
vt 0.268985 0.500000
vt 0.344941 0.500000
vt 0.344960 0.750000
vt 0.343845 0.750000
vt 0.343845 0.500000
vt 0.342731 0.750000
vt 0.342749 0.500000
vt 0.625000 0.396006
vt 0.374999 0.396004
vt 0.375000 0.394995
vt 0.625000 0.394995
vt 0.375000 0.393985
vt 0.625000 0.393985
vt 0.625000 0.469937
vt 0.375000 0.469941
vt 0.375000 0.468845
vt 0.625000 0.468845
vt 0.375000 0.467749
vt 0.625000 0.467754
vt 0.796692 0.500000
vt 0.798004 0.750000
vt 0.791666 0.750000
vt 0.791667 0.500000
vt 0.764614 0.750000
vt 0.786641 0.500000
vt 0.213359 0.500000
vt 0.213442 0.750001
vt 0.208333 0.750000
vt 0.208333 0.500000
vt 0.203225 0.750000
vt 0.203308 0.500000
vt 0.625000 0.923005
vt 0.375000 0.921775
vt 0.375000 0.916667
vt 0.625000 0.916666
vt 0.375000 0.911559
vt 0.625001 0.889615
vt 0.625000 0.338359
vt 0.375000 0.338359
vt 0.375000 0.333333
vt 0.625000 0.333333
vt 0.375000 0.328308
vt 0.625000 0.328308
vt 0.875000 0.750000
vt 0.712365 0.500000
vt 0.719266 0.750000
vt 0.708333 0.750000
vt 0.708333 0.500000
vt 0.704289 0.750000
vt 0.704301 0.500000
vt 0.295699 0.500000
vt 0.295764 0.749999
vt 0.291667 0.750000
vt 0.291667 0.500000
vt 0.287569 0.750001
vt 0.287635 0.500000
vt 0.625000 0.844266
vt 0.375000 0.837431
vt 0.375000 0.833333
vt 0.624999 0.833333
vt 0.375000 0.829235
vt 0.625001 0.829290
vt 0.625000 0.420699
vt 0.375000 0.420699
vt 0.375000 0.416667
vt 0.625000 0.416667
vt 0.375000 0.412635
vt 0.625000 0.412635
vt 0.687762 0.500000
vt 0.707871 0.750000
vt 0.675694 0.750000
vt 0.675694 0.500000
vt 0.647661 0.750000
vt 0.663625 0.500000
vt 0.336434 0.500000
vt 0.336637 0.750000
vt 0.324306 0.749999
vt 0.324306 0.500000
vt 0.311976 0.749999
vt 0.312178 0.500000
vt 0.625000 0.832871
vt 0.375000 0.813024
vt 0.375000 0.800693
vt 0.625000 0.800693
vt 0.375000 0.788362
vt 0.625000 0.772660
vt 0.625000 0.461375
vt 0.375000 0.461434
vt 0.375000 0.449306
vt 0.625000 0.449306
vt 0.375000 0.437178
vt 0.625000 0.437238
vt 0.798844 0.500000
vt 0.798867 0.750000
vt 0.791509 0.495017
vt 0.791667 0.500000
vt 0.747141 0.750000
vt 0.784489 0.500000
vt 0.215516 0.500000
vt 0.215634 0.750000
vt 0.208333 0.750000
vt 0.208333 0.500000
vt 0.201032 0.750000
vt 0.201151 0.500000
vt 0.625000 0.923866
vt 0.375000 0.923967
vt 0.375000 0.916666
vt 0.589682 0.916666
vt 0.375000 0.909366
vt 0.625000 0.872140
vt 0.625000 0.340511
vt 0.375000 0.340516
vt 0.375000 0.333333
vt 0.375000 0.326151
vt 0.625000 0.326156
vt 0.624999 0.999999
vt 0.875000 0.750000
vt 0.798457 0.500000
vt 0.812526 0.750000
vt 0.793250 0.750128
vt 0.784855 0.750000
vt 0.784876 0.500000
vt 0.215124 0.500000
vt 0.215235 0.750000
vt 0.208333 0.750001
vt 0.208333 0.500000
vt 0.201432 0.750001
vt 0.201543 0.500000
vt 0.625000 0.937526
vt 0.375000 0.923568
vt 0.375000 0.916667
vt 0.624999 0.919355
vt 0.375000 0.909765
vt 0.625000 0.909855
vt 0.625000 0.340124
vt 0.375000 0.340124
vt 0.375000 0.326543
vt 0.625000 0.326543
vt 0.125000 0.500000
vt 0.125000 0.750000
vt 0.625000 1.000000
vt 0.375000 0.999999
vt 0.714097 0.500000
vt 0.713901 0.750000
vt 0.706144 0.750000
vt 0.708333 0.500000
vt 0.693785 0.750000
vt 0.702618 0.500000
vt 0.297381 0.500000
vt 0.297475 0.750000
vt 0.291667 0.750000
vt 0.291667 0.500000
vt 0.286027 0.750000
vt 0.285901 0.500000
vt 0.625000 0.838901
vt 0.375000 0.838974
vt 0.375624 0.833334
vt 0.614163 0.831130
vt 0.375000 0.827525
vt 0.625000 0.818785
vt 0.625000 0.422382
vt 0.375000 0.422382
vt 0.375000 0.416667
vt 0.625000 0.416667
vt 0.375000 0.410902
vt 0.625000 0.410903
s 0
f 30/1/1 14/2/1 4/3/1 22/4/1
f 22/4/2 4/3/2 8/5/2 23/6/2
f 27/7/3 20/8/3 6/9/3 24/10/3
f 24/10/4 6/9/4 2/11/4 21/12/4
f 11/13/5 15/14/5 5/15/5 1/16/5
f 20/8/6 12/17/6 2/18/6 6/9/6
f 8/5/7 4/19/7 14/20/7 18/21/7
f 18/21/8 14/20/8 13/22/8 19/23/8
f 19/23/9 13/22/9 12/17/9 20/8/9
f 3/24/10 7/25/10 17/26/10 9/27/10
f 9/27/11 17/26/11 16/28/11 10/29/11
f 10/29/12 16/28/12 15/14/12 11/13/12
f 23/6/13 8/5/13 18/21/13 25/30/13
f 25/30/3 18/21/3 19/23/3 26/31/3
f 26/31/3 19/23/3 20/8/3 27/7/3
f 21/32/14 2/33/14 12/34/14 28/35/14
f 28/35/15 12/34/15 13/36/15 29/37/15
f 29/37/16 13/36/16 14/2/16 30/1/16
f 10/38/17 29/37/17 30/1/17 9/39/17
f 11/40/18 28/35/18 29/37/18 10/38/18
f 1/41/19 21/32/19 28/35/19 11/40/19
f 16/28/3 26/31/3 27/7/3 15/14/3
f 17/26/3 25/30/3 26/31/3 16/28/3
f 7/25/3 23/6/3 25/30/3 17/26/3
f 5/15/20 24/10/20 21/12/20 1/42/20
f 15/14/3 27/7/3 24/10/3 5/15/3
f 3/43/2 22/4/2 23/6/2 7/25/2
f 9/39/21 30/1/21 22/4/21 3/43/21
f 60/44/22 44/45/22 34/46/22 52/47/22
f 52/47/20 34/46/20 38/48/20 53/6/20
f 57/49/23 50/8/23 36/9/23 54/10/23
f 54/10/24 36/9/24 32/11/24 51/12/24
f 41/50/25 45/14/25 35/51/25 31/16/25
f 50/8/26 42/17/26 32/18/26 36/9/26
f 38/48/27 34/52/27 44/20/27 48/53/27
f 48/53/28 44/20/28 43/54/28 49/23/28
f 49/23/29 43/54/29 42/17/29 50/8/29
f 33/24/30 37/55/30 47/26/30 39/27/30
f 39/27/31 47/26/31 46/28/31 40/29/31
f 40/29/32 46/28/32 45/14/32 41/50/32
f 53/6/33 38/48/33 48/53/33 55/56/33
f 55/56/23 48/53/23 49/23/23 56/31/23
f 56/31/23 49/23/23 50/8/23 57/49/23
f 51/32/34 32/33/34 42/34/34 58/57/34
f 58/57/35 42/34/35 43/58/35 59/59/35
f 59/59/36 43/58/36 44/45/36 60/44/36
f 40/38/37 59/59/37 60/44/37 39/60/37
f 41/61/38 58/57/38 59/59/38 40/38/38
f 31/41/39 51/32/39 58/57/39 41/61/39
f 46/28/23 56/31/23 57/49/23 45/14/23
f 47/26/23 55/56/23 56/31/23 46/28/23
f 37/55/23 53/6/23 55/56/23 47/26/23
f 35/51/2 54/10/2 51/12/2 31/62/2
f 45/14/23 57/49/23 54/10/23 35/51/23
f 33/43/20 52/47/20 53/6/20 37/55/20
f 39/60/40 60/44/40 52/47/40 33/43/40
f 78/4/2 64/3/2 68/5/2 79/6/2
f 82/7/23 76/8/23 66/9/23 80/10/23
f 80/10/41 66/9/41 62/11/41 77/12/41
f 70/13/42 73/14/42 65/15/42 61/16/42
f 76/8/43 71/17/43 62/18/43 66/9/43
f 67/25/44 74/28/44 69/29/44 63/24/44
f 75/23/45 72/22/45 71/17/45 76/8/45
f 67/25/23 79/6/23 81/31/23 74/28/23
f 69/29/46 74/28/46 73/14/46 70/13/46
f 84/37/47 72/36/47 64/3/47 78/4/47
f 81/31/23 75/23/23 76/8/23 82/7/23
f 77/32/48 62/33/48 71/34/48 83/35/48
f 83/35/49 71/34/49 72/36/49 84/37/49
f 68/5/50 75/23/50 81/31/50 79/6/50
f 70/40/51 83/35/51 84/37/51 69/38/51
f 61/41/52 77/32/52 83/35/52 70/40/52
f 74/28/23 81/31/23 82/7/23 73/14/23
f 84/37/53 78/4/53 63/43/53 69/38/53
f 65/15/20 80/10/20 77/12/20 61/42/20
f 73/14/23 82/7/23 80/10/23 65/15/23
f 63/43/2 78/4/2 79/6/2 67/25/2
f 64/19/54 72/22/54 75/23/54 68/5/54
f 114/1/55 98/2/55 88/3/55 106/4/55
f 106/4/2 88/3/2 92/5/2 107/6/2
f 111/7/3 104/8/3 90/9/3 108/10/3
f 108/10/56 90/9/56 86/11/56 105/12/56
f 95/13/57 99/14/57 89/15/57 85/16/57
f 104/8/58 96/17/58 86/18/58 90/9/58
f 92/5/59 88/19/59 98/20/59 102/21/59
f 102/21/60 98/20/60 97/22/60 103/23/60
f 103/23/61 97/22/61 96/17/61 104/8/61
f 87/24/62 91/25/62 101/26/62 93/27/62
f 93/27/63 101/26/63 100/28/63 94/29/63
f 94/29/64 100/28/64 99/14/64 95/13/64
f 107/6/65 92/5/65 102/21/65 109/30/65
f 109/30/3 102/21/3 103/23/3 110/31/3
f 110/31/3 103/23/3 104/8/3 111/7/3
f 105/32/66 86/33/66 96/34/66 112/35/66
f 112/35/67 96/34/67 97/36/67 113/37/67
f 113/37/68 97/36/68 98/2/68 114/1/68
f 94/38/69 113/37/69 114/1/69 93/39/69
f 95/40/70 112/35/70 113/37/70 94/38/70
f 85/41/71 105/32/71 112/35/71 95/40/71
f 100/28/3 110/31/3 111/7/3 99/14/3
f 101/26/3 109/30/3 110/31/3 100/28/3
f 91/25/3 107/6/3 109/30/3 101/26/3
f 89/15/20 108/10/20 105/12/20 85/42/20
f 99/14/3 111/7/3 108/10/3 89/15/3
f 87/43/2 106/4/2 107/6/2 91/25/2
f 93/39/72 114/1/72 106/4/72 87/43/72
f 144/44/73 128/45/73 118/46/73 136/47/73
f 136/47/2 118/46/2 122/48/2 137/6/2
f 141/49/3 134/8/3 120/9/3 138/10/3
f 138/10/74 120/9/74 116/11/74 135/12/74
f 125/50/75 129/14/75 119/51/75 115/16/75
f 134/8/76 126/17/76 116/18/76 120/9/76
f 122/48/77 118/52/77 128/20/77 132/53/77
f 132/53/78 128/20/78 127/54/78 133/23/78
f 133/23/79 127/54/79 126/17/79 134/8/79
f 117/24/80 121/55/80 131/26/80 123/27/80
f 123/27/81 131/26/81 130/28/81 124/29/81
f 124/29/82 130/28/82 129/14/82 125/50/82
f 137/6/83 122/48/83 132/53/83 139/56/83
f 139/56/3 132/53/3 133/23/3 140/31/3
f 140/31/3 133/23/3 134/8/3 141/49/3
f 135/32/84 116/33/84 126/34/84 142/57/84
f 142/57/85 126/34/85 127/58/85 143/59/85
f 143/59/86 127/58/86 128/45/86 144/44/86
f 124/38/87 143/59/87 144/44/87 123/60/87
f 125/61/88 142/57/88 143/59/88 124/38/88
f 115/41/89 135/32/89 142/57/89 125/61/89
f 130/28/3 140/31/3 141/49/3 129/14/3
f 131/26/3 139/56/3 140/31/3 130/28/3
f 121/55/3 137/6/3 139/56/3 131/26/3
f 119/51/20 138/10/20 135/12/20 115/62/20
f 129/14/3 141/49/3 138/10/3 119/51/3
f 117/43/2 136/47/2 137/6/2 121/55/2
f 123/60/90 144/44/90 136/47/90 117/43/90
f 162/4/2 148/3/2 152/5/2 163/6/2
f 166/7/23 160/8/23 150/9/23 164/10/23
f 164/10/91 150/9/91 146/11/91 161/12/91
f 154/13/92 157/14/92 149/15/92 145/16/92
f 160/8/93 155/17/93 146/18/93 150/9/93
f 151/25/94 158/28/94 153/29/94 147/24/94
f 159/23/95 156/22/95 155/17/95 160/8/95
f 151/25/23 163/6/23 165/31/23 158/28/23
f 153/29/96 158/28/96 157/14/96 154/13/96
f 168/37/97 156/36/97 148/3/97 162/4/97
f 165/31/23 159/23/23 160/8/23 166/7/23
f 161/32/98 146/33/98 155/34/98 167/35/98
f 167/35/99 155/34/99 156/36/99 168/37/99
f 152/5/100 159/23/100 165/31/100 163/6/100
f 154/40/101 167/35/101 168/37/101 153/38/101
f 145/41/102 161/32/102 167/35/102 154/40/102
f 158/28/23 165/31/23 166/7/23 157/14/23
f 168/37/103 162/4/103 147/43/103 153/38/103
f 149/15/20 164/10/20 161/12/20 145/42/20
f 157/14/23 166/7/23 164/10/23 149/15/23
f 147/43/2 162/4/2 163/6/2 151/25/2
f 148/19/104 156/22/104 159/23/104 152/5/104
f 198/1/105 182/2/105 172/3/105 190/4/105
f 190/4/20 172/3/20 176/5/20 191/6/20
f 195/7/3 188/8/3 174/9/3 192/10/3
f 192/10/106 174/9/106 170/11/106 189/12/106
f 179/13/107 183/14/107 173/15/107 169/16/107
f 188/8/108 180/17/108 170/18/108 174/9/108
f 176/5/109 172/19/109 182/20/109 186/21/109
f 186/21/110 182/20/110 181/22/110 187/23/110
f 187/23/111 181/22/111 180/17/111 188/8/111
f 171/24/112 175/25/112 185/26/112 177/27/112
f 177/27/113 185/26/113 184/28/113 178/29/113
f 178/29/114 184/28/114 183/14/114 179/13/114
f 191/6/115 176/5/115 186/21/115 193/30/115
f 193/30/3 186/21/3 187/23/3 194/31/3
f 194/31/3 187/23/3 188/8/3 195/7/3
f 189/32/116 170/33/116 180/34/116 196/35/116
f 196/35/117 180/34/117 181/36/117 197/37/117
f 197/37/118 181/36/118 182/2/118 198/1/118
f 178/38/119 197/37/119 198/1/119 177/39/119
f 179/40/120 196/35/120 197/37/120 178/38/120
f 169/41/121 189/32/121 196/35/121 179/40/121
f 184/28/3 194/31/3 195/7/3 183/14/3
f 185/26/3 193/30/3 194/31/3 184/28/3
f 175/25/3 191/6/3 193/30/3 185/26/3
f 173/15/2 192/10/2 189/12/2 169/42/2
f 183/14/3 195/7/3 192/10/3 173/15/3
f 171/43/20 190/4/20 191/6/20 175/25/20
f 177/39/122 198/1/122 190/4/122 171/43/122
f 216/4/2 202/3/2 206/5/2 217/6/2
f 220/7/123 214/8/123 204/9/123 218/10/123
f 218/10/124 204/9/124 200/11/124 215/12/124
f 208/13/125 211/14/125 203/15/125 199/16/125
f 214/8/126 209/17/126 200/18/126 204/9/126
f 205/25/127 212/28/127 207/29/127 201/24/127
f 213/23/128 210/22/128 209/17/128 214/8/128
f 205/25/123 217/6/123 219/31/123 212/28/123
f 207/29/129 212/28/129 211/14/129 208/13/129
f 222/37/130 210/36/130 202/3/130 216/4/130
f 219/31/123 213/23/123 214/8/123 220/7/123
f 215/32/131 200/33/131 209/34/131 221/35/131
f 221/35/132 209/34/132 210/36/132 222/37/132
f 206/5/133 213/23/133 219/31/133 217/6/133
f 208/40/134 221/35/134 222/37/134 207/38/134
f 199/41/135 215/32/135 221/35/135 208/40/135
f 212/28/123 219/31/123 220/7/123 211/14/123
f 222/37/136 216/4/136 201/43/136 207/38/136
f 203/15/20 218/10/20 215/12/20 199/42/20
f 211/14/123 220/7/123 218/10/123 203/15/123
f 201/43/2 216/4/2 217/6/2 205/25/2
f 202/19/137 210/22/137 213/23/137 206/5/137
f 252/44/138 236/45/138 226/46/138 244/47/138
f 244/47/20 226/46/20 230/48/20 245/6/20
f 249/49/123 242/8/123 228/9/123 246/10/123
f 246/10/139 228/9/139 224/11/139 243/12/139
f 233/50/140 237/14/140 227/51/140 223/16/140
f 242/8/141 234/17/141 224/18/141 228/9/141
f 230/48/142 226/52/142 236/20/142 240/53/142
f 240/53/143 236/20/143 235/54/143 241/23/143
f 241/23/144 235/54/144 234/17/144 242/8/144
f 225/24/145 229/55/145 239/26/145 231/27/145
f 231/27/146 239/26/146 238/28/146 232/29/146
f 232/29/147 238/28/147 237/14/147 233/50/147
f 245/6/148 230/48/148 240/53/148 247/56/148
f 247/56/123 240/53/123 241/23/123 248/31/123
f 248/31/123 241/23/123 242/8/123 249/49/123
f 243/32/149 224/33/149 234/34/149 250/57/149
f 250/57/150 234/34/150 235/58/150 251/59/150
f 251/59/151 235/58/151 236/45/151 252/44/151
f 232/38/152 251/59/152 252/44/152 231/60/152
f 233/61/153 250/57/153 251/59/153 232/38/153
f 223/41/154 243/32/154 250/57/154 233/61/154
f 238/28/123 248/31/123 249/49/123 237/14/123
f 239/26/123 247/56/123 248/31/123 238/28/123
f 229/55/123 245/6/123 247/56/123 239/26/123
f 227/51/2 246/10/2 243/12/2 223/62/2
f 237/14/123 249/49/123 246/10/123 227/51/123
f 225/43/20 244/47/20 245/6/20 229/55/20
f 231/60/155 252/44/155 244/47/155 225/43/155
f 282/44/156 266/45/156 256/46/156 274/47/156
f 274/47/20 256/46/20 260/48/20 275/6/20
f 279/49/23 272/8/23 258/9/23 276/10/23
f 276/10/157 258/9/157 254/11/157 273/12/157
f 263/50/158 267/14/158 257/51/158 253/16/158
f 272/8/159 264/17/159 254/18/159 258/9/159
f 260/48/160 256/52/160 266/20/160 270/53/160
f 270/53/161 266/20/161 265/54/161 271/23/161
f 271/23/162 265/54/162 264/17/162 272/8/162
f 255/24/163 259/55/163 269/26/163 261/27/163
f 261/27/164 269/26/164 268/28/164 262/29/164
f 262/29/165 268/28/165 267/14/165 263/50/165
f 275/6/166 260/48/166 270/53/166 277/56/166
f 277/56/23 270/53/23 271/23/23 278/31/23
f 278/31/23 271/23/23 272/8/23 279/49/23
f 273/32/167 254/33/167 264/34/167 280/57/167
f 280/57/168 264/34/168 265/58/168 281/59/168
f 281/59/169 265/58/169 266/45/169 282/44/169
f 262/38/170 281/59/170 282/44/170 261/60/170
f 263/61/171 280/57/171 281/59/171 262/38/171
f 253/41/172 273/32/172 280/57/172 263/61/172
f 268/28/23 278/31/23 279/49/23 267/14/23
f 269/26/23 277/56/23 278/31/23 268/28/23
f 259/55/23 275/6/23 277/56/23 269/26/23
f 257/51/2 276/10/2 273/12/2 253/62/2
f 267/14/23 279/49/23 276/10/23 257/51/23
f 255/43/20 274/47/20 275/6/20 259/55/20
f 261/60/173 282/44/173 274/47/173 255/43/173
f 300/4/2 286/3/2 290/5/2 301/6/2
f 304/7/174 298/8/174 288/9/174 302/10/174
f 302/10/175 288/9/175 284/11/175 299/12/175
f 292/13/176 295/14/176 287/15/176 283/16/176
f 298/8/177 293/17/177 284/18/177 288/9/177
f 289/25/178 296/28/178 291/29/178 285/24/178
f 297/23/179 294/22/179 293/17/179 298/8/179
f 289/25/174 301/6/174 303/31/174 296/28/174
f 291/29/180 296/28/180 295/14/180 292/13/180
f 306/37/181 294/36/181 286/3/181 300/4/181
f 303/31/174 297/23/174 298/8/174 304/7/174
f 299/32/182 284/33/182 293/34/182 305/35/182
f 305/35/183 293/34/183 294/36/183 306/37/183
f 290/5/184 297/23/184 303/31/184 301/6/184
f 292/40/185 305/35/185 306/37/185 291/38/185
f 283/41/186 299/32/186 305/35/186 292/40/186
f 296/28/174 303/31/174 304/7/174 295/14/174
f 306/37/187 300/4/187 285/43/187 291/38/187
f 287/15/20 302/10/20 299/12/20 283/42/20
f 295/14/174 304/7/174 302/10/174 287/15/174
f 285/43/2 300/4/2 301/6/2 289/25/2
f 286/19/188 294/22/188 297/23/188 290/5/188
f 336/1/189 320/2/189 310/3/189 328/4/189
f 328/4/2 310/3/2 314/5/2 329/6/2
f 333/7/3 326/8/3 312/9/3 330/10/3
f 330/10/190 312/9/190 308/11/190 327/12/190
f 317/13/191 321/14/191 311/15/191 307/16/191
f 326/8/192 318/17/192 308/18/192 312/9/192
f 314/5/193 310/19/193 320/20/193 324/21/193
f 324/21/194 320/20/194 319/22/194 325/23/194
f 325/23/195 319/22/195 318/17/195 326/8/195
f 309/24/196 313/25/196 323/26/196 315/27/196
f 315/27/197 323/26/197 322/28/197 316/29/197
f 316/29/198 322/28/198 321/14/198 317/13/198
f 329/6/199 314/5/199 324/21/199 331/30/199
f 331/30/3 324/21/3 325/23/3 332/31/3
f 332/31/3 325/23/3 326/8/3 333/7/3
f 327/32/200 308/33/200 318/34/200 334/35/200
f 334/35/201 318/34/201 319/36/201 335/37/201
f 335/37/202 319/36/202 320/2/202 336/1/202
f 316/38/203 335/37/203 336/1/203 315/39/203
f 317/40/204 334/35/204 335/37/204 316/38/204
f 307/41/205 327/32/205 334/35/205 317/40/205
f 322/28/3 332/31/3 333/7/3 321/14/3
f 323/26/3 331/30/3 332/31/3 322/28/3
f 313/25/3 329/6/3 331/30/3 323/26/3
f 311/15/20 330/10/20 327/12/20 307/42/20
f 321/14/3 333/7/3 330/10/3 311/15/3
f 309/43/2 328/4/2 329/6/2 313/25/2
f 315/39/206 336/1/206 328/4/206 309/43/206
f 366/44/207 350/45/207 340/46/207 358/47/207
f 358/47/2 340/46/2 344/48/2 359/6/2
f 363/49/3 356/8/3 342/9/3 360/10/3
f 360/10/208 342/9/208 338/11/208 357/12/208
f 347/50/209 351/14/209 341/51/209 337/16/209
f 356/8/210 348/17/210 338/18/210 342/9/210
f 344/48/211 340/52/211 350/20/211 354/53/211
f 354/53/212 350/20/212 349/54/212 355/23/212
f 355/23/213 349/54/213 348/17/213 356/8/213
f 339/24/214 343/55/214 353/26/214 345/27/214
f 345/27/215 353/26/215 352/28/215 346/29/215
f 346/29/216 352/28/216 351/14/216 347/50/216
f 359/6/217 344/48/217 354/53/217 361/56/217
f 361/56/3 354/53/3 355/23/3 362/31/3
f 362/31/3 355/23/3 356/8/3 363/49/3
f 357/32/218 338/33/218 348/34/218 364/57/218
f 364/57/219 348/34/219 349/58/219 365/59/219
f 365/59/220 349/58/220 350/45/220 366/44/220
f 346/38/221 365/59/221 366/44/221 345/60/221
f 347/61/222 364/57/222 365/59/222 346/38/222
f 337/41/223 357/32/223 364/57/223 347/61/223
f 352/28/3 362/31/3 363/49/3 351/14/3
f 353/26/3 361/56/3 362/31/3 352/28/3
f 343/55/3 359/6/3 361/56/3 353/26/3
f 341/51/20 360/10/20 357/12/20 337/62/20
f 351/14/3 363/49/3 360/10/3 341/51/3
f 339/43/2 358/47/2 359/6/2 343/55/2
f 345/60/224 366/44/224 358/47/224 339/43/224
f 384/4/2 370/3/2 374/5/2 385/6/2
f 388/7/23 382/8/23 372/9/23 386/10/23
f 386/10/91 372/9/91 368/11/91 383/12/91
f 376/13/92 379/14/92 371/15/92 367/16/92
f 382/8/93 377/17/93 368/18/93 372/9/93
f 373/25/94 380/28/94 375/29/94 369/24/94
f 381/23/95 378/22/95 377/17/95 382/8/95
f 373/25/23 385/6/23 387/31/23 380/28/23
f 375/29/96 380/28/96 379/14/96 376/13/96
f 390/37/97 378/36/97 370/3/97 384/4/97
f 387/31/23 381/23/23 382/8/23 388/7/23
f 383/32/98 368/33/98 377/34/98 389/35/98
f 389/35/99 377/34/99 378/36/99 390/37/99
f 374/5/100 381/23/100 387/31/100 385/6/100
f 376/40/101 389/35/101 390/37/101 375/38/101
f 367/41/102 383/32/102 389/35/102 376/40/102
f 380/28/23 387/31/23 388/7/23 379/14/23
f 390/37/103 384/4/103 369/43/103 375/38/103
f 371/15/20 386/10/20 383/12/20 367/42/20
f 379/14/23 388/7/23 386/10/23 371/15/23
f 369/43/2 384/4/2 385/6/2 373/25/2
f 370/19/104 378/22/104 381/23/104 374/5/104
f 420/44/225 404/45/225 394/46/225 412/47/225
f 412/47/20 394/46/20 398/48/20 413/6/20
f 417/49/3 410/8/3 396/9/3 414/10/3
f 414/10/226 396/9/226 392/11/226 411/12/226
f 401/50/227 405/14/227 395/51/227 391/16/227
f 410/8/228 402/17/228 392/18/228 396/9/228
f 398/48/229 394/52/229 404/20/229 408/53/229
f 408/53/230 404/20/230 403/54/230 409/23/230
f 409/23/231 403/54/231 402/17/231 410/8/231
f 393/24/232 397/55/232 407/26/232 399/27/232
f 399/27/233 407/26/233 406/28/233 400/29/233
f 400/29/234 406/28/234 405/14/234 401/50/234
f 413/6/235 398/48/235 408/53/235 415/56/235
f 415/56/3 408/53/3 409/23/3 416/31/3
f 416/31/3 409/23/3 410/8/3 417/49/3
f 411/32/236 392/33/236 402/34/236 418/57/236
f 418/57/237 402/34/237 403/58/237 419/59/237
f 419/59/238 403/58/238 404/45/238 420/44/238
f 400/38/239 419/59/239 420/44/239 399/60/239
f 401/61/240 418/57/240 419/59/240 400/38/240
f 391/41/241 411/32/241 418/57/241 401/61/241
f 406/28/3 416/31/3 417/49/3 405/14/3
f 407/26/3 415/56/3 416/31/3 406/28/3
f 397/55/3 413/6/3 415/56/3 407/26/3
f 395/51/2 414/10/2 411/12/2 391/62/2
f 405/14/3 417/49/3 414/10/3 395/51/3
f 393/43/20 412/47/20 413/6/20 397/55/20
f 399/60/242 420/44/242 412/47/242 393/43/242
f 450/1/189 434/2/189 424/3/189 442/4/189
f 442/4/2 424/3/2 428/5/2 443/6/2
f 447/7/3 440/8/3 426/9/3 444/10/3
f 444/10/190 426/9/190 422/11/190 441/12/190
f 431/13/191 435/14/191 425/15/191 421/16/191
f 440/8/192 432/17/192 422/18/192 426/9/192
f 428/5/193 424/19/193 434/20/193 438/21/193
f 438/21/194 434/20/194 433/22/194 439/23/194
f 439/23/195 433/22/195 432/17/195 440/8/195
f 423/24/196 427/25/196 437/26/196 429/27/196
f 429/27/197 437/26/197 436/28/197 430/29/197
f 430/29/198 436/28/198 435/14/198 431/13/198
f 443/6/199 428/5/199 438/21/199 445/30/199
f 445/30/3 438/21/3 439/23/3 446/31/3
f 446/31/3 439/23/3 440/8/3 447/7/3
f 441/32/200 422/33/200 432/34/200 448/35/200
f 448/35/201 432/34/201 433/36/201 449/37/201
f 449/37/202 433/36/202 434/2/202 450/1/202
f 430/38/203 449/37/203 450/1/203 429/39/203
f 431/40/204 448/35/204 449/37/204 430/38/204
f 421/41/205 441/32/205 448/35/205 431/40/205
f 436/28/3 446/31/3 447/7/3 435/14/3
f 437/26/3 445/30/3 446/31/3 436/28/3
f 427/25/3 443/6/3 445/30/3 437/26/3
f 425/15/20 444/10/20 441/12/20 421/42/20
f 435/14/3 447/7/3 444/10/3 425/15/3
f 423/43/2 442/4/2 443/6/2 427/25/2
f 429/39/206 450/1/206 442/4/206 423/43/206
f 480/44/243 464/45/243 454/46/243 472/47/243
f 472/47/20 454/46/20 458/48/20 473/6/20
f 477/49/3 470/8/3 456/9/3 474/10/3
f 474/10/244 456/9/244 452/11/244 471/12/244
f 461/50/245 465/14/245 455/51/245 451/16/245
f 470/8/246 462/17/246 452/18/246 456/9/246
f 458/48/247 454/52/247 464/20/247 468/53/247
f 468/53/248 464/20/248 463/54/248 469/23/248
f 469/23/249 463/54/249 462/17/249 470/8/249
f 453/24/250 457/55/250 467/26/250 459/27/250
f 459/27/251 467/26/251 466/28/251 460/29/251
f 460/29/252 466/28/252 465/14/252 461/50/252
f 473/6/253 458/48/253 468/53/253 475/56/253
f 475/56/3 468/53/3 469/23/3 476/31/3
f 476/31/3 469/23/3 470/8/3 477/49/3
f 471/32/254 452/33/254 462/34/254 478/57/254
f 478/57/255 462/34/255 463/58/255 479/59/255
f 479/59/256 463/58/256 464/45/256 480/44/256
f 460/38/257 479/59/257 480/44/257 459/60/257
f 461/61/258 478/57/258 479/59/258 460/38/258
f 451/41/259 471/32/259 478/57/259 461/61/259
f 466/28/3 476/31/3 477/49/3 465/14/3
f 467/26/3 475/56/3 476/31/3 466/28/3
f 457/55/3 473/6/3 475/56/3 467/26/3
f 455/51/2 474/10/2 471/12/2 451/62/2
f 465/14/3 477/49/3 474/10/3 455/51/3
f 453/43/20 472/47/20 473/6/20 457/55/20
f 459/60/260 480/44/260 472/47/260 453/43/260
f 510/44/261 494/45/261 484/46/261 502/47/261
f 502/47/2 484/46/2 488/48/2 503/6/2
f 507/49/23 500/8/23 486/9/23 504/10/23
f 504/10/262 486/9/262 482/11/262 501/12/262
f 491/50/263 495/14/263 485/51/263 481/16/263
f 500/8/264 492/17/264 482/18/264 486/9/264
f 488/48/265 484/52/265 494/20/265 498/53/265
f 498/53/266 494/20/266 493/54/266 499/23/266
f 499/23/267 493/54/267 492/17/267 500/8/267
f 483/24/268 487/55/268 497/26/268 489/27/268
f 489/27/269 497/26/269 496/28/269 490/29/269
f 490/29/270 496/28/270 495/14/270 491/50/270
f 503/6/271 488/48/271 498/53/271 505/56/271
f 505/56/23 498/53/23 499/23/23 506/31/23
f 506/31/23 499/23/23 500/8/23 507/49/23
f 501/32/272 482/33/272 492/34/272 508/57/272
f 508/57/273 492/34/273 493/58/273 509/59/273
f 509/59/274 493/58/274 494/45/274 510/44/274
f 490/38/275 509/59/275 510/44/275 489/60/275
f 491/61/276 508/57/276 509/59/276 490/38/276
f 481/41/277 501/32/277 508/57/277 491/61/277
f 496/28/23 506/31/23 507/49/23 495/14/23
f 497/26/23 505/56/23 506/31/23 496/28/23
f 487/55/23 503/6/23 505/56/23 497/26/23
f 485/51/20 504/10/20 501/12/20 481/62/20
f 495/14/23 507/49/23 504/10/23 485/51/23
f 483/43/2 502/47/2 503/6/2 487/55/2
f 489/60/278 510/44/278 502/47/278 483/43/278
f 528/4/20 514/3/20 518/5/20 529/6/20
f 532/7/23 526/8/23 516/9/23 530/10/23
f 530/10/279 516/9/279 512/11/279 527/12/279
f 520/13/280 523/14/280 515/15/280 511/16/280
f 526/8/281 521/17/281 512/18/281 516/9/281
f 517/25/282 524/28/282 519/29/282 513/24/282
f 525/23/283 522/22/283 521/17/283 526/8/283
f 517/25/23 529/6/23 531/31/23 524/28/23
f 519/29/284 524/28/284 523/14/284 520/13/284
f 534/37/285 522/36/285 514/3/285 528/4/285
f 531/31/23 525/23/23 526/8/23 532/7/23
f 527/32/286 512/33/286 521/34/286 533/35/286
f 533/35/287 521/34/287 522/36/287 534/37/287
f 518/5/288 525/23/288 531/31/288 529/6/288
f 520/40/289 533/35/289 534/37/289 519/38/289
f 511/41/290 527/32/290 533/35/290 520/40/290
f 524/28/23 531/31/23 532/7/23 523/14/23
f 534/37/291 528/4/291 513/43/291 519/38/291
f 515/15/2 530/10/2 527/12/2 511/42/2
f 523/14/23 532/7/23 530/10/23 515/15/23
f 513/43/20 528/4/20 529/6/20 517/25/20
f 514/19/292 522/22/292 525/23/292 518/5/292
f 564/1/55 548/2/55 538/3/55 556/4/55
f 556/4/2 538/3/2 542/5/2 557/6/2
f 561/7/3 554/8/3 540/9/3 558/10/3
f 558/10/56 540/9/56 536/11/56 555/12/56
f 545/13/57 549/14/57 539/15/57 535/16/57
f 554/8/58 546/17/58 536/18/58 540/9/58
f 542/5/59 538/19/59 548/20/59 552/21/59
f 552/21/60 548/20/60 547/22/60 553/23/60
f 553/23/61 547/22/61 546/17/61 554/8/61
f 537/24/62 541/25/62 551/26/62 543/27/62
f 543/27/63 551/26/63 550/28/63 544/29/63
f 544/29/64 550/28/64 549/14/64 545/13/64
f 557/6/65 542/5/65 552/21/65 559/30/65
f 559/30/3 552/21/3 553/23/3 560/31/3
f 560/31/3 553/23/3 554/8/3 561/7/3
f 555/32/66 536/33/66 546/34/66 562/35/66
f 562/35/67 546/34/67 547/36/67 563/37/67
f 563/37/68 547/36/68 548/2/68 564/1/68
f 544/38/69 563/37/69 564/1/69 543/39/69
f 545/40/70 562/35/70 563/37/70 544/38/70
f 535/41/71 555/32/71 562/35/71 545/40/71
f 550/28/3 560/31/3 561/7/3 549/14/3
f 551/26/3 559/30/3 560/31/3 550/28/3
f 541/25/3 557/6/3 559/30/3 551/26/3
f 539/15/20 558/10/20 555/12/20 535/42/20
f 549/14/3 561/7/3 558/10/3 539/15/3
f 537/43/2 556/4/2 557/6/2 541/25/2
f 543/39/72 564/1/72 556/4/72 537/43/72
f 594/44/156 578/45/156 568/46/156 586/47/156
f 586/47/20 568/46/20 572/48/20 587/6/20
f 591/49/23 584/8/23 570/9/23 588/10/23
f 588/10/157 570/9/157 566/11/157 585/12/157
f 575/50/158 579/14/158 569/51/158 565/16/158
f 584/8/159 576/17/159 566/18/159 570/9/159
f 572/48/160 568/52/160 578/20/160 582/53/160
f 582/53/161 578/20/161 577/54/161 583/23/161
f 583/23/162 577/54/162 576/17/162 584/8/162
f 567/24/163 571/55/163 581/26/163 573/27/163
f 573/27/164 581/26/164 580/28/164 574/29/164
f 574/29/165 580/28/165 579/14/165 575/50/165
f 587/6/166 572/48/166 582/53/166 589/56/166
f 589/56/23 582/53/23 583/23/23 590/31/23
f 590/31/23 583/23/23 584/8/23 591/49/23
f 585/32/167 566/33/167 576/34/167 592/57/167
f 592/57/168 576/34/168 577/58/168 593/59/168
f 593/59/169 577/58/169 578/45/169 594/44/169
f 574/38/170 593/59/170 594/44/170 573/60/170
f 575/61/171 592/57/171 593/59/171 574/38/171
f 565/41/172 585/32/172 592/57/172 575/61/172
f 580/28/23 590/31/23 591/49/23 579/14/23
f 581/26/23 589/56/23 590/31/23 580/28/23
f 571/55/23 587/6/23 589/56/23 581/26/23
f 569/51/2 588/10/2 585/12/2 565/62/2
f 579/14/23 591/49/23 588/10/23 569/51/23
f 567/43/20 586/47/20 587/6/20 571/55/20
f 573/60/173 594/44/173 586/47/173 567/43/173
f 624/1/189 608/2/189 598/3/189 616/4/189
f 616/4/2 598/3/2 602/5/2 617/6/2
f 621/7/3 614/8/3 600/9/3 618/10/3
f 618/10/190 600/9/190 596/11/190 615/12/190
f 605/13/191 609/14/191 599/15/191 595/16/191
f 614/8/192 606/17/192 596/18/192 600/9/192
f 602/5/193 598/19/193 608/20/193 612/21/193
f 612/21/194 608/20/194 607/22/194 613/23/194
f 613/23/195 607/22/195 606/17/195 614/8/195
f 597/24/196 601/25/196 611/26/196 603/27/196
f 603/27/197 611/26/197 610/28/197 604/29/197
f 604/29/198 610/28/198 609/14/198 605/13/198
f 617/6/199 602/5/199 612/21/199 619/30/199
f 619/30/3 612/21/3 613/23/3 620/31/3
f 620/31/3 613/23/3 614/8/3 621/7/3
f 615/32/200 596/33/200 606/34/200 622/35/200
f 622/35/201 606/34/201 607/36/201 623/37/201
f 623/37/202 607/36/202 608/2/202 624/1/202
f 604/38/203 623/37/203 624/1/203 603/39/203
f 605/40/204 622/35/204 623/37/204 604/38/204
f 595/41/205 615/32/205 622/35/205 605/40/205
f 610/28/3 620/31/3 621/7/3 609/14/3
f 611/26/3 619/30/3 620/31/3 610/28/3
f 601/25/3 617/6/3 619/30/3 611/26/3
f 599/15/20 618/10/20 615/12/20 595/42/20
f 609/14/3 621/7/3 618/10/3 599/15/3
f 597/43/2 616/4/2 617/6/2 601/25/2
f 603/39/206 624/1/206 616/4/206 597/43/206
f 654/44/73 638/45/73 628/46/73 646/47/73
f 646/47/2 628/46/2 632/48/2 647/6/2
f 651/49/3 644/8/3 630/9/3 648/10/3
f 648/10/74 630/9/74 626/11/74 645/12/74
f 635/50/75 639/14/75 629/51/75 625/16/75
f 644/8/76 636/17/76 626/18/76 630/9/76
f 632/48/77 628/52/77 638/20/77 642/53/77
f 642/53/78 638/20/78 637/54/78 643/23/78
f 643/23/79 637/54/79 636/17/79 644/8/79
f 627/24/80 631/55/80 641/26/80 633/27/80
f 633/27/81 641/26/81 640/28/81 634/29/81
f 634/29/82 640/28/82 639/14/82 635/50/82
f 647/6/83 632/48/83 642/53/83 649/56/83
f 649/56/3 642/53/3 643/23/3 650/31/3
f 650/31/3 643/23/3 644/8/3 651/49/3
f 645/32/84 626/33/84 636/34/84 652/57/84
f 652/57/85 636/34/85 637/58/85 653/59/85
f 653/59/86 637/58/86 638/45/86 654/44/86
f 634/38/87 653/59/87 654/44/87 633/60/87
f 635/61/88 652/57/88 653/59/88 634/38/88
f 625/41/89 645/32/89 652/57/89 635/61/89
f 640/28/3 650/31/3 651/49/3 639/14/3
f 641/26/3 649/56/3 650/31/3 640/28/3
f 631/55/3 647/6/3 649/56/3 641/26/3
f 629/51/20 648/10/20 645/12/20 625/62/20
f 639/14/3 651/49/3 648/10/3 629/51/3
f 627/43/2 646/47/2 647/6/2 631/55/2
f 633/60/90 654/44/90 646/47/90 627/43/90
f 672/4/2 658/3/2 662/5/2 673/6/2
f 676/7/23 670/8/23 660/9/23 674/10/23
f 674/10/91 660/9/91 656/11/91 671/12/91
f 664/13/92 667/14/92 659/15/92 655/16/92
f 670/8/93 665/17/93 656/18/93 660/9/93
f 661/25/94 668/28/94 663/29/94 657/24/94
f 669/23/95 666/22/95 665/17/95 670/8/95
f 661/25/23 673/6/23 675/31/23 668/28/23
f 663/29/96 668/28/96 667/14/96 664/13/96
f 678/37/97 666/36/97 658/3/97 672/4/97
f 675/31/23 669/23/23 670/8/23 676/7/23
f 671/32/98 656/33/98 665/34/98 677/35/98
f 677/35/99 665/34/99 666/36/99 678/37/99
f 662/5/100 669/23/100 675/31/100 673/6/100
f 664/40/101 677/35/101 678/37/101 663/38/101
f 655/41/102 671/32/102 677/35/102 664/40/102
f 668/28/23 675/31/23 676/7/23 667/14/23
f 678/37/103 672/4/103 657/43/103 663/38/103
f 659/15/20 674/10/20 671/12/20 655/42/20
f 667/14/23 676/7/23 674/10/23 659/15/23
f 657/43/2 672/4/2 673/6/2 661/25/2
f 658/19/104 666/22/104 669/23/104 662/5/104
f 708/1/189 692/2/189 682/3/189 700/4/189
f 700/4/2 682/3/2 686/5/2 701/6/2
f 705/7/3 698/8/3 684/9/3 702/10/3
f 702/10/190 684/9/190 680/11/190 699/12/190
f 689/13/191 693/14/191 683/15/191 679/16/191
f 698/8/192 690/17/192 680/18/192 684/9/192
f 686/5/193 682/19/193 692/20/193 696/21/193
f 696/21/194 692/20/194 691/22/194 697/23/194
f 697/23/195 691/22/195 690/17/195 698/8/195
f 681/24/196 685/25/196 695/26/196 687/27/196
f 687/27/197 695/26/197 694/28/197 688/29/197
f 688/29/198 694/28/198 693/14/198 689/13/198
f 701/6/199 686/5/199 696/21/199 703/30/199
f 703/30/3 696/21/3 697/23/3 704/31/3
f 704/31/3 697/23/3 698/8/3 705/7/3
f 699/32/200 680/33/200 690/34/200 706/35/200
f 706/35/201 690/34/201 691/36/201 707/37/201
f 707/37/202 691/36/202 692/2/202 708/1/202
f 688/38/203 707/37/203 708/1/203 687/39/203
f 689/40/204 706/35/204 707/37/204 688/38/204
f 679/41/205 699/32/205 706/35/205 689/40/205
f 694/28/3 704/31/3 705/7/3 693/14/3
f 695/26/3 703/30/3 704/31/3 694/28/3
f 685/25/3 701/6/3 703/30/3 695/26/3
f 683/15/20 702/10/20 699/12/20 679/42/20
f 693/14/3 705/7/3 702/10/3 683/15/3
f 681/43/2 700/4/2 701/6/2 685/25/2
f 687/39/206 708/1/206 700/4/206 681/43/206
f 738/44/293 722/45/293 712/46/293 730/47/293
f 730/47/2 712/46/2 716/48/2 731/6/2
f 735/49/23 728/8/23 714/9/23 732/10/23
f 732/10/294 714/9/294 710/11/294 729/12/294
f 719/50/295 723/14/295 713/51/295 709/16/295
f 728/8/296 720/17/296 710/18/296 714/9/296
f 716/48/297 712/52/297 722/20/297 726/53/297
f 726/53/298 722/20/298 721/54/298 727/23/298
f 727/23/299 721/54/299 720/17/299 728/8/299
f 711/24/300 715/55/300 725/26/300 717/27/300
f 717/27/301 725/26/301 724/28/301 718/29/301
f 718/29/302 724/28/302 723/14/302 719/50/302
f 731/6/303 716/48/303 726/53/303 733/56/303
f 733/56/23 726/53/23 727/23/23 734/31/23
f 734/31/23 727/23/23 728/8/23 735/49/23
f 729/32/304 710/33/304 720/34/304 736/57/304
f 736/57/305 720/34/305 721/58/305 737/59/305
f 737/59/306 721/58/306 722/45/306 738/44/306
f 718/38/307 737/59/307 738/44/307 717/60/307
f 719/61/308 736/57/308 737/59/308 718/38/308
f 709/41/309 729/32/309 736/57/309 719/61/309
f 724/28/23 734/31/23 735/49/23 723/14/23
f 725/26/23 733/56/23 734/31/23 724/28/23
f 715/55/23 731/6/23 733/56/23 725/26/23
f 713/51/20 732/10/20 729/12/20 709/62/20
f 723/14/23 735/49/23 732/10/23 713/51/23
f 711/43/2 730/47/2 731/6/2 715/55/2
f 717/60/310 738/44/310 730/47/310 711/43/310
f 756/4/2 742/3/2 746/5/2 757/6/2
f 760/7/23 754/8/23 744/9/23 758/10/23
f 758/10/91 744/9/91 740/11/91 755/12/91
f 748/13/92 751/14/92 743/15/92 739/16/92
f 754/8/93 749/17/93 740/18/93 744/9/93
f 745/25/94 752/28/94 747/29/94 741/24/94
f 753/23/95 750/22/95 749/17/95 754/8/95
f 745/25/23 757/6/23 759/31/23 752/28/23
f 747/29/96 752/28/96 751/14/96 748/13/96
f 762/37/97 750/36/97 742/3/97 756/4/97
f 759/31/23 753/23/23 754/8/23 760/7/23
f 755/32/98 740/33/98 749/34/98 761/35/98
f 761/35/99 749/34/99 750/36/99 762/37/99
f 746/5/100 753/23/100 759/31/100 757/6/100
f 748/40/101 761/35/101 762/37/101 747/38/101
f 739/41/102 755/32/102 761/35/102 748/40/102
f 752/28/23 759/31/23 760/7/23 751/14/23
f 762/37/103 756/4/103 741/43/103 747/38/103
f 743/15/20 758/10/20 755/12/20 739/42/20
f 751/14/23 760/7/23 758/10/23 743/15/23
f 741/43/2 756/4/2 757/6/2 745/25/2
f 742/19/104 750/22/104 753/23/104 746/5/104
f 792/44/225 776/45/225 766/46/225 784/47/225
f 784/47/20 766/46/20 770/48/20 785/6/20
f 789/49/3 782/8/3 768/9/3 786/10/3
f 786/10/226 768/9/226 764/11/226 783/12/226
f 773/50/227 777/14/227 767/51/227 763/16/227
f 782/8/228 774/17/228 764/18/228 768/9/228
f 770/48/229 766/52/229 776/20/229 780/53/229
f 780/53/230 776/20/230 775/54/230 781/23/230
f 781/23/231 775/54/231 774/17/231 782/8/231
f 765/24/232 769/55/232 779/26/232 771/27/232
f 771/27/233 779/26/233 778/28/233 772/29/233
f 772/29/234 778/28/234 777/14/234 773/50/234
f 785/6/235 770/48/235 780/53/235 787/56/235
f 787/56/3 780/53/3 781/23/3 788/31/3
f 788/31/3 781/23/3 782/8/3 789/49/3
f 783/32/236 764/33/236 774/34/236 790/57/236
f 790/57/237 774/34/237 775/58/237 791/59/237
f 791/59/238 775/58/238 776/45/238 792/44/238
f 772/38/239 791/59/239 792/44/239 771/60/239
f 773/61/240 790/57/240 791/59/240 772/38/240
f 763/41/241 783/32/241 790/57/241 773/61/241
f 778/28/3 788/31/3 789/49/3 777/14/3
f 779/26/3 787/56/3 788/31/3 778/28/3
f 769/55/3 785/6/3 787/56/3 779/26/3
f 767/51/2 786/10/2 783/12/2 763/62/2
f 777/14/3 789/49/3 786/10/3 767/51/3
f 765/43/20 784/47/20 785/6/20 769/55/20
f 771/60/242 792/44/242 784/47/242 765/43/242
f 810/4/20 796/3/20 800/5/20 811/6/20
f 814/7/23 808/8/23 798/9/23 812/10/23
f 812/10/279 798/9/279 794/11/279 809/12/279
f 802/13/280 805/14/280 797/15/280 793/16/280
f 808/8/281 803/17/281 794/18/281 798/9/281
f 799/25/282 806/28/282 801/29/282 795/24/282
f 807/23/283 804/22/283 803/17/283 808/8/283
f 799/25/23 811/6/23 813/31/23 806/28/23
f 801/29/284 806/28/284 805/14/284 802/13/284
f 816/37/285 804/36/285 796/3/285 810/4/285
f 813/31/23 807/23/23 808/8/23 814/7/23
f 809/32/286 794/33/286 803/34/286 815/35/286
f 815/35/287 803/34/287 804/36/287 816/37/287
f 800/5/288 807/23/288 813/31/288 811/6/288
f 802/40/289 815/35/289 816/37/289 801/38/289
f 793/41/290 809/32/290 815/35/290 802/40/290
f 806/28/23 813/31/23 814/7/23 805/14/23
f 816/37/291 810/4/291 795/43/291 801/38/291
f 797/15/2 812/10/2 809/12/2 793/42/2
f 805/14/23 814/7/23 812/10/23 797/15/23
f 795/43/20 810/4/20 811/6/20 799/25/20
f 796/19/292 804/22/292 807/23/292 800/5/292
f 846/1/55 830/2/55 820/3/55 838/4/55
f 838/4/2 820/3/2 824/5/2 839/6/2
f 843/7/3 836/8/3 822/9/3 840/10/3
f 840/10/56 822/9/56 818/11/56 837/12/56
f 827/13/57 831/14/57 821/15/57 817/16/57
f 836/8/58 828/17/58 818/18/58 822/9/58
f 824/5/59 820/19/59 830/20/59 834/21/59
f 834/21/60 830/20/60 829/22/60 835/23/60
f 835/23/61 829/22/61 828/17/61 836/8/61
f 819/24/62 823/25/62 833/26/62 825/27/62
f 825/27/63 833/26/63 832/28/63 826/29/63
f 826/29/64 832/28/64 831/14/64 827/13/64
f 839/6/65 824/5/65 834/21/65 841/30/65
f 841/30/3 834/21/3 835/23/3 842/31/3
f 842/31/3 835/23/3 836/8/3 843/7/3
f 837/32/66 818/33/66 828/34/66 844/35/66
f 844/35/67 828/34/67 829/36/67 845/37/67
f 845/37/68 829/36/68 830/2/68 846/1/68
f 826/38/69 845/37/69 846/1/69 825/39/69
f 827/40/70 844/35/70 845/37/70 826/38/70
f 817/41/71 837/32/71 844/35/71 827/40/71
f 832/28/3 842/31/3 843/7/3 831/14/3
f 833/26/3 841/30/3 842/31/3 832/28/3
f 823/25/3 839/6/3 841/30/3 833/26/3
f 821/15/20 840/10/20 837/12/20 817/42/20
f 831/14/3 843/7/3 840/10/3 821/15/3
f 819/43/2 838/4/2 839/6/2 823/25/2
f 825/39/72 846/1/72 838/4/72 819/43/72
f 876/1/311 860/2/311 850/3/311 868/4/311
f 868/4/2 850/3/2 854/5/2 869/6/2
f 873/7/23 866/8/23 852/9/23 870/10/23
f 870/10/312 852/9/312 848/11/312 867/12/312
f 857/13/313 861/14/313 851/15/313 847/16/313
f 866/8/314 858/17/314 848/18/314 852/9/314
f 854/5/315 850/19/315 860/20/315 864/21/315
f 864/21/316 860/20/316 859/22/316 865/23/316
f 865/23/317 859/22/317 858/17/317 866/8/317
f 849/24/318 853/25/318 863/26/318 855/27/318
f 855/27/319 863/26/319 862/28/319 856/29/319
f 856/29/320 862/28/320 861/14/320 857/13/320
f 869/6/321 854/5/321 864/21/321 871/30/321
f 871/30/23 864/21/23 865/23/23 872/31/23
f 872/31/23 865/23/23 866/8/23 873/7/23
f 867/32/322 848/33/322 858/34/322 874/35/322
f 874/35/323 858/34/323 859/36/323 875/37/323
f 875/37/324 859/36/324 860/2/324 876/1/324
f 856/38/325 875/37/325 876/1/325 855/39/325
f 857/40/326 874/35/326 875/37/326 856/38/326
f 847/41/327 867/32/327 874/35/327 857/40/327
f 862/28/23 872/31/23 873/7/23 861/14/23
f 863/26/23 871/30/23 872/31/23 862/28/23
f 853/25/23 869/6/23 871/30/23 863/26/23
f 851/15/20 870/10/20 867/12/20 847/42/20
f 861/14/23 873/7/23 870/10/23 851/15/23
f 849/43/2 868/4/2 869/6/2 853/25/2
f 855/39/328 876/1/328 868/4/328 849/43/328
f 894/4/2 880/3/2 884/5/2 895/6/2
f 898/7/23 892/8/23 882/9/23 896/10/23
f 896/10/329 882/9/329 878/11/329 893/12/329
f 886/13/330 889/14/330 881/15/330 877/16/330
f 892/8/331 887/17/331 878/18/331 882/9/331
f 883/25/332 890/28/332 885/29/332 879/24/332
f 891/23/333 888/22/333 887/17/333 892/8/333
f 883/25/23 895/6/23 897/31/23 890/28/23
f 885/29/334 890/28/334 889/14/334 886/13/334
f 900/37/335 888/36/335 880/3/335 894/4/335
f 897/31/23 891/23/23 892/8/23 898/7/23
f 893/32/336 878/33/336 887/34/336 899/35/336
f 899/35/337 887/34/337 888/36/337 900/37/337
f 884/5/338 891/23/338 897/31/338 895/6/338
f 886/40/339 899/35/339 900/37/339 885/38/339
f 877/41/340 893/32/340 899/35/340 886/40/340
f 890/28/23 897/31/23 898/7/23 889/14/23
f 900/37/341 894/4/341 879/43/341 885/38/341
f 881/15/20 896/10/20 893/12/20 877/42/20
f 889/14/23 898/7/23 896/10/23 881/15/23
f 879/43/2 894/4/2 895/6/2 883/25/2
f 880/19/342 888/22/342 891/23/342 884/5/342
f 930/44/73 914/45/73 904/46/73 922/47/73
f 922/47/2 904/46/2 908/48/2 923/6/2
f 927/49/3 920/8/3 906/9/3 924/10/3
f 924/10/74 906/9/74 902/11/74 921/12/74
f 911/50/75 915/14/75 905/51/75 901/16/75
f 920/8/76 912/17/76 902/18/76 906/9/76
f 908/48/77 904/52/77 914/20/77 918/53/77
f 918/53/78 914/20/78 913/54/78 919/23/78
f 919/23/79 913/54/79 912/17/79 920/8/79
f 903/24/80 907/55/80 917/26/80 909/27/80
f 909/27/81 917/26/81 916/28/81 910/29/81
f 910/29/82 916/28/82 915/14/82 911/50/82
f 923/6/83 908/48/83 918/53/83 925/56/83
f 925/56/3 918/53/3 919/23/3 926/31/3
f 926/31/3 919/23/3 920/8/3 927/49/3
f 921/32/84 902/33/84 912/34/84 928/57/84
f 928/57/85 912/34/85 913/58/85 929/59/85
f 929/59/86 913/58/86 914/45/86 930/44/86
f 910/38/87 929/59/87 930/44/87 909/60/87
f 911/61/88 928/57/88 929/59/88 910/38/88
f 901/41/89 921/32/89 928/57/89 911/61/89
f 916/28/3 926/31/3 927/49/3 915/14/3
f 917/26/3 925/56/3 926/31/3 916/28/3
f 907/55/3 923/6/3 925/56/3 917/26/3
f 905/51/20 924/10/20 921/12/20 901/62/20
f 915/14/3 927/49/3 924/10/3 905/51/3
f 903/43/2 922/47/2 923/6/2 907/55/2
f 909/60/90 930/44/90 922/47/90 903/43/90
f 960/44/343 944/45/343 934/46/343 952/47/343
f 952/47/20 934/46/20 938/48/20 953/6/20
f 957/49/23 950/8/23 936/9/23 954/10/23
f 954/10/344 936/9/344 932/11/344 951/12/344
f 941/50/345 945/14/345 935/51/345 931/16/345
f 950/8/346 942/17/346 932/18/346 936/9/346
f 938/48/347 934/52/347 944/20/347 948/53/347
f 948/53/348 944/20/348 943/54/348 949/23/348
f 949/23/349 943/54/349 942/17/349 950/8/349
f 933/24/350 937/55/350 947/26/350 939/27/350
f 939/27/351 947/26/351 946/28/351 940/29/351
f 940/29/352 946/28/352 945/14/352 941/50/352
f 953/6/353 938/48/353 948/53/353 955/56/353
f 955/56/23 948/53/23 949/23/23 956/31/23
f 956/31/23 949/23/23 950/8/23 957/49/23
f 951/32/354 932/33/354 942/34/354 958/57/354
f 958/57/355 942/34/355 943/58/355 959/59/355
f 959/59/356 943/58/356 944/45/356 960/44/356
f 940/38/357 959/59/357 960/44/357 939/60/357
f 941/61/358 958/57/358 959/59/358 940/38/358
f 931/41/359 951/32/359 958/57/359 941/61/359
f 946/28/23 956/31/23 957/49/23 945/14/23
f 947/26/23 955/56/23 956/31/23 946/28/23
f 937/55/23 953/6/23 955/56/23 947/26/23
f 935/51/2 954/10/2 951/12/2 931/62/2
f 945/14/23 957/49/23 954/10/23 935/51/23
f 933/43/20 952/47/20 953/6/20 937/55/20
f 939/60/360 960/44/360 952/47/360 933/43/360
f 978/4/20 964/3/20 968/5/20 979/6/20
f 982/7/23 976/8/23 966/9/23 980/10/23
f 980/10/361 966/9/361 962/11/361 977/12/361
f 970/13/362 973/14/362 965/15/362 961/16/362
f 976/8/363 971/17/363 962/18/363 966/9/363
f 967/25/364 974/28/364 969/29/364 963/24/364
f 975/23/365 972/22/365 971/17/365 976/8/365
f 967/25/23 979/6/23 981/31/23 974/28/23
f 969/29/366 974/28/366 973/14/366 970/13/366
f 984/37/367 972/36/367 964/3/367 978/4/367
f 981/31/23 975/23/23 976/8/23 982/7/23
f 977/32/368 962/33/368 971/34/368 983/35/368
f 983/35/369 971/34/369 972/36/369 984/37/369
f 968/5/370 975/23/370 981/31/370 979/6/370
f 970/40/371 983/35/371 984/37/371 969/38/371
f 961/41/372 977/32/372 983/35/372 970/40/372
f 974/28/23 981/31/23 982/7/23 973/14/23
f 984/37/373 978/4/373 963/43/373 969/38/373
f 965/15/2 980/10/2 977/12/2 961/42/2
f 973/14/23 982/7/23 980/10/23 965/15/23
f 963/43/20 978/4/20 979/6/20 967/25/20
f 964/19/374 972/22/374 975/23/374 968/5/374
f 1002/4/20 988/3/20 992/5/20 1003/6/20
f 1006/7/3 1000/8/3 990/9/3 1004/10/3
f 1004/10/375 990/9/375 986/11/375 1001/12/375
f 994/13/376 997/14/376 989/15/376 985/16/376
f 1000/8/377 995/17/377 986/18/377 990/9/377
f 991/25/378 998/28/378 993/29/378 987/24/378
f 999/23/379 996/22/379 995/17/379 1000/8/379
f 991/25/3 1003/6/3 1005/31/3 998/28/3
f 993/29/380 998/28/380 997/14/380 994/13/380
f 1008/37/381 996/36/381 988/3/381 1002/4/381
f 1005/31/3 999/23/3 1000/8/3 1006/7/3
f 1001/32/382 986/33/382 995/34/382 1007/35/382
f 1007/35/383 995/34/383 996/36/383 1008/37/383
f 992/5/384 999/23/384 1005/31/384 1003/6/384
f 994/40/385 1007/35/385 1008/37/385 993/38/385
f 985/41/386 1001/32/386 1007/35/386 994/40/386
f 998/28/3 1005/31/3 1006/7/3 997/14/3
f 1008/37/387 1002/4/387 987/43/387 993/38/387
f 989/15/2 1004/10/2 1001/12/2 985/42/2
f 997/14/3 1006/7/3 1004/10/3 989/15/3
f 987/43/20 1002/4/20 1003/6/20 991/25/20
f 988/19/388 996/22/388 999/23/388 992/5/388
f 1038/1/189 1022/2/189 1012/3/189 1030/4/189
f 1030/4/2 1012/3/2 1016/5/2 1031/6/2
f 1035/7/3 1028/8/3 1014/9/3 1032/10/3
f 1032/10/190 1014/9/190 1010/11/190 1029/12/190
f 1019/13/191 1023/14/191 1013/15/191 1009/16/191
f 1028/8/192 1020/17/192 1010/18/192 1014/9/192
f 1016/5/193 1012/19/193 1022/20/193 1026/21/193
f 1026/21/194 1022/20/194 1021/22/194 1027/23/194
f 1027/23/195 1021/22/195 1020/17/195 1028/8/195
f 1011/24/196 1015/25/196 1025/26/196 1017/27/196
f 1017/27/197 1025/26/197 1024/28/197 1018/29/197
f 1018/29/198 1024/28/198 1023/14/198 1019/13/198
f 1031/6/199 1016/5/199 1026/21/199 1033/30/199
f 1033/30/3 1026/21/3 1027/23/3 1034/31/3
f 1034/31/3 1027/23/3 1028/8/3 1035/7/3
f 1029/32/200 1010/33/200 1020/34/200 1036/35/200
f 1036/35/201 1020/34/201 1021/36/201 1037/37/201
f 1037/37/202 1021/36/202 1022/2/202 1038/1/202
f 1018/38/203 1037/37/203 1038/1/203 1017/39/203
f 1019/40/204 1036/35/204 1037/37/204 1018/38/204
f 1009/41/205 1029/32/205 1036/35/205 1019/40/205
f 1024/28/3 1034/31/3 1035/7/3 1023/14/3
f 1025/26/3 1033/30/3 1034/31/3 1024/28/3
f 1015/25/3 1031/6/3 1033/30/3 1025/26/3
f 1013/15/20 1032/10/20 1029/12/20 1009/42/20
f 1023/14/3 1035/7/3 1032/10/3 1013/15/3
f 1011/43/2 1030/4/2 1031/6/2 1015/25/2
f 1017/39/206 1038/1/206 1030/4/206 1011/43/206
f 1068/44/225 1052/45/225 1042/46/225 1060/47/225
f 1060/47/20 1042/46/20 1046/48/20 1061/6/20
f 1065/49/3 1058/8/3 1044/9/3 1062/10/3
f 1062/10/226 1044/9/226 1040/11/226 1059/12/226
f 1049/50/227 1053/14/227 1043/51/227 1039/16/227
f 1058/8/228 1050/17/228 1040/18/228 1044/9/228
f 1046/48/229 1042/52/229 1052/20/229 1056/53/229
f 1056/53/230 1052/20/230 1051/54/230 1057/23/230
f 1057/23/231 1051/54/231 1050/17/231 1058/8/231
f 1041/24/232 1045/55/232 1055/26/232 1047/27/232
f 1047/27/233 1055/26/233 1054/28/233 1048/29/233
f 1048/29/234 1054/28/234 1053/14/234 1049/50/234
f 1061/6/235 1046/48/235 1056/53/235 1063/56/235
f 1063/56/3 1056/53/3 1057/23/3 1064/31/3
f 1064/31/3 1057/23/3 1058/8/3 1065/49/3
f 1059/32/236 1040/33/236 1050/34/236 1066/57/236
f 1066/57/237 1050/34/237 1051/58/237 1067/59/237
f 1067/59/238 1051/58/238 1052/45/238 1068/44/238
f 1048/38/239 1067/59/239 1068/44/239 1047/60/239
f 1049/61/240 1066/57/240 1067/59/240 1048/38/240
f 1039/41/241 1059/32/241 1066/57/241 1049/61/241
f 1054/28/3 1064/31/3 1065/49/3 1053/14/3
f 1055/26/3 1063/56/3 1064/31/3 1054/28/3
f 1045/55/3 1061/6/3 1063/56/3 1055/26/3
f 1043/51/2 1062/10/2 1059/12/2 1039/62/2
f 1053/14/3 1065/49/3 1062/10/3 1043/51/3
f 1041/43/20 1060/47/20 1061/6/20 1045/55/20
f 1047/60/242 1068/44/242 1060/47/242 1041/43/242
f 1086/4/2 1072/3/2 1076/5/2 1087/6/2
f 1090/7/23 1084/8/23 1074/9/23 1088/10/23
f 1088/10/91 1074/9/91 1070/11/91 1085/12/91
f 1078/13/92 1081/14/92 1073/15/92 1069/16/92
f 1084/8/93 1079/17/93 1070/18/93 1074/9/93
f 1075/25/94 1082/28/94 1077/29/94 1071/24/94
f 1083/23/95 1080/22/95 1079/17/95 1084/8/95
f 1075/25/23 1087/6/23 1089/31/23 1082/28/23
f 1077/29/96 1082/28/96 1081/14/96 1078/13/96
f 1092/37/97 1080/36/97 1072/3/97 1086/4/97
f 1089/31/23 1083/23/23 1084/8/23 1090/7/23
f 1085/32/98 1070/33/98 1079/34/98 1091/35/98
f 1091/35/99 1079/34/99 1080/36/99 1092/37/99
f 1076/5/100 1083/23/100 1089/31/100 1087/6/100
f 1078/40/101 1091/35/101 1092/37/101 1077/38/101
f 1069/41/102 1085/32/102 1091/35/102 1078/40/102
f 1082/28/23 1089/31/23 1090/7/23 1081/14/23
f 1092/37/103 1086/4/103 1071/43/103 1077/38/103
f 1073/15/20 1088/10/20 1085/12/20 1069/42/20
f 1081/14/23 1090/7/23 1088/10/23 1073/15/23
f 1071/43/2 1086/4/2 1087/6/2 1075/25/2
f 1072/19/104 1080/22/104 1083/23/104 1076/5/104
f 1122/44/156 1106/45/156 1096/46/156 1114/47/156
f 1114/47/20 1096/46/20 1100/48/20 1115/6/20
f 1119/49/23 1112/8/23 1098/9/23 1116/10/23
f 1116/10/157 1098/9/157 1094/11/157 1113/12/157
f 1103/50/158 1107/14/158 1097/51/158 1093/16/158
f 1112/8/159 1104/17/159 1094/18/159 1098/9/159
f 1100/48/160 1096/52/160 1106/20/160 1110/53/160
f 1110/53/161 1106/20/161 1105/54/161 1111/23/161
f 1111/23/162 1105/54/162 1104/17/162 1112/8/162
f 1095/24/163 1099/55/163 1109/26/163 1101/27/163
f 1101/27/164 1109/26/164 1108/28/164 1102/29/164
f 1102/29/165 1108/28/165 1107/14/165 1103/50/165
f 1115/6/166 1100/48/166 1110/53/166 1117/56/166
f 1117/56/23 1110/53/23 1111/23/23 1118/31/23
f 1118/31/23 1111/23/23 1112/8/23 1119/49/23
f 1113/32/167 1094/33/167 1104/34/167 1120/57/167
f 1120/57/168 1104/34/168 1105/58/168 1121/59/168
f 1121/59/169 1105/58/169 1106/45/169 1122/44/169
f 1102/38/170 1121/59/170 1122/44/170 1101/60/170
f 1103/61/171 1120/57/171 1121/59/171 1102/38/171
f 1093/41/172 1113/32/172 1120/57/172 1103/61/172
f 1108/28/23 1118/31/23 1119/49/23 1107/14/23
f 1109/26/23 1117/56/23 1118/31/23 1108/28/23
f 1099/55/23 1115/6/23 1117/56/23 1109/26/23
f 1097/51/2 1116/10/2 1113/12/2 1093/62/2
f 1107/14/23 1119/49/23 1116/10/23 1097/51/23
f 1095/43/20 1114/47/20 1115/6/20 1099/55/20
f 1101/60/173 1122/44/173 1114/47/173 1095/43/173
f 1140/4/2 1126/3/2 1130/5/2 1141/6/2
f 1144/7/23 1138/8/23 1128/9/23 1142/10/23
f 1142/10/91 1128/9/91 1124/11/91 1139/12/91
f 1132/13/92 1135/14/92 1127/15/92 1123/16/92
f 1138/8/93 1133/17/93 1124/18/93 1128/9/93
f 1129/25/94 1136/28/94 1131/29/94 1125/24/94
f 1137/23/95 1134/22/95 1133/17/95 1138/8/95
f 1129/25/23 1141/6/23 1143/31/23 1136/28/23
f 1131/29/96 1136/28/96 1135/14/96 1132/13/96
f 1146/37/97 1134/36/97 1126/3/97 1140/4/97
f 1143/31/23 1137/23/23 1138/8/23 1144/7/23
f 1139/32/98 1124/33/98 1133/34/98 1145/35/98
f 1145/35/99 1133/34/99 1134/36/99 1146/37/99
f 1130/5/100 1137/23/100 1143/31/100 1141/6/100
f 1132/40/101 1145/35/101 1146/37/101 1131/38/101
f 1123/41/102 1139/32/102 1145/35/102 1132/40/102
f 1136/28/23 1143/31/23 1144/7/23 1135/14/23
f 1146/37/103 1140/4/103 1125/43/103 1131/38/103
f 1127/15/20 1142/10/20 1139/12/20 1123/42/20
f 1135/14/23 1144/7/23 1142/10/23 1127/15/23
f 1125/43/2 1140/4/2 1141/6/2 1129/25/2
f 1126/19/104 1134/22/104 1137/23/104 1130/5/104
f 1176/44/343 1160/45/343 1150/46/343 1168/47/343
f 1168/47/20 1150/46/20 1154/48/20 1169/6/20
f 1173/49/23 1166/8/23 1152/9/23 1170/10/23
f 1170/10/344 1152/9/344 1148/11/344 1167/12/344
f 1157/50/345 1161/14/345 1151/51/345 1147/16/345
f 1166/8/346 1158/17/346 1148/18/346 1152/9/346
f 1154/48/347 1150/52/347 1160/20/347 1164/53/347
f 1164/53/348 1160/20/348 1159/54/348 1165/23/348
f 1165/23/349 1159/54/349 1158/17/349 1166/8/349
f 1149/24/350 1153/55/350 1163/26/350 1155/27/350
f 1155/27/351 1163/26/351 1162/28/351 1156/29/351
f 1156/29/352 1162/28/352 1161/14/352 1157/50/352
f 1169/6/353 1154/48/353 1164/53/353 1171/56/353
f 1171/56/23 1164/53/23 1165/23/23 1172/31/23
f 1172/31/23 1165/23/23 1166/8/23 1173/49/23
f 1167/32/354 1148/33/354 1158/34/354 1174/57/354
f 1174/57/355 1158/34/355 1159/58/355 1175/59/355
f 1175/59/356 1159/58/356 1160/45/356 1176/44/356
f 1156/38/357 1175/59/357 1176/44/357 1155/60/357
f 1157/61/358 1174/57/358 1175/59/358 1156/38/358
f 1147/41/359 1167/32/359 1174/57/359 1157/61/359
f 1162/28/23 1172/31/23 1173/49/23 1161/14/23
f 1163/26/23 1171/56/23 1172/31/23 1162/28/23
f 1153/55/23 1169/6/23 1171/56/23 1163/26/23
f 1151/51/2 1170/10/2 1167/12/2 1147/62/2
f 1161/14/23 1173/49/23 1170/10/23 1151/51/23
f 1149/43/20 1168/47/20 1169/6/20 1153/55/20
f 1155/60/360 1176/44/360 1168/47/360 1149/43/360
f 1206/1/389 1190/2/389 1180/3/389 1198/4/389
f 1198/4/20 1180/3/20 1184/5/20 1199/6/20
f 1203/7/3 1196/8/3 1182/9/3 1200/10/3
f 1200/10/390 1182/9/390 1178/11/390 1197/12/390
f 1187/13/391 1191/14/391 1181/15/391 1177/16/391
f 1196/8/392 1188/17/392 1178/18/392 1182/9/392
f 1184/5/393 1180/19/393 1190/20/393 1194/21/393
f 1194/21/394 1190/20/394 1189/22/394 1195/23/394
f 1195/23/395 1189/22/395 1188/17/395 1196/8/395
f 1179/24/396 1183/25/396 1193/26/396 1185/27/396
f 1185/27/397 1193/26/397 1192/28/397 1186/29/397
f 1186/29/398 1192/28/398 1191/14/398 1187/13/398
f 1199/6/399 1184/5/399 1194/21/399 1201/30/399
f 1201/30/3 1194/21/3 1195/23/3 1202/31/3
f 1202/31/3 1195/23/3 1196/8/3 1203/7/3
f 1197/32/400 1178/33/400 1188/34/400 1204/35/400
f 1204/35/401 1188/34/401 1189/36/401 1205/37/401
f 1205/37/402 1189/36/402 1190/2/402 1206/1/402
f 1186/38/403 1205/37/403 1206/1/403 1185/39/403
f 1187/40/404 1204/35/404 1205/37/404 1186/38/404
f 1177/41/405 1197/32/405 1204/35/405 1187/40/405
f 1192/28/3 1202/31/3 1203/7/3 1191/14/3
f 1193/26/3 1201/30/3 1202/31/3 1192/28/3
f 1183/25/3 1199/6/3 1201/30/3 1193/26/3
f 1181/15/2 1200/10/2 1197/12/2 1177/42/2
f 1191/14/3 1203/7/3 1200/10/3 1181/15/3
f 1179/43/20 1198/4/20 1199/6/20 1183/25/20
f 1185/39/406 1206/1/406 1198/4/406 1179/43/406
f 1236/1/105 1220/2/105 1210/3/105 1228/4/105
f 1228/4/20 1210/3/20 1214/5/20 1229/6/20
f 1233/7/3 1226/8/3 1212/9/3 1230/10/3
f 1230/10/106 1212/9/106 1208/11/106 1227/12/106
f 1217/13/107 1221/14/107 1211/15/107 1207/16/107
f 1226/8/108 1218/17/108 1208/18/108 1212/9/108
f 1214/5/109 1210/19/109 1220/20/109 1224/21/109
f 1224/21/110 1220/20/110 1219/22/110 1225/23/110
f 1225/23/111 1219/22/111 1218/17/111 1226/8/111
f 1209/24/112 1213/25/112 1223/26/112 1215/27/112
f 1215/27/113 1223/26/113 1222/28/113 1216/29/113
f 1216/29/114 1222/28/114 1221/14/114 1217/13/114
f 1229/6/115 1214/5/115 1224/21/115 1231/30/115
f 1231/30/3 1224/21/3 1225/23/3 1232/31/3
f 1232/31/3 1225/23/3 1226/8/3 1233/7/3
f 1227/32/116 1208/33/116 1218/34/116 1234/35/116
f 1234/35/117 1218/34/117 1219/36/117 1235/37/117
f 1235/37/118 1219/36/118 1220/2/118 1236/1/118
f 1216/38/119 1235/37/119 1236/1/119 1215/39/119
f 1217/40/120 1234/35/120 1235/37/120 1216/38/120
f 1207/41/121 1227/32/121 1234/35/121 1217/40/121
f 1222/28/3 1232/31/3 1233/7/3 1221/14/3
f 1223/26/3 1231/30/3 1232/31/3 1222/28/3
f 1213/25/3 1229/6/3 1231/30/3 1223/26/3
f 1211/15/2 1230/10/2 1227/12/2 1207/42/2
f 1221/14/3 1233/7/3 1230/10/3 1211/15/3
f 1209/43/20 1228/4/20 1229/6/20 1213/25/20
f 1215/39/122 1236/1/122 1228/4/122 1209/43/122
f 1266/44/407 1250/45/407 1240/46/407 1258/47/407
f 1258/47/20 1240/46/20 1244/48/20 1259/6/20
f 1263/49/23 1256/8/23 1242/9/23 1260/10/23
f 1260/10/408 1242/9/408 1238/11/408 1257/12/408
f 1247/50/409 1251/14/409 1241/51/409 1237/16/409
f 1256/8/410 1248/17/410 1238/18/410 1242/9/410
f 1244/48/411 1240/52/411 1250/20/411 1254/53/411
f 1254/53/412 1250/20/412 1249/54/412 1255/23/412
f 1255/23/413 1249/54/413 1248/17/413 1256/8/413
f 1239/24/414 1243/55/414 1253/26/414 1245/27/414
f 1245/27/415 1253/26/415 1252/28/415 1246/29/415
f 1246/29/416 1252/28/416 1251/14/416 1247/50/416
f 1259/6/417 1244/48/417 1254/53/417 1261/56/417
f 1261/56/23 1254/53/23 1255/23/23 1262/31/23
f 1262/31/23 1255/23/23 1256/8/23 1263/49/23
f 1257/32/418 1238/33/418 1248/34/418 1264/57/418
f 1264/57/419 1248/34/419 1249/58/419 1265/59/419
f 1265/59/420 1249/58/420 1250/45/420 1266/44/420
f 1246/38/421 1265/59/421 1266/44/421 1245/60/421
f 1247/61/422 1264/57/422 1265/59/422 1246/38/422
f 1237/41/423 1257/32/423 1264/57/423 1247/61/423
f 1252/28/23 1262/31/23 1263/49/23 1251/14/23
f 1253/26/23 1261/56/23 1262/31/23 1252/28/23
f 1243/55/23 1259/6/23 1261/56/23 1253/26/23
f 1241/51/2 1260/10/2 1257/12/2 1237/62/2
f 1251/14/23 1263/49/23 1260/10/23 1241/51/23
f 1239/43/20 1258/47/20 1259/6/20 1243/55/20
f 1245/60/424 1266/44/424 1258/47/424 1239/43/424
f 1267/41/20 1268/63/20 1270/64/20 1269/65/20
f 1269/65/23 1270/64/23 1274/66/23 1273/25/23
f 1273/25/425 1274/66/425 1272/9/425 1271/15/425
f 1271/15/3 1272/9/3 1268/67/3 1267/42/3
f 1269/68/123 1273/25/123 1271/15/123 1267/16/123
f 1276/64/426 1277/66/426 1286/66/426 1285/64/426
f 1278/9/427 1277/66/427 1279/9/427
f 1278/9/428 1275/67/428 1284/67/428 1287/9/428
f 1272/9/429 1274/66/429 1282/66/429 1283/9/429
f 1275/63/430 1276/64/430 1285/64/430 1284/63/430
f 1276/64/431 1275/63/431 1279/64/431
f 1275/67/432 1278/9/432 1279/67/432
f 1277/66/433 1276/64/433 1279/66/433
f 1282/66/23 1281/64/23 1285/64/23 1286/66/23
f 1283/9/434 1282/66/434 1286/66/434 1287/9/434
f 1281/64/20 1280/63/20 1284/63/20 1285/64/20
f 1280/67/3 1283/9/3 1287/9/3 1284/67/3
f 1270/64/435 1268/63/435 1280/63/435 1281/64/435
f 1268/67/436 1272/9/436 1283/9/436 1280/67/436
f 1274/66/437 1270/64/437 1281/64/437 1282/66/437
f 1277/66/438 1278/9/438 1287/9/438 1286/66/438
f 1288/41/2 1289/63/2 1291/64/2 1290/65/2
f 1290/65/3 1291/64/3 1295/66/3 1294/25/3
f 1294/25/439 1295/66/439 1293/9/439 1292/15/439
f 1292/15/23 1293/9/23 1289/67/23 1288/42/23
f 1290/68/123 1294/25/123 1292/15/123 1288/16/123
f 1297/64/440 1298/66/440 1307/66/440 1306/64/440
f 1299/9/441 1298/66/441 1300/9/441
f 1299/9/442 1296/67/442 1305/67/442 1308/9/442
f 1293/9/443 1295/66/443 1303/66/443 1304/9/443
f 1296/63/444 1297/64/444 1306/64/444 1305/63/444
f 1297/64/445 1296/63/445 1300/64/445
f 1296/67/446 1299/9/446 1300/67/446
f 1298/66/447 1297/64/447 1300/66/447
f 1303/66/3 1302/64/3 1306/64/3 1307/66/3
f 1304/9/448 1303/66/448 1307/66/448 1308/9/448
f 1302/64/2 1301/63/2 1305/63/2 1306/64/2
f 1301/67/23 1304/9/23 1308/9/23 1305/67/23
f 1291/64/449 1289/63/449 1301/63/449 1302/64/449
f 1289/67/450 1293/9/450 1304/9/450 1301/67/450
f 1295/66/451 1291/64/451 1302/64/451 1303/66/451
f 1298/66/452 1299/9/452 1308/9/452 1307/66/452
f 1309/41/3 1310/63/3 1312/64/3 1311/65/3
f 1311/65/20 1312/64/20 1316/66/20 1315/25/20
f 1315/25/453 1316/66/453 1314/9/453 1313/15/453
f 1313/15/2 1314/9/2 1310/67/2 1309/42/2
f 1311/68/123 1315/25/123 1313/15/123 1309/16/123
f 1318/64/454 1319/66/454 1328/66/454 1327/64/454
f 1320/9/455 1319/66/455 1321/9/455
f 1320/9/456 1317/67/456 1326/67/456 1329/9/456
f 1314/9/457 1316/66/457 1324/66/457 1325/9/457
f 1317/63/458 1318/64/458 1327/64/458 1326/63/458
f 1318/64/459 1317/63/459 1321/64/459
f 1317/67/460 1320/9/460 1321/67/460
f 1319/66/461 1318/64/461 1321/66/461
f 1324/66/20 1323/64/20 1327/64/20 1328/66/20
f 1325/9/462 1324/66/462 1328/66/462 1329/9/462
f 1323/64/3 1322/63/3 1326/63/3 1327/64/3
f 1322/67/2 1325/9/2 1329/9/2 1326/67/2
f 1312/64/463 1310/63/463 1322/63/463 1323/64/463
f 1310/67/464 1314/9/464 1325/9/464 1322/67/464
f 1316/66/465 1312/64/465 1323/64/465 1324/66/465
f 1319/66/466 1320/9/466 1329/9/466 1328/66/466
f 1330/41/2 1331/63/2 1333/64/2 1332/65/2
f 1332/65/3 1333/64/3 1337/66/3 1336/25/3
f 1336/25/439 1337/66/439 1335/9/439 1334/15/439
f 1334/15/23 1335/9/23 1331/67/23 1330/42/23
f 1332/68/123 1336/25/123 1334/15/123 1330/16/123
f 1339/64/440 1340/66/440 1349/66/440 1348/64/440
f 1341/9/441 1340/66/441 1342/9/441
f 1341/9/442 1338/67/442 1347/67/442 1350/9/442
f 1335/9/443 1337/66/443 1345/66/443 1346/9/443
f 1338/63/444 1339/64/444 1348/64/444 1347/63/444
f 1339/64/445 1338/63/445 1342/64/445
f 1338/67/446 1341/9/446 1342/67/446
f 1340/66/447 1339/64/447 1342/66/447
f 1345/66/3 1344/64/3 1348/64/3 1349/66/3
f 1346/9/448 1345/66/448 1349/66/448 1350/9/448
f 1344/64/2 1343/63/2 1347/63/2 1348/64/2
f 1343/67/23 1346/9/23 1350/9/23 1347/67/23
f 1333/64/449 1331/63/449 1343/63/449 1344/64/449
f 1331/67/450 1335/9/450 1346/9/450 1343/67/450
f 1337/66/451 1333/64/451 1344/64/451 1345/66/451
f 1340/66/452 1341/9/452 1350/9/452 1349/66/452
f 1380/1/467 1364/2/467 1354/3/467 1372/4/467
f 1372/4/20 1354/3/20 1358/5/20 1373/6/20
f 1377/7/23 1370/8/23 1356/9/23 1374/10/23
f 1374/10/468 1356/9/468 1352/11/468 1371/12/468
f 1361/13/25 1365/14/25 1355/15/25 1351/16/25
f 1370/8/469 1362/17/469 1352/18/469 1356/9/469
f 1358/5/27 1354/19/27 1364/20/27 1368/21/27
f 1368/21/470 1364/20/470 1363/22/470 1369/23/470
f 1369/23/471 1363/22/471 1362/17/471 1370/8/471
f 1353/24/30 1357/25/30 1367/26/30 1359/27/30
f 1359/27/31 1367/26/31 1366/28/31 1360/29/31
f 1360/29/32 1366/28/32 1365/14/32 1361/13/32
f 1373/6/33 1358/5/33 1368/21/33 1375/30/33
f 1375/30/23 1368/21/23 1369/23/23 1376/31/23
f 1376/31/23 1369/23/23 1370/8/23 1377/7/23
f 1371/32/472 1352/33/472 1362/34/472 1378/35/472
f 1378/35/473 1362/34/473 1363/36/473 1379/37/473
f 1379/37/474 1363/36/474 1364/2/474 1380/1/474
f 1360/38/475 1379/37/475 1380/1/475 1359/39/475
f 1361/40/476 1378/35/476 1379/37/476 1360/38/476
f 1351/41/39 1371/32/39 1378/35/39 1361/40/39
f 1366/28/477 1376/31/477 1377/7/477 1365/14/477
f 1367/26/478 1375/30/478 1376/31/478 1366/28/478
f 1357/25/23 1373/6/23 1375/30/23 1367/26/23
f 1355/15/2 1374/10/2 1371/12/2 1351/42/2
f 1365/14/23 1377/7/23 1374/10/23 1355/15/23
f 1353/43/20 1372/4/20 1373/6/20 1357/25/20
f 1359/39/479 1380/1/479 1372/4/479 1353/43/479
f 1410/44/480 1394/45/480 1384/46/480 1402/47/480
f 1402/47/2 1384/46/2 1388/48/2 1403/6/2
f 1407/49/3 1400/8/3 1386/9/3 1404/10/3
f 1404/10/481 1386/9/481 1382/11/481 1401/12/481
f 1391/50/5 1395/14/5 1385/51/5 1381/16/5
f 1400/8/482 1392/17/482 1382/18/482 1386/9/482
f 1388/48/7 1384/52/7 1394/20/7 1398/53/7
f 1398/53/483 1394/20/483 1393/54/483 1399/23/483
f 1399/23/484 1393/54/484 1392/17/484 1400/8/484
f 1383/24/10 1387/55/10 1397/26/10 1389/27/10
f 1389/27/11 1397/26/11 1396/28/11 1390/29/11
f 1390/29/12 1396/28/12 1395/14/12 1391/50/12
f 1403/6/13 1388/48/13 1398/53/13 1405/56/13
f 1405/56/3 1398/53/3 1399/23/3 1406/31/3
f 1406/31/3 1399/23/3 1400/8/3 1407/49/3
f 1401/32/485 1382/33/485 1392/34/485 1408/57/485
f 1408/57/486 1392/34/486 1393/58/486 1409/59/486
f 1409/59/487 1393/58/487 1394/45/487 1410/44/487
f 1390/38/488 1409/59/488 1410/44/488 1389/60/488
f 1391/61/489 1408/57/489 1409/59/489 1390/38/489
f 1381/41/19 1401/32/19 1408/57/19 1391/61/19
f 1396/28/3 1406/31/3 1407/49/3 1395/14/3
f 1397/26/3 1405/56/3 1406/31/3 1396/28/3
f 1387/55/3 1403/6/3 1405/56/3 1397/26/3
f 1385/51/20 1404/10/20 1401/12/20 1381/62/20
f 1395/14/3 1407/49/3 1404/10/3 1385/51/3
f 1383/43/2 1402/47/2 1403/6/2 1387/55/2
f 1389/60/490 1410/44/490 1402/47/490 1383/43/490
f 1428/4/20 1414/3/20 1418/5/20 1429/6/20
f 1432/7/3 1426/8/3 1416/9/3 1430/10/3
f 1430/10/491 1416/9/491 1412/11/491 1427/12/491
f 1420/13/492 1423/14/492 1415/15/492 1411/16/492
f 1426/8/493 1421/17/493 1412/18/493 1416/9/493
f 1417/25/494 1424/28/494 1419/29/494 1413/24/494
f 1425/23/495 1422/22/495 1421/17/495 1426/8/495
f 1417/25/3 1429/6/3 1431/31/3 1424/28/3
f 1419/29/496 1424/28/496 1423/14/496 1420/13/496
f 1434/37/497 1422/36/497 1414/3/497 1428/4/497
f 1431/31/3 1425/23/3 1426/8/3 1432/7/3
f 1427/32/498 1412/33/498 1421/34/498 1433/35/498
f 1433/35/499 1421/34/499 1422/36/499 1434/37/499
f 1418/5/500 1425/23/500 1431/31/500 1429/6/500
f 1420/40/501 1433/35/501 1434/37/501 1419/38/501
f 1411/41/502 1427/32/502 1433/35/502 1420/40/502
f 1424/28/3 1431/31/3 1432/7/3 1423/14/3
f 1434/37/503 1428/4/503 1413/43/503 1419/38/503
f 1415/15/2 1430/10/2 1427/12/2 1411/42/2
f 1423/14/3 1432/7/3 1430/10/3 1415/15/3
f 1413/43/20 1428/4/20 1429/6/20 1417/25/20
f 1414/19/504 1422/22/504 1425/23/504 1418/5/504
f 1464/1/505 1448/2/505 1438/3/505 1456/4/505
f 1456/4/20 1438/3/20 1442/5/20 1457/6/20
f 1461/7/23 1454/8/23 1440/9/23 1458/10/23
f 1458/10/506 1440/9/506 1436/11/506 1455/12/506
f 1445/13/507 1449/14/507 1439/15/507 1435/16/507
f 1454/8/508 1446/17/508 1436/18/508 1440/9/508
f 1442/5/509 1438/19/509 1448/20/509 1452/21/509
f 1452/21/510 1448/20/510 1447/22/510 1453/23/510
f 1453/23/511 1447/22/511 1446/17/511 1454/8/511
f 1437/24/512 1441/25/512 1451/26/512 1443/27/512
f 1443/27/513 1451/26/513 1450/28/513 1444/29/513
f 1444/29/514 1450/28/514 1449/14/514 1445/13/514
f 1457/6/515 1442/5/515 1452/21/515 1459/30/515
f 1459/30/23 1452/21/23 1453/23/23 1460/31/23
f 1460/31/23 1453/23/23 1454/8/23 1461/7/23
f 1455/32/516 1436/33/516 1446/34/516 1462/35/516
f 1462/35/517 1446/34/517 1447/36/517 1463/37/517
f 1463/37/518 1447/36/518 1448/2/518 1464/1/518
f 1444/38/519 1463/37/519 1464/1/519 1443/39/519
f 1445/40/520 1462/35/520 1463/37/520 1444/38/520
f 1435/41/521 1455/32/521 1462/35/521 1445/40/521
f 1450/28/23 1460/31/23 1461/7/23 1449/14/23
f 1451/26/478 1459/30/478 1460/31/478 1450/28/478
f 1441/25/23 1457/6/23 1459/30/23 1451/26/23
f 1439/15/2 1458/10/2 1455/12/2 1435/42/2
f 1449/14/23 1461/7/23 1458/10/23 1439/15/23
f 1437/43/20 1456/4/20 1457/6/20 1441/25/20
f 1443/39/522 1464/1/522 1456/4/522 1437/43/522
f 1494/44/343 1478/45/343 1468/46/343 1486/47/343
f 1486/47/20 1468/46/20 1472/48/20 1487/6/20
f 1491/49/23 1484/8/23 1470/9/23 1488/10/23
f 1488/10/344 1470/9/344 1466/11/344 1485/12/344
f 1475/50/345 1479/14/345 1469/51/345 1465/16/345
f 1484/8/346 1476/17/346 1466/18/346 1470/9/346
f 1472/48/347 1468/52/347 1478/20/347 1482/53/347
f 1482/53/348 1478/20/348 1477/54/348 1483/23/348
f 1483/23/349 1477/54/349 1476/17/349 1484/8/349
f 1467/24/350 1471/55/350 1481/26/350 1473/27/350
f 1473/27/351 1481/26/351 1480/28/351 1474/29/351
f 1474/29/352 1480/28/352 1479/14/352 1475/50/352
f 1487/6/353 1472/48/353 1482/53/353 1489/56/353
f 1489/56/23 1482/53/23 1483/23/23 1490/31/23
f 1490/31/23 1483/23/23 1484/8/23 1491/49/23
f 1485/32/523 1466/33/523 1476/34/523 1492/57/523
f 1492/57/524 1476/34/524 1477/58/524 1493/59/524
f 1493/59/525 1477/58/525 1478/45/525 1494/44/525
f 1474/38/357 1493/59/357 1494/44/357 1473/60/357
f 1475/61/358 1492/57/358 1493/59/358 1474/38/358
f 1465/41/359 1485/32/359 1492/57/359 1475/61/359
f 1480/28/23 1490/31/23 1491/49/23 1479/14/23
f 1481/26/23 1489/56/23 1490/31/23 1480/28/23
f 1471/55/23 1487/6/23 1489/56/23 1481/26/23
f 1469/51/2 1488/10/2 1485/12/2 1465/62/2
f 1479/14/23 1491/49/23 1488/10/23 1469/51/23
f 1467/43/20 1486/47/20 1487/6/20 1471/55/20
f 1473/60/360 1494/44/360 1486/47/360 1467/43/360
f 1512/4/20 1498/3/20 1502/5/20 1513/6/20
f 1516/7/3 1510/8/3 1500/9/3 1514/10/3
f 1514/10/526 1500/9/526 1496/11/526 1511/12/526
f 1504/13/527 1507/14/527 1499/15/527 1495/16/527
f 1510/8/528 1505/17/528 1496/18/528 1500/9/528
f 1501/25/529 1508/28/529 1503/29/529 1497/24/529
f 1509/23/530 1506/22/530 1505/17/530 1510/8/530
f 1501/25/3 1513/6/3 1515/31/3 1508/28/3
f 1503/29/531 1508/28/531 1507/14/531 1504/13/531
f 1518/37/532 1506/36/532 1498/3/532 1512/4/532
f 1515/31/3 1509/23/3 1510/8/3 1516/7/3
f 1511/32/533 1496/33/533 1505/34/533 1517/35/533
f 1517/35/534 1505/34/534 1506/36/534 1518/37/534
f 1502/5/535 1509/23/535 1515/31/535 1513/6/535
f 1504/40/536 1517/35/536 1518/37/536 1503/38/536
f 1495/41/537 1511/32/537 1517/35/537 1504/40/537
f 1508/28/538 1515/31/538 1516/7/538 1507/14/538
f 1518/37/539 1512/4/539 1497/43/539 1503/38/539
f 1499/15/2 1514/10/2 1511/12/2 1495/42/2
f 1507/14/3 1516/7/3 1514/10/3 1499/15/3
f 1497/43/20 1512/4/20 1513/6/20 1501/25/20
f 1498/19/540 1506/22/540 1509/23/540 1502/5/540
f 1548/1/311 1532/2/311 1522/3/311 1540/4/311
f 1540/4/2 1522/3/2 1526/5/2 1541/6/2
f 1545/7/23 1538/8/23 1524/9/23 1542/10/23
f 1542/10/312 1524/9/312 1520/11/312 1539/12/312
f 1529/13/313 1533/14/313 1523/15/313 1519/16/313
f 1538/8/314 1530/17/314 1520/18/314 1524/9/314
f 1526/5/315 1522/19/315 1532/20/315 1536/21/315
f 1536/21/316 1532/20/316 1531/22/316 1537/23/316
f 1537/23/317 1531/22/317 1530/17/317 1538/8/317
f 1521/24/318 1525/25/318 1535/26/318 1527/27/318
f 1527/27/319 1535/26/319 1534/28/319 1528/29/319
f 1528/29/320 1534/28/320 1533/14/320 1529/13/320
f 1541/6/321 1526/5/321 1536/21/321 1543/30/321
f 1543/30/23 1536/21/23 1537/23/23 1544/31/23
f 1544/31/23 1537/23/23 1538/8/23 1545/7/23
f 1539/32/322 1520/33/322 1530/34/322 1546/35/322
f 1546/35/323 1530/34/323 1531/36/323 1547/37/323
f 1547/37/541 1531/36/541 1532/2/541 1548/1/541
f 1528/38/325 1547/37/325 1548/1/325 1527/39/325
f 1529/40/326 1546/35/326 1547/37/326 1528/38/326
f 1519/41/327 1539/32/327 1546/35/327 1529/40/327
f 1534/28/478 1544/31/478 1545/7/478 1533/14/478
f 1535/26/23 1543/30/23 1544/31/23 1534/28/23
f 1525/25/23 1541/6/23 1543/30/23 1535/26/23
f 1523/15/20 1542/10/20 1539/12/20 1519/42/20
f 1533/14/23 1545/7/23 1542/10/23 1523/15/23
f 1521/43/2 1540/4/2 1541/6/2 1525/25/2
f 1527/39/328 1548/1/328 1540/4/328 1521/43/328
f 1566/4/20 1552/3/20 1556/5/20 1567/6/20
f 1570/7/123 1564/8/123 1554/9/123 1568/10/123
f 1568/10/542 1554/9/542 1550/11/542 1565/12/542
f 1558/13/543 1561/14/543 1553/15/543 1549/16/543
f 1564/8/544 1559/17/544 1550/18/544 1554/9/544
f 1555/25/545 1562/28/545 1557/29/545 1551/24/545
f 1563/23/546 1560/22/546 1559/17/546 1564/8/546
f 1555/25/123 1567/6/123 1569/31/123 1562/28/123
f 1557/29/547 1562/28/547 1561/14/547 1558/13/547
f 1572/37/548 1560/36/548 1552/3/548 1566/4/548
f 1569/31/123 1563/23/123 1564/8/123 1570/7/123
f 1565/32/549 1550/33/549 1559/34/549 1571/35/549
f 1571/35/550 1559/34/550 1560/36/550 1572/37/550
f 1556/5/551 1563/23/551 1569/31/551 1567/6/551
f 1558/40/552 1571/35/552 1572/37/552 1557/38/552
f 1549/41/553 1565/32/553 1571/35/553 1558/40/553
f 1562/28/123 1569/31/123 1570/7/123 1561/14/123
f 1572/37/554 1566/4/554 1551/43/554 1557/38/554
f 1553/15/2 1568/10/2 1565/12/2 1549/42/2
f 1561/14/123 1570/7/123 1568/10/123 1553/15/123
f 1551/43/20 1566/4/20 1567/6/20 1555/25/20
f 1552/19/555 1560/22/555 1563/23/555 1556/5/555
f 1602/44/556 1586/45/556 1576/46/556 1594/47/556
f 1594/47/2 1576/46/2 1580/48/2 1595/6/2
f 1599/49/123 1592/8/123 1578/9/123 1596/10/123
f 1596/10/557 1578/9/557 1574/11/557 1593/12/557
f 1583/50/558 1587/14/558 1577/51/558 1573/16/558
f 1592/8/559 1584/17/559 1574/18/559 1578/9/559
f 1580/48/560 1576/52/560 1586/20/560 1590/53/560
f 1590/53/561 1586/20/561 1585/54/561 1591/23/561
f 1591/23/562 1585/54/562 1584/17/562 1592/8/562
f 1575/24/563 1579/55/563 1589/26/563 1581/27/563
f 1581/27/564 1589/26/564 1588/28/564 1582/29/564
f 1582/29/565 1588/28/565 1587/14/565 1583/50/565
f 1595/6/566 1580/48/566 1590/53/566 1597/56/566
f 1597/56/123 1590/53/123 1591/23/123 1598/31/123
f 1598/31/123 1591/23/123 1592/8/123 1599/49/123
f 1593/32/567 1574/33/567 1584/34/567 1600/57/567
f 1600/57/568 1584/34/568 1585/58/568 1601/59/568
f 1601/59/569 1585/58/569 1586/45/569 1602/44/569
f 1582/38/570 1601/59/570 1602/44/570 1581/60/570
f 1583/61/571 1600/57/571 1601/59/571 1582/38/571
f 1573/41/572 1593/32/572 1600/57/572 1583/61/572
f 1588/28/123 1598/31/123 1599/49/123 1587/14/123
f 1589/26/123 1597/56/123 1598/31/123 1588/28/123
f 1579/55/123 1595/6/123 1597/56/123 1589/26/123
f 1577/51/20 1596/10/20 1593/12/20 1573/62/20
f 1587/14/123 1599/49/123 1596/10/123 1577/51/123
f 1575/43/2 1594/47/2 1595/6/2 1579/55/2
f 1581/60/573 1602/44/573 1594/47/573 1575/43/573
f 1632/44/574 1616/45/574 1606/46/574 1624/47/574
f 1624/47/2 1606/46/2 1610/48/2 1625/6/2
f 1629/49/3 1622/8/3 1608/9/3 1626/10/3
f 1626/10/208 1608/9/208 1604/11/208 1623/12/208
f 1613/50/209 1617/14/209 1607/51/209 1603/16/209
f 1622/8/210 1614/17/210 1604/18/210 1608/9/210
f 1610/48/211 1606/52/211 1616/20/211 1620/53/211
f 1620/53/212 1616/20/212 1615/54/212 1621/23/212
f 1621/23/213 1615/54/213 1614/17/213 1622/8/213
f 1605/24/214 1609/55/214 1619/26/214 1611/27/214
f 1611/27/215 1619/26/215 1618/28/215 1612/29/215
f 1612/29/216 1618/28/216 1617/14/216 1613/50/216
f 1625/6/217 1610/48/217 1620/53/217 1627/56/217
f 1627/56/3 1620/53/3 1621/23/3 1628/31/3
f 1628/31/3 1621/23/3 1622/8/3 1629/49/3
f 1623/32/218 1604/33/218 1614/34/218 1630/57/218
f 1630/57/219 1614/34/219 1615/58/219 1631/59/219
f 1631/59/220 1615/58/220 1616/45/220 1632/44/220
f 1612/38/221 1631/59/221 1632/44/221 1611/60/221
f 1613/61/222 1630/57/222 1631/59/222 1612/38/222
f 1603/41/223 1623/32/223 1630/57/223 1613/61/223
f 1618/28/3 1628/31/3 1629/49/3 1617/14/3
f 1619/26/3 1627/56/3 1628/31/3 1618/28/3
f 1609/55/3 1625/6/3 1627/56/3 1619/26/3
f 1607/51/20 1626/10/20 1623/12/20 1603/62/20
f 1617/14/3 1629/49/3 1626/10/3 1607/51/3
f 1605/43/2 1624/47/2 1625/6/2 1609/55/2
f 1611/60/224 1632/44/224 1624/47/224 1605/43/224
f 1650/4/20 1636/3/20 1640/5/20 1651/6/20
f 1654/7/174 1648/8/174 1638/9/174 1652/10/174
f 1652/10/575 1638/9/575 1634/11/575 1649/12/575
f 1642/13/576 1645/14/576 1637/15/576 1633/16/576
f 1648/8/577 1643/17/577 1634/18/577 1638/9/577
f 1639/25/578 1646/28/578 1641/29/578 1635/24/578
f 1647/23/579 1644/22/579 1643/17/579 1648/8/579
f 1639/25/174 1651/6/174 1653/31/174 1646/28/174
f 1641/29/580 1646/28/580 1645/14/580 1642/13/580
f 1656/37/581 1644/36/581 1636/3/581 1650/4/581
f 1653/31/174 1647/23/174 1648/8/174 1654/7/174
f 1649/32/582 1634/33/582 1643/34/582 1655/35/582
f 1655/35/583 1643/34/583 1644/36/583 1656/37/583
f 1640/5/584 1647/23/584 1653/31/584 1651/6/584
f 1642/40/585 1655/35/585 1656/37/585 1641/38/585
f 1633/41/586 1649/32/586 1655/35/586 1642/40/586
f 1646/28/174 1653/31/174 1654/7/174 1645/14/174
f 1656/37/587 1650/4/587 1635/43/587 1641/38/587
f 1637/15/2 1652/10/2 1649/12/2 1633/42/2
f 1645/14/174 1654/7/174 1652/10/174 1637/15/174
f 1635/43/20 1650/4/20 1651/6/20 1639/25/20
f 1636/19/588 1644/22/588 1647/23/588 1640/5/588
f 1686/1/589 1670/2/589 1660/3/589 1678/4/589
f 1678/4/20 1660/3/20 1664/5/20 1679/6/20
f 1683/7/23 1676/8/23 1662/9/23 1680/10/23
f 1680/10/590 1662/9/590 1658/11/590 1677/12/590
f 1667/13/591 1671/14/591 1661/15/591 1657/16/591
f 1676/8/592 1668/17/592 1658/18/592 1662/9/592
f 1664/5/593 1660/19/593 1670/20/593 1674/21/593
f 1674/21/594 1670/20/594 1669/22/594 1675/23/594
f 1675/23/595 1669/22/595 1668/17/595 1676/8/595
f 1659/24/596 1663/25/596 1673/26/596 1665/27/596
f 1665/27/597 1673/26/597 1672/28/597 1666/29/597
f 1666/29/598 1672/28/598 1671/14/598 1667/13/598
f 1679/6/599 1664/5/599 1674/21/599 1681/30/599
f 1681/30/23 1674/21/23 1675/23/23 1682/31/23
f 1682/31/23 1675/23/23 1676/8/23 1683/7/23
f 1677/32/600 1658/33/600 1668/34/600 1684/35/600
f 1684/35/601 1668/34/601 1669/36/601 1685/37/601
f 1685/37/602 1669/36/602 1670/2/602 1686/1/602
f 1666/38/603 1685/37/603 1686/1/603 1665/39/603
f 1667/40/604 1684/35/604 1685/37/604 1666/38/604
f 1657/41/605 1677/32/605 1684/35/605 1667/40/605
f 1672/28/23 1682/31/23 1683/7/23 1671/14/23
f 1673/26/478 1681/30/478 1682/31/478 1672/28/478
f 1663/25/23 1679/6/23 1681/30/23 1673/26/23
f 1661/15/2 1680/10/2 1677/12/2 1657/42/2
f 1671/14/23 1683/7/23 1680/10/23 1661/15/23
f 1659/43/20 1678/4/20 1679/6/20 1663/25/20
f 1665/39/606 1686/1/606 1678/4/606 1659/43/606
f 1716/44/607 1700/45/607 1690/46/607 1708/47/607
f 1708/47/20 1690/46/20 1694/48/20 1709/6/20
f 1713/49/23 1706/8/23 1692/9/23 1710/10/23
f 1710/10/157 1692/9/157 1688/11/157 1707/12/157
f 1697/50/158 1701/14/158 1691/51/158 1687/16/158
f 1706/8/159 1698/17/159 1688/18/159 1692/9/159
f 1694/48/160 1690/52/160 1700/20/160 1704/53/160
f 1704/53/161 1700/20/161 1699/54/161 1705/23/161
f 1705/23/162 1699/54/162 1698/17/162 1706/8/162
f 1689/24/163 1693/55/163 1703/26/163 1695/27/163
f 1695/27/164 1703/26/164 1702/28/164 1696/29/164
f 1696/29/165 1702/28/165 1701/14/165 1697/50/165
f 1709/6/166 1694/48/166 1704/53/166 1711/56/166
f 1711/56/23 1704/53/23 1705/23/23 1712/31/23
f 1712/31/23 1705/23/23 1706/8/23 1713/49/23
f 1707/32/167 1688/33/167 1698/34/167 1714/57/167
f 1714/57/168 1698/34/168 1699/58/168 1715/59/168
f 1715/59/169 1699/58/169 1700/45/169 1716/44/169
f 1696/38/170 1715/59/170 1716/44/170 1695/60/170
f 1697/61/171 1714/57/171 1715/59/171 1696/38/171
f 1687/41/172 1707/32/172 1714/57/172 1697/61/172
f 1702/28/23 1712/31/23 1713/49/23 1701/14/23
f 1703/26/477 1711/56/477 1712/31/477 1702/28/477
f 1693/55/23 1709/6/23 1711/56/23 1703/26/23
f 1691/51/2 1710/10/2 1707/12/2 1687/62/2
f 1701/14/23 1713/49/23 1710/10/23 1691/51/23
f 1689/43/20 1708/47/20 1709/6/20 1693/55/20
f 1695/60/173 1716/44/173 1708/47/173 1689/43/173
f 1734/4/20 1720/3/20 1724/5/20 1735/6/20
f 1738/7/3 1732/8/3 1722/9/3 1736/10/3
f 1736/10/608 1722/9/608 1718/11/608 1733/12/608
f 1726/13/527 1729/14/527 1721/15/527 1717/16/527
f 1732/8/528 1727/17/528 1718/18/528 1722/9/528
f 1723/25/529 1730/28/529 1725/29/529 1719/24/529
f 1731/23/530 1728/22/530 1727/17/530 1732/8/530
f 1723/25/3 1735/6/3 1737/31/3 1730/28/3
f 1725/29/531 1730/28/531 1729/14/531 1726/13/531
f 1740/37/532 1728/36/532 1720/3/532 1734/4/532
f 1737/31/3 1731/23/3 1732/8/3 1738/7/3
f 1733/32/533 1718/33/533 1727/34/533 1739/35/533
f 1739/35/534 1727/34/534 1728/36/534 1740/37/534
f 1724/5/535 1731/23/535 1737/31/535 1735/6/535
f 1726/40/536 1739/35/536 1740/37/536 1725/38/536
f 1717/41/537 1733/32/537 1739/35/537 1726/40/537
f 1730/28/3 1737/31/3 1738/7/3 1729/14/3
f 1740/37/539 1734/4/539 1719/43/539 1725/38/539
f 1721/15/2 1736/10/2 1733/12/2 1717/42/2
f 1729/14/3 1738/7/3 1736/10/3 1721/15/3
f 1719/43/20 1734/4/20 1735/6/20 1723/25/20
f 1720/19/540 1728/22/540 1731/23/540 1724/5/540
f 1770/44/261 1754/45/261 1744/46/261 1762/47/261
f 1762/47/2 1744/46/2 1748/48/2 1763/6/2
f 1767/49/23 1760/8/23 1746/9/23 1764/10/23
f 1764/10/262 1746/9/262 1742/11/262 1761/12/262
f 1751/50/263 1755/14/263 1745/51/263 1741/16/263
f 1760/8/264 1752/17/264 1742/18/264 1746/9/264
f 1748/48/265 1744/52/265 1754/20/265 1758/53/265
f 1758/53/266 1754/20/266 1753/54/266 1759/23/266
f 1759/23/267 1753/54/267 1752/17/267 1760/8/267
f 1743/24/268 1747/55/268 1757/26/268 1749/27/268
f 1749/27/269 1757/26/269 1756/28/269 1750/29/269
f 1750/29/270 1756/28/270 1755/14/270 1751/50/270
f 1763/6/271 1748/48/271 1758/53/271 1765/56/271
f 1765/56/23 1758/53/23 1759/23/23 1766/31/23
f 1766/31/23 1759/23/23 1760/8/23 1767/49/23
f 1761/32/272 1742/33/272 1752/34/272 1768/57/272
f 1768/57/609 1752/34/609 1753/58/609 1769/59/609
f 1769/59/274 1753/58/274 1754/45/274 1770/44/274
f 1750/38/275 1769/59/275 1770/44/275 1749/60/275
f 1751/61/276 1768/57/276 1769/59/276 1750/38/276
f 1741/41/277 1761/32/277 1768/57/277 1751/61/277
f 1756/28/23 1766/31/23 1767/49/23 1755/14/23
f 1757/26/23 1765/56/23 1766/31/23 1756/28/23
f 1747/55/23 1763/6/23 1765/56/23 1757/26/23
f 1745/51/20 1764/10/20 1761/12/20 1741/62/20
f 1755/14/23 1767/49/23 1764/10/23 1745/51/23
f 1743/43/2 1762/47/2 1763/6/2 1747/55/2
f 1749/60/278 1770/44/278 1762/47/278 1743/43/278
f 1800/1/589 1784/2/589 1774/3/589 1792/4/589
f 1792/4/20 1774/3/20 1778/5/20 1793/6/20
f 1797/7/23 1790/8/23 1776/9/23 1794/10/23
f 1794/10/590 1776/9/590 1772/11/590 1791/12/590
f 1781/13/591 1785/14/591 1775/15/591 1771/16/591
f 1790/8/592 1782/17/592 1772/18/592 1776/9/592
f 1778/5/593 1774/19/593 1784/20/593 1788/21/593
f 1788/21/594 1784/20/594 1783/22/594 1789/23/594
f 1789/23/595 1783/22/595 1782/17/595 1790/8/595
f 1773/24/596 1777/25/596 1787/26/596 1779/27/596
f 1779/27/597 1787/26/597 1786/28/597 1780/29/597
f 1780/29/598 1786/28/598 1785/14/598 1781/13/598
f 1793/6/599 1778/5/599 1788/21/599 1795/30/599
f 1795/30/23 1788/21/23 1789/23/23 1796/31/23
f 1796/31/23 1789/23/23 1790/8/23 1797/7/23
f 1791/32/600 1772/33/600 1782/34/600 1798/35/600
f 1798/35/601 1782/34/601 1783/36/601 1799/37/601
f 1799/37/602 1783/36/602 1784/2/602 1800/1/602
f 1780/38/603 1799/37/603 1800/1/603 1779/39/603
f 1781/40/604 1798/35/604 1799/37/604 1780/38/604
f 1771/41/605 1791/32/605 1798/35/605 1781/40/605
f 1786/28/477 1796/31/477 1797/7/477 1785/14/477
f 1787/26/478 1795/30/478 1796/31/478 1786/28/478
f 1777/25/23 1793/6/23 1795/30/23 1787/26/23
f 1775/15/2 1794/10/2 1791/12/2 1771/42/2
f 1785/14/23 1797/7/23 1794/10/23 1775/15/23
f 1773/43/20 1792/4/20 1793/6/20 1777/25/20
f 1779/39/606 1800/1/606 1792/4/606 1773/43/606
f 1830/44/293 1814/45/293 1804/46/293 1822/47/293
f 1822/47/2 1804/46/2 1808/48/2 1823/6/2
f 1827/49/23 1820/8/23 1806/9/23 1824/10/23
f 1824/10/294 1806/9/294 1802/11/294 1821/12/294
f 1811/50/295 1815/14/295 1805/51/295 1801/16/295
f 1820/8/296 1812/17/296 1802/18/296 1806/9/296
f 1808/48/297 1804/52/297 1814/20/297 1818/53/297
f 1818/53/298 1814/20/298 1813/54/298 1819/23/298
f 1819/23/299 1813/54/299 1812/17/299 1820/8/299
f 1803/24/300 1807/55/300 1817/26/300 1809/27/300
f 1809/27/301 1817/26/301 1816/28/301 1810/29/301
f 1810/29/302 1816/28/302 1815/14/302 1811/50/302
f 1823/6/303 1808/48/303 1818/53/303 1825/56/303
f 1825/56/23 1818/53/23 1819/23/23 1826/31/23
f 1826/31/23 1819/23/23 1820/8/23 1827/49/23
f 1821/32/304 1802/33/304 1812/34/304 1828/57/304
f 1828/57/305 1812/34/305 1813/58/305 1829/59/305
f 1829/59/306 1813/58/306 1814/45/306 1830/44/306
f 1810/38/307 1829/59/307 1830/44/307 1809/60/307
f 1811/61/308 1828/57/308 1829/59/308 1810/38/308
f 1801/41/309 1821/32/309 1828/57/309 1811/61/309
f 1816/28/23 1826/31/23 1827/49/23 1815/14/23
f 1817/26/23 1825/56/23 1826/31/23 1816/28/23
f 1807/55/23 1823/6/23 1825/56/23 1817/26/23
f 1805/51/20 1824/10/20 1821/12/20 1801/62/20
f 1815/14/23 1827/49/23 1824/10/23 1805/51/23
f 1803/43/2 1822/47/2 1823/6/2 1807/55/2
f 1809/60/310 1830/44/310 1822/47/310 1803/43/310
f 1860/44/225 1844/45/225 1834/46/225 1852/47/225
f 1852/47/20 1834/46/20 1838/48/20 1853/6/20
f 1857/49/3 1850/8/3 1836/9/3 1854/10/3
f 1854/10/226 1836/9/226 1832/11/226 1851/12/226
f 1841/50/227 1845/14/227 1835/51/227 1831/16/227
f 1850/8/228 1842/17/228 1832/18/228 1836/9/228
f 1838/48/229 1834/52/229 1844/20/229 1848/53/229
f 1848/53/230 1844/20/230 1843/54/230 1849/23/230
f 1849/23/231 1843/54/231 1842/17/231 1850/8/231
f 1833/24/232 1837/55/232 1847/26/232 1839/27/232
f 1839/27/233 1847/26/233 1846/28/233 1840/29/233
f 1840/29/234 1846/28/234 1845/14/234 1841/50/234
f 1853/6/235 1838/48/235 1848/53/235 1855/56/235
f 1855/56/3 1848/53/3 1849/23/3 1856/31/3
f 1856/31/3 1849/23/3 1850/8/3 1857/49/3
f 1851/32/236 1832/33/236 1842/34/236 1858/57/236
f 1858/57/237 1842/34/237 1843/58/237 1859/59/237
f 1859/59/610 1843/58/610 1844/45/610 1860/44/610
f 1840/38/239 1859/59/239 1860/44/239 1839/60/239
f 1841/61/240 1858/57/240 1859/59/240 1840/38/240
f 1831/41/241 1851/32/241 1858/57/241 1841/61/241
f 1846/28/3 1856/31/3 1857/49/3 1845/14/3
f 1847/26/3 1855/56/3 1856/31/3 1846/28/3
f 1837/55/3 1853/6/3 1855/56/3 1847/26/3
f 1835/51/2 1854/10/2 1851/12/2 1831/62/2
f 1845/14/3 1857/49/3 1854/10/3 1835/51/3
f 1833/43/20 1852/47/20 1853/6/20 1837/55/20
f 1839/60/242 1860/44/242 1852/47/242 1833/43/242
f 1878/4/2 1864/3/2 1868/5/2 1879/6/2
f 1882/7/3 1876/8/3 1866/9/3 1880/10/3
f 1880/10/611 1866/9/611 1862/11/611 1877/12/611
f 1870/13/612 1873/14/612 1865/15/612 1861/16/612
f 1876/8/613 1871/17/613 1862/18/613 1866/9/613
f 1867/25/614 1874/28/614 1869/29/614 1863/24/614
f 1875/23/615 1872/22/615 1871/17/615 1876/8/615
f 1867/25/3 1879/6/3 1881/31/3 1874/28/3
f 1869/29/616 1874/28/616 1873/14/616 1870/13/616
f 1884/37/617 1872/36/617 1864/3/617 1878/4/617
f 1881/31/3 1875/23/3 1876/8/3 1882/7/3
f 1877/32/618 1862/33/618 1871/34/618 1883/35/618
f 1883/35/619 1871/34/619 1872/36/619 1884/37/619
f 1868/5/620 1875/23/620 1881/31/620 1879/6/620
f 1870/40/621 1883/35/621 1884/37/621 1869/38/621
f 1861/41/622 1877/32/622 1883/35/622 1870/40/622
f 1874/28/623 1881/31/623 1882/7/623 1873/14/623
f 1884/37/624 1878/4/624 1863/43/624 1869/38/624
f 1865/15/20 1880/10/20 1877/12/20 1861/42/20
f 1873/14/3 1882/7/3 1880/10/3 1865/15/3
f 1863/43/2 1878/4/2 1879/6/2 1867/25/2
f 1864/19/625 1872/22/625 1875/23/625 1868/5/625
f 1914/1/505 1898/2/505 1888/3/505 1906/4/505
f 1906/4/20 1888/3/20 1892/5/20 1907/6/20
f 1911/7/23 1904/8/23 1890/9/23 1908/10/23
f 1908/10/506 1890/9/506 1886/11/506 1905/12/506
f 1895/13/507 1899/14/507 1889/15/507 1885/16/507
f 1904/8/508 1896/17/508 1886/18/508 1890/9/508
f 1892/5/509 1888/19/509 1898/20/509 1902/21/509
f 1902/21/510 1898/20/510 1897/22/510 1903/23/510
f 1903/23/511 1897/22/511 1896/17/511 1904/8/511
f 1887/24/512 1891/25/512 1901/26/512 1893/27/512
f 1893/27/513 1901/26/513 1900/28/513 1894/29/513
f 1894/29/514 1900/28/514 1899/14/514 1895/13/514
f 1907/6/515 1892/5/515 1902/21/515 1909/30/515
f 1909/30/23 1902/21/23 1903/23/23 1910/31/23
f 1910/31/23 1903/23/23 1904/8/23 1911/7/23
f 1905/32/516 1886/33/516 1896/34/516 1912/35/516
f 1912/35/517 1896/34/517 1897/36/517 1913/37/517
f 1913/37/518 1897/36/518 1898/2/518 1914/1/518
f 1894/38/519 1913/37/519 1914/1/519 1893/39/519
f 1895/40/520 1912/35/520 1913/37/520 1894/38/520
f 1885/41/521 1905/32/521 1912/35/521 1895/40/521
f 1900/28/23 1910/31/23 1911/7/23 1899/14/23
f 1901/26/478 1909/30/478 1910/31/478 1900/28/478
f 1891/25/23 1907/6/23 1909/30/23 1901/26/23
f 1889/15/2 1908/10/2 1905/12/2 1885/42/2
f 1899/14/23 1911/7/23 1908/10/23 1889/15/23
f 1887/43/20 1906/4/20 1907/6/20 1891/25/20
f 1893/39/522 1914/1/522 1906/4/522 1887/43/522
f 1944/44/207 1928/45/207 1918/46/207 1936/47/207
f 1936/47/2 1918/46/2 1922/48/2 1937/6/2
f 1941/49/3 1934/8/3 1920/9/3 1938/10/3
f 1938/10/208 1920/9/208 1916/11/208 1935/12/208
f 1925/50/209 1929/14/209 1919/51/209 1915/16/209
f 1934/8/210 1926/17/210 1916/18/210 1920/9/210
f 1922/48/211 1918/52/211 1928/20/211 1932/53/211
f 1932/53/212 1928/20/212 1927/54/212 1933/23/212
f 1933/23/213 1927/54/213 1926/17/213 1934/8/213
f 1917/24/214 1921/55/214 1931/26/214 1923/27/214
f 1923/27/215 1931/26/215 1930/28/215 1924/29/215
f 1924/29/216 1930/28/216 1929/14/216 1925/50/216
f 1937/6/217 1922/48/217 1932/53/217 1939/56/217
f 1939/56/3 1932/53/3 1933/23/3 1940/31/3
f 1940/31/3 1933/23/3 1934/8/3 1941/49/3
f 1935/32/218 1916/33/218 1926/34/218 1942/57/218
f 1942/57/219 1926/34/219 1927/58/219 1943/59/219
f 1943/59/220 1927/58/220 1928/45/220 1944/44/220
f 1924/38/221 1943/59/221 1944/44/221 1923/60/221
f 1925/61/222 1942/57/222 1943/59/222 1924/38/222
f 1915/41/223 1935/32/223 1942/57/223 1925/61/223
f 1930/28/3 1940/31/3 1941/49/3 1929/14/3
f 1931/26/3 1939/56/3 1940/31/3 1930/28/3
f 1921/55/3 1937/6/3 1939/56/3 1931/26/3
f 1919/51/20 1938/10/20 1935/12/20 1915/62/20
f 1929/14/3 1941/49/3 1938/10/3 1919/51/3
f 1917/43/2 1936/47/2 1937/6/2 1921/55/2
f 1923/60/224 1944/44/224 1936/47/224 1917/43/224
f 1974/1/589 1958/2/589 1948/3/589 1966/4/589
f 1966/4/20 1948/3/20 1952/5/20 1967/6/20
f 1971/7/23 1964/8/23 1950/9/23 1968/10/23
f 1968/10/590 1950/9/590 1946/11/590 1965/12/590
f 1955/13/591 1959/14/591 1949/15/591 1945/16/591
f 1964/8/592 1956/17/592 1946/18/592 1950/9/592
f 1952/5/593 1948/19/593 1958/20/593 1962/21/593
f 1962/21/594 1958/20/594 1957/22/594 1963/23/594
f 1963/23/595 1957/22/595 1956/17/595 1964/8/595
f 1947/24/596 1951/25/596 1961/26/596 1953/27/596
f 1953/27/597 1961/26/597 1960/28/597 1954/29/597
f 1954/29/598 1960/28/598 1959/14/598 1955/13/598
f 1967/6/599 1952/5/599 1962/21/599 1969/30/599
f 1969/30/23 1962/21/23 1963/23/23 1970/31/23
f 1970/31/23 1963/23/23 1964/8/23 1971/7/23
f 1965/32/600 1946/33/600 1956/34/600 1972/35/600
f 1972/35/601 1956/34/601 1957/36/601 1973/37/601
f 1973/37/602 1957/36/602 1958/2/602 1974/1/602
f 1954/38/603 1973/37/603 1974/1/603 1953/39/603
f 1955/40/604 1972/35/604 1973/37/604 1954/38/604
f 1945/41/605 1965/32/605 1972/35/605 1955/40/605
f 1960/28/477 1970/31/477 1971/7/477 1959/14/477
f 1961/26/478 1969/30/478 1970/31/478 1960/28/478
f 1951/25/23 1967/6/23 1969/30/23 1961/26/23
f 1949/15/2 1968/10/2 1965/12/2 1945/42/2
f 1959/14/23 1971/7/23 1968/10/23 1949/15/23
f 1947/43/20 1966/4/20 1967/6/20 1951/25/20
f 1953/39/606 1974/1/606 1966/4/606 1947/43/606
f 2004/44/343 1988/45/343 1978/46/343 1996/47/343
f 1996/47/20 1978/46/20 1982/48/20 1997/6/20
f 2001/49/23 1994/8/23 1980/9/23 1998/10/23
f 1998/10/344 1980/9/344 1976/11/344 1995/12/344
f 1985/50/345 1989/14/345 1979/51/345 1975/16/345
f 1994/8/346 1986/17/346 1976/18/346 1980/9/346
f 1982/48/347 1978/52/347 1988/20/347 1992/53/347
f 1992/53/348 1988/20/348 1987/54/348 1993/23/348
f 1993/23/349 1987/54/349 1986/17/349 1994/8/349
f 1977/24/350 1981/55/350 1991/26/350 1983/27/350
f 1983/27/351 1991/26/351 1990/28/351 1984/29/351
f 1984/29/352 1990/28/352 1989/14/352 1985/50/352
f 1997/6/353 1982/48/353 1992/53/353 1999/56/353
f 1999/56/23 1992/53/23 1993/23/23 2000/31/23
f 2000/31/23 1993/23/23 1994/8/23 2001/49/23
f 1995/32/354 1976/33/354 1986/34/354 2002/57/354
f 2002/57/355 1986/34/355 1987/58/355 2003/59/355
f 2003/59/356 1987/58/356 1988/45/356 2004/44/356
f 1984/38/357 2003/59/357 2004/44/357 1983/60/357
f 1985/61/358 2002/57/358 2003/59/358 1984/38/358
f 1975/41/359 1995/32/359 2002/57/359 1985/61/359
f 1990/28/23 2000/31/23 2001/49/23 1989/14/23
f 1991/26/23 1999/56/23 2000/31/23 1990/28/23
f 1981/55/23 1997/6/23 1999/56/23 1991/26/23
f 1979/51/2 1998/10/2 1995/12/2 1975/62/2
f 1989/14/23 2001/49/23 1998/10/23 1979/51/23
f 1977/43/20 1996/47/20 1997/6/20 1981/55/20
f 1983/60/360 2004/44/360 1996/47/360 1977/43/360
f 2022/4/20 2008/3/20 2012/5/20 2023/6/20
f 2026/7/3 2020/8/3 2010/9/3 2024/10/3
f 2024/10/608 2010/9/608 2006/11/608 2021/12/608
f 2014/13/527 2017/14/527 2009/15/527 2005/16/527
f 2020/8/528 2015/17/528 2006/18/528 2010/9/528
f 2011/25/529 2018/28/529 2013/29/529 2007/24/529
f 2019/23/530 2016/22/530 2015/17/530 2020/8/530
f 2011/25/3 2023/6/3 2025/31/3 2018/28/3
f 2013/29/531 2018/28/531 2017/14/531 2014/13/531
f 2028/37/532 2016/36/532 2008/3/532 2022/4/532
f 2025/31/3 2019/23/3 2020/8/3 2026/7/3
f 2021/32/533 2006/33/533 2015/34/533 2027/35/533
f 2027/35/534 2015/34/534 2016/36/534 2028/37/534
f 2012/5/535 2019/23/535 2025/31/535 2023/6/535
f 2014/40/536 2027/35/536 2028/37/536 2013/38/536
f 2005/41/537 2021/32/537 2027/35/537 2014/40/537
f 2018/28/3 2025/31/3 2026/7/3 2017/14/3
f 2028/37/539 2022/4/539 2007/43/539 2013/38/539
f 2009/15/2 2024/10/2 2021/12/2 2005/42/2
f 2017/14/3 2026/7/3 2024/10/3 2009/15/3
f 2007/43/20 2022/4/20 2023/6/20 2011/25/20
f 2008/19/540 2016/22/540 2019/23/540 2012/5/540
f 2058/1/589 2042/2/589 2032/3/589 2050/4/589
f 2050/4/20 2032/3/20 2036/5/20 2051/6/20
f 2055/7/23 2048/8/23 2034/9/23 2052/10/23
f 2052/10/590 2034/9/590 2030/11/590 2049/12/590
f 2039/13/591 2043/14/591 2033/15/591 2029/16/591
f 2048/8/592 2040/17/592 2030/18/592 2034/9/592
f 2036/5/593 2032/19/593 2042/20/593 2046/21/593
f 2046/21/594 2042/20/594 2041/22/594 2047/23/594
f 2047/23/595 2041/22/595 2040/17/595 2048/8/595
f 2031/24/596 2035/25/596 2045/26/596 2037/27/596
f 2037/27/597 2045/26/597 2044/28/597 2038/29/597
f 2038/29/598 2044/28/598 2043/14/598 2039/13/598
f 2051/6/599 2036/5/599 2046/21/599 2053/30/599
f 2053/30/23 2046/21/23 2047/23/23 2054/31/23
f 2054/31/23 2047/23/23 2048/8/23 2055/7/23
f 2049/32/600 2030/33/600 2040/34/600 2056/35/600
f 2056/35/601 2040/34/601 2041/36/601 2057/37/601
f 2057/37/602 2041/36/602 2042/2/602 2058/1/602
f 2038/38/603 2057/37/603 2058/1/603 2037/39/603
f 2039/40/604 2056/35/604 2057/37/604 2038/38/604
f 2029/41/605 2049/32/605 2056/35/605 2039/40/605
f 2044/28/477 2054/31/477 2055/7/477 2043/14/477
f 2045/26/478 2053/30/478 2054/31/478 2044/28/478
f 2035/25/23 2051/6/23 2053/30/23 2045/26/23
f 2033/15/2 2052/10/2 2049/12/2 2029/42/2
f 2043/14/23 2055/7/23 2052/10/23 2033/15/23
f 2031/43/20 2050/4/20 2051/6/20 2035/25/20
f 2037/39/606 2058/1/606 2050/4/606 2031/43/606
f 2088/44/243 2072/45/243 2062/46/243 2080/47/243
f 2080/47/20 2062/46/20 2066/48/20 2081/6/20
f 2085/49/3 2078/8/3 2064/9/3 2082/10/3
f 2082/10/244 2064/9/244 2060/11/244 2079/12/244
f 2069/50/245 2073/14/245 2063/51/245 2059/16/245
f 2078/8/246 2070/17/246 2060/18/246 2064/9/246
f 2066/48/247 2062/52/247 2072/20/247 2076/53/247
f 2076/53/248 2072/20/248 2071/54/248 2077/23/248
f 2077/23/249 2071/54/249 2070/17/249 2078/8/249
f 2061/24/250 2065/55/250 2075/26/250 2067/27/250
f 2067/27/251 2075/26/251 2074/28/251 2068/29/251
f 2068/29/252 2074/28/252 2073/14/252 2069/50/252
f 2081/6/253 2066/48/253 2076/53/253 2083/56/253
f 2083/56/3 2076/53/3 2077/23/3 2084/31/3
f 2084/31/3 2077/23/3 2078/8/3 2085/49/3
f 2079/32/254 2060/33/254 2070/34/254 2086/57/254
f 2086/57/255 2070/34/255 2071/58/255 2087/59/255
f 2087/59/256 2071/58/256 2072/45/256 2088/44/256
f 2068/38/257 2087/59/257 2088/44/257 2067/60/257
f 2069/61/258 2086/57/258 2087/59/258 2068/38/258
f 2059/41/259 2079/32/259 2086/57/259 2069/61/259
f 2074/28/3 2084/31/3 2085/49/3 2073/14/3
f 2075/26/3 2083/56/3 2084/31/3 2074/28/3
f 2065/55/3 2081/6/3 2083/56/3 2075/26/3
f 2063/51/2 2082/10/2 2079/12/2 2059/62/2
f 2073/14/3 2085/49/3 2082/10/3 2063/51/3
f 2061/43/20 2080/47/20 2081/6/20 2065/55/20
f 2067/60/260 2088/44/260 2080/47/260 2061/43/260
f 2106/4/20 2092/3/20 2096/5/20 2107/6/20
f 2110/7/3 2104/8/3 2094/9/3 2108/10/3
f 2108/10/608 2094/9/608 2090/11/608 2105/12/608
f 2098/13/527 2101/14/527 2093/15/527 2089/16/527
f 2104/8/528 2099/17/528 2090/18/528 2094/9/528
f 2095/25/529 2102/28/529 2097/29/529 2091/24/529
f 2103/23/530 2100/22/530 2099/17/530 2104/8/530
f 2095/25/3 2107/6/3 2109/31/3 2102/28/3
f 2097/29/531 2102/28/531 2101/14/531 2098/13/531
f 2112/37/532 2100/36/532 2092/3/532 2106/4/532
f 2109/31/3 2103/23/3 2104/8/3 2110/7/3
f 2105/32/533 2090/33/533 2099/34/533 2111/35/533
f 2111/35/534 2099/34/534 2100/36/534 2112/37/534
f 2096/5/535 2103/23/535 2109/31/535 2107/6/535
f 2098/40/536 2111/35/536 2112/37/536 2097/38/536
f 2089/41/537 2105/32/537 2111/35/537 2098/40/537
f 2102/28/3 2109/31/3 2110/7/3 2101/14/3
f 2112/37/539 2106/4/539 2091/43/539 2097/38/539
f 2093/15/2 2108/10/2 2105/12/2 2089/42/2
f 2101/14/3 2110/7/3 2108/10/3 2093/15/3
f 2091/43/20 2106/4/20 2107/6/20 2095/25/20
f 2092/19/540 2100/22/540 2103/23/540 2096/5/540
f 2142/44/261 2126/45/261 2116/46/261 2134/47/261
f 2134/47/2 2116/46/2 2120/48/2 2135/6/2
f 2139/49/23 2132/8/23 2118/9/23 2136/10/23
f 2136/10/262 2118/9/262 2114/11/262 2133/12/262
f 2123/50/263 2127/14/263 2117/51/263 2113/16/263
f 2132/8/264 2124/17/264 2114/18/264 2118/9/264
f 2120/48/265 2116/52/265 2126/20/265 2130/53/265
f 2130/53/266 2126/20/266 2125/54/266 2131/23/266
f 2131/23/267 2125/54/267 2124/17/267 2132/8/267
f 2115/24/268 2119/55/268 2129/26/268 2121/27/268
f 2121/27/269 2129/26/269 2128/28/269 2122/29/269
f 2122/29/270 2128/28/270 2127/14/270 2123/50/270
f 2135/6/271 2120/48/271 2130/53/271 2137/56/271
f 2137/56/23 2130/53/23 2131/23/23 2138/31/23
f 2138/31/23 2131/23/23 2132/8/23 2139/49/23
f 2133/32/272 2114/33/272 2124/34/272 2140/57/272
f 2140/57/273 2124/34/273 2125/58/273 2141/59/273
f 2141/59/626 2125/58/626 2126/45/626 2142/44/626
f 2122/38/275 2141/59/275 2142/44/275 2121/60/275
f 2123/61/276 2140/57/276 2141/59/276 2122/38/276
f 2113/41/277 2133/32/277 2140/57/277 2123/61/277
f 2128/28/477 2138/31/477 2139/49/477 2127/14/477
f 2129/26/23 2137/56/23 2138/31/23 2128/28/23
f 2119/55/23 2135/6/23 2137/56/23 2129/26/23
f 2117/51/20 2136/10/20 2133/12/20 2113/62/20
f 2127/14/23 2139/49/23 2136/10/23 2117/51/23
f 2115/43/2 2134/47/2 2135/6/2 2119/55/2
f 2121/60/278 2142/44/278 2134/47/278 2115/43/278
f 2160/4/2 2146/3/2 2150/5/2 2161/6/2
f 2164/7/3 2158/8/3 2148/9/3 2162/10/3
f 2162/10/611 2148/9/611 2144/11/611 2159/12/611
f 2152/13/612 2155/14/612 2147/15/612 2143/16/612
f 2158/8/613 2153/17/613 2144/18/613 2148/9/613
f 2149/25/614 2156/28/614 2151/29/614 2145/24/614
f 2157/23/615 2154/22/615 2153/17/615 2158/8/615
f 2149/25/3 2161/6/3 2163/31/3 2156/28/3
f 2151/29/616 2156/28/616 2155/14/616 2152/13/616
f 2166/37/617 2154/36/617 2146/3/617 2160/4/617
f 2163/31/3 2157/23/3 2158/8/3 2164/7/3
f 2159/32/618 2144/33/618 2153/34/618 2165/35/618
f 2165/35/619 2153/34/619 2154/36/619 2166/37/619
f 2150/5/620 2157/23/620 2163/31/620 2161/6/620
f 2152/40/621 2165/35/621 2166/37/621 2151/38/621
f 2143/41/622 2159/32/622 2165/35/622 2152/40/622
f 2156/28/623 2163/31/623 2164/7/623 2155/14/623
f 2166/37/624 2160/4/624 2145/43/624 2151/38/624
f 2147/15/20 2162/10/20 2159/12/20 2143/42/20
f 2155/14/3 2164/7/3 2162/10/3 2147/15/3
f 2145/43/2 2160/4/2 2161/6/2 2149/25/2
f 2146/19/625 2154/22/625 2157/23/625 2150/5/625
f 2196/1/505 2180/2/505 2170/3/505 2188/4/505
f 2188/4/20 2170/3/20 2174/5/20 2189/6/20
f 2193/7/23 2186/8/23 2172/9/23 2190/10/23
f 2190/10/506 2172/9/506 2168/11/506 2187/12/506
f 2177/13/507 2181/14/507 2171/15/507 2167/16/507
f 2186/8/508 2178/17/508 2168/18/508 2172/9/508
f 2174/5/509 2170/19/509 2180/20/509 2184/21/509
f 2184/21/510 2180/20/510 2179/22/510 2185/23/510
f 2185/23/511 2179/22/511 2178/17/511 2186/8/511
f 2169/24/512 2173/25/512 2183/26/512 2175/27/512
f 2175/27/513 2183/26/513 2182/28/513 2176/29/513
f 2176/29/514 2182/28/514 2181/14/514 2177/13/514
f 2189/6/515 2174/5/515 2184/21/515 2191/30/515
f 2191/30/23 2184/21/23 2185/23/23 2192/31/23
f 2192/31/23 2185/23/23 2186/8/23 2193/7/23
f 2187/32/516 2168/33/516 2178/34/516 2194/35/516
f 2194/35/517 2178/34/517 2179/36/517 2195/37/517
f 2195/37/518 2179/36/518 2180/2/518 2196/1/518
f 2176/38/519 2195/37/519 2196/1/519 2175/39/519
f 2177/40/520 2194/35/520 2195/37/520 2176/38/520
f 2167/41/521 2187/32/521 2194/35/521 2177/40/521
f 2182/28/23 2192/31/23 2193/7/23 2181/14/23
f 2183/26/478 2191/30/478 2192/31/478 2182/28/478
f 2173/25/23 2189/6/23 2191/30/23 2183/26/23
f 2171/15/2 2190/10/2 2187/12/2 2167/42/2
f 2181/14/23 2193/7/23 2190/10/23 2171/15/23
f 2169/43/20 2188/4/20 2189/6/20 2173/25/20
f 2175/39/522 2196/1/522 2188/4/522 2169/43/522
f 2226/1/105 2210/2/105 2200/3/105 2218/4/105
f 2218/4/20 2200/3/20 2204/5/20 2219/6/20
f 2223/7/3 2216/8/3 2202/9/3 2220/10/3
f 2220/10/106 2202/9/106 2198/11/106 2217/12/106
f 2207/13/107 2211/14/107 2201/15/107 2197/16/107
f 2216/8/108 2208/17/108 2198/18/108 2202/9/108
f 2204/5/109 2200/19/109 2210/20/109 2214/21/109
f 2214/21/110 2210/20/110 2209/22/110 2215/23/110
f 2215/23/111 2209/22/111 2208/17/111 2216/8/111
f 2199/24/112 2203/25/112 2213/26/112 2205/27/112
f 2205/27/113 2213/26/113 2212/28/113 2206/29/113
f 2206/29/114 2212/28/114 2211/14/114 2207/13/114
f 2219/6/115 2204/5/115 2214/21/115 2221/30/115
f 2221/30/3 2214/21/3 2215/23/3 2222/31/3
f 2222/31/3 2215/23/3 2216/8/3 2223/7/3
f 2217/32/116 2198/33/116 2208/34/116 2224/35/116
f 2224/35/117 2208/34/117 2209/36/117 2225/37/117
f 2225/37/627 2209/36/627 2210/2/627 2226/1/627
f 2206/38/119 2225/37/119 2226/1/119 2205/39/119
f 2207/40/120 2224/35/120 2225/37/120 2206/38/120
f 2197/41/121 2217/32/121 2224/35/121 2207/40/121
f 2212/28/623 2222/31/623 2223/7/623 2211/14/623
f 2213/26/3 2221/30/3 2222/31/3 2212/28/3
f 2203/25/3 2219/6/3 2221/30/3 2213/26/3
f 2201/15/2 2220/10/2 2217/12/2 2197/42/2
f 2211/14/3 2223/7/3 2220/10/3 2201/15/3
f 2199/43/20 2218/4/20 2219/6/20 2203/25/20
f 2205/39/122 2226/1/122 2218/4/122 2199/43/122
f 2244/4/20 2230/3/20 2234/5/20 2245/6/20
f 2248/7/3 2242/8/3 2232/9/3 2246/10/3
f 2246/10/375 2232/9/375 2228/11/375 2243/12/375
f 2236/13/376 2239/14/376 2231/15/376 2227/16/376
f 2242/8/377 2237/17/377 2228/18/377 2232/9/377
f 2233/25/378 2240/28/378 2235/29/378 2229/24/378
f 2241/23/379 2238/22/379 2237/17/379 2242/8/379
f 2233/25/3 2245/6/3 2247/31/3 2240/28/3
f 2235/29/380 2240/28/380 2239/14/380 2236/13/380
f 2250/37/381 2238/36/381 2230/3/381 2244/4/381
f 2247/31/3 2241/23/3 2242/8/3 2248/7/3
f 2243/32/382 2228/33/382 2237/34/382 2249/35/382
f 2249/35/383 2237/34/383 2238/36/383 2250/37/383
f 2234/5/384 2241/23/384 2247/31/384 2245/6/384
f 2236/40/385 2249/35/385 2250/37/385 2235/38/385
f 2227/41/628 2243/32/628 2249/35/628 2236/40/628
f 2240/28/3 2247/31/3 2248/7/3 2239/14/3
f 2250/37/387 2244/4/387 2229/43/387 2235/38/387
f 2231/15/2 2246/10/2 2243/12/2 2227/42/2
f 2239/14/3 2248/7/3 2246/10/3 2231/15/3
f 2229/43/20 2244/4/20 2245/6/20 2233/25/20
f 2230/19/388 2238/22/388 2241/23/388 2234/5/388
f 2280/44/343 2264/45/343 2254/46/343 2272/47/343
f 2272/47/20 2254/46/20 2258/48/20 2273/6/20
f 2277/49/23 2270/8/23 2256/9/23 2274/10/23
f 2274/10/344 2256/9/344 2252/11/344 2271/12/344
f 2261/50/345 2265/14/345 2255/51/345 2251/16/345
f 2270/8/346 2262/17/346 2252/18/346 2256/9/346
f 2258/48/347 2254/52/347 2264/20/347 2268/53/347
f 2268/53/348 2264/20/348 2263/54/348 2269/23/348
f 2269/23/349 2263/54/349 2262/17/349 2270/8/349
f 2253/24/350 2257/55/350 2267/26/350 2259/27/350
f 2259/27/351 2267/26/351 2266/28/351 2260/29/351
f 2260/29/352 2266/28/352 2265/14/352 2261/50/352
f 2273/6/353 2258/48/353 2268/53/353 2275/56/353
f 2275/56/23 2268/53/23 2269/23/23 2276/31/23
f 2276/31/23 2269/23/23 2270/8/23 2277/49/23
f 2271/32/523 2252/33/523 2262/34/523 2278/57/523
f 2278/57/355 2262/34/355 2263/58/355 2279/59/355
f 2279/59/356 2263/58/356 2264/45/356 2280/44/356
f 2260/38/357 2279/59/357 2280/44/357 2259/60/357
f 2261/61/358 2278/57/358 2279/59/358 2260/38/358
f 2251/41/359 2271/32/359 2278/57/359 2261/61/359
f 2266/28/23 2276/31/23 2277/49/23 2265/14/23
f 2267/26/23 2275/56/23 2276/31/23 2266/28/23
f 2257/55/23 2273/6/23 2275/56/23 2267/26/23
f 2255/51/2 2274/10/2 2271/12/2 2251/62/2
f 2265/14/23 2277/49/23 2274/10/23 2255/51/23
f 2253/43/20 2272/47/20 2273/6/20 2257/55/20
f 2259/60/360 2280/44/360 2272/47/360 2253/43/360
f 2310/44/73 2294/45/73 2284/46/73 2302/47/73
f 2302/47/2 2284/46/2 2288/48/2 2303/6/2
f 2307/49/3 2300/8/3 2286/9/3 2304/10/3
f 2304/10/74 2286/9/74 2282/11/74 2301/12/74
f 2291/50/75 2295/14/75 2285/51/75 2281/16/75
f 2300/8/76 2292/17/76 2282/18/76 2286/9/76
f 2288/48/77 2284/52/77 2294/20/77 2298/53/77
f 2298/53/78 2294/20/78 2293/54/78 2299/23/78
f 2299/23/79 2293/54/79 2292/17/79 2300/8/79
f 2283/24/80 2287/55/80 2297/26/80 2289/27/80
f 2289/27/81 2297/26/81 2296/28/81 2290/29/81
f 2290/29/82 2296/28/82 2295/14/82 2291/50/82
f 2303/6/83 2288/48/83 2298/53/83 2305/56/83
f 2305/56/3 2298/53/3 2299/23/3 2306/31/3
f 2306/31/3 2299/23/3 2300/8/3 2307/49/3
f 2301/32/84 2282/33/84 2292/34/84 2308/57/84
f 2308/57/85 2292/34/85 2293/58/85 2309/59/85
f 2309/59/629 2293/58/629 2294/45/629 2310/44/629
f 2290/38/87 2309/59/87 2310/44/87 2289/60/87
f 2291/61/88 2308/57/88 2309/59/88 2290/38/88
f 2281/41/89 2301/32/89 2308/57/89 2291/61/89
f 2296/28/3 2306/31/3 2307/49/3 2295/14/3
f 2297/26/3 2305/56/3 2306/31/3 2296/28/3
f 2287/55/3 2303/6/3 2305/56/3 2297/26/3
f 2285/51/20 2304/10/20 2301/12/20 2281/62/20
f 2295/14/3 2307/49/3 2304/10/3 2285/51/3
f 2283/43/2 2302/47/2 2303/6/2 2287/55/2
f 2289/60/90 2310/44/90 2302/47/90 2283/43/90
f 2328/4/2 2314/3/2 2318/5/2 2329/6/2
f 2332/7/3 2326/8/3 2316/9/3 2330/10/3
f 2330/10/630 2316/9/630 2312/11/630 2327/12/630
f 2320/13/631 2323/14/631 2315/15/631 2311/16/631
f 2326/8/632 2321/17/632 2312/18/632 2316/9/632
f 2317/25/633 2324/28/633 2319/29/633 2313/24/633
f 2325/23/634 2322/22/634 2321/17/634 2326/8/634
f 2317/25/3 2329/6/3 2331/31/3 2324/28/3
f 2319/29/635 2324/28/635 2323/14/635 2320/13/635
f 2334/37/636 2322/36/636 2314/3/636 2328/4/636
f 2331/31/3 2325/23/3 2326/8/3 2332/7/3
f 2327/32/637 2312/33/637 2321/34/637 2333/35/637
f 2333/35/638 2321/34/638 2322/36/638 2334/37/638
f 2318/5/639 2325/23/639 2331/31/639 2329/6/639
f 2320/40/640 2333/35/640 2334/37/640 2319/38/640
f 2311/41/641 2327/32/641 2333/35/641 2320/40/641
f 2324/28/623 2331/31/623 2332/7/623 2323/14/623
f 2334/37/642 2328/4/642 2313/43/642 2319/38/642
f 2315/15/20 2330/10/20 2327/12/20 2311/42/20
f 2323/14/3 2332/7/3 2330/10/3 2315/15/3
f 2313/43/2 2328/4/2 2329/6/2 2317/25/2
f 2314/19/643 2322/22/643 2325/23/643 2318/5/643
f 2352/4/2 2338/3/2 2342/5/2 2353/6/2
f 2356/7/23 2350/8/23 2340/9/23 2354/10/23
f 2354/10/329 2340/9/329 2336/11/329 2351/12/329
f 2344/13/330 2347/14/330 2339/15/330 2335/16/330
f 2350/8/331 2345/17/331 2336/18/331 2340/9/331
f 2341/25/332 2348/28/332 2343/29/332 2337/24/332
f 2349/23/333 2346/22/333 2345/17/333 2350/8/333
f 2341/25/23 2353/6/23 2355/31/23 2348/28/23
f 2343/29/334 2348/28/334 2347/14/334 2344/13/334
f 2358/37/335 2346/36/335 2338/3/335 2352/4/335
f 2355/31/23 2349/23/23 2350/8/23 2356/7/23
f 2351/32/336 2336/33/336 2345/34/336 2357/35/336
f 2357/35/337 2345/34/337 2346/36/337 2358/37/337
f 2342/5/338 2349/23/338 2355/31/338 2353/6/338
f 2344/40/339 2357/35/339 2358/37/339 2343/38/339
f 2335/41/340 2351/32/340 2357/35/340 2344/40/340
f 2348/28/23 2355/31/23 2356/7/23 2347/14/23
f 2358/37/341 2352/4/341 2337/43/341 2343/38/341
f 2339/15/20 2354/10/20 2351/12/20 2335/42/20
f 2347/14/23 2356/7/23 2354/10/23 2339/15/23
f 2337/43/2 2352/4/2 2353/6/2 2341/25/2
f 2338/19/342 2346/22/342 2349/23/342 2342/5/342
f 2388/1/589 2372/2/589 2362/3/589 2380/4/589
f 2380/4/20 2362/3/20 2366/5/20 2381/6/20
f 2385/7/23 2378/8/23 2364/9/23 2382/10/23
f 2382/10/590 2364/9/590 2360/11/590 2379/12/590
f 2369/13/591 2373/14/591 2363/15/591 2359/16/591
f 2378/8/592 2370/17/592 2360/18/592 2364/9/592
f 2366/5/593 2362/19/593 2372/20/593 2376/21/593
f 2376/21/594 2372/20/594 2371/22/594 2377/23/594
f 2377/23/595 2371/22/595 2370/17/595 2378/8/595
f 2361/24/596 2365/25/596 2375/26/596 2367/27/596
f 2367/27/597 2375/26/597 2374/28/597 2368/29/597
f 2368/29/598 2374/28/598 2373/14/598 2369/13/598
f 2381/6/599 2366/5/599 2376/21/599 2383/30/599
f 2383/30/23 2376/21/23 2377/23/23 2384/31/23
f 2384/31/23 2377/23/23 2378/8/23 2385/7/23
f 2379/32/600 2360/33/600 2370/34/600 2386/35/600
f 2386/35/601 2370/34/601 2371/36/601 2387/37/601
f 2387/37/644 2371/36/644 2372/2/644 2388/1/644
f 2368/38/603 2387/37/603 2388/1/603 2367/39/603
f 2369/40/604 2386/35/604 2387/37/604 2368/38/604
f 2359/41/605 2379/32/605 2386/35/605 2369/40/605
f 2374/28/23 2384/31/23 2385/7/23 2373/14/23
f 2375/26/478 2383/30/478 2384/31/478 2374/28/478
f 2365/25/23 2381/6/23 2383/30/23 2375/26/23
f 2363/15/2 2382/10/2 2379/12/2 2359/42/2
f 2373/14/23 2385/7/23 2382/10/23 2363/15/23
f 2361/43/20 2380/4/20 2381/6/20 2365/25/20
f 2367/39/606 2388/1/606 2380/4/606 2361/43/606
f 2418/44/261 2402/45/261 2392/46/261 2410/47/261
f 2410/47/2 2392/46/2 2396/48/2 2411/6/2
f 2415/49/23 2408/8/23 2394/9/23 2412/10/23
f 2412/10/262 2394/9/262 2390/11/262 2409/12/262
f 2399/50/263 2403/14/263 2393/51/263 2389/16/263
f 2408/8/264 2400/17/264 2390/18/264 2394/9/264
f 2396/48/265 2392/52/265 2402/20/265 2406/53/265
f 2406/53/266 2402/20/266 2401/54/266 2407/23/266
f 2407/23/267 2401/54/267 2400/17/267 2408/8/267
f 2391/24/268 2395/55/268 2405/26/268 2397/27/268
f 2397/27/269 2405/26/269 2404/28/269 2398/29/269
f 2398/29/270 2404/28/270 2403/14/270 2399/50/270
f 2411/6/271 2396/48/271 2406/53/271 2413/56/271
f 2413/56/23 2406/53/23 2407/23/23 2414/31/23
f 2414/31/23 2407/23/23 2408/8/23 2415/49/23
f 2409/32/645 2390/33/645 2400/34/645 2416/57/645
f 2416/57/273 2400/34/273 2401/58/273 2417/59/273
f 2417/59/274 2401/58/274 2402/45/274 2418/44/274
f 2398/38/275 2417/59/275 2418/44/275 2397/60/275
f 2399/61/276 2416/57/276 2417/59/276 2398/38/276
f 2389/41/277 2409/32/277 2416/57/277 2399/61/277
f 2404/28/23 2414/31/23 2415/49/23 2403/14/23
f 2405/26/23 2413/56/23 2414/31/23 2404/28/23
f 2395/55/23 2411/6/23 2413/56/23 2405/26/23
f 2393/51/20 2412/10/20 2409/12/20 2389/62/20
f 2403/14/23 2415/49/23 2412/10/23 2393/51/23
f 2391/43/2 2410/47/2 2411/6/2 2395/55/2
f 2397/60/278 2418/44/278 2410/47/278 2391/43/278
f 2436/4/20 2422/3/20 2426/5/20 2437/6/20
f 2440/7/3 2434/8/3 2424/9/3 2438/10/3
f 2438/10/608 2424/9/608 2420/11/608 2435/12/608
f 2428/13/527 2431/14/527 2423/15/527 2419/16/527
f 2434/8/528 2429/17/528 2420/18/528 2424/9/528
f 2425/25/529 2432/28/529 2427/29/529 2421/24/529
f 2433/23/530 2430/22/530 2429/17/530 2434/8/530
f 2425/25/3 2437/6/3 2439/31/3 2432/28/3
f 2427/29/531 2432/28/531 2431/14/531 2428/13/531
f 2442/37/532 2430/36/532 2422/3/532 2436/4/532
f 2439/31/3 2433/23/3 2434/8/3 2440/7/3
f 2435/32/533 2420/33/533 2429/34/533 2441/35/533
f 2441/35/534 2429/34/534 2430/36/534 2442/37/534
f 2426/5/535 2433/23/535 2439/31/535 2437/6/535
f 2428/40/536 2441/35/536 2442/37/536 2427/38/536
f 2419/41/537 2435/32/537 2441/35/537 2428/40/537
f 2432/28/3 2439/31/3 2440/7/3 2431/14/3
f 2442/37/539 2436/4/539 2421/43/539 2427/38/539
f 2423/15/2 2438/10/2 2435/12/2 2419/42/2
f 2431/14/3 2440/7/3 2438/10/3 2423/15/3
f 2421/43/20 2436/4/20 2437/6/20 2425/25/20
f 2422/19/540 2430/22/540 2433/23/540 2426/5/540
f 2472/44/574 2456/45/574 2446/46/574 2464/47/574
f 2464/47/2 2446/46/2 2450/48/2 2465/6/2
f 2469/49/3 2462/8/3 2448/9/3 2466/10/3
f 2466/10/208 2448/9/208 2444/11/208 2463/12/208
f 2453/50/209 2457/14/209 2447/51/209 2443/16/209
f 2462/8/210 2454/17/210 2444/18/210 2448/9/210
f 2450/48/211 2446/52/211 2456/20/211 2460/53/211
f 2460/53/212 2456/20/212 2455/54/212 2461/23/212
f 2461/23/213 2455/54/213 2454/17/213 2462/8/213
f 2445/24/214 2449/55/214 2459/26/214 2451/27/214
f 2451/27/215 2459/26/215 2458/28/215 2452/29/215
f 2452/29/216 2458/28/216 2457/14/216 2453/50/216
f 2465/6/217 2450/48/217 2460/53/217 2467/56/217
f 2467/56/3 2460/53/3 2461/23/3 2468/31/3
f 2468/31/3 2461/23/3 2462/8/3 2469/49/3
f 2463/32/218 2444/33/218 2454/34/218 2470/57/218
f 2470/57/219 2454/34/219 2455/58/219 2471/59/219
f 2471/59/220 2455/58/220 2456/45/220 2472/44/220
f 2452/38/221 2471/59/221 2472/44/221 2451/60/221
f 2453/61/222 2470/57/222 2471/59/222 2452/38/222
f 2443/41/223 2463/32/223 2470/57/223 2453/61/223
f 2458/28/3 2468/31/3 2469/49/3 2457/14/3
f 2459/26/3 2467/56/3 2468/31/3 2458/28/3
f 2449/55/3 2465/6/3 2467/56/3 2459/26/3
f 2447/51/20 2466/10/20 2463/12/20 2443/62/20
f 2457/14/3 2469/49/3 2466/10/3 2447/51/3
f 2445/43/2 2464/47/2 2465/6/2 2449/55/2
f 2451/60/224 2472/44/224 2464/47/224 2445/43/224
f 2490/4/20 2476/3/20 2480/5/20 2491/6/20
f 2494/7/3 2488/8/3 2478/9/3 2492/10/3
f 2492/10/608 2478/9/608 2474/11/608 2489/12/608
f 2482/13/527 2485/14/527 2477/15/527 2473/16/527
f 2488/8/528 2483/17/528 2474/18/528 2478/9/528
f 2479/25/529 2486/28/529 2481/29/529 2475/24/529
f 2487/23/530 2484/22/530 2483/17/530 2488/8/530
f 2479/25/3 2491/6/3 2493/31/3 2486/28/3
f 2481/29/531 2486/28/531 2485/14/531 2482/13/531
f 2496/37/532 2484/36/532 2476/3/532 2490/4/532
f 2493/31/3 2487/23/3 2488/8/3 2494/7/3
f 2489/32/533 2474/33/533 2483/34/533 2495/35/533
f 2495/35/534 2483/34/534 2484/36/534 2496/37/534
f 2480/5/535 2487/23/535 2493/31/535 2491/6/535
f 2482/40/536 2495/35/536 2496/37/536 2481/38/536
f 2473/41/537 2489/32/537 2495/35/537 2482/40/537
f 2486/28/3 2493/31/3 2494/7/3 2485/14/3
f 2496/37/539 2490/4/539 2475/43/539 2481/38/539
f 2477/15/2 2492/10/2 2489/12/2 2473/42/2
f 2485/14/3 2494/7/3 2492/10/3 2477/15/3
f 2475/43/20 2490/4/20 2491/6/20 2479/25/20
f 2476/19/540 2484/22/540 2487/23/540 2480/5/540
f 2526/44/73 2510/45/73 2500/46/73 2518/47/73
f 2518/47/2 2500/46/2 2504/48/2 2519/6/2
f 2523/49/3 2516/8/3 2502/9/3 2520/10/3
f 2520/10/74 2502/9/74 2498/11/74 2517/12/74
f 2507/50/75 2511/14/75 2501/51/75 2497/16/75
f 2516/8/76 2508/17/76 2498/18/76 2502/9/76
f 2504/48/77 2500/52/77 2510/20/77 2514/53/77
f 2514/53/78 2510/20/78 2509/54/78 2515/23/78
f 2515/23/79 2509/54/79 2508/17/79 2516/8/79
f 2499/24/80 2503/55/80 2513/26/80 2505/27/80
f 2505/27/81 2513/26/81 2512/28/81 2506/29/81
f 2506/29/82 2512/28/82 2511/14/82 2507/50/82
f 2519/6/83 2504/48/83 2514/53/83 2521/56/83
f 2521/56/3 2514/53/3 2515/23/3 2522/31/3
f 2522/31/3 2515/23/3 2516/8/3 2523/49/3
f 2517/32/646 2498/33/646 2508/34/646 2524/57/646
f 2524/57/85 2508/34/85 2509/58/85 2525/59/85
f 2525/59/647 2509/58/647 2510/45/647 2526/44/647
f 2506/38/87 2525/59/87 2526/44/87 2505/60/87
f 2507/61/88 2524/57/88 2525/59/88 2506/38/88
f 2497/41/89 2517/32/89 2524/57/89 2507/61/89
f 2512/28/3 2522/31/3 2523/49/3 2511/14/3
f 2513/26/3 2521/56/3 2522/31/3 2512/28/3
f 2503/55/3 2519/6/3 2521/56/3 2513/26/3
f 2501/51/20 2520/10/20 2517/12/20 2497/62/20
f 2511/14/3 2523/49/3 2520/10/3 2501/51/3
f 2499/43/2 2518/47/2 2519/6/2 2503/55/2
f 2505/60/90 2526/44/90 2518/47/90 2499/43/90
f 2556/1/648 2540/2/648 2530/3/648 2548/4/648
f 2548/4/2 2530/3/2 2534/5/2 2549/6/2
f 2553/7/23 2546/8/23 2532/9/23 2550/10/23
f 2550/10/649 2532/9/649 2528/11/649 2547/12/649
f 2537/13/650 2541/14/650 2531/15/650 2527/16/650
f 2546/8/651 2538/17/651 2528/18/651 2532/9/651
f 2534/5/652 2530/19/652 2540/20/652 2544/21/652
f 2544/21/653 2540/20/653 2539/22/653 2545/23/653
f 2545/23/654 2539/22/654 2538/17/654 2546/8/654
f 2529/24/655 2533/25/655 2543/26/655 2535/27/655
f 2535/27/656 2543/26/656 2542/28/656 2536/29/656
f 2536/29/657 2542/28/657 2541/14/657 2537/13/657
f 2549/6/658 2534/5/658 2544/21/658 2551/30/658
f 2551/30/23 2544/21/23 2545/23/23 2552/31/23
f 2552/31/23 2545/23/23 2546/8/23 2553/7/23
f 2547/32/659 2528/33/659 2538/34/659 2554/35/659
f 2554/35/660 2538/34/660 2539/36/660 2555/37/660
f 2555/37/661 2539/36/661 2540/2/661 2556/1/661
f 2536/38/662 2555/37/662 2556/1/662 2535/39/662
f 2537/40/663 2554/35/663 2555/37/663 2536/38/663
f 2527/41/664 2547/32/664 2554/35/664 2537/40/664
f 2542/28/478 2552/31/478 2553/7/478 2541/14/478
f 2543/26/23 2551/30/23 2552/31/23 2542/28/23
f 2533/25/23 2549/6/23 2551/30/23 2543/26/23
f 2531/15/20 2550/10/20 2547/12/20 2527/42/20
f 2541/14/23 2553/7/23 2550/10/23 2531/15/23
f 2529/43/2 2548/4/2 2549/6/2 2533/25/2
f 2535/39/665 2556/1/665 2548/4/665 2529/43/665
f 2586/1/311 2570/2/311 2560/3/311 2578/4/311
f 2578/4/2 2560/3/2 2564/5/2 2579/6/2
f 2583/7/23 2576/8/23 2562/9/23 2580/10/23
f 2580/10/312 2562/9/312 2558/11/312 2577/12/312
f 2567/13/313 2571/14/313 2561/15/313 2557/16/313
f 2576/8/314 2568/17/314 2558/18/314 2562/9/314
f 2564/5/315 2560/19/315 2570/20/315 2574/21/315
f 2574/21/316 2570/20/316 2569/22/316 2575/23/316
f 2575/23/317 2569/22/317 2568/17/317 2576/8/317
f 2559/24/318 2563/25/318 2573/26/318 2565/27/318
f 2565/27/319 2573/26/319 2572/28/319 2566/29/319
f 2566/29/320 2572/28/320 2571/14/320 2567/13/320
f 2579/6/321 2564/5/321 2574/21/321 2581/30/321
f 2581/30/23 2574/21/23 2575/23/23 2582/31/23
f 2582/31/23 2575/23/23 2576/8/23 2583/7/23
f 2577/32/322 2558/33/322 2568/34/322 2584/35/322
f 2584/35/323 2568/34/323 2569/36/323 2585/37/323
f 2585/37/324 2569/36/324 2570/2/324 2586/1/324
f 2566/38/325 2585/37/325 2586/1/325 2565/39/325
f 2567/40/326 2584/35/326 2585/37/326 2566/38/326
f 2557/41/327 2577/32/327 2584/35/327 2567/40/327
f 2572/28/23 2582/31/23 2583/7/23 2571/14/23
f 2573/26/477 2581/30/477 2582/31/477 2572/28/477
f 2563/25/23 2579/6/23 2581/30/23 2573/26/23
f 2561/15/20 2580/10/20 2577/12/20 2557/42/20
f 2571/14/23 2583/7/23 2580/10/23 2561/15/23
f 2559/43/2 2578/4/2 2579/6/2 2563/25/2
f 2565/39/328 2586/1/328 2578/4/328 2559/43/328
f 2616/44/666 2600/45/666 2590/46/666 2608/47/666
f 2608/47/2 2590/46/2 2594/48/2 2609/6/2
f 2613/49/3 2606/8/3 2592/9/3 2610/10/3
f 2610/10/667 2592/9/667 2588/11/667 2607/12/667
f 2597/50/668 2601/14/668 2591/51/668 2587/16/668
f 2606/8/669 2598/17/669 2588/18/669 2592/9/669
f 2594/48/670 2590/52/670 2600/20/670 2604/53/670
f 2604/53/671 2600/20/671 2599/54/671 2605/23/671
f 2605/23/672 2599/54/672 2598/17/672 2606/8/672
f 2589/24/673 2593/55/673 2603/26/673 2595/27/673
f 2595/27/674 2603/26/674 2602/28/674 2596/29/674
f 2596/29/675 2602/28/675 2601/14/675 2597/50/675
f 2609/6/676 2594/48/676 2604/53/676 2611/56/676
f 2611/56/3 2604/53/3 2605/23/3 2612/31/3
f 2612/31/3 2605/23/3 2606/8/3 2613/49/3
f 2607/32/677 2588/33/677 2598/34/677 2614/57/677
f 2614/57/678 2598/34/678 2599/58/678 2615/59/678
f 2615/59/679 2599/58/679 2600/45/679 2616/44/679
f 2596/38/680 2615/59/680 2616/44/680 2595/60/680
f 2597/61/681 2614/57/681 2615/59/681 2596/38/681
f 2587/41/682 2607/32/682 2614/57/682 2597/61/682
f 2602/28/3 2612/31/3 2613/49/3 2601/14/3
f 2603/26/3 2611/56/3 2612/31/3 2602/28/3
f 2593/55/3 2609/6/3 2611/56/3 2603/26/3
f 2591/51/20 2610/10/20 2607/12/20 2587/62/20
f 2601/14/3 2613/49/3 2610/10/3 2591/51/3
f 2589/43/2 2608/47/2 2609/6/2 2593/55/2
f 2595/60/683 2616/44/683 2608/47/683 2589/43/683
f 2646/1/684 2630/2/684 2620/3/684 2638/4/684
f 2638/4/3 2620/3/3 2624/5/3 2639/6/3
f 2643/7/20 2636/8/20 2622/9/20 2640/10/20
f 2640/10/685 2622/9/685 2618/11/685 2637/12/685
f 2627/13/686 2631/14/686 2621/15/686 2617/16/686
f 2636/8/687 2628/17/687 2618/18/687 2622/9/687
f 2624/5/688 2620/19/688 2630/20/688 2634/21/688
f 2634/21/689 2630/20/689 2629/22/689 2635/23/689
f 2635/23/690 2629/22/690 2628/17/690 2636/8/690
f 2619/24/691 2623/25/691 2633/26/691 2625/27/691
f 2625/27/692 2633/26/692 2632/28/692 2626/29/692
f 2626/29/693 2632/28/693 2631/14/693 2627/13/693
f 2639/6/694 2624/5/694 2634/21/694 2641/30/694
f 2641/30/20 2634/21/20 2635/23/20 2642/31/20
f 2642/31/20 2635/23/20 2636/8/20 2643/7/20
f 2637/32/695 2618/33/695 2628/34/695 2644/35/695
f 2644/35/696 2628/34/696 2629/36/696 2645/37/696
f 2645/37/697 2629/36/697 2630/2/697 2646/1/697
f 2626/38/698 2645/37/698 2646/1/698 2625/39/698
f 2627/40/699 2644/35/699 2645/37/699 2626/38/699
f 2617/41/700 2637/32/700 2644/35/700 2627/40/700
f 2632/28/20 2642/31/20 2643/7/20 2631/14/20
f 2633/26/20 2641/30/20 2642/31/20 2632/28/20
f 2623/25/20 2639/6/20 2641/30/20 2633/26/20
f 2621/15/23 2640/10/23 2637/12/23 2617/42/23
f 2631/14/20 2643/7/20 2640/10/20 2621/15/20
f 2619/43/3 2638/4/3 2639/6/3 2623/25/3
f 2625/39/701 2646/1/701 2638/4/701 2619/43/701
f 2676/44/702 2660/45/702 2650/46/702 2668/47/702
f 2668/47/23 2650/46/23 2654/48/23 2669/6/23
f 2673/49/2 2666/8/2 2652/9/2 2670/10/2
f 2670/10/703 2652/9/703 2648/11/703 2667/12/703
f 2657/50/704 2661/14/704 2651/51/704 2647/16/704
f 2666/8/705 2658/17/705 2648/18/705 2652/9/705
f 2654/48/706 2650/52/706 2660/20/706 2664/53/706
f 2664/53/707 2660/20/707 2659/54/707 2665/23/707
f 2665/23/708 2659/54/708 2658/17/708 2666/8/708
f 2649/24/709 2653/55/709 2663/26/709 2655/27/709
f 2655/27/710 2663/26/710 2662/28/710 2656/29/710
f 2656/29/711 2662/28/711 2661/14/711 2657/50/711
f 2669/6/712 2654/48/712 2664/53/712 2671/56/712
f 2671/56/2 2664/53/2 2665/23/2 2672/31/2
f 2672/31/2 2665/23/2 2666/8/2 2673/49/2
f 2667/32/713 2648/33/713 2658/34/713 2674/57/713
f 2674/57/714 2658/34/714 2659/58/714 2675/59/714
f 2675/59/715 2659/58/715 2660/45/715 2676/44/715
f 2656/38/716 2675/59/716 2676/44/716 2655/60/716
f 2657/61/717 2674/57/717 2675/59/717 2656/38/717
f 2647/41/718 2667/32/718 2674/57/718 2657/61/718
f 2662/28/2 2672/31/2 2673/49/2 2661/14/2
f 2663/26/2 2671/56/2 2672/31/2 2662/28/2
f 2653/55/2 2669/6/2 2671/56/2 2663/26/2
f 2651/51/3 2670/10/3 2667/12/3 2647/62/3
f 2661/14/2 2673/49/2 2670/10/2 2651/51/2
f 2649/43/23 2668/47/23 2669/6/23 2653/55/23
f 2655/60/719 2676/44/719 2668/47/719 2649/43/719
f 2694/4/3 2680/3/3 2684/5/3 2695/6/3
f 2698/7/2 2692/8/2 2682/9/2 2696/10/2
f 2696/10/720 2682/9/720 2678/11/720 2693/12/720
f 2686/13/721 2689/14/721 2681/15/721 2677/16/721
f 2692/8/722 2687/17/722 2678/18/722 2682/9/722
f 2683/25/723 2690/28/723 2685/29/723 2679/24/723
f 2691/23/724 2688/22/724 2687/17/724 2692/8/724
f 2683/25/2 2695/6/2 2697/31/2 2690/28/2
f 2685/29/725 2690/28/725 2689/14/725 2686/13/725
f 2700/37/726 2688/36/726 2680/3/726 2694/4/726
f 2697/31/2 2691/23/2 2692/8/2 2698/7/2
f 2693/32/727 2678/33/727 2687/34/727 2699/35/727
f 2699/35/728 2687/34/728 2688/36/728 2700/37/728
f 2684/5/729 2691/23/729 2697/31/729 2695/6/729
f 2686/40/730 2699/35/730 2700/37/730 2685/38/730
f 2677/41/731 2693/32/731 2699/35/731 2686/40/731
f 2690/28/2 2697/31/2 2698/7/2 2689/14/2
f 2700/37/732 2694/4/732 2679/43/732 2685/38/732
f 2681/15/23 2696/10/23 2693/12/23 2677/42/23
f 2689/14/2 2698/7/2 2696/10/2 2681/15/2
f 2679/43/3 2694/4/3 2695/6/3 2683/25/3
f 2680/19/733 2688/22/733 2691/23/733 2684/5/733
f 2730/1/734 2714/2/734 2704/3/734 2722/4/734
f 2722/4/3 2704/3/3 2708/5/3 2723/6/3
f 2727/7/20 2720/8/20 2706/9/20 2724/10/20
f 2724/10/735 2706/9/735 2702/11/735 2721/12/735
f 2711/13/736 2715/14/736 2705/15/736 2701/16/736
f 2720/8/737 2712/17/737 2702/18/737 2706/9/737
f 2708/5/738 2704/19/738 2714/20/738 2718/21/738
f 2718/21/739 2714/20/739 2713/22/739 2719/23/739
f 2719/23/740 2713/22/740 2712/17/740 2720/8/740
f 2703/24/741 2707/25/741 2717/26/741 2709/27/741
f 2709/27/742 2717/26/742 2716/28/742 2710/29/742
f 2710/29/743 2716/28/743 2715/14/743 2711/13/743
f 2723/6/744 2708/5/744 2718/21/744 2725/30/744
f 2725/30/20 2718/21/20 2719/23/20 2726/31/20
f 2726/31/20 2719/23/20 2720/8/20 2727/7/20
f 2721/32/745 2702/33/745 2712/34/745 2728/35/745
f 2728/35/746 2712/34/746 2713/36/746 2729/37/746
f 2729/37/747 2713/36/747 2714/2/747 2730/1/747
f 2710/38/748 2729/37/748 2730/1/748 2709/39/748
f 2711/40/749 2728/35/749 2729/37/749 2710/38/749
f 2701/41/750 2721/32/750 2728/35/750 2711/40/750
f 2716/28/20 2726/31/20 2727/7/20 2715/14/20
f 2717/26/20 2725/30/20 2726/31/20 2716/28/20
f 2707/25/20 2723/6/20 2725/30/20 2717/26/20
f 2705/15/23 2724/10/23 2721/12/23 2701/42/23
f 2715/14/20 2727/7/20 2724/10/20 2705/15/20
f 2703/43/3 2722/4/3 2723/6/3 2707/25/3
f 2709/39/751 2730/1/751 2722/4/751 2703/43/751
f 2760/44/752 2744/45/752 2734/46/752 2752/47/752
f 2752/47/3 2734/46/3 2738/48/3 2753/6/3
f 2757/49/20 2750/8/20 2736/9/20 2754/10/20
f 2754/10/753 2736/9/753 2732/11/753 2751/12/753
f 2741/50/754 2745/14/754 2735/51/754 2731/16/754
f 2750/8/755 2742/17/755 2732/18/755 2736/9/755
f 2738/48/756 2734/52/756 2744/20/756 2748/53/756
f 2748/53/757 2744/20/757 2743/54/757 2749/23/757
f 2749/23/758 2743/54/758 2742/17/758 2750/8/758
f 2733/24/759 2737/55/759 2747/26/759 2739/27/759
f 2739/27/760 2747/26/760 2746/28/760 2740/29/760
f 2740/29/761 2746/28/761 2745/14/761 2741/50/761
f 2753/6/762 2738/48/762 2748/53/762 2755/56/762
f 2755/56/20 2748/53/20 2749/23/20 2756/31/20
f 2756/31/20 2749/23/20 2750/8/20 2757/49/20
f 2751/32/763 2732/33/763 2742/34/763 2758/57/763
f 2758/57/764 2742/34/764 2743/58/764 2759/59/764
f 2759/59/765 2743/58/765 2744/45/765 2760/44/765
f 2740/38/766 2759/59/766 2760/44/766 2739/60/766
f 2741/61/767 2758/57/767 2759/59/767 2740/38/767
f 2731/41/768 2751/32/768 2758/57/768 2741/61/768
f 2746/28/20 2756/31/20 2757/49/20 2745/14/20
f 2747/26/20 2755/56/20 2756/31/20 2746/28/20
f 2737/55/20 2753/6/20 2755/56/20 2747/26/20
f 2735/51/23 2754/10/23 2751/12/23 2731/62/23
f 2745/14/20 2757/49/20 2754/10/20 2735/51/20
f 2733/43/3 2752/47/3 2753/6/3 2737/55/3
f 2739/60/769 2760/44/769 2752/47/769 2733/43/769
f 2778/4/3 2764/3/3 2768/5/3 2779/6/3
f 2782/7/2 2776/8/2 2766/9/2 2780/10/2
f 2780/10/770 2766/9/770 2762/11/770 2777/12/770
f 2770/13/771 2773/14/771 2765/15/771 2761/16/771
f 2776/8/772 2771/17/772 2762/18/772 2766/9/772
f 2767/25/773 2774/28/773 2769/29/773 2763/24/773
f 2775/23/774 2772/22/774 2771/17/774 2776/8/774
f 2767/25/2 2779/6/2 2781/31/2 2774/28/2
f 2769/29/775 2774/28/775 2773/14/775 2770/13/775
f 2784/37/776 2772/36/776 2764/3/776 2778/4/776
f 2781/31/2 2775/23/2 2776/8/2 2782/7/2
f 2777/32/777 2762/33/777 2771/34/777 2783/35/777
f 2783/35/778 2771/34/778 2772/36/778 2784/37/778
f 2768/5/779 2775/23/779 2781/31/779 2779/6/779
f 2770/40/780 2783/35/780 2784/37/780 2769/38/780
f 2761/41/781 2777/32/781 2783/35/781 2770/40/781
f 2774/28/2 2781/31/2 2782/7/2 2773/14/2
f 2784/37/782 2778/4/782 2763/43/782 2769/38/782
f 2765/15/23 2780/10/23 2777/12/23 2761/42/23
f 2773/14/2 2782/7/2 2780/10/2 2765/15/2
f 2763/43/3 2778/4/3 2779/6/3 2767/25/3
f 2764/19/783 2772/22/783 2775/23/783 2768/5/783
f 2814/1/784 2798/2/784 2788/3/784 2806/4/784
f 2806/4/23 2788/3/23 2792/5/23 2807/6/23
f 2811/7/20 2804/8/20 2790/9/20 2808/10/20
f 2808/10/785 2790/9/785 2786/11/785 2805/12/785
f 2795/13/786 2799/14/786 2789/15/786 2785/16/786
f 2804/8/787 2796/17/787 2786/18/787 2790/9/787
f 2792/5/788 2788/19/788 2798/20/788 2802/21/788
f 2802/21/789 2798/20/789 2797/22/789 2803/23/789
f 2803/23/790 2797/22/790 2796/17/790 2804/8/790
f 2787/24/791 2791/25/791 2801/26/791 2793/27/791
f 2793/27/792 2801/26/792 2800/28/792 2794/29/792
f 2794/29/793 2800/28/793 2799/14/793 2795/13/793
f 2807/6/794 2792/5/794 2802/21/794 2809/30/794
f 2809/30/20 2802/21/20 2803/23/20 2810/31/20
f 2810/31/20 2803/23/20 2804/8/20 2811/7/20
f 2805/32/795 2786/33/795 2796/34/795 2812/35/795
f 2812/35/796 2796/34/796 2797/36/796 2813/37/796
f 2813/37/797 2797/36/797 2798/2/797 2814/1/797
f 2794/38/798 2813/37/798 2814/1/798 2793/39/798
f 2795/40/799 2812/35/799 2813/37/799 2794/38/799
f 2785/41/800 2805/32/800 2812/35/800 2795/40/800
f 2800/28/20 2810/31/20 2811/7/20 2799/14/20
f 2801/26/20 2809/30/20 2810/31/20 2800/28/20
f 2791/25/20 2807/6/20 2809/30/20 2801/26/20
f 2789/15/3 2808/10/3 2805/12/3 2785/42/3
f 2799/14/20 2811/7/20 2808/10/20 2789/15/20
f 2787/43/23 2806/4/23 2807/6/23 2791/25/23
f 2793/39/801 2814/1/801 2806/4/801 2787/43/801
f 2832/4/3 2818/3/3 2822/5/3 2833/6/3
f 2836/7/123 2830/8/123 2820/9/123 2834/10/123
f 2834/10/802 2820/9/802 2816/11/802 2831/12/802
f 2824/13/803 2827/14/803 2819/15/803 2815/16/803
f 2830/8/804 2825/17/804 2816/18/804 2820/9/804
f 2821/25/805 2828/28/805 2823/29/805 2817/24/805
f 2829/23/806 2826/22/806 2825/17/806 2830/8/806
f 2821/25/123 2833/6/123 2835/31/123 2828/28/123
f 2823/29/807 2828/28/807 2827/14/807 2824/13/807
f 2838/37/808 2826/36/808 2818/3/808 2832/4/808
f 2835/31/123 2829/23/123 2830/8/123 2836/7/123
f 2831/32/809 2816/33/809 2825/34/809 2837/35/809
f 2837/35/810 2825/34/810 2826/36/810 2838/37/810
f 2822/5/811 2829/23/811 2835/31/811 2833/6/811
f 2824/40/812 2837/35/812 2838/37/812 2823/38/812
f 2815/41/813 2831/32/813 2837/35/813 2824/40/813
f 2828/28/123 2835/31/123 2836/7/123 2827/14/123
f 2838/37/814 2832/4/814 2817/43/814 2823/38/814
f 2819/15/23 2834/10/23 2831/12/23 2815/42/23
f 2827/14/123 2836/7/123 2834/10/123 2819/15/123
f 2817/43/3 2832/4/3 2833/6/3 2821/25/3
f 2818/19/815 2826/22/815 2829/23/815 2822/5/815
f 2868/44/816 2852/45/816 2842/46/816 2860/47/816
f 2860/47/23 2842/46/23 2846/48/23 2861/6/23
f 2865/49/123 2858/8/123 2844/9/123 2862/10/123
f 2862/10/817 2844/9/817 2840/11/817 2859/12/817
f 2849/50/818 2853/14/818 2843/51/818 2839/16/818
f 2858/8/819 2850/17/819 2840/18/819 2844/9/819
f 2846/48/820 2842/52/820 2852/20/820 2856/53/820
f 2856/53/821 2852/20/821 2851/54/821 2857/23/821
f 2857/23/822 2851/54/822 2850/17/822 2858/8/822
f 2841/24/823 2845/55/823 2855/26/823 2847/27/823
f 2847/27/824 2855/26/824 2854/28/824 2848/29/824
f 2848/29/825 2854/28/825 2853/14/825 2849/50/825
f 2861/6/826 2846/48/826 2856/53/826 2863/56/826
f 2863/56/123 2856/53/123 2857/23/123 2864/31/123
f 2864/31/123 2857/23/123 2858/8/123 2865/49/123
f 2859/32/827 2840/33/827 2850/34/827 2866/57/827
f 2866/57/828 2850/34/828 2851/58/828 2867/59/828
f 2867/59/829 2851/58/829 2852/45/829 2868/44/829
f 2848/38/830 2867/59/830 2868/44/830 2847/60/830
f 2849/61/831 2866/57/831 2867/59/831 2848/38/831
f 2839/41/832 2859/32/832 2866/57/832 2849/61/832
f 2854/28/123 2864/31/123 2865/49/123 2853/14/123
f 2855/26/123 2863/56/123 2864/31/123 2854/28/123
f 2845/55/123 2861/6/123 2863/56/123 2855/26/123
f 2843/51/3 2862/10/3 2859/12/3 2839/62/3
f 2853/14/123 2865/49/123 2862/10/123 2843/51/123
f 2841/43/23 2860/47/23 2861/6/23 2845/55/23
f 2847/60/833 2868/44/833 2860/47/833 2841/43/833
f 2898/44/834 2882/45/834 2872/46/834 2890/47/834
f 2890/47/23 2872/46/23 2876/48/23 2891/6/23
f 2895/49/2 2888/8/2 2874/9/2 2892/10/2
f 2892/10/835 2874/9/835 2870/11/835 2889/12/835
f 2879/50/836 2883/14/836 2873/51/836 2869/16/836
f 2888/8/837 2880/17/837 2870/18/837 2874/9/837
f 2876/48/838 2872/52/838 2882/20/838 2886/53/838
f 2886/53/839 2882/20/839 2881/54/839 2887/23/839
f 2887/23/840 2881/54/840 2880/17/840 2888/8/840
f 2871/24/841 2875/55/841 2885/26/841 2877/27/841
f 2877/27/842 2885/26/842 2884/28/842 2878/29/842
f 2878/29/843 2884/28/843 2883/14/843 2879/50/843
f 2891/6/844 2876/48/844 2886/53/844 2893/56/844
f 2893/56/2 2886/53/2 2887/23/2 2894/31/2
f 2894/31/2 2887/23/2 2888/8/2 2895/49/2
f 2889/32/845 2870/33/845 2880/34/845 2896/57/845
f 2896/57/846 2880/34/846 2881/58/846 2897/59/846
f 2897/59/847 2881/58/847 2882/45/847 2898/44/847
f 2878/38/848 2897/59/848 2898/44/848 2877/60/848
f 2879/61/849 2896/57/849 2897/59/849 2878/38/849
f 2869/41/850 2889/32/850 2896/57/850 2879/61/850
f 2884/28/2 2894/31/2 2895/49/2 2883/14/2
f 2885/26/2 2893/56/2 2894/31/2 2884/28/2
f 2875/55/2 2891/6/2 2893/56/2 2885/26/2
f 2873/51/3 2892/10/3 2889/12/3 2869/62/3
f 2883/14/2 2895/49/2 2892/10/2 2873/51/2
f 2871/43/23 2890/47/23 2891/6/23 2875/55/23
f 2877/60/851 2898/44/851 2890/47/851 2871/43/851
f 2916/4/3 2902/3/3 2906/5/3 2917/6/3
f 2920/7/174 2914/8/174 2904/9/174 2918/10/174
f 2918/10/852 2904/9/852 2900/11/852 2915/12/852
f 2908/13/853 2911/14/853 2903/15/853 2899/16/853
f 2914/8/854 2909/17/854 2900/18/854 2904/9/854
f 2905/25/855 2912/28/855 2907/29/855 2901/24/855
f 2913/23/856 2910/22/856 2909/17/856 2914/8/856
f 2905/25/174 2917/6/174 2919/31/174 2912/28/174
f 2907/29/857 2912/28/857 2911/14/857 2908/13/857
f 2922/37/858 2910/36/858 2902/3/858 2916/4/858
f 2919/31/174 2913/23/174 2914/8/174 2920/7/174
f 2915/32/859 2900/33/859 2909/34/859 2921/35/859
f 2921/35/860 2909/34/860 2910/36/860 2922/37/860
f 2906/5/861 2913/23/861 2919/31/861 2917/6/861
f 2908/40/862 2921/35/862 2922/37/862 2907/38/862
f 2899/41/863 2915/32/863 2921/35/863 2908/40/863
f 2912/28/174 2919/31/174 2920/7/174 2911/14/174
f 2922/37/864 2916/4/864 2901/43/864 2907/38/864
f 2903/15/23 2918/10/23 2915/12/23 2899/42/23
f 2911/14/174 2920/7/174 2918/10/174 2903/15/174
f 2901/43/3 2916/4/3 2917/6/3 2905/25/3
f 2902/19/865 2910/22/865 2913/23/865 2906/5/865
f 2952/1/866 2936/2/866 2926/3/866 2944/4/866
f 2944/4/3 2926/3/3 2930/5/3 2945/6/3
f 2949/7/20 2942/8/20 2928/9/20 2946/10/20
f 2946/10/867 2928/9/867 2924/11/867 2943/12/867
f 2933/13/868 2937/14/868 2927/15/868 2923/16/868
f 2942/8/869 2934/17/869 2924/18/869 2928/9/869
f 2930/5/870 2926/19/870 2936/20/870 2940/21/870
f 2940/21/871 2936/20/871 2935/22/871 2941/23/871
f 2941/23/872 2935/22/872 2934/17/872 2942/8/872
f 2925/24/873 2929/25/873 2939/26/873 2931/27/873
f 2931/27/874 2939/26/874 2938/28/874 2932/29/874
f 2932/29/875 2938/28/875 2937/14/875 2933/13/875
f 2945/6/876 2930/5/876 2940/21/876 2947/30/876
f 2947/30/20 2940/21/20 2941/23/20 2948/31/20
f 2948/31/20 2941/23/20 2942/8/20 2949/7/20
f 2943/32/877 2924/33/877 2934/34/877 2950/35/877
f 2950/35/878 2934/34/878 2935/36/878 2951/37/878
f 2951/37/879 2935/36/879 2936/2/879 2952/1/879
f 2932/38/880 2951/37/880 2952/1/880 2931/39/880
f 2933/40/881 2950/35/881 2951/37/881 2932/38/881
f 2923/41/882 2943/32/882 2950/35/882 2933/40/882
f 2938/28/20 2948/31/20 2949/7/20 2937/14/20
f 2939/26/20 2947/30/20 2948/31/20 2938/28/20
f 2929/25/20 2945/6/20 2947/30/20 2939/26/20
f 2927/15/23 2946/10/23 2943/12/23 2923/42/23
f 2937/14/20 2949/7/20 2946/10/20 2927/15/20
f 2925/43/3 2944/4/3 2945/6/3 2929/25/3
f 2931/39/883 2952/1/883 2944/4/883 2925/43/883
f 2982/44/884 2966/45/884 2956/46/884 2974/47/884
f 2974/47/3 2956/46/3 2960/48/3 2975/6/3
f 2979/49/20 2972/8/20 2958/9/20 2976/10/20
f 2976/10/885 2958/9/885 2954/11/885 2973/12/885
f 2963/50/886 2967/14/886 2957/51/886 2953/16/886
f 2972/8/887 2964/17/887 2954/18/887 2958/9/887
f 2960/48/888 2956/52/888 2966/20/888 2970/53/888
f 2970/53/889 2966/20/889 2965/54/889 2971/23/889
f 2971/23/890 2965/54/890 2964/17/890 2972/8/890
f 2955/24/891 2959/55/891 2969/26/891 2961/27/891
f 2961/27/892 2969/26/892 2968/28/892 2962/29/892
f 2962/29/893 2968/28/893 2967/14/893 2963/50/893
f 2975/6/894 2960/48/894 2970/53/894 2977/56/894
f 2977/56/20 2970/53/20 2971/23/20 2978/31/20
f 2978/31/20 2971/23/20 2972/8/20 2979/49/20
f 2973/32/895 2954/33/895 2964/34/895 2980/57/895
f 2980/57/896 2964/34/896 2965/58/896 2981/59/896
f 2981/59/897 2965/58/897 2966/45/897 2982/44/897
f 2962/38/898 2981/59/898 2982/44/898 2961/60/898
f 2963/61/899 2980/57/899 2981/59/899 2962/38/899
f 2953/41/900 2973/32/900 2980/57/900 2963/61/900
f 2968/28/20 2978/31/20 2979/49/20 2967/14/20
f 2969/26/20 2977/56/20 2978/31/20 2968/28/20
f 2959/55/20 2975/6/20 2977/56/20 2969/26/20
f 2957/51/23 2976/10/23 2973/12/23 2953/62/23
f 2967/14/20 2979/49/20 2976/10/20 2957/51/20
f 2955/43/3 2974/47/3 2975/6/3 2959/55/3
f 2961/60/901 2982/44/901 2974/47/901 2955/43/901
f 3000/4/3 2986/3/3 2990/5/3 3001/6/3
f 3004/7/2 2998/8/2 2988/9/2 3002/10/2
f 3002/10/902 2988/9/902 2984/11/902 2999/12/902
f 2992/13/771 2995/14/771 2987/15/771 2983/16/771
f 2998/8/772 2993/17/772 2984/18/772 2988/9/772
f 2989/25/773 2996/28/773 2991/29/773 2985/24/773
f 2997/23/774 2994/22/774 2993/17/774 2998/8/774
f 2989/25/2 3001/6/2 3003/31/2 2996/28/2
f 2991/29/775 2996/28/775 2995/14/775 2992/13/775
f 3006/37/776 2994/36/776 2986/3/776 3000/4/776
f 3003/31/2 2997/23/2 2998/8/2 3004/7/2
f 2999/32/777 2984/33/777 2993/34/777 3005/35/777
f 3005/35/778 2993/34/778 2994/36/778 3006/37/778
f 2990/5/779 2997/23/779 3003/31/779 3001/6/779
f 2992/40/780 3005/35/780 3006/37/780 2991/38/780
f 2983/41/781 2999/32/781 3005/35/781 2992/40/781
f 2996/28/2 3003/31/2 3004/7/2 2995/14/2
f 3006/37/782 3000/4/782 2985/43/782 2991/38/782
f 2987/15/23 3002/10/23 2999/12/23 2983/42/23
f 2995/14/2 3004/7/2 3002/10/2 2987/15/2
f 2985/43/3 3000/4/3 3001/6/3 2989/25/3
f 2986/19/783 2994/22/783 2997/23/783 2990/5/783
f 3036/44/903 3020/45/903 3010/46/903 3028/47/903
f 3028/47/23 3010/46/23 3014/48/23 3029/6/23
f 3033/49/20 3026/8/20 3012/9/20 3030/10/20
f 3030/10/904 3012/9/904 3008/11/904 3027/12/904
f 3017/50/905 3021/14/905 3011/51/905 3007/16/905
f 3026/8/906 3018/17/906 3008/18/906 3012/9/906
f 3014/48/907 3010/52/907 3020/20/907 3024/53/907
f 3024/53/908 3020/20/908 3019/54/908 3025/23/908
f 3025/23/909 3019/54/909 3018/17/909 3026/8/909
f 3009/24/910 3013/55/910 3023/26/910 3015/27/910
f 3015/27/911 3023/26/911 3022/28/911 3016/29/911
f 3016/29/912 3022/28/912 3021/14/912 3017/50/912
f 3029/6/913 3014/48/913 3024/53/913 3031/56/913
f 3031/56/20 3024/53/20 3025/23/20 3032/31/20
f 3032/31/20 3025/23/20 3026/8/20 3033/49/20
f 3027/32/914 3008/33/914 3018/34/914 3034/57/914
f 3034/57/915 3018/34/915 3019/58/915 3035/59/915
f 3035/59/916 3019/58/916 3020/45/916 3036/44/916
f 3016/38/917 3035/59/917 3036/44/917 3015/60/917
f 3017/61/918 3034/57/918 3035/59/918 3016/38/918
f 3007/41/919 3027/32/919 3034/57/919 3017/61/919
f 3022/28/20 3032/31/20 3033/49/20 3021/14/20
f 3023/26/20 3031/56/20 3032/31/20 3022/28/20
f 3013/55/20 3029/6/20 3031/56/20 3023/26/20
f 3011/51/3 3030/10/3 3027/12/3 3007/62/3
f 3021/14/20 3033/49/20 3030/10/20 3011/51/20
f 3009/43/23 3028/47/23 3029/6/23 3013/55/23
f 3015/60/920 3036/44/920 3028/47/920 3009/43/920
f 3066/1/866 3050/2/866 3040/3/866 3058/4/866
f 3058/4/3 3040/3/3 3044/5/3 3059/6/3
f 3063/7/20 3056/8/20 3042/9/20 3060/10/20
f 3060/10/867 3042/9/867 3038/11/867 3057/12/867
f 3047/13/868 3051/14/868 3041/15/868 3037/16/868
f 3056/8/869 3048/17/869 3038/18/869 3042/9/869
f 3044/5/870 3040/19/870 3050/20/870 3054/21/870
f 3054/21/871 3050/20/871 3049/22/871 3055/23/871
f 3055/23/872 3049/22/872 3048/17/872 3056/8/872
f 3039/24/873 3043/25/873 3053/26/873 3045/27/873
f 3045/27/874 3053/26/874 3052/28/874 3046/29/874
f 3046/29/875 3052/28/875 3051/14/875 3047/13/875
f 3059/6/876 3044/5/876 3054/21/876 3061/30/876
f 3061/30/20 3054/21/20 3055/23/20 3062/31/20
f 3062/31/20 3055/23/20 3056/8/20 3063/7/20
f 3057/32/877 3038/33/877 3048/34/877 3064/35/877
f 3064/35/878 3048/34/878 3049/36/878 3065/37/878
f 3065/37/879 3049/36/879 3050/2/879 3066/1/879
f 3046/38/880 3065/37/880 3066/1/880 3045/39/880
f 3047/40/881 3064/35/881 3065/37/881 3046/38/881
f 3037/41/882 3057/32/882 3064/35/882 3047/40/882
f 3052/28/20 3062/31/20 3063/7/20 3051/14/20
f 3053/26/20 3061/30/20 3062/31/20 3052/28/20
f 3043/25/20 3059/6/20 3061/30/20 3053/26/20
f 3041/15/23 3060/10/23 3057/12/23 3037/42/23
f 3051/14/20 3063/7/20 3060/10/20 3041/15/20
f 3039/43/3 3058/4/3 3059/6/3 3043/25/3
f 3045/39/883 3066/1/883 3058/4/883 3039/43/883
f 3096/44/921 3080/45/921 3070/46/921 3088/47/921
f 3088/47/23 3070/46/23 3074/48/23 3089/6/23
f 3093/49/20 3086/8/20 3072/9/20 3090/10/20
f 3090/10/922 3072/9/922 3068/11/922 3087/12/922
f 3077/50/923 3081/14/923 3071/51/923 3067/16/923
f 3086/8/924 3078/17/924 3068/18/924 3072/9/924
f 3074/48/925 3070/52/925 3080/20/925 3084/53/925
f 3084/53/926 3080/20/926 3079/54/926 3085/23/926
f 3085/23/927 3079/54/927 3078/17/927 3086/8/927
f 3069/24/928 3073/55/928 3083/26/928 3075/27/928
f 3075/27/929 3083/26/929 3082/28/929 3076/29/929
f 3076/29/930 3082/28/930 3081/14/930 3077/50/930
f 3089/6/931 3074/48/931 3084/53/931 3091/56/931
f 3091/56/20 3084/53/20 3085/23/20 3092/31/20
f 3092/31/20 3085/23/20 3086/8/20 3093/49/20
f 3087/32/932 3068/33/932 3078/34/932 3094/57/932
f 3094/57/933 3078/34/933 3079/58/933 3095/59/933
f 3095/59/934 3079/58/934 3080/45/934 3096/44/934
f 3076/38/935 3095/59/935 3096/44/935 3075/60/935
f 3077/61/936 3094/57/936 3095/59/936 3076/38/936
f 3067/41/937 3087/32/937 3094/57/937 3077/61/937
f 3082/28/20 3092/31/20 3093/49/20 3081/14/20
f 3083/26/20 3091/56/20 3092/31/20 3082/28/20
f 3073/55/20 3089/6/20 3091/56/20 3083/26/20
f 3071/51/3 3090/10/3 3087/12/3 3067/62/3
f 3081/14/20 3093/49/20 3090/10/20 3071/51/20
f 3069/43/23 3088/47/23 3089/6/23 3073/55/23
f 3075/60/938 3096/44/938 3088/47/938 3069/43/938
f 3126/44/939 3110/45/939 3100/46/939 3118/47/939
f 3118/47/3 3100/46/3 3104/48/3 3119/6/3
f 3123/49/2 3116/8/2 3102/9/2 3120/10/2
f 3120/10/940 3102/9/940 3098/11/940 3117/12/940
f 3107/50/941 3111/14/941 3101/51/941 3097/16/941
f 3116/8/942 3108/17/942 3098/18/942 3102/9/942
f 3104/48/943 3100/52/943 3110/20/943 3114/53/943
f 3114/53/944 3110/20/944 3109/54/944 3115/23/944
f 3115/23/945 3109/54/945 3108/17/945 3116/8/945
f 3099/24/946 3103/55/946 3113/26/946 3105/27/946
f 3105/27/947 3113/26/947 3112/28/947 3106/29/947
f 3106/29/948 3112/28/948 3111/14/948 3107/50/948
f 3119/6/949 3104/48/949 3114/53/949 3121/56/949
f 3121/56/2 3114/53/2 3115/23/2 3122/31/2
f 3122/31/2 3115/23/2 3116/8/2 3123/49/2
f 3117/32/950 3098/33/950 3108/34/950 3124/57/950
f 3124/57/951 3108/34/951 3109/58/951 3125/59/951
f 3125/59/952 3109/58/952 3110/45/952 3126/44/952
f 3106/38/953 3125/59/953 3126/44/953 3105/60/953
f 3107/61/954 3124/57/954 3125/59/954 3106/38/954
f 3097/41/955 3117/32/955 3124/57/955 3107/61/955
f 3112/28/2 3122/31/2 3123/49/2 3111/14/2
f 3113/26/2 3121/56/2 3122/31/2 3112/28/2
f 3103/55/2 3119/6/2 3121/56/2 3113/26/2
f 3101/51/23 3120/10/23 3117/12/23 3097/62/23
f 3111/14/2 3123/49/2 3120/10/2 3101/51/2
f 3099/43/3 3118/47/3 3119/6/3 3103/55/3
f 3105/60/956 3126/44/956 3118/47/956 3099/43/956
f 3144/4/23 3130/3/23 3134/5/23 3145/6/23
f 3148/7/2 3142/8/2 3132/9/2 3146/10/2
f 3146/10/957 3132/9/957 3128/11/957 3143/12/957
f 3136/13/958 3139/14/958 3131/15/958 3127/16/958
f 3142/8/959 3137/17/959 3128/18/959 3132/9/959
f 3133/25/960 3140/28/960 3135/29/960 3129/24/960
f 3141/23/961 3138/22/961 3137/17/961 3142/8/961
f 3133/25/2 3145/6/2 3147/31/2 3140/28/2
f 3135/29/962 3140/28/962 3139/14/962 3136/13/962
f 3150/37/963 3138/36/963 3130/3/963 3144/4/963
f 3147/31/2 3141/23/2 3142/8/2 3148/7/2
f 3143/32/964 3128/33/964 3137/34/964 3149/35/964
f 3149/35/965 3137/34/965 3138/36/965 3150/37/965
f 3134/5/966 3141/23/966 3147/31/966 3145/6/966
f 3136/40/967 3149/35/967 3150/37/967 3135/38/967
f 3127/41/968 3143/32/968 3149/35/968 3136/40/968
f 3140/28/2 3147/31/2 3148/7/2 3139/14/2
f 3150/37/969 3144/4/969 3129/43/969 3135/38/969
f 3131/15/3 3146/10/3 3143/12/3 3127/42/3
f 3139/14/2 3148/7/2 3146/10/2 3131/15/2
f 3129/43/23 3144/4/23 3145/6/23 3133/25/23
f 3130/19/970 3138/22/970 3141/23/970 3134/5/970
f 3180/1/734 3164/2/734 3154/3/734 3172/4/734
f 3172/4/3 3154/3/3 3158/5/3 3173/6/3
f 3177/7/20 3170/8/20 3156/9/20 3174/10/20
f 3174/10/735 3156/9/735 3152/11/735 3171/12/735
f 3161/13/736 3165/14/736 3155/15/736 3151/16/736
f 3170/8/737 3162/17/737 3152/18/737 3156/9/737
f 3158/5/738 3154/19/738 3164/20/738 3168/21/738
f 3168/21/739 3164/20/739 3163/22/739 3169/23/739
f 3169/23/740 3163/22/740 3162/17/740 3170/8/740
f 3153/24/741 3157/25/741 3167/26/741 3159/27/741
f 3159/27/742 3167/26/742 3166/28/742 3160/29/742
f 3160/29/743 3166/28/743 3165/14/743 3161/13/743
f 3173/6/744 3158/5/744 3168/21/744 3175/30/744
f 3175/30/20 3168/21/20 3169/23/20 3176/31/20
f 3176/31/20 3169/23/20 3170/8/20 3177/7/20
f 3171/32/745 3152/33/745 3162/34/745 3178/35/745
f 3178/35/746 3162/34/746 3163/36/746 3179/37/746
f 3179/37/747 3163/36/747 3164/2/747 3180/1/747
f 3160/38/748 3179/37/748 3180/1/748 3159/39/748
f 3161/40/749 3178/35/749 3179/37/749 3160/38/749
f 3151/41/750 3171/32/750 3178/35/750 3161/40/750
f 3166/28/20 3176/31/20 3177/7/20 3165/14/20
f 3167/26/20 3175/30/20 3176/31/20 3166/28/20
f 3157/25/20 3173/6/20 3175/30/20 3167/26/20
f 3155/15/23 3174/10/23 3171/12/23 3151/42/23
f 3165/14/20 3177/7/20 3174/10/20 3155/15/20
f 3153/43/3 3172/4/3 3173/6/3 3157/25/3
f 3159/39/751 3180/1/751 3172/4/751 3153/43/751
f 3210/44/834 3194/45/834 3184/46/834 3202/47/834
f 3202/47/23 3184/46/23 3188/48/23 3203/6/23
f 3207/49/2 3200/8/2 3186/9/2 3204/10/2
f 3204/10/835 3186/9/835 3182/11/835 3201/12/835
f 3191/50/836 3195/14/836 3185/51/836 3181/16/836
f 3200/8/837 3192/17/837 3182/18/837 3186/9/837
f 3188/48/838 3184/52/838 3194/20/838 3198/53/838
f 3198/53/839 3194/20/839 3193/54/839 3199/23/839
f 3199/23/840 3193/54/840 3192/17/840 3200/8/840
f 3183/24/841 3187/55/841 3197/26/841 3189/27/841
f 3189/27/842 3197/26/842 3196/28/842 3190/29/842
f 3190/29/843 3196/28/843 3195/14/843 3191/50/843
f 3203/6/844 3188/48/844 3198/53/844 3205/56/844
f 3205/56/2 3198/53/2 3199/23/2 3206/31/2
f 3206/31/2 3199/23/2 3200/8/2 3207/49/2
f 3201/32/845 3182/33/845 3192/34/845 3208/57/845
f 3208/57/846 3192/34/846 3193/58/846 3209/59/846
f 3209/59/847 3193/58/847 3194/45/847 3210/44/847
f 3190/38/848 3209/59/848 3210/44/848 3189/60/848
f 3191/61/849 3208/57/849 3209/59/849 3190/38/849
f 3181/41/850 3201/32/850 3208/57/850 3191/61/850
f 3196/28/2 3206/31/2 3207/49/2 3195/14/2
f 3197/26/2 3205/56/2 3206/31/2 3196/28/2
f 3187/55/2 3203/6/2 3205/56/2 3197/26/2
f 3185/51/3 3204/10/3 3201/12/3 3181/62/3
f 3195/14/2 3207/49/2 3204/10/2 3185/51/2
f 3183/43/23 3202/47/23 3203/6/23 3187/55/23
f 3189/60/851 3210/44/851 3202/47/851 3183/43/851
f 3240/1/866 3224/2/866 3214/3/866 3232/4/866
f 3232/4/3 3214/3/3 3218/5/3 3233/6/3
f 3237/7/20 3230/8/20 3216/9/20 3234/10/20
f 3234/10/867 3216/9/867 3212/11/867 3231/12/867
f 3221/13/868 3225/14/868 3215/15/868 3211/16/868
f 3230/8/869 3222/17/869 3212/18/869 3216/9/869
f 3218/5/870 3214/19/870 3224/20/870 3228/21/870
f 3228/21/871 3224/20/871 3223/22/871 3229/23/871
f 3229/23/872 3223/22/872 3222/17/872 3230/8/872
f 3213/24/873 3217/25/873 3227/26/873 3219/27/873
f 3219/27/874 3227/26/874 3226/28/874 3220/29/874
f 3220/29/875 3226/28/875 3225/14/875 3221/13/875
f 3233/6/876 3218/5/876 3228/21/876 3235/30/876
f 3235/30/20 3228/21/20 3229/23/20 3236/31/20
f 3236/31/20 3229/23/20 3230/8/20 3237/7/20
f 3231/32/877 3212/33/877 3222/34/877 3238/35/877
f 3238/35/878 3222/34/878 3223/36/878 3239/37/878
f 3239/37/879 3223/36/879 3224/2/879 3240/1/879
f 3220/38/880 3239/37/880 3240/1/880 3219/39/880
f 3221/40/881 3238/35/881 3239/37/881 3220/38/881
f 3211/41/882 3231/32/882 3238/35/882 3221/40/882
f 3226/28/20 3236/31/20 3237/7/20 3225/14/20
f 3227/26/20 3235/30/20 3236/31/20 3226/28/20
f 3217/25/20 3233/6/20 3235/30/20 3227/26/20
f 3215/15/23 3234/10/23 3231/12/23 3211/42/23
f 3225/14/20 3237/7/20 3234/10/20 3215/15/20
f 3213/43/3 3232/4/3 3233/6/3 3217/25/3
f 3219/39/883 3240/1/883 3232/4/883 3213/43/883
f 3270/44/752 3254/45/752 3244/46/752 3262/47/752
f 3262/47/3 3244/46/3 3248/48/3 3263/6/3
f 3267/49/20 3260/8/20 3246/9/20 3264/10/20
f 3264/10/753 3246/9/753 3242/11/753 3261/12/753
f 3251/50/754 3255/14/754 3245/51/754 3241/16/754
f 3260/8/755 3252/17/755 3242/18/755 3246/9/755
f 3248/48/756 3244/52/756 3254/20/756 3258/53/756
f 3258/53/757 3254/20/757 3253/54/757 3259/23/757
f 3259/23/758 3253/54/758 3252/17/758 3260/8/758
f 3243/24/759 3247/55/759 3257/26/759 3249/27/759
f 3249/27/760 3257/26/760 3256/28/760 3250/29/760
f 3250/29/761 3256/28/761 3255/14/761 3251/50/761
f 3263/6/762 3248/48/762 3258/53/762 3265/56/762
f 3265/56/20 3258/53/20 3259/23/20 3266/31/20
f 3266/31/20 3259/23/20 3260/8/20 3267/49/20
f 3261/32/763 3242/33/763 3252/34/763 3268/57/763
f 3268/57/764 3252/34/764 3253/58/764 3269/59/764
f 3269/59/765 3253/58/765 3254/45/765 3270/44/765
f 3250/38/766 3269/59/766 3270/44/766 3249/60/766
f 3251/61/767 3268/57/767 3269/59/767 3250/38/767
f 3241/41/768 3261/32/768 3268/57/768 3251/61/768
f 3256/28/20 3266/31/20 3267/49/20 3255/14/20
f 3257/26/20 3265/56/20 3266/31/20 3256/28/20
f 3247/55/20 3263/6/20 3265/56/20 3257/26/20
f 3245/51/23 3264/10/23 3261/12/23 3241/62/23
f 3255/14/20 3267/49/20 3264/10/20 3245/51/20
f 3243/43/3 3262/47/3 3263/6/3 3247/55/3
f 3249/60/769 3270/44/769 3262/47/769 3243/43/769
f 3288/4/3 3274/3/3 3278/5/3 3289/6/3
f 3292/7/2 3286/8/2 3276/9/2 3290/10/2
f 3290/10/902 3276/9/902 3272/11/902 3287/12/902
f 3280/13/771 3283/14/771 3275/15/771 3271/16/771
f 3286/8/772 3281/17/772 3272/18/772 3276/9/772
f 3277/25/773 3284/28/773 3279/29/773 3273/24/773
f 3285/23/774 3282/22/774 3281/17/774 3286/8/774
f 3277/25/2 3289/6/2 3291/31/2 3284/28/2
f 3279/29/775 3284/28/775 3283/14/775 3280/13/775
f 3294/37/776 3282/36/776 3274/3/776 3288/4/776
f 3291/31/2 3285/23/2 3286/8/2 3292/7/2
f 3287/32/777 3272/33/777 3281/34/777 3293/35/777
f 3293/35/778 3281/34/778 3282/36/778 3294/37/778
f 3278/5/779 3285/23/779 3291/31/779 3289/6/779
f 3280/40/780 3293/35/780 3294/37/780 3279/38/780
f 3271/41/781 3287/32/781 3293/35/781 3280/40/781
f 3284/28/2 3291/31/2 3292/7/2 3283/14/2
f 3294/37/782 3288/4/782 3273/43/782 3279/38/782
f 3275/15/23 3290/10/23 3287/12/23 3271/42/23
f 3283/14/2 3292/7/2 3290/10/2 3275/15/2
f 3273/43/3 3288/4/3 3289/6/3 3277/25/3
f 3274/19/783 3282/22/783 3285/23/783 3278/5/783
f 3324/1/866 3308/2/866 3298/3/866 3316/4/866
f 3316/4/3 3298/3/3 3302/5/3 3317/6/3
f 3321/7/20 3314/8/20 3300/9/20 3318/10/20
f 3318/10/867 3300/9/867 3296/11/867 3315/12/867
f 3305/13/868 3309/14/868 3299/15/868 3295/16/868
f 3314/8/869 3306/17/869 3296/18/869 3300/9/869
f 3302/5/870 3298/19/870 3308/20/870 3312/21/870
f 3312/21/871 3308/20/871 3307/22/871 3313/23/871
f 3313/23/872 3307/22/872 3306/17/872 3314/8/872
f 3297/24/873 3301/25/873 3311/26/873 3303/27/873
f 3303/27/874 3311/26/874 3310/28/874 3304/29/874
f 3304/29/875 3310/28/875 3309/14/875 3305/13/875
f 3317/6/876 3302/5/876 3312/21/876 3319/30/876
f 3319/30/20 3312/21/20 3313/23/20 3320/31/20
f 3320/31/20 3313/23/20 3314/8/20 3321/7/20
f 3315/32/877 3296/33/877 3306/34/877 3322/35/877
f 3322/35/878 3306/34/878 3307/36/878 3323/37/878
f 3323/37/971 3307/36/971 3308/2/971 3324/1/971
f 3304/38/880 3323/37/880 3324/1/880 3303/39/880
f 3305/40/881 3322/35/881 3323/37/881 3304/38/881
f 3295/41/882 3315/32/882 3322/35/882 3305/40/882
f 3310/28/20 3320/31/20 3321/7/20 3309/14/20
f 3311/26/20 3319/30/20 3320/31/20 3310/28/20
f 3301/25/20 3317/6/20 3319/30/20 3311/26/20
f 3299/15/23 3318/10/23 3315/12/23 3295/42/23
f 3309/14/20 3321/7/20 3318/10/20 3299/15/20
f 3297/43/3 3316/4/3 3317/6/3 3301/25/3
f 3303/39/883 3324/1/883 3316/4/883 3297/43/883
f 3354/44/972 3338/45/972 3328/46/972 3346/47/972
f 3346/47/3 3328/46/3 3332/48/3 3347/6/3
f 3351/49/2 3344/8/2 3330/9/2 3348/10/2
f 3348/10/973 3330/9/973 3326/11/973 3345/12/973
f 3335/50/974 3339/14/974 3329/51/974 3325/16/974
f 3344/8/975 3336/17/975 3326/18/975 3330/9/975
f 3332/48/976 3328/52/976 3338/20/976 3342/53/976
f 3342/53/977 3338/20/977 3337/54/977 3343/23/977
f 3343/23/978 3337/54/978 3336/17/978 3344/8/978
f 3327/24/979 3331/55/979 3341/26/979 3333/27/979
f 3333/27/980 3341/26/980 3340/28/980 3334/29/980
f 3334/29/981 3340/28/981 3339/14/981 3335/50/981
f 3347/6/982 3332/48/982 3342/53/982 3349/56/982
f 3349/56/2 3342/53/2 3343/23/2 3350/31/2
f 3350/31/2 3343/23/2 3344/8/2 3351/49/2
f 3345/32/983 3326/33/983 3336/34/983 3352/57/983
f 3352/57/984 3336/34/984 3337/58/984 3353/59/984
f 3353/59/985 3337/58/985 3338/45/985 3354/44/985
f 3334/38/986 3353/59/986 3354/44/986 3333/60/986
f 3335/61/987 3352/57/987 3353/59/987 3334/38/987
f 3325/41/988 3345/32/988 3352/57/988 3335/61/988
f 3340/28/2 3350/31/2 3351/49/2 3339/14/2
f 3341/26/2 3349/56/2 3350/31/2 3340/28/2
f 3331/55/2 3347/6/2 3349/56/2 3341/26/2
f 3329/51/23 3348/10/23 3345/12/23 3325/62/23
f 3339/14/2 3351/49/2 3348/10/2 3329/51/2
f 3327/43/3 3346/47/3 3347/6/3 3331/55/3
f 3333/60/989 3354/44/989 3346/47/989 3327/43/989
f 3372/4/3 3358/3/3 3362/5/3 3373/6/3
f 3376/7/2 3370/8/2 3360/9/2 3374/10/2
f 3374/10/902 3360/9/902 3356/11/902 3371/12/902
f 3364/13/771 3367/14/771 3359/15/771 3355/16/771
f 3370/8/772 3365/17/772 3356/18/772 3360/9/772
f 3361/25/773 3368/28/773 3363/29/773 3357/24/773
f 3369/23/774 3366/22/774 3365/17/774 3370/8/774
f 3361/25/2 3373/6/2 3375/31/2 3368/28/2
f 3363/29/775 3368/28/775 3367/14/775 3364/13/775
f 3378/37/776 3366/36/776 3358/3/776 3372/4/776
f 3375/31/2 3369/23/2 3370/8/2 3376/7/2
f 3371/32/777 3356/33/777 3365/34/777 3377/35/777
f 3377/35/778 3365/34/778 3366/36/778 3378/37/778
f 3362/5/779 3369/23/779 3375/31/779 3373/6/779
f 3364/40/780 3377/35/780 3378/37/780 3363/38/780
f 3355/41/781 3371/32/781 3377/35/781 3364/40/781
f 3368/28/2 3375/31/2 3376/7/2 3367/14/2
f 3378/37/782 3372/4/782 3357/43/782 3363/38/782
f 3359/15/23 3374/10/23 3371/12/23 3355/42/23
f 3367/14/2 3376/7/2 3374/10/2 3359/15/2
f 3357/43/3 3372/4/3 3373/6/3 3361/25/3
f 3358/19/783 3366/22/783 3369/23/783 3362/5/783
f 3408/44/903 3392/45/903 3382/46/903 3400/47/903
f 3400/47/23 3382/46/23 3386/48/23 3401/6/23
f 3405/49/20 3398/8/20 3384/9/20 3402/10/20
f 3402/10/904 3384/9/904 3380/11/904 3399/12/904
f 3389/50/905 3393/14/905 3383/51/905 3379/16/905
f 3398/8/906 3390/17/906 3380/18/906 3384/9/906
f 3386/48/907 3382/52/907 3392/20/907 3396/53/907
f 3396/53/908 3392/20/908 3391/54/908 3397/23/908
f 3397/23/909 3391/54/909 3390/17/909 3398/8/909
f 3381/24/910 3385/55/910 3395/26/910 3387/27/910
f 3387/27/911 3395/26/911 3394/28/911 3388/29/911
f 3388/29/912 3394/28/912 3393/14/912 3389/50/912
f 3401/6/913 3386/48/913 3396/53/913 3403/56/913
f 3403/56/20 3396/53/20 3397/23/20 3404/31/20
f 3404/31/20 3397/23/20 3398/8/20 3405/49/20
f 3399/32/914 3380/33/914 3390/34/914 3406/57/914
f 3406/57/915 3390/34/915 3391/58/915 3407/59/915
f 3407/59/916 3391/58/916 3392/45/916 3408/44/916
f 3388/38/917 3407/59/917 3408/44/917 3387/60/917
f 3389/61/918 3406/57/918 3407/59/918 3388/38/918
f 3379/41/919 3399/32/919 3406/57/919 3389/61/919
f 3394/28/20 3404/31/20 3405/49/20 3393/14/20
f 3395/26/20 3403/56/20 3404/31/20 3394/28/20
f 3385/55/20 3401/6/20 3403/56/20 3395/26/20
f 3383/51/3 3402/10/3 3399/12/3 3379/62/3
f 3393/14/20 3405/49/20 3402/10/20 3383/51/20
f 3381/43/23 3400/47/23 3401/6/23 3385/55/23
f 3387/60/920 3408/44/920 3400/47/920 3381/43/920
f 3426/4/23 3412/3/23 3416/5/23 3427/6/23
f 3430/7/2 3424/8/2 3414/9/2 3428/10/2
f 3428/10/957 3414/9/957 3410/11/957 3425/12/957
f 3418/13/958 3421/14/958 3413/15/958 3409/16/958
f 3424/8/959 3419/17/959 3410/18/959 3414/9/959
f 3415/25/960 3422/28/960 3417/29/960 3411/24/960
f 3423/23/961 3420/22/961 3419/17/961 3424/8/961
f 3415/25/2 3427/6/2 3429/31/2 3422/28/2
f 3417/29/962 3422/28/962 3421/14/962 3418/13/962
f 3432/37/963 3420/36/963 3412/3/963 3426/4/963
f 3429/31/2 3423/23/2 3424/8/2 3430/7/2
f 3425/32/964 3410/33/964 3419/34/964 3431/35/964
f 3431/35/965 3419/34/965 3420/36/965 3432/37/965
f 3416/5/966 3423/23/966 3429/31/966 3427/6/966
f 3418/40/967 3431/35/967 3432/37/967 3417/38/967
f 3409/41/968 3425/32/968 3431/35/968 3418/40/968
f 3422/28/2 3429/31/2 3430/7/2 3421/14/2
f 3432/37/969 3426/4/969 3411/43/969 3417/38/969
f 3413/15/3 3428/10/3 3425/12/3 3409/42/3
f 3421/14/2 3430/7/2 3428/10/2 3413/15/2
f 3411/43/23 3426/4/23 3427/6/23 3415/25/23
f 3412/19/970 3420/22/970 3423/23/970 3416/5/970
f 3462/1/734 3446/2/734 3436/3/734 3454/4/734
f 3454/4/3 3436/3/3 3440/5/3 3455/6/3
f 3459/7/20 3452/8/20 3438/9/20 3456/10/20
f 3456/10/735 3438/9/735 3434/11/735 3453/12/735
f 3443/13/736 3447/14/736 3437/15/736 3433/16/736
f 3452/8/737 3444/17/737 3434/18/737 3438/9/737
f 3440/5/738 3436/19/738 3446/20/738 3450/21/738
f 3450/21/739 3446/20/739 3445/22/739 3451/23/739
f 3451/23/740 3445/22/740 3444/17/740 3452/8/740
f 3435/24/741 3439/25/741 3449/26/741 3441/27/741
f 3441/27/742 3449/26/742 3448/28/742 3442/29/742
f 3442/29/743 3448/28/743 3447/14/743 3443/13/743
f 3455/6/744 3440/5/744 3450/21/744 3457/30/744
f 3457/30/20 3450/21/20 3451/23/20 3458/31/20
f 3458/31/20 3451/23/20 3452/8/20 3459/7/20
f 3453/32/745 3434/33/745 3444/34/745 3460/35/745
f 3460/35/746 3444/34/746 3445/36/746 3461/37/746
f 3461/37/747 3445/36/747 3446/2/747 3462/1/747
f 3442/38/748 3461/37/748 3462/1/748 3441/39/748
f 3443/40/749 3460/35/749 3461/37/749 3442/38/749
f 3433/41/750 3453/32/750 3460/35/750 3443/40/750
f 3448/28/20 3458/31/20 3459/7/20 3447/14/20
f 3449/26/20 3457/30/20 3458/31/20 3448/28/20
f 3439/25/20 3455/6/20 3457/30/20 3449/26/20
f 3437/15/23 3456/10/23 3453/12/23 3433/42/23
f 3447/14/20 3459/7/20 3456/10/20 3437/15/20
f 3435/43/3 3454/4/3 3455/6/3 3439/25/3
f 3441/39/751 3462/1/751 3454/4/751 3435/43/751
f 3492/1/990 3476/2/990 3466/3/990 3484/4/990
f 3484/4/3 3466/3/3 3470/5/3 3485/6/3
f 3489/7/2 3482/8/2 3468/9/2 3486/10/2
f 3486/10/991 3468/9/991 3464/11/991 3483/12/991
f 3473/13/992 3477/14/992 3467/15/992 3463/16/992
f 3482/8/993 3474/17/993 3464/18/993 3468/9/993
f 3470/5/994 3466/19/994 3476/20/994 3480/21/994
f 3480/21/995 3476/20/995 3475/22/995 3481/23/995
f 3481/23/996 3475/22/996 3474/17/996 3482/8/996
f 3465/24/997 3469/25/997 3479/26/997 3471/27/997
f 3471/27/998 3479/26/998 3478/28/998 3472/29/998
f 3472/29/999 3478/28/999 3477/14/999 3473/13/999
f 3485/6/1000 3470/5/1000 3480/21/1000 3487/30/1000
f 3487/30/2 3480/21/2 3481/23/2 3488/31/2
f 3488/31/2 3481/23/2 3482/8/2 3489/7/2
f 3483/32/1001 3464/33/1001 3474/34/1001 3490/35/1001
f 3490/35/1002 3474/34/1002 3475/36/1002 3491/37/1002
f 3491/37/1003 3475/36/1003 3476/2/1003 3492/1/1003
f 3472/38/1004 3491/37/1004 3492/1/1004 3471/39/1004
f 3473/40/1005 3490/35/1005 3491/37/1005 3472/38/1005
f 3463/41/1006 3483/32/1006 3490/35/1006 3473/40/1006
f 3478/28/2 3488/31/2 3489/7/2 3477/14/2
f 3479/26/2 3487/30/2 3488/31/2 3478/28/2
f 3469/25/2 3485/6/2 3487/30/2 3479/26/2
f 3467/15/23 3486/10/23 3483/12/23 3463/42/23
f 3477/14/2 3489/7/2 3486/10/2 3467/15/2
f 3465/43/3 3484/4/3 3485/6/3 3469/25/3
f 3471/39/1007 3492/1/1007 3484/4/1007 3465/43/1007
f 3510/4/3 3496/3/3 3500/5/3 3511/6/3
f 3514/7/2 3508/8/2 3498/9/2 3512/10/2
f 3512/10/1008 3498/9/1008 3494/11/1008 3509/12/1008
f 3502/13/1009 3505/14/1009 3497/15/1009 3493/16/1009
f 3508/8/1010 3503/17/1010 3494/18/1010 3498/9/1010
f 3499/25/1011 3506/28/1011 3501/29/1011 3495/24/1011
f 3507/23/1012 3504/22/1012 3503/17/1012 3508/8/1012
f 3499/25/2 3511/6/2 3513/31/2 3506/28/2
f 3501/29/1013 3506/28/1013 3505/14/1013 3502/13/1013
f 3516/37/1014 3504/36/1014 3496/3/1014 3510/4/1014
f 3513/31/2 3507/23/2 3508/8/2 3514/7/2
f 3509/32/1015 3494/33/1015 3503/34/1015 3515/35/1015
f 3515/35/1016 3503/34/1016 3504/36/1016 3516/37/1016
f 3500/5/1017 3507/23/1017 3513/31/1017 3511/6/1017
f 3502/40/1018 3515/35/1018 3516/37/1018 3501/38/1018
f 3493/41/1019 3509/32/1019 3515/35/1019 3502/40/1019
f 3506/28/2 3513/31/2 3514/7/2 3505/14/2
f 3516/37/1020 3510/4/1020 3495/43/1020 3501/38/1020
f 3497/15/23 3512/10/23 3509/12/23 3493/42/23
f 3505/14/2 3514/7/2 3512/10/2 3497/15/2
f 3495/43/3 3510/4/3 3511/6/3 3499/25/3
f 3496/19/1021 3504/22/1021 3507/23/1021 3500/5/1021
f 3546/44/752 3530/45/752 3520/46/752 3538/47/752
f 3538/47/3 3520/46/3 3524/48/3 3539/6/3
f 3543/49/20 3536/8/20 3522/9/20 3540/10/20
f 3540/10/753 3522/9/753 3518/11/753 3537/12/753
f 3527/50/754 3531/14/754 3521/51/754 3517/16/754
f 3536/8/755 3528/17/755 3518/18/755 3522/9/755
f 3524/48/756 3520/52/756 3530/20/756 3534/53/756
f 3534/53/757 3530/20/757 3529/54/757 3535/23/757
f 3535/23/758 3529/54/758 3528/17/758 3536/8/758
f 3519/24/759 3523/55/759 3533/26/759 3525/27/759
f 3525/27/760 3533/26/760 3532/28/760 3526/29/760
f 3526/29/761 3532/28/761 3531/14/761 3527/50/761
f 3539/6/762 3524/48/762 3534/53/762 3541/56/762
f 3541/56/20 3534/53/20 3535/23/20 3542/31/20
f 3542/31/20 3535/23/20 3536/8/20 3543/49/20
f 3537/32/1022 3518/33/1022 3528/34/1022 3544/57/1022
f 3544/57/764 3528/34/764 3529/58/764 3545/59/764
f 3545/59/765 3529/58/765 3530/45/765 3546/44/765
f 3526/38/766 3545/59/766 3546/44/766 3525/60/766
f 3527/61/767 3544/57/767 3545/59/767 3526/38/767
f 3517/41/768 3537/32/768 3544/57/768 3527/61/768
f 3532/28/20 3542/31/20 3543/49/20 3531/14/20
f 3533/26/20 3541/56/20 3542/31/20 3532/28/20
f 3523/55/20 3539/6/20 3541/56/20 3533/26/20
f 3521/51/23 3540/10/23 3537/12/23 3517/62/23
f 3531/14/20 3543/49/20 3540/10/20 3521/51/20
f 3519/43/3 3538/47/3 3539/6/3 3523/55/3
f 3525/60/769 3546/44/769 3538/47/769 3519/43/769
f 3576/44/1023 3560/45/1023 3550/46/1023 3568/47/1023
f 3568/47/23 3550/46/23 3554/48/23 3569/6/23
f 3573/49/2 3566/8/2 3552/9/2 3570/10/2
f 3570/10/1024 3552/9/1024 3548/11/1024 3567/12/1024
f 3557/50/1025 3561/14/1025 3551/51/1025 3547/16/1025
f 3566/8/1026 3558/17/1026 3548/18/1026 3552/9/1026
f 3554/48/1027 3550/52/1027 3560/20/1027 3564/53/1027
f 3564/53/1028 3560/20/1028 3559/54/1028 3565/23/1028
f 3565/23/1029 3559/54/1029 3558/17/1029 3566/8/1029
f 3549/24/1030 3553/55/1030 3563/26/1030 3555/27/1030
f 3555/27/1031 3563/26/1031 3562/28/1031 3556/29/1031
f 3556/29/1032 3562/28/1032 3561/14/1032 3557/50/1032
f 3569/6/1033 3554/48/1033 3564/53/1033 3571/56/1033
f 3571/56/2 3564/53/2 3565/23/2 3572/31/2
f 3572/31/2 3565/23/2 3566/8/2 3573/49/2
f 3567/32/1034 3548/33/1034 3558/34/1034 3574/57/1034
f 3574/57/1035 3558/34/1035 3559/58/1035 3575/59/1035
f 3575/59/1036 3559/58/1036 3560/45/1036 3576/44/1036
f 3556/38/1037 3575/59/1037 3576/44/1037 3555/60/1037
f 3557/61/1038 3574/57/1038 3575/59/1038 3556/38/1038
f 3547/41/1039 3567/32/1039 3574/57/1039 3557/61/1039
f 3562/28/2 3572/31/2 3573/49/2 3561/14/2
f 3563/26/2 3571/56/2 3572/31/2 3562/28/2
f 3553/55/2 3569/6/2 3571/56/2 3563/26/2
f 3551/51/3 3570/10/3 3567/12/3 3547/62/3
f 3561/14/2 3573/49/2 3570/10/2 3551/51/2
f 3549/43/23 3568/47/23 3569/6/23 3553/55/23
f 3555/60/1040 3576/44/1040 3568/47/1040 3549/43/1040
f 3594/4/23 3580/3/23 3584/5/23 3595/6/23
f 3598/7/2 3592/8/2 3582/9/2 3596/10/2
f 3596/10/1041 3582/9/1041 3578/11/1041 3593/12/1041
f 3586/13/1042 3589/14/1042 3581/15/1042 3577/16/1042
f 3592/8/1043 3587/17/1043 3578/18/1043 3582/9/1043
f 3583/25/1044 3590/28/1044 3585/29/1044 3579/24/1044
f 3591/23/1045 3588/22/1045 3587/17/1045 3592/8/1045
f 3583/25/2 3595/6/2 3597/31/2 3590/28/2
f 3585/29/1046 3590/28/1046 3589/14/1046 3586/13/1046
f 3600/37/1047 3588/36/1047 3580/3/1047 3594/4/1047
f 3597/31/2 3591/23/2 3592/8/2 3598/7/2
f 3593/32/1048 3578/33/1048 3587/34/1048 3599/35/1048
f 3599/35/1049 3587/34/1049 3588/36/1049 3600/37/1049
f 3584/5/1050 3591/23/1050 3597/31/1050 3595/6/1050
f 3586/40/1051 3599/35/1051 3600/37/1051 3585/38/1051
f 3577/41/1052 3593/32/1052 3599/35/1052 3586/40/1052
f 3590/28/2 3597/31/2 3598/7/2 3589/14/2
f 3600/37/1053 3594/4/1053 3579/43/1053 3585/38/1053
f 3581/15/3 3596/10/3 3593/12/3 3577/42/3
f 3589/14/2 3598/7/2 3596/10/2 3581/15/2
f 3579/43/23 3594/4/23 3595/6/23 3583/25/23
f 3580/19/1054 3588/22/1054 3591/23/1054 3584/5/1054
f 3618/4/23 3604/3/23 3608/5/23 3619/6/23
f 3622/7/20 3616/8/20 3606/9/20 3620/10/20
f 3620/10/1055 3606/9/1055 3602/11/1055 3617/12/1055
f 3610/13/1056 3613/14/1056 3605/15/1056 3601/16/1056
f 3616/8/1057 3611/17/1057 3602/18/1057 3606/9/1057
f 3607/25/1058 3614/28/1058 3609/29/1058 3603/24/1058
f 3615/23/1059 3612/22/1059 3611/17/1059 3616/8/1059
f 3607/25/20 3619/6/20 3621/31/20 3614/28/20
f 3609/29/1060 3614/28/1060 3613/14/1060 3610/13/1060
f 3624/37/1061 3612/36/1061 3604/3/1061 3618/4/1061
f 3621/31/20 3615/23/20 3616/8/20 3622/7/20
f 3617/32/1062 3602/33/1062 3611/34/1062 3623/35/1062
f 3623/35/1063 3611/34/1063 3612/36/1063 3624/37/1063
f 3608/5/1064 3615/23/1064 3621/31/1064 3619/6/1064
f 3610/40/1065 3623/35/1065 3624/37/1065 3609/38/1065
f 3601/41/1066 3617/32/1066 3623/35/1066 3610/40/1066
f 3614/28/20 3621/31/20 3622/7/20 3613/14/20
f 3624/37/1067 3618/4/1067 3603/43/1067 3609/38/1067
f 3605/15/3 3620/10/3 3617/12/3 3601/42/3
f 3613/14/20 3622/7/20 3620/10/20 3605/15/20
f 3603/43/23 3618/4/23 3619/6/23 3607/25/23
f 3604/19/1068 3612/22/1068 3615/23/1068 3608/5/1068
f 3654/1/866 3638/2/866 3628/3/866 3646/4/866
f 3646/4/3 3628/3/3 3632/5/3 3647/6/3
f 3651/7/20 3644/8/20 3630/9/20 3648/10/20
f 3648/10/867 3630/9/867 3626/11/867 3645/12/867
f 3635/13/868 3639/14/868 3629/15/868 3625/16/868
f 3644/8/869 3636/17/869 3626/18/869 3630/9/869
f 3632/5/870 3628/19/870 3638/20/870 3642/21/870
f 3642/21/871 3638/20/871 3637/22/871 3643/23/871
f 3643/23/872 3637/22/872 3636/17/872 3644/8/872
f 3627/24/873 3631/25/873 3641/26/873 3633/27/873
f 3633/27/874 3641/26/874 3640/28/874 3634/29/874
f 3634/29/875 3640/28/875 3639/14/875 3635/13/875
f 3647/6/876 3632/5/876 3642/21/876 3649/30/876
f 3649/30/20 3642/21/20 3643/23/20 3650/31/20
f 3650/31/20 3643/23/20 3644/8/20 3651/7/20
f 3645/32/877 3626/33/877 3636/34/877 3652/35/877
f 3652/35/878 3636/34/878 3637/36/878 3653/37/878
f 3653/37/971 3637/36/971 3638/2/971 3654/1/971
f 3634/38/880 3653/37/880 3654/1/880 3633/39/880
f 3635/40/881 3652/35/881 3653/37/881 3634/38/881
f 3625/41/882 3645/32/882 3652/35/882 3635/40/882
f 3640/28/20 3650/31/20 3651/7/20 3639/14/20
f 3641/26/20 3649/30/20 3650/31/20 3640/28/20
f 3631/25/20 3647/6/20 3649/30/20 3641/26/20
f 3629/15/23 3648/10/23 3645/12/23 3625/42/23
f 3639/14/20 3651/7/20 3648/10/20 3629/15/20
f 3627/43/3 3646/4/3 3647/6/3 3631/25/3
f 3633/39/883 3654/1/883 3646/4/883 3627/43/883
f 3684/44/903 3668/45/903 3658/46/903 3676/47/903
f 3676/47/23 3658/46/23 3662/48/23 3677/6/23
f 3681/49/20 3674/8/20 3660/9/20 3678/10/20
f 3678/10/904 3660/9/904 3656/11/904 3675/12/904
f 3665/50/905 3669/14/905 3659/51/905 3655/16/905
f 3674/8/906 3666/17/906 3656/18/906 3660/9/906
f 3662/48/907 3658/52/907 3668/20/907 3672/53/907
f 3672/53/908 3668/20/908 3667/54/908 3673/23/908
f 3673/23/909 3667/54/909 3666/17/909 3674/8/909
f 3657/24/910 3661/55/910 3671/26/910 3663/27/910
f 3663/27/911 3671/26/911 3670/28/911 3664/29/911
f 3664/29/912 3670/28/912 3669/14/912 3665/50/912
f 3677/6/913 3662/48/913 3672/53/913 3679/56/913
f 3679/56/20 3672/53/20 3673/23/20 3680/31/20
f 3680/31/20 3673/23/20 3674/8/20 3681/49/20
f 3675/32/914 3656/33/914 3666/34/914 3682/57/914
f 3682/57/915 3666/34/915 3667/58/915 3683/59/915
f 3683/59/916 3667/58/916 3668/45/916 3684/44/916
f 3664/38/917 3683/59/917 3684/44/917 3663/60/917
f 3665/61/918 3682/57/918 3683/59/918 3664/38/918
f 3655/41/919 3675/32/919 3682/57/919 3665/61/919
f 3670/28/20 3680/31/20 3681/49/20 3669/14/20
f 3671/26/20 3679/56/20 3680/31/20 3670/28/20
f 3661/55/20 3677/6/20 3679/56/20 3671/26/20
f 3659/51/3 3678/10/3 3675/12/3 3655/62/3
f 3669/14/20 3681/49/20 3678/10/20 3659/51/20
f 3657/43/23 3676/47/23 3677/6/23 3661/55/23
f 3663/60/920 3684/44/920 3676/47/920 3657/43/920
f 3702/4/3 3688/3/3 3692/5/3 3703/6/3
f 3706/7/2 3700/8/2 3690/9/2 3704/10/2
f 3704/10/902 3690/9/902 3686/11/902 3701/12/902
f 3694/13/771 3697/14/771 3689/15/771 3685/16/771
f 3700/8/772 3695/17/772 3686/18/772 3690/9/772
f 3691/25/773 3698/28/773 3693/29/773 3687/24/773
f 3699/23/774 3696/22/774 3695/17/774 3700/8/774
f 3691/25/2 3703/6/2 3705/31/2 3698/28/2
f 3693/29/775 3698/28/775 3697/14/775 3694/13/775
f 3708/37/776 3696/36/776 3688/3/776 3702/4/776
f 3705/31/2 3699/23/2 3700/8/2 3706/7/2
f 3701/32/777 3686/33/777 3695/34/777 3707/35/777
f 3707/35/778 3695/34/778 3696/36/778 3708/37/778
f 3692/5/779 3699/23/779 3705/31/779 3703/6/779
f 3694/40/780 3707/35/780 3708/37/780 3693/38/780
f 3685/41/781 3701/32/781 3707/35/781 3694/40/781
f 3698/28/2 3705/31/2 3706/7/2 3697/14/2
f 3708/37/782 3702/4/782 3687/43/782 3693/38/782
f 3689/15/23 3704/10/23 3701/12/23 3685/42/23
f 3697/14/2 3706/7/2 3704/10/2 3689/15/2
f 3687/43/3 3702/4/3 3703/6/3 3691/25/3
f 3688/19/783 3696/22/783 3699/23/783 3692/5/783
f 3738/44/834 3722/45/834 3712/46/834 3730/47/834
f 3730/47/23 3712/46/23 3716/48/23 3731/6/23
f 3735/49/2 3728/8/2 3714/9/2 3732/10/2
f 3732/10/835 3714/9/835 3710/11/835 3729/12/835
f 3719/50/836 3723/14/836 3713/51/836 3709/16/836
f 3728/8/837 3720/17/837 3710/18/837 3714/9/837
f 3716/48/838 3712/52/838 3722/20/838 3726/53/838
f 3726/53/839 3722/20/839 3721/54/839 3727/23/839
f 3727/23/840 3721/54/840 3720/17/840 3728/8/840
f 3711/24/841 3715/55/841 3725/26/841 3717/27/841
f 3717/27/842 3725/26/842 3724/28/842 3718/29/842
f 3718/29/843 3724/28/843 3723/14/843 3719/50/843
f 3731/6/844 3716/48/844 3726/53/844 3733/56/844
f 3733/56/2 3726/53/2 3727/23/2 3734/31/2
f 3734/31/2 3727/23/2 3728/8/2 3735/49/2
f 3729/32/845 3710/33/845 3720/34/845 3736/57/845
f 3736/57/846 3720/34/846 3721/58/846 3737/59/846
f 3737/59/847 3721/58/847 3722/45/847 3738/44/847
f 3718/38/848 3737/59/848 3738/44/848 3717/60/848
f 3719/61/849 3736/57/849 3737/59/849 3718/38/849
f 3709/41/850 3729/32/850 3736/57/850 3719/61/850
f 3724/28/2 3734/31/2 3735/49/2 3723/14/2
f 3725/26/2 3733/56/2 3734/31/2 3724/28/2
f 3715/55/2 3731/6/2 3733/56/2 3725/26/2
f 3713/51/3 3732/10/3 3729/12/3 3709/62/3
f 3723/14/2 3735/49/2 3732/10/2 3713/51/2
f 3711/43/23 3730/47/23 3731/6/23 3715/55/23
f 3717/60/851 3738/44/851 3730/47/851 3711/43/851
f 3756/4/3 3742/3/3 3746/5/3 3757/6/3
f 3760/7/2 3754/8/2 3744/9/2 3758/10/2
f 3758/10/902 3744/9/902 3740/11/902 3755/12/902
f 3748/13/771 3751/14/771 3743/15/771 3739/16/771
f 3754/8/772 3749/17/772 3740/18/772 3744/9/772
f 3745/25/773 3752/28/773 3747/29/773 3741/24/773
f 3753/23/774 3750/22/774 3749/17/774 3754/8/774
f 3745/25/2 3757/6/2 3759/31/2 3752/28/2
f 3747/29/775 3752/28/775 3751/14/775 3748/13/775
f 3762/37/776 3750/36/776 3742/3/776 3756/4/776
f 3759/31/2 3753/23/2 3754/8/2 3760/7/2
f 3755/32/777 3740/33/777 3749/34/777 3761/35/777
f 3761/35/778 3749/34/778 3750/36/778 3762/37/778
f 3746/5/779 3753/23/779 3759/31/779 3757/6/779
f 3748/40/780 3761/35/780 3762/37/780 3747/38/780
f 3739/41/781 3755/32/781 3761/35/781 3748/40/781
f 3752/28/2 3759/31/2 3760/7/2 3751/14/2
f 3762/37/782 3756/4/782 3741/43/782 3747/38/782
f 3743/15/23 3758/10/23 3755/12/23 3739/42/23
f 3751/14/2 3760/7/2 3758/10/2 3743/15/2
f 3741/43/3 3756/4/3 3757/6/3 3745/25/3
f 3742/19/783 3750/22/783 3753/23/783 3746/5/783
f 3792/44/1023 3776/45/1023 3766/46/1023 3784/47/1023
f 3784/47/23 3766/46/23 3770/48/23 3785/6/23
f 3789/49/2 3782/8/2 3768/9/2 3786/10/2
f 3786/10/1024 3768/9/1024 3764/11/1024 3783/12/1024
f 3773/50/1025 3777/14/1025 3767/51/1025 3763/16/1025
f 3782/8/1026 3774/17/1026 3764/18/1026 3768/9/1026
f 3770/48/1027 3766/52/1027 3776/20/1027 3780/53/1027
f 3780/53/1028 3776/20/1028 3775/54/1028 3781/23/1028
f 3781/23/1029 3775/54/1029 3774/17/1029 3782/8/1029
f 3765/24/1030 3769/55/1030 3779/26/1030 3771/27/1030
f 3771/27/1031 3779/26/1031 3778/28/1031 3772/29/1031
f 3772/29/1032 3778/28/1032 3777/14/1032 3773/50/1032
f 3785/6/1033 3770/48/1033 3780/53/1033 3787/56/1033
f 3787/56/2 3780/53/2 3781/23/2 3788/31/2
f 3788/31/2 3781/23/2 3782/8/2 3789/49/2
f 3783/32/1034 3764/33/1034 3774/34/1034 3790/57/1034
f 3790/57/1035 3774/34/1035 3775/58/1035 3791/59/1035
f 3791/59/1036 3775/58/1036 3776/45/1036 3792/44/1036
f 3772/38/1037 3791/59/1037 3792/44/1037 3771/60/1037
f 3773/61/1038 3790/57/1038 3791/59/1038 3772/38/1038
f 3763/41/1039 3783/32/1039 3790/57/1039 3773/61/1039
f 3778/28/2 3788/31/2 3789/49/2 3777/14/2
f 3779/26/2 3787/56/2 3788/31/2 3778/28/2
f 3769/55/2 3785/6/2 3787/56/2 3779/26/2
f 3767/51/3 3786/10/3 3783/12/3 3763/62/3
f 3777/14/2 3789/49/2 3786/10/2 3767/51/2
f 3765/43/23 3784/47/23 3785/6/23 3769/55/23
f 3771/60/1040 3792/44/1040 3784/47/1040 3765/43/1040
f 3822/1/1069 3806/2/1069 3796/3/1069 3814/4/1069
f 3814/4/23 3796/3/23 3800/5/23 3815/6/23
f 3819/7/20 3812/8/20 3798/9/20 3816/10/20
f 3816/10/1070 3798/9/1070 3794/11/1070 3813/12/1070
f 3803/13/1071 3807/14/1071 3797/15/1071 3793/16/1071
f 3812/8/1072 3804/17/1072 3794/18/1072 3798/9/1072
f 3800/5/1073 3796/19/1073 3806/20/1073 3810/21/1073
f 3810/21/1074 3806/20/1074 3805/22/1074 3811/23/1074
f 3811/23/1075 3805/22/1075 3804/17/1075 3812/8/1075
f 3795/24/1076 3799/25/1076 3809/26/1076 3801/27/1076
f 3801/27/1077 3809/26/1077 3808/28/1077 3802/29/1077
f 3802/29/1078 3808/28/1078 3807/14/1078 3803/13/1078
f 3815/6/1079 3800/5/1079 3810/21/1079 3817/30/1079
f 3817/30/20 3810/21/20 3811/23/20 3818/31/20
f 3818/31/20 3811/23/20 3812/8/20 3819/7/20
f 3813/32/1080 3794/33/1080 3804/34/1080 3820/35/1080
f 3820/35/1081 3804/34/1081 3805/36/1081 3821/37/1081
f 3821/37/1082 3805/36/1082 3806/2/1082 3822/1/1082
f 3802/38/1083 3821/37/1083 3822/1/1083 3801/39/1083
f 3803/40/1084 3820/35/1084 3821/37/1084 3802/38/1084
f 3793/41/1085 3813/32/1085 3820/35/1085 3803/40/1085
f 3808/28/20 3818/31/20 3819/7/20 3807/14/20
f 3809/26/20 3817/30/20 3818/31/20 3808/28/20
f 3799/25/20 3815/6/20 3817/30/20 3809/26/20
f 3797/15/3 3816/10/3 3813/12/3 3793/42/3
f 3807/14/20 3819/7/20 3816/10/20 3797/15/20
f 3795/43/23 3814/4/23 3815/6/23 3799/25/23
f 3801/39/1086 3822/1/1086 3814/4/1086 3795/43/1086
f 3852/1/784 3836/2/784 3826/3/784 3844/4/784
f 3844/4/23 3826/3/23 3830/5/23 3845/6/23
f 3849/7/20 3842/8/20 3828/9/20 3846/10/20
f 3846/10/785 3828/9/785 3824/11/785 3843/12/785
f 3833/13/786 3837/14/786 3827/15/786 3823/16/786
f 3842/8/787 3834/17/787 3824/18/787 3828/9/787
f 3830/5/788 3826/19/788 3836/20/788 3840/21/788
f 3840/21/789 3836/20/789 3835/22/789 3841/23/789
f 3841/23/790 3835/22/790 3834/17/790 3842/8/790
f 3825/24/791 3829/25/791 3839/26/791 3831/27/791
f 3831/27/792 3839/26/792 3838/28/792 3832/29/792
f 3832/29/793 3838/28/793 3837/14/793 3833/13/793
f 3845/6/794 3830/5/794 3840/21/794 3847/30/794
f 3847/30/20 3840/21/20 3841/23/20 3848/31/20
f 3848/31/20 3841/23/20 3842/8/20 3849/7/20
f 3843/32/795 3824/33/795 3834/34/795 3850/35/795
f 3850/35/796 3834/34/796 3835/36/796 3851/37/796
f 3851/37/1087 3835/36/1087 3836/2/1087 3852/1/1087
f 3832/38/798 3851/37/798 3852/1/798 3831/39/798
f 3833/40/799 3850/35/799 3851/37/799 3832/38/799
f 3823/41/800 3843/32/800 3850/35/800 3833/40/800
f 3838/28/20 3848/31/20 3849/7/20 3837/14/20
f 3839/26/20 3847/30/20 3848/31/20 3838/28/20
f 3829/25/20 3845/6/20 3847/30/20 3839/26/20
f 3827/15/3 3846/10/3 3843/12/3 3823/42/3
f 3837/14/20 3849/7/20 3846/10/20 3827/15/20
f 3825/43/23 3844/4/23 3845/6/23 3829/25/23
f 3831/39/801 3852/1/801 3844/4/801 3825/43/801
f 3882/44/1088 3866/45/1088 3856/46/1088 3874/47/1088
f 3874/47/23 3856/46/23 3860/48/23 3875/6/23
f 3879/49/2 3872/8/2 3858/9/2 3876/10/2
f 3876/10/1089 3858/9/1089 3854/11/1089 3873/12/1089
f 3863/50/1090 3867/14/1090 3857/51/1090 3853/16/1090
f 3872/8/1091 3864/17/1091 3854/18/1091 3858/9/1091
f 3860/48/1092 3856/52/1092 3866/20/1092 3870/53/1092
f 3870/53/1093 3866/20/1093 3865/54/1093 3871/23/1093
f 3871/23/1094 3865/54/1094 3864/17/1094 3872/8/1094
f 3855/24/1095 3859/55/1095 3869/26/1095 3861/27/1095
f 3861/27/1096 3869/26/1096 3868/28/1096 3862/29/1096
f 3862/29/1097 3868/28/1097 3867/14/1097 3863/50/1097
f 3875/6/1098 3860/48/1098 3870/53/1098 3877/56/1098
f 3877/56/2 3870/53/2 3871/23/2 3878/31/2
f 3878/31/2 3871/23/2 3872/8/2 3879/49/2
f 3873/32/1099 3854/33/1099 3864/34/1099 3880/57/1099
f 3880/57/1100 3864/34/1100 3865/58/1100 3881/59/1100
f 3881/59/1101 3865/58/1101 3866/45/1101 3882/44/1101
f 3862/38/1102 3881/59/1102 3882/44/1102 3861/60/1102
f 3863/61/1103 3880/57/1103 3881/59/1103 3862/38/1103
f 3853/41/1104 3873/32/1104 3880/57/1104 3863/61/1104
f 3868/28/2 3878/31/2 3879/49/2 3867/14/2
f 3869/26/2 3877/56/2 3878/31/2 3868/28/2
f 3859/55/2 3875/6/2 3877/56/2 3869/26/2
f 3857/51/3 3876/10/3 3873/12/3 3853/62/3
f 3867/14/2 3879/49/2 3876/10/2 3857/51/2
f 3855/43/23 3874/47/23 3875/6/23 3859/55/23
f 3861/60/1105 3882/44/1105 3874/47/1105 3855/43/1105
f 3912/1/1106 3896/2/1106 3886/3/1106 3904/4/1106
f 3904/4/23 3886/3/23 3890/5/23 3905/6/23
f 3909/7/2 3902/8/2 3888/9/2 3906/10/2
f 3906/10/1107 3888/9/1107 3884/11/1107 3903/12/1107
f 3893/13/704 3897/14/704 3887/15/704 3883/16/704
f 3902/8/1108 3894/17/1108 3884/18/1108 3888/9/1108
f 3890/5/706 3886/19/706 3896/20/706 3900/21/706
f 3900/21/1109 3896/20/1109 3895/22/1109 3901/23/1109
f 3901/23/1110 3895/22/1110 3894/17/1110 3902/8/1110
f 3885/24/709 3889/25/709 3899/26/709 3891/27/709
f 3891/27/710 3899/26/710 3898/28/710 3892/29/710
f 3892/29/711 3898/28/711 3897/14/711 3893/13/711
f 3905/6/712 3890/5/712 3900/21/712 3907/30/712
f 3907/30/2 3900/21/2 3901/23/2 3908/31/2
f 3908/31/2 3901/23/2 3902/8/2 3909/7/2
f 3903/32/1111 3884/33/1111 3894/34/1111 3910/35/1111
f 3910/35/1112 3894/34/1112 3895/36/1112 3911/37/1112
f 3911/37/1113 3895/36/1113 3896/2/1113 3912/1/1113
f 3892/38/1114 3911/37/1114 3912/1/1114 3891/39/1114
f 3893/40/1115 3910/35/1115 3911/37/1115 3892/38/1115
f 3883/41/718 3903/32/718 3910/35/718 3893/40/718
f 3898/28/2 3908/31/2 3909/7/2 3897/14/2
f 3899/26/2 3907/30/2 3908/31/2 3898/28/2
f 3889/25/2 3905/6/2 3907/30/2 3899/26/2
f 3887/15/3 3906/10/3 3903/12/3 3883/42/3
f 3897/14/2 3909/7/2 3906/10/2 3887/15/2
f 3885/43/23 3904/4/23 3905/6/23 3889/25/23
f 3891/39/1116 3912/1/1116 3904/4/1116 3885/43/1116
f 3942/44/1117 3926/45/1117 3916/46/1117 3934/47/1117
f 3934/47/3 3916/46/3 3920/48/3 3935/6/3
f 3939/49/20 3932/8/20 3918/9/20 3936/10/20
f 3936/10/1118 3918/9/1118 3914/11/1118 3933/12/1118
f 3923/50/686 3927/14/686 3917/51/686 3913/16/686
f 3932/8/1119 3924/17/1119 3914/18/1119 3918/9/1119
f 3920/48/688 3916/52/688 3926/20/688 3930/53/688
f 3930/53/1120 3926/20/1120 3925/54/1120 3931/23/1120
f 3931/23/1121 3925/54/1121 3924/17/1121 3932/8/1121
f 3915/24/691 3919/55/691 3929/26/691 3921/27/691
f 3921/27/692 3929/26/692 3928/28/692 3922/29/692
f 3922/29/693 3928/28/693 3927/14/693 3923/50/693
f 3935/6/694 3920/48/694 3930/53/694 3937/56/694
f 3937/56/20 3930/53/20 3931/23/20 3938/31/20
f 3938/31/20 3931/23/20 3932/8/20 3939/49/20
f 3933/32/1122 3914/33/1122 3924/34/1122 3940/57/1122
f 3940/57/1123 3924/34/1123 3925/58/1123 3941/59/1123
f 3941/59/1124 3925/58/1124 3926/45/1124 3942/44/1124
f 3922/38/1125 3941/59/1125 3942/44/1125 3921/60/1125
f 3923/61/1126 3940/57/1126 3941/59/1126 3922/38/1126
f 3913/41/700 3933/32/700 3940/57/700 3923/61/700
f 3928/28/20 3938/31/20 3939/49/20 3927/14/20
f 3929/26/20 3937/56/20 3938/31/20 3928/28/20
f 3919/55/20 3935/6/20 3937/56/20 3929/26/20
f 3917/51/23 3936/10/23 3933/12/23 3913/62/23
f 3927/14/20 3939/49/20 3936/10/20 3917/51/20
f 3915/43/3 3934/47/3 3935/6/3 3919/55/3
f 3921/60/1127 3942/44/1127 3934/47/1127 3915/43/1127
f 3960/4/23 3946/3/23 3950/5/23 3961/6/23
f 3964/7/20 3958/8/20 3948/9/20 3962/10/20
f 3962/10/1128 3948/9/1128 3944/11/1128 3959/12/1128
f 3952/13/1129 3955/14/1129 3947/15/1129 3943/16/1129
f 3958/8/1130 3953/17/1130 3944/18/1130 3948/9/1130
f 3949/25/1131 3956/28/1131 3951/29/1131 3945/24/1131
f 3957/23/1132 3954/22/1132 3953/17/1132 3958/8/1132
f 3949/25/20 3961/6/20 3963/31/20 3956/28/20
f 3951/29/1133 3956/28/1133 3955/14/1133 3952/13/1133
f 3966/37/1134 3954/36/1134 3946/3/1134 3960/4/1134
f 3963/31/20 3957/23/20 3958/8/20 3964/7/20
f 3959/32/1135 3944/33/1135 3953/34/1135 3965/35/1135
f 3965/35/1136 3953/34/1136 3954/36/1136 3966/37/1136
f 3950/5/1137 3957/23/1137 3963/31/1137 3961/6/1137
f 3952/40/1138 3965/35/1138 3966/37/1138 3951/38/1138
f 3943/41/1139 3959/32/1139 3965/35/1139 3952/40/1139
f 3956/28/20 3963/31/20 3964/7/20 3955/14/20
f 3966/37/1140 3960/4/1140 3945/43/1140 3951/38/1140
f 3947/15/3 3962/10/3 3959/12/3 3943/42/3
f 3955/14/20 3964/7/20 3962/10/20 3947/15/20
f 3945/43/23 3960/4/23 3961/6/23 3949/25/23
f 3946/19/1141 3954/22/1141 3957/23/1141 3950/5/1141
f 3996/1/1142 3980/2/1142 3970/3/1142 3988/4/1142
f 3988/4/23 3970/3/23 3974/5/23 3989/6/23
f 3993/7/2 3986/8/2 3972/9/2 3990/10/2
f 3990/10/1143 3972/9/1143 3968/11/1143 3987/12/1143
f 3977/13/1144 3981/14/1144 3971/15/1144 3967/16/1144
f 3986/8/1145 3978/17/1145 3968/18/1145 3972/9/1145
f 3974/5/1146 3970/19/1146 3980/20/1146 3984/21/1146
f 3984/21/1147 3980/20/1147 3979/22/1147 3985/23/1147
f 3985/23/1148 3979/22/1148 3978/17/1148 3986/8/1148
f 3969/24/1149 3973/25/1149 3983/26/1149 3975/27/1149
f 3975/27/1150 3983/26/1150 3982/28/1150 3976/29/1150
f 3976/29/1151 3982/28/1151 3981/14/1151 3977/13/1151
f 3989/6/1152 3974/5/1152 3984/21/1152 3991/30/1152
f 3991/30/2 3984/21/2 3985/23/2 3992/31/2
f 3992/31/2 3985/23/2 3986/8/2 3993/7/2
f 3987/32/1153 3968/33/1153 3978/34/1153 3994/35/1153
f 3994/35/1154 3978/34/1154 3979/36/1154 3995/37/1154
f 3995/37/1155 3979/36/1155 3980/2/1155 3996/1/1155
f 3976/38/1156 3995/37/1156 3996/1/1156 3975/39/1156
f 3977/40/1157 3994/35/1157 3995/37/1157 3976/38/1157
f 3967/41/1158 3987/32/1158 3994/35/1158 3977/40/1158
f 3982/28/2 3992/31/2 3993/7/2 3981/14/2
f 3983/26/2 3991/30/2 3992/31/2 3982/28/2
f 3973/25/2 3989/6/2 3991/30/2 3983/26/2
f 3971/15/3 3990/10/3 3987/12/3 3967/42/3
f 3981/14/2 3993/7/2 3990/10/2 3971/15/2
f 3969/43/23 3988/4/23 3989/6/23 3973/25/23
f 3975/39/1159 3996/1/1159 3988/4/1159 3969/43/1159
f 4026/44/1023 4010/45/1023 4000/46/1023 4018/47/1023
f 4018/47/23 4000/46/23 4004/48/23 4019/6/23
f 4023/49/2 4016/8/2 4002/9/2 4020/10/2
f 4020/10/1024 4002/9/1024 3998/11/1024 4017/12/1024
f 4007/50/1025 4011/14/1025 4001/51/1025 3997/16/1025
f 4016/8/1026 4008/17/1026 3998/18/1026 4002/9/1026
f 4004/48/1027 4000/52/1027 4010/20/1027 4014/53/1027
f 4014/53/1028 4010/20/1028 4009/54/1028 4015/23/1028
f 4015/23/1029 4009/54/1029 4008/17/1029 4016/8/1029
f 3999/24/1030 4003/55/1030 4013/26/1030 4005/27/1030
f 4005/27/1031 4013/26/1031 4012/28/1031 4006/29/1031
f 4006/29/1032 4012/28/1032 4011/14/1032 4007/50/1032
f 4019/6/1033 4004/48/1033 4014/53/1033 4021/56/1033
f 4021/56/2 4014/53/2 4015/23/2 4022/31/2
f 4022/31/2 4015/23/2 4016/8/2 4023/49/2
f 4017/32/1034 3998/33/1034 4008/34/1034 4024/57/1034
f 4024/57/1035 4008/34/1035 4009/58/1035 4025/59/1035
f 4025/59/1036 4009/58/1036 4010/45/1036 4026/44/1036
f 4006/38/1037 4025/59/1037 4026/44/1037 4005/60/1037
f 4007/61/1038 4024/57/1038 4025/59/1038 4006/38/1038
f 3997/41/1039 4017/32/1039 4024/57/1039 4007/61/1039
f 4012/28/2 4022/31/2 4023/49/2 4011/14/2
f 4013/26/2 4021/56/2 4022/31/2 4012/28/2
f 4003/55/2 4019/6/2 4021/56/2 4013/26/2
f 4001/51/3 4020/10/3 4017/12/3 3997/62/3
f 4011/14/2 4023/49/2 4020/10/2 4001/51/2
f 3999/43/23 4018/47/23 4019/6/23 4003/55/23
f 4005/60/1040 4026/44/1040 4018/47/1040 3999/43/1040
f 4044/4/23 4030/3/23 4034/5/23 4045/6/23
f 4048/7/20 4042/8/20 4032/9/20 4046/10/20
f 4046/10/1160 4032/9/1160 4028/11/1160 4043/12/1160
f 4036/13/1161 4039/14/1161 4031/15/1161 4027/16/1161
f 4042/8/1162 4037/17/1162 4028/18/1162 4032/9/1162
f 4033/25/1163 4040/28/1163 4035/29/1163 4029/24/1163
f 4041/23/1164 4038/22/1164 4037/17/1164 4042/8/1164
f 4033/25/20 4045/6/20 4047/31/20 4040/28/20
f 4035/29/1165 4040/28/1165 4039/14/1165 4036/13/1165
f 4050/37/1166 4038/36/1166 4030/3/1166 4044/4/1166
f 4047/31/20 4041/23/20 4042/8/20 4048/7/20
f 4043/32/1167 4028/33/1167 4037/34/1167 4049/35/1167
f 4049/35/1168 4037/34/1168 4038/36/1168 4050/37/1168
f 4034/5/1169 4041/23/1169 4047/31/1169 4045/6/1169
f 4036/40/1170 4049/35/1170 4050/37/1170 4035/38/1170
f 4027/41/1171 4043/32/1171 4049/35/1171 4036/40/1171
f 4040/28/20 4047/31/20 4048/7/20 4039/14/20
f 4050/37/1172 4044/4/1172 4029/43/1172 4035/38/1172
f 4031/15/3 4046/10/3 4043/12/3 4027/42/3
f 4039/14/20 4048/7/20 4046/10/20 4031/15/20
f 4029/43/23 4044/4/23 4045/6/23 4033/25/23
f 4030/19/1173 4038/22/1173 4041/23/1173 4034/5/1173
f 4080/1/990 4064/2/990 4054/3/990 4072/4/990
f 4072/4/3 4054/3/3 4058/5/3 4073/6/3
f 4077/7/2 4070/8/2 4056/9/2 4074/10/2
f 4074/10/991 4056/9/991 4052/11/991 4071/12/991
f 4061/13/992 4065/14/992 4055/15/992 4051/16/992
f 4070/8/993 4062/17/993 4052/18/993 4056/9/993
f 4058/5/994 4054/19/994 4064/20/994 4068/21/994
f 4068/21/995 4064/20/995 4063/22/995 4069/23/995
f 4069/23/996 4063/22/996 4062/17/996 4070/8/996
f 4053/24/997 4057/25/997 4067/26/997 4059/27/997
f 4059/27/998 4067/26/998 4066/28/998 4060/29/998
f 4060/29/999 4066/28/999 4065/14/999 4061/13/999
f 4073/6/1000 4058/5/1000 4068/21/1000 4075/30/1000
f 4075/30/2 4068/21/2 4069/23/2 4076/31/2
f 4076/31/2 4069/23/2 4070/8/2 4077/7/2
f 4071/32/1001 4052/33/1001 4062/34/1001 4078/35/1001
f 4078/35/1002 4062/34/1002 4063/36/1002 4079/37/1002
f 4079/37/1174 4063/36/1174 4064/2/1174 4080/1/1174
f 4060/38/1004 4079/37/1004 4080/1/1004 4059/39/1004
f 4061/40/1005 4078/35/1005 4079/37/1005 4060/38/1005
f 4051/41/1006 4071/32/1006 4078/35/1006 4061/40/1006
f 4066/28/2 4076/31/2 4077/7/2 4065/14/2
f 4067/26/2 4075/30/2 4076/31/2 4066/28/2
f 4057/25/2 4073/6/2 4075/30/2 4067/26/2
f 4055/15/23 4074/10/23 4071/12/23 4051/42/23
f 4065/14/2 4077/7/2 4074/10/2 4055/15/2
f 4053/43/3 4072/4/3 4073/6/3 4057/25/3
f 4059/39/1007 4080/1/1007 4072/4/1007 4053/43/1007
f 4098/4/23 4084/3/23 4088/5/23 4099/6/23
f 4102/7/123 4096/8/123 4086/9/123 4100/10/123
f 4100/10/1175 4086/9/1175 4082/11/1175 4097/12/1175
f 4090/13/1176 4093/14/1176 4085/15/1176 4081/16/1176
f 4096/8/1177 4091/17/1177 4082/18/1177 4086/9/1177
f 4087/25/1178 4094/28/1178 4089/29/1178 4083/24/1178
f 4095/23/1179 4092/22/1179 4091/17/1179 4096/8/1179
f 4087/25/123 4099/6/123 4101/31/123 4094/28/123
f 4089/29/1180 4094/28/1180 4093/14/1180 4090/13/1180
f 4104/37/1181 4092/36/1181 4084/3/1181 4098/4/1181
f 4101/31/123 4095/23/123 4096/8/123 4102/7/123
f 4097/32/1182 4082/33/1182 4091/34/1182 4103/35/1182
f 4103/35/1183 4091/34/1183 4092/36/1183 4104/37/1183
f 4088/5/1184 4095/23/1184 4101/31/1184 4099/6/1184
f 4090/40/1185 4103/35/1185 4104/37/1185 4089/38/1185
f 4081/41/1186 4097/32/1186 4103/35/1186 4090/40/1186
f 4094/28/123 4101/31/123 4102/7/123 4093/14/123
f 4104/37/1187 4098/4/1187 4083/43/1187 4089/38/1187
f 4085/15/3 4100/10/3 4097/12/3 4081/42/3
f 4093/14/123 4102/7/123 4100/10/123 4085/15/123
f 4083/43/23 4098/4/23 4099/6/23 4087/25/23
f 4084/19/1188 4092/22/1188 4095/23/1188 4088/5/1188
f 4134/44/1189 4118/45/1189 4108/46/1189 4126/47/1189
f 4126/47/3 4108/46/3 4112/48/3 4127/6/3
f 4131/49/123 4124/8/123 4110/9/123 4128/10/123
f 4128/10/1190 4110/9/1190 4106/11/1190 4125/12/1190
f 4115/50/1191 4119/14/1191 4109/51/1191 4105/16/1191
f 4124/8/1192 4116/17/1192 4106/18/1192 4110/9/1192
f 4112/48/1193 4108/52/1193 4118/20/1193 4122/53/1193
f 4122/53/1194 4118/20/1194 4117/54/1194 4123/23/1194
f 4123/23/1195 4117/54/1195 4116/17/1195 4124/8/1195
f 4107/24/1196 4111/55/1196 4121/26/1196 4113/27/1196
f 4113/27/1197 4121/26/1197 4120/28/1197 4114/29/1197
f 4114/29/1198 4120/28/1198 4119/14/1198 4115/50/1198
f 4127/6/1199 4112/48/1199 4122/53/1199 4129/56/1199
f 4129/56/123 4122/53/123 4123/23/123 4130/31/123
f 4130/31/123 4123/23/123 4124/8/123 4131/49/123
f 4125/32/1200 4106/33/1200 4116/34/1200 4132/57/1200
f 4132/57/1201 4116/34/1201 4117/58/1201 4133/59/1201
f 4133/59/1202 4117/58/1202 4118/45/1202 4134/44/1202
f 4114/38/1203 4133/59/1203 4134/44/1203 4113/60/1203
f 4115/61/1204 4132/57/1204 4133/59/1204 4114/38/1204
f 4105/41/1205 4125/32/1205 4132/57/1205 4115/61/1205
f 4120/28/123 4130/31/123 4131/49/123 4119/14/123
f 4121/26/123 4129/56/123 4130/31/123 4120/28/123
f 4111/55/123 4127/6/123 4129/56/123 4121/26/123
f 4109/51/23 4128/10/23 4125/12/23 4105/62/23
f 4119/14/123 4131/49/123 4128/10/123 4109/51/123
f 4107/43/3 4126/47/3 4127/6/3 4111/55/3
f 4113/60/1206 4134/44/1206 4126/47/1206 4107/43/1206
f 4164/44/884 4148/45/884 4138/46/884 4156/47/884
f 4156/47/3 4138/46/3 4142/48/3 4157/6/3
f 4161/49/20 4154/8/20 4140/9/20 4158/10/20
f 4158/10/885 4140/9/885 4136/11/885 4155/12/885
f 4145/50/886 4149/14/886 4139/51/886 4135/16/886
f 4154/8/887 4146/17/887 4136/18/887 4140/9/887
f 4142/48/888 4138/52/888 4148/20/888 4152/53/888
f 4152/53/889 4148/20/889 4147/54/889 4153/23/889
f 4153/23/890 4147/54/890 4146/17/890 4154/8/890
f 4137/24/891 4141/55/891 4151/26/891 4143/27/891
f 4143/27/892 4151/26/892 4150/28/892 4144/29/892
f 4144/29/893 4150/28/893 4149/14/893 4145/50/893
f 4157/6/894 4142/48/894 4152/53/894 4159/56/894
f 4159/56/20 4152/53/20 4153/23/20 4160/31/20
f 4160/31/20 4153/23/20 4154/8/20 4161/49/20
f 4155/32/895 4136/33/895 4146/34/895 4162/57/895
f 4162/57/896 4146/34/896 4147/58/896 4163/59/896
f 4163/59/897 4147/58/897 4148/45/897 4164/44/897
f 4144/38/898 4163/59/898 4164/44/898 4143/60/898
f 4145/61/899 4162/57/899 4163/59/899 4144/38/899
f 4135/41/900 4155/32/900 4162/57/900 4145/61/900
f 4150/28/20 4160/31/20 4161/49/20 4149/14/20
f 4151/26/20 4159/56/20 4160/31/20 4150/28/20
f 4141/55/20 4157/6/20 4159/56/20 4151/26/20
f 4139/51/23 4158/10/23 4155/12/23 4135/62/23
f 4149/14/20 4161/49/20 4158/10/20 4139/51/20
f 4137/43/3 4156/47/3 4157/6/3 4141/55/3
f 4143/60/901 4164/44/901 4156/47/901 4137/43/901
f 4182/4/23 4168/3/23 4172/5/23 4183/6/23
f 4186/7/174 4180/8/174 4170/9/174 4184/10/174
f 4184/10/1207 4170/9/1207 4166/11/1207 4181/12/1207
f 4174/13/1208 4177/14/1208 4169/15/1208 4165/16/1208
f 4180/8/1209 4175/17/1209 4166/18/1209 4170/9/1209
f 4171/25/1210 4178/28/1210 4173/29/1210 4167/24/1210
f 4179/23/1211 4176/22/1211 4175/17/1211 4180/8/1211
f 4171/25/174 4183/6/174 4185/31/174 4178/28/174
f 4173/29/1212 4178/28/1212 4177/14/1212 4174/13/1212
f 4188/37/1213 4176/36/1213 4168/3/1213 4182/4/1213
f 4185/31/174 4179/23/174 4180/8/174 4186/7/174
f 4181/32/1214 4166/33/1214 4175/34/1214 4187/35/1214
f 4187/35/1215 4175/34/1215 4176/36/1215 4188/37/1215
f 4172/5/1216 4179/23/1216 4185/31/1216 4183/6/1216
f 4174/40/1217 4187/35/1217 4188/37/1217 4173/38/1217
f 4165/41/1218 4181/32/1218 4187/35/1218 4174/40/1218
f 4178/28/174 4185/31/174 4186/7/174 4177/14/174
f 4188/37/1219 4182/4/1219 4167/43/1219 4173/38/1219
f 4169/15/3 4184/10/3 4181/12/3 4165/42/3
f 4177/14/174 4186/7/174 4184/10/174 4169/15/174
f 4167/43/23 4182/4/23 4183/6/23 4171/25/23
f 4168/19/1220 4176/22/1220 4179/23/1220 4172/5/1220
f 4218/1/1221 4202/2/1221 4192/3/1221 4210/4/1221
f 4210/4/23 4192/3/23 4196/5/23 4211/6/23
f 4215/7/2 4208/8/2 4194/9/2 4212/10/2
f 4212/10/1222 4194/9/1222 4190/11/1222 4209/12/1222
f 4199/13/1223 4203/14/1223 4193/15/1223 4189/16/1223
f 4208/8/1224 4200/17/1224 4190/18/1224 4194/9/1224
f 4196/5/1225 4192/19/1225 4202/20/1225 4206/21/1225
f 4206/21/1226 4202/20/1226 4201/22/1226 4207/23/1226
f 4207/23/1227 4201/22/1227 4200/17/1227 4208/8/1227
f 4191/24/1228 4195/25/1228 4205/26/1228 4197/27/1228
f 4197/27/1229 4205/26/1229 4204/28/1229 4198/29/1229
f 4198/29/1230 4204/28/1230 4203/14/1230 4199/13/1230
f 4211/6/1231 4196/5/1231 4206/21/1231 4213/30/1231
f 4213/30/2 4206/21/2 4207/23/2 4214/31/2
f 4214/31/2 4207/23/2 4208/8/2 4215/7/2
f 4209/32/1232 4190/33/1232 4200/34/1232 4216/35/1232
f 4216/35/1233 4200/34/1233 4201/36/1233 4217/37/1233
f 4217/37/1234 4201/36/1234 4202/2/1234 4218/1/1234
f 4198/38/1235 4217/37/1235 4218/1/1235 4197/39/1235
f 4199/40/1236 4216/35/1236 4217/37/1236 4198/38/1236
f 4189/41/1237 4209/32/1237 4216/35/1237 4199/40/1237
f 4204/28/2 4214/31/2 4215/7/2 4203/14/2
f 4205/26/2 4213/30/2 4214/31/2 4204/28/2
f 4195/25/2 4211/6/2 4213/30/2 4205/26/2
f 4193/15/3 4212/10/3 4209/12/3 4189/42/3
f 4203/14/2 4215/7/2 4212/10/2 4193/15/2
f 4191/43/23 4210/4/23 4211/6/23 4195/25/23
f 4197/39/1238 4218/1/1238 4210/4/1238 4191/43/1238
f 4248/44/834 4232/45/834 4222/46/834 4240/47/834
f 4240/47/23 4222/46/23 4226/48/23 4241/6/23
f 4245/49/2 4238/8/2 4224/9/2 4242/10/2
f 4242/10/835 4224/9/835 4220/11/835 4239/12/835
f 4229/50/836 4233/14/836 4223/51/836 4219/16/836
f 4238/8/837 4230/17/837 4220/18/837 4224/9/837
f 4226/48/838 4222/52/838 4232/20/838 4236/53/838
f 4236/53/839 4232/20/839 4231/54/839 4237/23/839
f 4237/23/840 4231/54/840 4230/17/840 4238/8/840
f 4221/24/841 4225/55/841 4235/26/841 4227/27/841
f 4227/27/842 4235/26/842 4234/28/842 4228/29/842
f 4228/29/1239 4234/28/1239 4233/14/1239 4229/50/1239
f 4241/6/844 4226/48/844 4236/53/844 4243/56/844
f 4243/56/2 4236/53/2 4237/23/2 4244/31/2
f 4244/31/2 4237/23/2 4238/8/2 4245/49/2
f 4239/32/845 4220/33/845 4230/34/845 4246/57/845
f 4246/57/846 4230/34/846 4231/58/846 4247/59/846
f 4247/59/847 4231/58/847 4232/45/847 4248/44/847
f 4228/38/848 4247/59/848 4248/44/848 4227/60/848
f 4229/61/849 4246/57/849 4247/59/849 4228/38/849
f 4219/41/850 4239/32/850 4246/57/850 4229/61/850
f 4234/28/2 4244/31/2 4245/49/2 4233/14/2
f 4235/26/2 4243/56/2 4244/31/2 4234/28/2
f 4225/55/2 4241/6/2 4243/56/2 4235/26/2
f 4223/51/3 4242/10/3 4239/12/3 4219/62/3
f 4233/14/2 4245/49/2 4242/10/2 4223/51/2
f 4221/43/23 4240/47/23 4241/6/23 4225/55/23
f 4227/60/851 4248/44/851 4240/47/851 4221/43/851
f 4266/4/23 4252/3/23 4256/5/23 4267/6/23
f 4270/7/20 4264/8/20 4254/9/20 4268/10/20
f 4268/10/1240 4254/9/1240 4250/11/1240 4265/12/1240
f 4258/13/1161 4261/14/1161 4253/15/1161 4249/16/1161
f 4264/8/1162 4259/17/1162 4250/18/1162 4254/9/1162
f 4255/25/1163 4262/28/1163 4257/29/1163 4251/24/1163
f 4263/23/1164 4260/22/1164 4259/17/1164 4264/8/1164
f 4255/25/20 4267/6/20 4269/31/20 4262/28/20
f 4257/29/1165 4262/28/1165 4261/14/1165 4258/13/1165
f 4272/37/1166 4260/36/1166 4252/3/1166 4266/4/1166
f 4269/31/20 4263/23/20 4264/8/20 4270/7/20
f 4265/32/1167 4250/33/1167 4259/34/1167 4271/35/1167
f 4271/35/1168 4259/34/1168 4260/36/1168 4272/37/1168
f 4256/5/1169 4263/23/1169 4269/31/1169 4267/6/1169
f 4258/40/1170 4271/35/1170 4272/37/1170 4257/38/1170
f 4249/41/1171 4265/32/1171 4271/35/1171 4258/40/1171
f 4262/28/20 4269/31/20 4270/7/20 4261/14/20
f 4272/37/1172 4266/4/1172 4251/43/1172 4257/38/1172
f 4253/15/3 4268/10/3 4265/12/3 4249/42/3
f 4261/14/20 4270/7/20 4268/10/20 4253/15/20
f 4251/43/23 4266/4/23 4267/6/23 4255/25/23
f 4252/19/1173 4260/22/1173 4263/23/1173 4256/5/1173
f 4302/44/939 4286/45/939 4276/46/939 4294/47/939
f 4294/47/3 4276/46/3 4280/48/3 4295/6/3
f 4299/49/2 4292/8/2 4278/9/2 4296/10/2
f 4296/10/940 4278/9/940 4274/11/940 4293/12/940
f 4283/50/941 4287/14/941 4277/51/941 4273/16/941
f 4292/8/942 4284/17/942 4274/18/942 4278/9/942
f 4280/48/943 4276/52/943 4286/20/943 4290/53/943
f 4290/53/944 4286/20/944 4285/54/944 4291/23/944
f 4291/23/945 4285/54/945 4284/17/945 4292/8/945
f 4275/24/946 4279/55/946 4289/26/946 4281/27/946
f 4281/27/947 4289/26/947 4288/28/947 4282/29/947
f 4282/29/948 4288/28/948 4287/14/948 4283/50/948
f 4295/6/949 4280/48/949 4290/53/949 4297/56/949
f 4297/56/2 4290/53/2 4291/23/2 4298/31/2
f 4298/31/2 4291/23/2 4292/8/2 4299/49/2
f 4293/32/950 4274/33/950 4284/34/950 4300/57/950
f 4300/57/951 4284/34/951 4285/58/951 4301/59/951
f 4301/59/1241 4285/58/1241 4286/45/1241 4302/44/1241
f 4282/38/953 4301/59/953 4302/44/953 4281/60/953
f 4283/61/954 4300/57/954 4301/59/954 4282/38/954
f 4273/41/955 4293/32/955 4300/57/955 4283/61/955
f 4288/28/2 4298/31/2 4299/49/2 4287/14/2
f 4289/26/2 4297/56/2 4298/31/2 4288/28/2
f 4279/55/2 4295/6/2 4297/56/2 4289/26/2
f 4277/51/23 4296/10/23 4293/12/23 4273/62/23
f 4287/14/2 4299/49/2 4296/10/2 4277/51/2
f 4275/43/3 4294/47/3 4295/6/3 4279/55/3
f 4281/60/956 4302/44/956 4294/47/956 4275/43/956
f 4332/1/1221 4316/2/1221 4306/3/1221 4324/4/1221
f 4324/4/23 4306/3/23 4310/5/23 4325/6/23
f 4329/7/2 4322/8/2 4308/9/2 4326/10/2
f 4326/10/1222 4308/9/1222 4304/11/1222 4323/12/1222
f 4313/13/1223 4317/14/1223 4307/15/1223 4303/16/1223
f 4322/8/1224 4314/17/1224 4304/18/1224 4308/9/1224
f 4310/5/1225 4306/19/1225 4316/20/1225 4320/21/1225
f 4320/21/1226 4316/20/1226 4315/22/1226 4321/23/1226
f 4321/23/1227 4315/22/1227 4314/17/1227 4322/8/1227
f 4305/24/1228 4309/25/1228 4319/26/1228 4311/27/1228
f 4311/27/1229 4319/26/1229 4318/28/1229 4312/29/1229
f 4312/29/1230 4318/28/1230 4317/14/1230 4313/13/1230
f 4325/6/1231 4310/5/1231 4320/21/1231 4327/30/1231
f 4327/30/2 4320/21/2 4321/23/2 4328/31/2
f 4328/31/2 4321/23/2 4322/8/2 4329/7/2
f 4323/32/1232 4304/33/1232 4314/34/1232 4330/35/1232
f 4330/35/1233 4314/34/1233 4315/36/1233 4331/37/1233
f 4331/37/1242 4315/36/1242 4316/2/1242 4332/1/1242
f 4312/38/1235 4331/37/1235 4332/1/1235 4311/39/1235
f 4313/40/1236 4330/35/1236 4331/37/1236 4312/38/1236
f 4303/41/1237 4323/32/1237 4330/35/1237 4313/40/1237
f 4318/28/2 4328/31/2 4329/7/2 4317/14/2
f 4319/26/2 4327/30/2 4328/31/2 4318/28/2
f 4309/25/2 4325/6/2 4327/30/2 4319/26/2
f 4307/15/3 4326/10/3 4323/12/3 4303/42/3
f 4317/14/2 4329/7/2 4326/10/2 4307/15/2
f 4305/43/23 4324/4/23 4325/6/23 4309/25/23
f 4311/39/1238 4332/1/1238 4324/4/1238 4305/43/1238
f 4362/44/972 4346/45/972 4336/46/972 4354/47/972
f 4354/47/3 4336/46/3 4340/48/3 4355/6/3
f 4359/49/2 4352/8/2 4338/9/2 4356/10/2
f 4356/10/973 4338/9/973 4334/11/973 4353/12/973
f 4343/50/974 4347/14/974 4337/51/974 4333/16/974
f 4352/8/975 4344/17/975 4334/18/975 4338/9/975
f 4340/48/976 4336/52/976 4346/20/976 4350/53/976
f 4350/53/977 4346/20/977 4345/54/977 4351/23/977
f 4351/23/978 4345/54/978 4344/17/978 4352/8/978
f 4335/24/979 4339/55/979 4349/26/979 4341/27/979
f 4341/27/980 4349/26/980 4348/28/980 4342/29/980
f 4342/29/1243 4348/28/1243 4347/14/1243 4343/50/1243
f 4355/6/982 4340/48/982 4350/53/982 4357/56/982
f 4357/56/2 4350/53/2 4351/23/2 4358/31/2
f 4358/31/2 4351/23/2 4352/8/2 4359/49/2
f 4353/32/983 4334/33/983 4344/34/983 4360/57/983
f 4360/57/984 4344/34/984 4345/58/984 4361/59/984
f 4361/59/985 4345/58/985 4346/45/985 4362/44/985
f 4342/38/986 4361/59/986 4362/44/986 4341/60/986
f 4343/61/987 4360/57/987 4361/59/987 4342/38/987
f 4333/41/988 4353/32/988 4360/57/988 4343/61/988
f 4348/28/2 4358/31/2 4359/49/2 4347/14/2
f 4349/26/2 4357/56/2 4358/31/2 4348/28/2
f 4339/55/2 4355/6/2 4357/56/2 4349/26/2
f 4337/51/23 4356/10/23 4353/12/23 4333/62/23
f 4347/14/2 4359/49/2 4356/10/2 4337/51/2
f 4335/43/3 4354/47/3 4355/6/3 4339/55/3
f 4341/60/989 4362/44/989 4354/47/989 4335/43/989
f 4392/44/903 4376/45/903 4366/46/903 4384/47/903
f 4384/47/23 4366/46/23 4370/48/23 4385/6/23
f 4389/49/20 4382/8/20 4368/9/20 4386/10/20
f 4386/10/904 4368/9/904 4364/11/904 4383/12/904
f 4373/50/905 4377/14/905 4367/51/905 4363/16/905
f 4382/8/906 4374/17/906 4364/18/906 4368/9/906
f 4370/48/907 4366/52/907 4376/20/907 4380/53/907
f 4380/53/908 4376/20/908 4375/54/908 4381/23/908
f 4381/23/909 4375/54/909 4374/17/909 4382/8/909
f 4365/24/910 4369/55/910 4379/26/910 4371/27/910
f 4371/27/911 4379/26/911 4378/28/911 4372/29/911
f 4372/29/912 4378/28/912 4377/14/912 4373/50/912
f 4385/6/913 4370/48/913 4380/53/913 4387/56/913
f 4387/56/20 4380/53/20 4381/23/20 4388/31/20
f 4388/31/20 4381/23/20 4382/8/20 4389/49/20
f 4383/32/914 4364/33/914 4374/34/914 4390/57/914
f 4390/57/915 4374/34/915 4375/58/915 4391/59/915
f 4391/59/916 4375/58/916 4376/45/916 4392/44/916
f 4372/38/917 4391/59/917 4392/44/917 4371/60/917
f 4373/61/918 4390/57/918 4391/59/918 4372/38/918
f 4363/41/919 4383/32/919 4390/57/919 4373/61/919
f 4378/28/20 4388/31/20 4389/49/20 4377/14/20
f 4379/26/20 4387/56/20 4388/31/20 4378/28/20
f 4369/55/20 4385/6/20 4387/56/20 4379/26/20
f 4367/51/3 4386/10/3 4383/12/3 4363/62/3
f 4377/14/20 4389/49/20 4386/10/20 4367/51/20
f 4365/43/23 4384/47/23 4385/6/23 4369/55/23
f 4371/60/920 4392/44/920 4384/47/920 4365/43/920
f 4410/4/3 4396/3/3 4400/5/3 4411/6/3
f 4414/7/20 4408/8/20 4398/9/20 4412/10/20
f 4412/10/1244 4398/9/1244 4394/11/1244 4409/12/1244
f 4402/13/1245 4405/14/1245 4397/15/1245 4393/16/1245
f 4408/8/1246 4403/17/1246 4394/18/1246 4398/9/1246
f 4399/25/1247 4406/28/1247 4401/29/1247 4395/24/1247
f 4407/23/1248 4404/22/1248 4403/17/1248 4408/8/1248
f 4399/25/20 4411/6/20 4413/31/20 4406/28/20
f 4401/29/1249 4406/28/1249 4405/14/1249 4402/13/1249
f 4416/37/1250 4404/36/1250 4396/3/1250 4410/4/1250
f 4413/31/20 4407/23/20 4408/8/20 4414/7/20
f 4409/32/1251 4394/33/1251 4403/34/1251 4415/35/1251
f 4415/35/1252 4403/34/1252 4404/36/1252 4416/37/1252
f 4400/5/1253 4407/23/1253 4413/31/1253 4411/6/1253
f 4402/40/1254 4415/35/1254 4416/37/1254 4401/38/1254
f 4393/41/1255 4409/32/1255 4415/35/1255 4402/40/1255
f 4406/28/20 4413/31/20 4414/7/20 4405/14/20
f 4416/37/1256 4410/4/1256 4395/43/1256 4401/38/1256
f 4397/15/23 4412/10/23 4409/12/23 4393/42/23
f 4405/14/20 4414/7/20 4412/10/20 4397/15/20
f 4395/43/3 4410/4/3 4411/6/3 4399/25/3
f 4396/19/1257 4404/22/1257 4407/23/1257 4400/5/1257
f 4446/1/1142 4430/2/1142 4420/3/1142 4438/4/1142
f 4438/4/23 4420/3/23 4424/5/23 4439/6/23
f 4443/7/2 4436/8/2 4422/9/2 4440/10/2
f 4440/10/1143 4422/9/1143 4418/11/1143 4437/12/1143
f 4427/13/1144 4431/14/1144 4421/15/1144 4417/16/1144
f 4436/8/1145 4428/17/1145 4418/18/1145 4422/9/1145
f 4424/5/1146 4420/19/1146 4430/20/1146 4434/21/1146
f 4434/21/1147 4430/20/1147 4429/22/1147 4435/23/1147
f 4435/23/1148 4429/22/1148 4428/17/1148 4436/8/1148
f 4419/24/1149 4423/25/1149 4433/26/1149 4425/27/1149
f 4425/27/1150 4433/26/1150 4432/28/1150 4426/29/1150
f 4426/29/1151 4432/28/1151 4431/14/1151 4427/13/1151
f 4439/6/1152 4424/5/1152 4434/21/1152 4441/30/1152
f 4441/30/2 4434/21/2 4435/23/2 4442/31/2
f 4442/31/2 4435/23/2 4436/8/2 4443/7/2
f 4437/32/1153 4418/33/1153 4428/34/1153 4444/35/1153
f 4444/35/1154 4428/34/1154 4429/36/1154 4445/37/1154
f 4445/37/1258 4429/36/1258 4430/2/1258 4446/1/1258
f 4426/38/1156 4445/37/1156 4446/1/1156 4425/39/1156
f 4427/40/1157 4444/35/1157 4445/37/1157 4426/38/1157
f 4417/41/1158 4437/32/1158 4444/35/1158 4427/40/1158
f 4432/28/2 4442/31/2 4443/7/2 4431/14/2
f 4433/26/2 4441/30/2 4442/31/2 4432/28/2
f 4423/25/2 4439/6/2 4441/30/2 4433/26/2
f 4421/15/3 4440/10/3 4437/12/3 4417/42/3
f 4431/14/2 4443/7/2 4440/10/2 4421/15/2
f 4419/43/23 4438/4/23 4439/6/23 4423/25/23
f 4425/39/1159 4446/1/1159 4438/4/1159 4419/43/1159
f 4476/44/884 4460/45/884 4450/46/884 4468/47/884
f 4468/47/3 4450/46/3 4454/48/3 4469/6/3
f 4473/49/20 4466/8/20 4452/9/20 4470/10/20
f 4470/10/885 4452/9/885 4448/11/885 4467/12/885
f 4457/50/886 4461/14/886 4451/51/886 4447/16/886
f 4466/8/887 4458/17/887 4448/18/887 4452/9/887
f 4454/48/888 4450/52/888 4460/20/888 4464/53/888
f 4464/53/889 4460/20/889 4459/54/889 4465/23/889
f 4465/23/890 4459/54/890 4458/17/890 4466/8/890
f 4449/24/891 4453/55/891 4463/26/891 4455/27/891
f 4455/27/892 4463/26/892 4462/28/892 4456/29/892
f 4456/29/893 4462/28/893 4461/14/893 4457/50/893
f 4469/6/894 4454/48/894 4464/53/894 4471/56/894
f 4471/56/20 4464/53/20 4465/23/20 4472/31/20
f 4472/31/20 4465/23/20 4466/8/20 4473/49/20
f 4467/32/895 4448/33/895 4458/34/895 4474/57/895
f 4474/57/896 4458/34/896 4459/58/896 4475/59/896
f 4475/59/897 4459/58/897 4460/45/897 4476/44/897
f 4456/38/898 4475/59/898 4476/44/898 4455/60/898
f 4457/61/899 4474/57/899 4475/59/899 4456/38/899
f 4447/41/900 4467/32/900 4474/57/900 4457/61/900
f 4462/28/20 4472/31/20 4473/49/20 4461/14/20
f 4463/26/20 4471/56/20 4472/31/20 4462/28/20
f 4453/55/20 4469/6/20 4471/56/20 4463/26/20
f 4451/51/23 4470/10/23 4467/12/23 4447/62/23
f 4461/14/20 4473/49/20 4470/10/20 4451/51/20
f 4449/43/3 4468/47/3 4469/6/3 4453/55/3
f 4455/60/901 4476/44/901 4468/47/901 4449/43/901
f 4506/1/1221 4490/2/1221 4480/3/1221 4498/4/1221
f 4498/4/23 4480/3/23 4484/5/23 4499/6/23
f 4503/7/2 4496/8/2 4482/9/2 4500/10/2
f 4500/10/1222 4482/9/1222 4478/11/1222 4497/12/1222
f 4487/13/1223 4491/14/1223 4481/15/1223 4477/16/1223
f 4496/8/1224 4488/17/1224 4478/18/1224 4482/9/1224
f 4484/5/1225 4480/19/1225 4490/20/1225 4494/21/1225
f 4494/21/1226 4490/20/1226 4489/22/1226 4495/23/1226
f 4495/23/1227 4489/22/1227 4488/17/1227 4496/8/1227
f 4479/24/1228 4483/25/1228 4493/26/1228 4485/27/1228
f 4485/27/1229 4493/26/1229 4492/28/1229 4486/29/1229
f 4486/29/1230 4492/28/1230 4491/14/1230 4487/13/1230
f 4499/6/1231 4484/5/1231 4494/21/1231 4501/30/1231
f 4501/30/2 4494/21/2 4495/23/2 4502/31/2
f 4502/31/2 4495/23/2 4496/8/2 4503/7/2
f 4497/32/1259 4478/33/1259 4488/34/1259 4504/35/1259
f 4504/35/1233 4488/34/1233 4489/36/1233 4505/37/1233
f 4505/37/1234 4489/36/1234 4490/2/1234 4506/1/1234
f 4486/38/1235 4505/37/1235 4506/1/1235 4485/39/1235
f 4487/40/1236 4504/35/1236 4505/37/1236 4486/38/1236
f 4477/41/1237 4497/32/1237 4504/35/1237 4487/40/1237
f 4492/28/2 4502/31/2 4503/7/2 4491/14/2
f 4493/26/2 4501/30/2 4502/31/2 4492/28/2
f 4483/25/2 4499/6/2 4501/30/2 4493/26/2
f 4481/15/3 4500/10/3 4497/12/3 4477/42/3
f 4491/14/2 4503/7/2 4500/10/2 4481/15/2
f 4479/43/23 4498/4/23 4499/6/23 4483/25/23
f 4485/39/1238 4506/1/1238 4498/4/1238 4479/43/1238
f 4536/44/1023 4520/45/1023 4510/46/1023 4528/47/1023
f 4528/47/23 4510/46/23 4514/48/23 4529/6/23
f 4533/49/2 4526/8/2 4512/9/2 4530/10/2
f 4530/10/1024 4512/9/1024 4508/11/1024 4527/12/1024
f 4517/50/1025 4521/14/1025 4511/51/1025 4507/16/1025
f 4526/8/1026 4518/17/1026 4508/18/1026 4512/9/1026
f 4514/48/1027 4510/52/1027 4520/20/1027 4524/53/1027
f 4524/53/1028 4520/20/1028 4519/54/1028 4525/23/1028
f 4525/23/1029 4519/54/1029 4518/17/1029 4526/8/1029
f 4509/24/1030 4513/55/1030 4523/26/1030 4515/27/1030
f 4515/27/1031 4523/26/1031 4522/28/1031 4516/29/1031
f 4516/29/1032 4522/28/1032 4521/14/1032 4517/50/1032
f 4529/6/1033 4514/48/1033 4524/53/1033 4531/56/1033
f 4531/56/2 4524/53/2 4525/23/2 4532/31/2
f 4532/31/2 4525/23/2 4526/8/2 4533/49/2
f 4527/32/1034 4508/33/1034 4518/34/1034 4534/57/1034
f 4534/57/1035 4518/34/1035 4519/58/1035 4535/59/1035
f 4535/59/1036 4519/58/1036 4520/45/1036 4536/44/1036
f 4516/38/1037 4535/59/1037 4536/44/1037 4515/60/1037
f 4517/61/1038 4534/57/1038 4535/59/1038 4516/38/1038
f 4507/41/1039 4527/32/1039 4534/57/1039 4517/61/1039
f 4522/28/2 4532/31/2 4533/49/2 4521/14/2
f 4523/26/2 4531/56/2 4532/31/2 4522/28/2
f 4513/55/2 4529/6/2 4531/56/2 4523/26/2
f 4511/51/3 4530/10/3 4527/12/3 4507/62/3
f 4521/14/2 4533/49/2 4530/10/2 4511/51/2
f 4509/43/23 4528/47/23 4529/6/23 4513/55/23
f 4515/60/1040 4536/44/1040 4528/47/1040 4509/43/1040
f 4554/4/23 4540/3/23 4544/5/23 4555/6/23
f 4558/7/20 4552/8/20 4542/9/20 4556/10/20
f 4556/10/1240 4542/9/1240 4538/11/1240 4553/12/1240
f 4546/13/1161 4549/14/1161 4541/15/1161 4537/16/1161
f 4552/8/1162 4547/17/1162 4538/18/1162 4542/9/1162
f 4543/25/1163 4550/28/1163 4545/29/1163 4539/24/1163
f 4551/23/1164 4548/22/1164 4547/17/1164 4552/8/1164
f 4543/25/20 4555/6/20 4557/31/20 4550/28/20
f 4545/29/1165 4550/28/1165 4549/14/1165 4546/13/1165
f 4560/37/1166 4548/36/1166 4540/3/1166 4554/4/1166
f 4557/31/20 4551/23/20 4552/8/20 4558/7/20
f 4553/32/1167 4538/33/1167 4547/34/1167 4559/35/1167
f 4559/35/1168 4547/34/1168 4548/36/1168 4560/37/1168
f 4544/5/1169 4551/23/1169 4557/31/1169 4555/6/1169
f 4546/40/1170 4559/35/1170 4560/37/1170 4545/38/1170
f 4537/41/1171 4553/32/1171 4559/35/1171 4546/40/1171
f 4550/28/20 4557/31/20 4558/7/20 4549/14/20
f 4560/37/1172 4554/4/1172 4539/43/1172 4545/38/1172
f 4541/15/3 4556/10/3 4553/12/3 4537/42/3
f 4549/14/20 4558/7/20 4556/10/20 4541/15/20
f 4539/43/23 4554/4/23 4555/6/23 4543/25/23
f 4540/19/1173 4548/22/1173 4551/23/1173 4544/5/1173
f 4590/1/1221 4574/2/1221 4564/3/1221 4582/4/1221
f 4582/4/23 4564/3/23 4568/5/23 4583/6/23
f 4587/7/2 4580/8/2 4566/9/2 4584/10/2
f 4584/10/1222 4566/9/1222 4562/11/1222 4581/12/1222
f 4571/13/1223 4575/14/1223 4565/15/1223 4561/16/1223
f 4580/8/1224 4572/17/1224 4562/18/1224 4566/9/1224
f 4568/5/1225 4564/19/1225 4574/20/1225 4578/21/1225
f 4578/21/1226 4574/20/1226 4573/22/1226 4579/23/1226
f 4579/23/1227 4573/22/1227 4572/17/1227 4580/8/1227
f 4563/24/1228 4567/25/1228 4577/26/1228 4569/27/1228
f 4569/27/1229 4577/26/1229 4576/28/1229 4570/29/1229
f 4570/29/1230 4576/28/1230 4575/14/1230 4571/13/1230
f 4583/6/1231 4568/5/1231 4578/21/1231 4585/30/1231
f 4585/30/2 4578/21/2 4579/23/2 4586/31/2
f 4586/31/2 4579/23/2 4580/8/2 4587/7/2
f 4581/32/1232 4562/33/1232 4572/34/1232 4588/35/1232
f 4588/35/1233 4572/34/1233 4573/36/1233 4589/37/1233
f 4589/37/1234 4573/36/1234 4574/2/1234 4590/1/1234
f 4570/38/1235 4589/37/1235 4590/1/1235 4569/39/1235
f 4571/40/1236 4588/35/1236 4589/37/1236 4570/38/1236
f 4561/41/1237 4581/32/1237 4588/35/1237 4571/40/1237
f 4576/28/2 4586/31/2 4587/7/2 4575/14/2
f 4577/26/2 4585/30/2 4586/31/2 4576/28/2
f 4567/25/2 4583/6/2 4585/30/2 4577/26/2
f 4565/15/3 4584/10/3 4581/12/3 4561/42/3
f 4575/14/2 4587/7/2 4584/10/2 4565/15/2
f 4563/43/23 4582/4/23 4583/6/23 4567/25/23
f 4569/39/1238 4590/1/1238 4582/4/1238 4563/43/1238
f 4620/44/921 4604/45/921 4594/46/921 4612/47/921
f 4612/47/23 4594/46/23 4598/48/23 4613/6/23
f 4617/49/20 4610/8/20 4596/9/20 4614/10/20
f 4614/10/922 4596/9/922 4592/11/922 4611/12/922
f 4601/50/923 4605/14/923 4595/51/923 4591/16/923
f 4610/8/924 4602/17/924 4592/18/924 4596/9/924
f 4598/48/925 4594/52/925 4604/20/925 4608/53/925
f 4608/53/926 4604/20/926 4603/54/926 4609/23/926
f 4609/23/927 4603/54/927 4602/17/927 4610/8/927
f 4593/24/928 4597/55/928 4607/26/928 4599/27/928
f 4599/27/929 4607/26/929 4606/28/929 4600/29/929
f 4600/29/930 4606/28/930 4605/14/930 4601/50/930
f 4613/6/931 4598/48/931 4608/53/931 4615/56/931
f 4615/56/20 4608/53/20 4609/23/20 4616/31/20
f 4616/31/20 4609/23/20 4610/8/20 4617/49/20
f 4611/32/932 4592/33/932 4602/34/932 4618/57/932
f 4618/57/933 4602/34/933 4603/58/933 4619/59/933
f 4619/59/934 4603/58/934 4604/45/934 4620/44/934
f 4600/38/935 4619/59/935 4620/44/935 4599/60/935
f 4601/61/936 4618/57/936 4619/59/936 4600/38/936
f 4591/41/937 4611/32/937 4618/57/937 4601/61/937
f 4606/28/20 4616/31/20 4617/49/20 4605/14/20
f 4607/26/20 4615/56/20 4616/31/20 4606/28/20
f 4597/55/20 4613/6/20 4615/56/20 4607/26/20
f 4595/51/3 4614/10/3 4611/12/3 4591/62/3
f 4605/14/20 4617/49/20 4614/10/20 4595/51/20
f 4593/43/23 4612/47/23 4613/6/23 4597/55/23
f 4599/60/938 4620/44/938 4612/47/938 4593/43/938
f 4638/4/23 4624/3/23 4628/5/23 4639/6/23
f 4642/7/20 4636/8/20 4626/9/20 4640/10/20
f 4640/10/1240 4626/9/1240 4622/11/1240 4637/12/1240
f 4630/13/1161 4633/14/1161 4625/15/1161 4621/16/1161
f 4636/8/1162 4631/17/1162 4622/18/1162 4626/9/1162
f 4627/25/1163 4634/28/1163 4629/29/1163 4623/24/1163
f 4635/23/1164 4632/22/1164 4631/17/1164 4636/8/1164
f 4627/25/20 4639/6/20 4641/31/20 4634/28/20
f 4629/29/1165 4634/28/1165 4633/14/1165 4630/13/1165
f 4644/37/1166 4632/36/1166 4624/3/1166 4638/4/1166
f 4641/31/20 4635/23/20 4636/8/20 4642/7/20
f 4637/32/1167 4622/33/1167 4631/34/1167 4643/35/1167
f 4643/35/1168 4631/34/1168 4632/36/1168 4644/37/1168
f 4628/5/1169 4635/23/1169 4641/31/1169 4639/6/1169
f 4630/40/1170 4643/35/1170 4644/37/1170 4629/38/1170
f 4621/41/1171 4637/32/1171 4643/35/1171 4630/40/1171
f 4634/28/20 4641/31/20 4642/7/20 4633/14/20
f 4644/37/1172 4638/4/1172 4623/43/1172 4629/38/1172
f 4625/15/3 4640/10/3 4637/12/3 4621/42/3
f 4633/14/20 4642/7/20 4640/10/20 4625/15/20
f 4623/43/23 4638/4/23 4639/6/23 4627/25/23
f 4624/19/1173 4632/22/1173 4635/23/1173 4628/5/1173
f 4674/44/939 4658/45/939 4648/46/939 4666/47/939
f 4666/47/3 4648/46/3 4652/48/3 4667/6/3
f 4671/49/2 4664/8/2 4650/9/2 4668/10/2
f 4668/10/940 4650/9/940 4646/11/940 4665/12/940
f 4655/50/941 4659/14/941 4649/51/941 4645/16/941
f 4664/8/942 4656/17/942 4646/18/942 4650/9/942
f 4652/48/943 4648/52/943 4658/20/943 4662/53/943
f 4662/53/944 4658/20/944 4657/54/944 4663/23/944
f 4663/23/945 4657/54/945 4656/17/945 4664/8/945
f 4647/24/946 4651/55/946 4661/26/946 4653/27/946
f 4653/27/947 4661/26/947 4660/28/947 4654/29/947
f 4654/29/948 4660/28/948 4659/14/948 4655/50/948
f 4667/6/949 4652/48/949 4662/53/949 4669/56/949
f 4669/56/2 4662/53/2 4663/23/2 4670/31/2
f 4670/31/2 4663/23/2 4664/8/2 4671/49/2
f 4665/32/950 4646/33/950 4656/34/950 4672/57/950
f 4672/57/951 4656/34/951 4657/58/951 4673/59/951
f 4673/59/952 4657/58/952 4658/45/952 4674/44/952
f 4654/38/953 4673/59/953 4674/44/953 4653/60/953
f 4655/61/954 4672/57/954 4673/59/954 4654/38/954
f 4645/41/955 4665/32/955 4672/57/955 4655/61/955
f 4660/28/2 4670/31/2 4671/49/2 4659/14/2
f 4661/26/2 4669/56/2 4670/31/2 4660/28/2
f 4651/55/2 4667/6/2 4669/56/2 4661/26/2
f 4649/51/23 4668/10/23 4665/12/23 4645/62/23
f 4659/14/2 4671/49/2 4668/10/2 4649/51/2
f 4647/43/3 4666/47/3 4667/6/3 4651/55/3
f 4653/60/956 4674/44/956 4666/47/956 4647/43/956
f 4692/4/3 4678/3/3 4682/5/3 4693/6/3
f 4696/7/20 4690/8/20 4680/9/20 4694/10/20
f 4694/10/1244 4680/9/1244 4676/11/1244 4691/12/1244
f 4684/13/1245 4687/14/1245 4679/15/1245 4675/16/1245
f 4690/8/1246 4685/17/1246 4676/18/1246 4680/9/1246
f 4681/25/1247 4688/28/1247 4683/29/1247 4677/24/1247
f 4689/23/1248 4686/22/1248 4685/17/1248 4690/8/1248
f 4681/25/20 4693/6/20 4695/31/20 4688/28/20
f 4683/29/1249 4688/28/1249 4687/14/1249 4684/13/1249
f 4698/37/1250 4686/36/1250 4678/3/1250 4692/4/1250
f 4695/31/20 4689/23/20 4690/8/20 4696/7/20
f 4691/32/1251 4676/33/1251 4685/34/1251 4697/35/1251
f 4697/35/1252 4685/34/1252 4686/36/1252 4698/37/1252
f 4682/5/1253 4689/23/1253 4695/31/1253 4693/6/1253
f 4684/40/1254 4697/35/1254 4698/37/1254 4683/38/1254
f 4675/41/1255 4691/32/1255 4697/35/1255 4684/40/1255
f 4688/28/20 4695/31/20 4696/7/20 4687/14/20
f 4698/37/1256 4692/4/1256 4677/43/1256 4683/38/1256
f 4679/15/23 4694/10/23 4691/12/23 4675/42/23
f 4687/14/20 4696/7/20 4694/10/20 4679/15/20
f 4677/43/3 4692/4/3 4693/6/3 4681/25/3
f 4678/19/1257 4686/22/1257 4689/23/1257 4682/5/1257
f 4728/1/1142 4712/2/1142 4702/3/1142 4720/4/1142
f 4720/4/23 4702/3/23 4706/5/23 4721/6/23
f 4725/7/2 4718/8/2 4704/9/2 4722/10/2
f 4722/10/1143 4704/9/1143 4700/11/1143 4719/12/1143
f 4709/13/1144 4713/14/1144 4703/15/1144 4699/16/1144
f 4718/8/1145 4710/17/1145 4700/18/1145 4704/9/1145
f 4706/5/1146 4702/19/1146 4712/20/1146 4716/21/1146
f 4716/21/1147 4712/20/1147 4711/22/1147 4717/23/1147
f 4717/23/1148 4711/22/1148 4710/17/1148 4718/8/1148
f 4701/24/1149 4705/25/1149 4715/26/1149 4707/27/1149
f 4707/27/1150 4715/26/1150 4714/28/1150 4708/29/1150
f 4708/29/1151 4714/28/1151 4713/14/1151 4709/13/1151
f 4721/6/1152 4706/5/1152 4716/21/1152 4723/30/1152
f 4723/30/2 4716/21/2 4717/23/2 4724/31/2
f 4724/31/2 4717/23/2 4718/8/2 4725/7/2
f 4719/32/1153 4700/33/1153 4710/34/1153 4726/35/1153
f 4726/35/1154 4710/34/1154 4711/36/1154 4727/37/1154
f 4727/37/1258 4711/36/1258 4712/2/1258 4728/1/1258
f 4708/38/1156 4727/37/1156 4728/1/1156 4707/39/1156
f 4709/40/1157 4726/35/1157 4727/37/1157 4708/38/1157
f 4699/41/1158 4719/32/1158 4726/35/1158 4709/40/1158
f 4714/28/2 4724/31/2 4725/7/2 4713/14/2
f 4715/26/2 4723/30/2 4724/31/2 4714/28/2
f 4705/25/2 4721/6/2 4723/30/2 4715/26/2
f 4703/15/3 4722/10/3 4719/12/3 4699/42/3
f 4713/14/2 4725/7/2 4722/10/2 4703/15/2
f 4701/43/23 4720/4/23 4721/6/23 4705/25/23
f 4707/39/1159 4728/1/1159 4720/4/1159 4701/43/1159
f 4758/1/784 4742/2/784 4732/3/784 4750/4/784
f 4750/4/23 4732/3/23 4736/5/23 4751/6/23
f 4755/7/20 4748/8/20 4734/9/20 4752/10/20
f 4752/10/785 4734/9/785 4730/11/785 4749/12/785
f 4739/13/786 4743/14/786 4733/15/786 4729/16/786
f 4748/8/787 4740/17/787 4730/18/787 4734/9/787
f 4736/5/788 4732/19/788 4742/20/788 4746/21/788
f 4746/21/789 4742/20/789 4741/22/789 4747/23/789
f 4747/23/790 4741/22/790 4740/17/790 4748/8/790
f 4731/24/791 4735/25/791 4745/26/791 4737/27/791
f 4737/27/792 4745/26/792 4744/28/792 4738/29/792
f 4738/29/793 4744/28/793 4743/14/793 4739/13/793
f 4751/6/794 4736/5/794 4746/21/794 4753/30/794
f 4753/30/20 4746/21/20 4747/23/20 4754/31/20
f 4754/31/20 4747/23/20 4748/8/20 4755/7/20
f 4749/32/795 4730/33/795 4740/34/795 4756/35/795
f 4756/35/796 4740/34/796 4741/36/796 4757/37/796
f 4757/37/797 4741/36/797 4742/2/797 4758/1/797
f 4738/38/798 4757/37/798 4758/1/798 4737/39/798
f 4739/40/799 4756/35/799 4757/37/799 4738/38/799
f 4729/41/800 4749/32/800 4756/35/800 4739/40/800
f 4744/28/20 4754/31/20 4755/7/20 4743/14/20
f 4745/26/20 4753/30/20 4754/31/20 4744/28/20
f 4735/25/20 4751/6/20 4753/30/20 4745/26/20
f 4733/15/3 4752/10/3 4749/12/3 4729/42/3
f 4743/14/20 4755/7/20 4752/10/20 4733/15/20
f 4731/43/23 4750/4/23 4751/6/23 4735/25/23
f 4737/39/801 4758/1/801 4750/4/801 4731/43/801
f 4776/4/23 4762/3/23 4766/5/23 4777/6/23
f 4780/7/20 4774/8/20 4764/9/20 4778/10/20
f 4778/10/1055 4764/9/1055 4760/11/1055 4775/12/1055
f 4768/13/1056 4771/14/1056 4763/15/1056 4759/16/1056
f 4774/8/1057 4769/17/1057 4760/18/1057 4764/9/1057
f 4765/25/1058 4772/28/1058 4767/29/1058 4761/24/1058
f 4773/23/1059 4770/22/1059 4769/17/1059 4774/8/1059
f 4765/25/20 4777/6/20 4779/31/20 4772/28/20
f 4767/29/1060 4772/28/1060 4771/14/1060 4768/13/1060
f 4782/37/1061 4770/36/1061 4762/3/1061 4776/4/1061
f 4779/31/20 4773/23/20 4774/8/20 4780/7/20
f 4775/32/1062 4760/33/1062 4769/34/1062 4781/35/1062
f 4781/35/1063 4769/34/1063 4770/36/1063 4782/37/1063
f 4766/5/1064 4773/23/1064 4779/31/1064 4777/6/1064
f 4768/40/1065 4781/35/1065 4782/37/1065 4767/38/1065
f 4759/41/1066 4775/32/1066 4781/35/1066 4768/40/1066
f 4772/28/20 4779/31/20 4780/7/20 4771/14/20
f 4782/37/1067 4776/4/1067 4761/43/1067 4767/38/1067
f 4763/15/3 4778/10/3 4775/12/3 4759/42/3
f 4771/14/20 4780/7/20 4778/10/20 4763/15/20
f 4761/43/23 4776/4/23 4777/6/23 4765/25/23
f 4762/19/1068 4770/22/1068 4773/23/1068 4766/5/1068
f 4812/44/1023 4796/45/1023 4786/46/1023 4804/47/1023
f 4804/47/23 4786/46/23 4790/48/23 4805/6/23
f 4809/49/2 4802/8/2 4788/9/2 4806/10/2
f 4806/10/1024 4788/9/1024 4784/11/1024 4803/12/1024
f 4793/50/1025 4797/14/1025 4787/51/1025 4783/16/1025
f 4802/8/1026 4794/17/1026 4784/18/1026 4788/9/1026
f 4790/48/1027 4786/52/1027 4796/20/1027 4800/53/1027
f 4800/53/1028 4796/20/1028 4795/54/1028 4801/23/1028
f 4801/23/1029 4795/54/1029 4794/17/1029 4802/8/1029
f 4785/24/1030 4789/55/1030 4799/26/1030 4791/27/1030
f 4791/27/1031 4799/26/1031 4798/28/1031 4792/29/1031
f 4792/29/1032 4798/28/1032 4797/14/1032 4793/50/1032
f 4805/6/1033 4790/48/1033 4800/53/1033 4807/56/1033
f 4807/56/2 4800/53/2 4801/23/2 4808/31/2
f 4808/31/2 4801/23/2 4802/8/2 4809/49/2
f 4803/32/1034 4784/33/1034 4794/34/1034 4810/57/1034
f 4810/57/1035 4794/34/1035 4795/58/1035 4811/59/1035
f 4811/59/1036 4795/58/1036 4796/45/1036 4812/44/1036
f 4792/38/1037 4811/59/1037 4812/44/1037 4791/60/1037
f 4793/61/1038 4810/57/1038 4811/59/1038 4792/38/1038
f 4783/41/1039 4803/32/1039 4810/57/1039 4793/61/1039
f 4798/28/2 4808/31/2 4809/49/2 4797/14/2
f 4799/26/2 4807/56/2 4808/31/2 4798/28/2
f 4789/55/2 4805/6/2 4807/56/2 4799/26/2
f 4787/51/3 4806/10/3 4803/12/3 4783/62/3
f 4797/14/2 4809/49/2 4806/10/2 4787/51/2
f 4785/43/23 4804/47/23 4805/6/23 4789/55/23
f 4791/60/1040 4812/44/1040 4804/47/1040 4785/43/1040
f 4842/44/752 4826/45/752 4816/46/752 4834/47/752
f 4834/47/3 4816/46/3 4820/48/3 4835/6/3
f 4839/49/20 4832/8/20 4818/9/20 4836/10/20
f 4836/10/753 4818/9/753 4814/11/753 4833/12/753
f 4823/50/754 4827/14/754 4817/51/754 4813/16/754
f 4832/8/755 4824/17/755 4814/18/755 4818/9/755
f 4820/48/756 4816/52/756 4826/20/756 4830/53/756
f 4830/53/757 4826/20/757 4825/54/757 4831/23/757
f 4831/23/758 4825/54/758 4824/17/758 4832/8/758
f 4815/24/759 4819/55/759 4829/26/759 4821/27/759
f 4821/27/760 4829/26/760 4828/28/760 4822/29/760
f 4822/29/761 4828/28/761 4827/14/761 4823/50/761
f 4835/6/762 4820/48/762 4830/53/762 4837/56/762
f 4837/56/20 4830/53/20 4831/23/20 4838/31/20
f 4838/31/20 4831/23/20 4832/8/20 4839/49/20
f 4833/32/763 4814/33/763 4824/34/763 4840/57/763
f 4840/57/764 4824/34/764 4825/58/764 4841/59/764
f 4841/59/765 4825/58/765 4826/45/765 4842/44/765
f 4822/38/766 4841/59/766 4842/44/766 4821/60/766
f 4823/61/767 4840/57/767 4841/59/767 4822/38/767
f 4813/41/768 4833/32/768 4840/57/768 4823/61/768
f 4828/28/20 4838/31/20 4839/49/20 4827/14/20
f 4829/26/20 4837/56/20 4838/31/20 4828/28/20
f 4819/55/20 4835/6/20 4837/56/20 4829/26/20
f 4817/51/23 4836/10/23 4833/12/23 4813/62/23
f 4827/14/20 4839/49/20 4836/10/20 4817/51/20
f 4815/43/3 4834/47/3 4835/6/3 4819/55/3
f 4821/60/769 4842/44/769 4834/47/769 4815/43/769
f 4860/4/3 4846/3/3 4850/5/3 4861/6/3
f 4864/7/20 4858/8/20 4848/9/20 4862/10/20
f 4862/10/1260 4848/9/1260 4844/11/1260 4859/12/1260
f 4852/13/1261 4855/14/1261 4847/15/1261 4843/16/1261
f 4858/8/1262 4853/17/1262 4844/18/1262 4848/9/1262
f 4849/25/1263 4856/28/1263 4851/29/1263 4845/24/1263
f 4857/23/1264 4854/22/1264 4853/17/1264 4858/8/1264
f 4849/25/20 4861/6/20 4863/31/20 4856/28/20
f 4851/29/1265 4856/28/1265 4855/14/1265 4852/13/1265
f 4866/37/1266 4854/36/1266 4846/3/1266 4860/4/1266
f 4863/31/20 4857/23/20 4858/8/20 4864/7/20
f 4859/32/1267 4844/33/1267 4853/34/1267 4865/35/1267
f 4865/35/1268 4853/34/1268 4854/36/1268 4866/37/1268
f 4850/5/1269 4857/23/1269 4863/31/1269 4861/6/1269
f 4852/40/1270 4865/35/1270 4866/37/1270 4851/38/1270
f 4843/41/1271 4859/32/1271 4865/35/1271 4852/40/1271
f 4856/28/20 4863/31/20 4864/7/20 4855/14/20
f 4866/37/1272 4860/4/1272 4845/43/1272 4851/38/1272
f 4847/15/23 4862/10/23 4859/12/23 4843/42/23
f 4855/14/20 4864/7/20 4862/10/20 4847/15/20
f 4845/43/3 4860/4/3 4861/6/3 4849/25/3
f 4846/19/1273 4854/22/1273 4857/23/1273 4850/5/1273
f 4884/4/3 4870/3/3 4874/5/3 4885/6/3
f 4888/7/2 4882/8/2 4872/9/2 4886/10/2
f 4886/10/1008 4872/9/1008 4868/11/1008 4883/12/1008
f 4876/13/1009 4879/14/1009 4871/15/1009 4867/16/1009
f 4882/8/1010 4877/17/1010 4868/18/1010 4872/9/1010
f 4873/25/1011 4880/28/1011 4875/29/1011 4869/24/1011
f 4881/23/1012 4878/22/1012 4877/17/1012 4882/8/1012
f 4873/25/2 4885/6/2 4887/31/2 4880/28/2
f 4875/29/1013 4880/28/1013 4879/14/1013 4876/13/1013
f 4890/37/1014 4878/36/1014 4870/3/1014 4884/4/1014
f 4887/31/2 4881/23/2 4882/8/2 4888/7/2
f 4883/32/1015 4868/33/1015 4877/34/1015 4889/35/1015
f 4889/35/1016 4877/34/1016 4878/36/1016 4890/37/1016
f 4874/5/1017 4881/23/1017 4887/31/1017 4885/6/1017
f 4876/40/1018 4889/35/1018 4890/37/1018 4875/38/1018
f 4867/41/1019 4883/32/1019 4889/35/1019 4876/40/1019
f 4880/28/2 4887/31/2 4888/7/2 4879/14/2
f 4890/37/1020 4884/4/1020 4869/43/1020 4875/38/1020
f 4871/15/23 4886/10/23 4883/12/23 4867/42/23
f 4879/14/2 4888/7/2 4886/10/2 4871/15/2
f 4869/43/3 4884/4/3 4885/6/3 4873/25/3
f 4870/19/1021 4878/22/1021 4881/23/1021 4874/5/1021
f 4920/1/1221 4904/2/1221 4894/3/1221 4912/4/1221
f 4912/4/23 4894/3/23 4898/5/23 4913/6/23
f 4917/7/2 4910/8/2 4896/9/2 4914/10/2
f 4914/10/1222 4896/9/1222 4892/11/1222 4911/12/1222
f 4901/13/1223 4905/14/1223 4895/15/1223 4891/16/1223
f 4910/8/1224 4902/17/1224 4892/18/1224 4896/9/1224
f 4898/5/1225 4894/19/1225 4904/20/1225 4908/21/1225
f 4908/21/1226 4904/20/1226 4903/22/1226 4909/23/1226
f 4909/23/1227 4903/22/1227 4902/17/1227 4910/8/1227
f 4893/24/1228 4897/25/1228 4907/26/1228 4899/27/1228
f 4899/27/1229 4907/26/1229 4906/28/1229 4900/29/1229
f 4900/29/1230 4906/28/1230 4905/14/1230 4901/13/1230
f 4913/6/1231 4898/5/1231 4908/21/1231 4915/30/1231
f 4915/30/2 4908/21/2 4909/23/2 4916/31/2
f 4916/31/2 4909/23/2 4910/8/2 4917/7/2
f 4911/32/1232 4892/33/1232 4902/34/1232 4918/35/1232
f 4918/35/1233 4902/34/1233 4903/36/1233 4919/37/1233
f 4919/37/1234 4903/36/1234 4904/2/1234 4920/1/1234
f 4900/38/1235 4919/37/1235 4920/1/1235 4899/39/1235
f 4901/40/1236 4918/35/1236 4919/37/1236 4900/38/1236
f 4891/41/1237 4911/32/1237 4918/35/1237 4901/40/1237
f 4906/28/2 4916/31/2 4917/7/2 4905/14/2
f 4907/26/2 4915/30/2 4916/31/2 4906/28/2
f 4897/25/2 4913/6/2 4915/30/2 4907/26/2
f 4895/15/3 4914/10/3 4911/12/3 4891/42/3
f 4905/14/2 4917/7/2 4914/10/2 4895/15/2
f 4893/43/23 4912/4/23 4913/6/23 4897/25/23
f 4899/39/1238 4920/1/1238 4912/4/1238 4893/43/1238
f 4950/44/939 4934/45/939 4924/46/939 4942/47/939
f 4942/47/3 4924/46/3 4928/48/3 4943/6/3
f 4947/49/2 4940/8/2 4926/9/2 4944/10/2
f 4944/10/940 4926/9/940 4922/11/940 4941/12/940
f 4931/50/941 4935/14/941 4925/51/941 4921/16/941
f 4940/8/942 4932/17/942 4922/18/942 4926/9/942
f 4928/48/943 4924/52/943 4934/20/943 4938/53/943
f 4938/53/944 4934/20/944 4933/54/944 4939/23/944
f 4939/23/945 4933/54/945 4932/17/945 4940/8/945
f 4923/24/946 4927/55/946 4937/26/946 4929/27/946
f 4929/27/947 4937/26/947 4936/28/947 4930/29/947
f 4930/29/948 4936/28/948 4935/14/948 4931/50/948
f 4943/6/949 4928/48/949 4938/53/949 4945/56/949
f 4945/56/2 4938/53/2 4939/23/2 4946/31/2
f 4946/31/2 4939/23/2 4940/8/2 4947/49/2
f 4941/32/950 4922/33/950 4932/34/950 4948/57/950
f 4948/57/1274 4932/34/1274 4933/58/1274 4949/59/1274
f 4949/59/952 4933/58/952 4934/45/952 4950/44/952
f 4930/38/953 4949/59/953 4950/44/953 4929/60/953
f 4931/61/954 4948/57/954 4949/59/954 4930/38/954
f 4921/41/955 4941/32/955 4948/57/955 4931/61/955
f 4936/28/2 4946/31/2 4947/49/2 4935/14/2
f 4937/26/2 4945/56/2 4946/31/2 4936/28/2
f 4927/55/2 4943/6/2 4945/56/2 4937/26/2
f 4925/51/23 4944/10/23 4941/12/23 4921/62/23
f 4935/14/2 4947/49/2 4944/10/2 4925/51/2
f 4923/43/3 4942/47/3 4943/6/3 4927/55/3
f 4929/60/956 4950/44/956 4942/47/956 4923/43/956
f 4968/4/23 4954/3/23 4958/5/23 4969/6/23
f 4972/7/20 4966/8/20 4956/9/20 4970/10/20
f 4970/10/1240 4956/9/1240 4952/11/1240 4967/12/1240
f 4960/13/1161 4963/14/1161 4955/15/1161 4951/16/1161
f 4966/8/1162 4961/17/1162 4952/18/1162 4956/9/1162
f 4957/25/1163 4964/28/1163 4959/29/1163 4953/24/1163
f 4965/23/1164 4962/22/1164 4961/17/1164 4966/8/1164
f 4957/25/20 4969/6/20 4971/31/20 4964/28/20
f 4959/29/1165 4964/28/1165 4963/14/1165 4960/13/1165
f 4974/37/1166 4962/36/1166 4954/3/1166 4968/4/1166
f 4971/31/20 4965/23/20 4966/8/20 4972/7/20
f 4967/32/1167 4952/33/1167 4961/34/1167 4973/35/1167
f 4973/35/1168 4961/34/1168 4962/36/1168 4974/37/1168
f 4958/5/1169 4965/23/1169 4971/31/1169 4969/6/1169
f 4960/40/1170 4973/35/1170 4974/37/1170 4959/38/1170
f 4951/41/1171 4967/32/1171 4973/35/1171 4960/40/1171
f 4964/28/20 4971/31/20 4972/7/20 4963/14/20
f 4974/37/1172 4968/4/1172 4953/43/1172 4959/38/1172
f 4955/15/3 4970/10/3 4967/12/3 4951/42/3
f 4963/14/20 4972/7/20 4970/10/20 4955/15/20
f 4953/43/23 4968/4/23 4969/6/23 4957/25/23
f 4954/19/1173 4962/22/1173 4965/23/1173 4958/5/1173
f 5004/44/884 4988/45/884 4978/46/884 4996/47/884
f 4996/47/3 4978/46/3 4982/48/3 4997/6/3
f 5001/49/20 4994/8/20 4980/9/20 4998/10/20
f 4998/10/885 4980/9/885 4976/11/885 4995/12/885
f 4985/50/886 4989/14/886 4979/51/886 4975/16/886
f 4994/8/887 4986/17/887 4976/18/887 4980/9/887
f 4982/48/888 4978/52/888 4988/20/888 4992/53/888
f 4992/53/889 4988/20/889 4987/54/889 4993/23/889
f 4993/23/890 4987/54/890 4986/17/890 4994/8/890
f 4977/24/891 4981/55/891 4991/26/891 4983/27/891
f 4983/27/892 4991/26/892 4990/28/892 4984/29/892
f 4984/29/893 4990/28/893 4989/14/893 4985/50/893
f 4997/6/894 4982/48/894 4992/53/894 4999/56/894
f 4999/56/20 4992/53/20 4993/23/20 5000/31/20
f 5000/31/20 4993/23/20 4994/8/20 5001/49/20
f 4995/32/895 4976/33/895 4986/34/895 5002/57/895
f 5002/57/896 4986/34/896 4987/58/896 5003/59/896
f 5003/59/897 4987/58/897 4988/45/897 5004/44/897
f 4984/38/898 5003/59/898 5004/44/898 4983/60/898
f 4985/61/899 5002/57/899 5003/59/899 4984/38/899
f 4975/41/900 4995/32/900 5002/57/900 4985/61/900
f 4990/28/20 5000/31/20 5001/49/20 4989/14/20
f 4991/26/20 4999/56/20 5000/31/20 4990/28/20
f 4981/55/20 4997/6/20 4999/56/20 4991/26/20
f 4979/51/23 4998/10/23 4995/12/23 4975/62/23
f 4989/14/20 5001/49/20 4998/10/20 4979/51/20
f 4977/43/3 4996/47/3 4997/6/3 4981/55/3
f 4983/60/901 5004/44/901 4996/47/901 4977/43/901
f 5022/4/23 5008/3/23 5012/5/23 5023/6/23
f 5026/7/20 5020/8/20 5010/9/20 5024/10/20
f 5024/10/1240 5010/9/1240 5006/11/1240 5021/12/1240
f 5014/13/1161 5017/14/1161 5009/15/1161 5005/16/1161
f 5020/8/1162 5015/17/1162 5006/18/1162 5010/9/1162
f 5011/25/1163 5018/28/1163 5013/29/1163 5007/24/1163
f 5019/23/1164 5016/22/1164 5015/17/1164 5020/8/1164
f 5011/25/20 5023/6/20 5025/31/20 5018/28/20
f 5013/29/1165 5018/28/1165 5017/14/1165 5014/13/1165
f 5028/37/1166 5016/36/1166 5008/3/1166 5022/4/1166
f 5025/31/20 5019/23/20 5020/8/20 5026/7/20
f 5021/32/1167 5006/33/1167 5015/34/1167 5027/35/1167
f 5027/35/1168 5015/34/1168 5016/36/1168 5028/37/1168
f 5012/5/1169 5019/23/1169 5025/31/1169 5023/6/1169
f 5014/40/1170 5027/35/1170 5028/37/1170 5013/38/1170
f 5005/41/1171 5021/32/1171 5027/35/1171 5014/40/1171
f 5018/28/20 5025/31/20 5026/7/20 5017/14/20
f 5028/37/1172 5022/4/1172 5007/43/1172 5013/38/1172
f 5009/15/3 5024/10/3 5021/12/3 5005/42/3
f 5017/14/20 5026/7/20 5024/10/20 5009/15/20
f 5007/43/23 5022/4/23 5023/6/23 5011/25/23
f 5008/19/1173 5016/22/1173 5019/23/1173 5012/5/1173
f 5058/44/752 5042/45/752 5032/46/752 5050/47/752
f 5050/47/3 5032/46/3 5036/48/3 5051/6/3
f 5055/49/20 5048/8/20 5034/9/20 5052/10/20
f 5052/10/753 5034/9/753 5030/11/753 5049/12/753
f 5039/50/754 5043/14/754 5033/51/754 5029/16/754
f 5048/8/755 5040/17/755 5030/18/755 5034/9/755
f 5036/48/756 5032/52/756 5042/20/756 5046/53/756
f 5046/53/757 5042/20/757 5041/54/757 5047/23/757
f 5047/23/758 5041/54/758 5040/17/758 5048/8/758
f 5031/24/759 5035/55/759 5045/26/759 5037/27/759
f 5037/27/760 5045/26/760 5044/28/760 5038/29/760
f 5038/29/761 5044/28/761 5043/14/761 5039/50/761
f 5051/6/762 5036/48/762 5046/53/762 5053/56/762
f 5053/56/20 5046/53/20 5047/23/20 5054/31/20
f 5054/31/20 5047/23/20 5048/8/20 5055/49/20
f 5049/32/763 5030/33/763 5040/34/763 5056/57/763
f 5056/57/764 5040/34/764 5041/58/764 5057/59/764
f 5057/59/1275 5041/58/1275 5042/45/1275 5058/44/1275
f 5038/38/1276 5057/59/1276 5058/44/1276 5037/60/1276
f 5039/61/767 5056/57/767 5057/59/767 5038/38/767
f 5029/41/768 5049/32/768 5056/57/768 5039/61/768
f 5044/28/20 5054/31/20 5055/49/20 5043/14/20
f 5045/26/20 5053/56/20 5054/31/20 5044/28/20
f 5035/55/20 5051/6/20 5053/56/20 5045/26/20
f 5033/51/23 5052/10/23 5049/12/23 5029/62/23
f 5043/14/20 5055/49/20 5052/10/20 5033/51/20
f 5031/43/3 5050/47/3 5051/6/3 5035/55/3
f 5037/60/769 5058/44/769 5050/47/769 5031/43/769
f 5088/1/1277 5072/2/1277 5062/3/1277 5080/4/1277
f 5080/4/3 5062/3/3 5066/5/3 5081/6/3
f 5085/7/2 5078/8/2 5064/9/2 5082/10/2
f 5082/10/1278 5064/9/1278 5060/11/1278 5079/12/1278
f 5069/13/1279 5073/14/1279 5063/15/1279 5059/16/1279
f 5078/8/1280 5070/17/1280 5060/18/1280 5064/9/1280
f 5066/5/1281 5062/19/1281 5072/20/1281 5076/21/1281
f 5076/21/1282 5072/20/1282 5071/22/1282 5077/23/1282
f 5077/23/1283 5071/22/1283 5070/17/1283 5078/8/1283
f 5061/24/1284 5065/25/1284 5075/26/1284 5067/27/1284
f 5067/27/1285 5075/26/1285 5074/28/1285 5068/29/1285
f 5068/29/1286 5074/28/1286 5073/14/1286 5069/13/1286
f 5081/6/1287 5066/5/1287 5076/21/1287 5083/30/1287
f 5083/30/2 5076/21/2 5077/23/2 5084/31/2
f 5084/31/2 5077/23/2 5078/8/2 5085/7/2
f 5079/32/1288 5060/33/1288 5070/34/1288 5086/35/1288
f 5086/35/1289 5070/34/1289 5071/36/1289 5087/37/1289
f 5087/37/1290 5071/36/1290 5072/2/1290 5088/1/1290
f 5068/38/1291 5087/37/1291 5088/1/1291 5067/39/1291
f 5069/40/1292 5086/35/1292 5087/37/1292 5068/38/1292
f 5059/41/1293 5079/32/1293 5086/35/1293 5069/40/1293
f 5074/28/2 5084/31/2 5085/7/2 5073/14/2
f 5075/26/2 5083/30/2 5084/31/2 5074/28/2
f 5065/25/2 5081/6/2 5083/30/2 5075/26/2
f 5063/15/23 5082/10/23 5079/12/23 5059/42/23
f 5073/14/2 5085/7/2 5082/10/2 5063/15/2
f 5061/43/3 5080/4/3 5081/6/3 5065/25/3
f 5067/39/1294 5088/1/1294 5080/4/1294 5061/43/1294
f 5118/1/990 5102/2/990 5092/3/990 5110/4/990
f 5110/4/3 5092/3/3 5096/5/3 5111/6/3
f 5115/7/2 5108/8/2 5094/9/2 5112/10/2
f 5112/10/991 5094/9/991 5090/11/991 5109/12/991
f 5099/13/992 5103/14/992 5093/15/992 5089/16/992
f 5108/8/993 5100/17/993 5090/18/993 5094/9/993
f 5096/5/994 5092/19/994 5102/20/994 5106/21/994
f 5106/21/995 5102/20/995 5101/22/995 5107/23/995
f 5107/23/996 5101/22/996 5100/17/996 5108/8/996
f 5091/24/997 5095/25/997 5105/26/997 5097/27/997
f 5097/27/998 5105/26/998 5104/28/998 5098/29/998
f 5098/29/999 5104/28/999 5103/14/999 5099/13/999
f 5111/6/1000 5096/5/1000 5106/21/1000 5113/30/1000
f 5113/30/2 5106/21/2 5107/23/2 5114/31/2
f 5114/31/2 5107/23/2 5108/8/2 5115/7/2
f 5109/32/1001 5090/33/1001 5100/34/1001 5116/35/1001
f 5116/35/1002 5100/34/1002 5101/36/1002 5117/37/1002
f 5117/37/1174 5101/36/1174 5102/2/1174 5118/1/1174
f 5098/38/1004 5117/37/1004 5118/1/1004 5097/39/1004
f 5099/40/1005 5116/35/1005 5117/37/1005 5098/38/1005
f 5089/41/1006 5109/32/1006 5116/35/1006 5099/40/1006
f 5104/28/2 5114/31/2 5115/7/2 5103/14/2
f 5105/26/2 5113/30/2 5114/31/2 5104/28/2
f 5095/25/2 5111/6/2 5113/30/2 5105/26/2
f 5093/15/23 5112/10/23 5109/12/23 5089/42/23
f 5103/14/2 5115/7/2 5112/10/2 5093/15/2
f 5091/43/3 5110/4/3 5111/6/3 5095/25/3
f 5097/39/1007 5118/1/1007 5110/4/1007 5091/43/1007
f 5148/44/1295 5132/45/1295 5122/46/1295 5140/47/1295
f 5140/47/3 5122/46/3 5126/48/3 5141/6/3
f 5145/49/20 5138/8/20 5124/9/20 5142/10/20
f 5142/10/1296 5124/9/1296 5120/11/1296 5139/12/1296
f 5129/50/1297 5133/14/1297 5123/51/1297 5119/16/1297
f 5138/8/1298 5130/17/1298 5120/18/1298 5124/9/1298
f 5126/48/1299 5122/52/1299 5132/20/1299 5136/53/1299
f 5136/53/1300 5132/20/1300 5131/54/1300 5137/23/1300
f 5137/23/1301 5131/54/1301 5130/17/1301 5138/8/1301
f 5121/24/1302 5125/55/1302 5135/26/1302 5127/27/1302
f 5127/27/1303 5135/26/1303 5134/28/1303 5128/29/1303
f 5128/29/1304 5134/28/1304 5133/14/1304 5129/50/1304
f 5141/6/1305 5126/48/1305 5136/53/1305 5143/56/1305
f 5143/56/20 5136/53/20 5137/23/20 5144/31/20
f 5144/31/20 5137/23/20 5138/8/20 5145/49/20
f 5139/32/1306 5120/33/1306 5130/34/1306 5146/57/1306
f 5146/57/1307 5130/34/1307 5131/58/1307 5147/59/1307
f 5147/59/1308 5131/58/1308 5132/45/1308 5148/44/1308
f 5128/38/1309 5147/59/1309 5148/44/1309 5127/60/1309
f 5129/61/1310 5146/57/1310 5147/59/1310 5128/38/1310
f 5119/41/1311 5139/32/1311 5146/57/1311 5129/61/1311
f 5134/28/20 5144/31/20 5145/49/20 5133/14/20
f 5135/26/20 5143/56/20 5144/31/20 5134/28/20
f 5125/55/20 5141/6/20 5143/56/20 5135/26/20
f 5123/51/23 5142/10/23 5139/12/23 5119/62/23
f 5133/14/20 5145/49/20 5142/10/20 5123/51/20
f 5121/43/3 5140/47/3 5141/6/3 5125/55/3
f 5127/60/1312 5148/44/1312 5140/47/1312 5121/43/1312
f 5149/69/3 5150/70/3 5152/71/3 5151/72/3
f 5153/69/3 5154/70/3 5156/71/3 5155/72/3
f 5157/69/2 5158/70/2 5160/71/2 5159/72/2
f 5161/69/2 5162/70/2 5164/71/2 5163/72/2
f 5165/41/1313 5166/63/1313 5168/64/1313 5167/65/1313
f 5171/73/1314 5172/66/1314 5170/74/1314 5169/75/1314
f 5173/41/1315 5174/63/1315 5176/64/1315 5175/65/1315
f 5179/55/1316 5180/76/1316 5178/77/1316 5177/78/1316
f 5169/79/1317 5170/63/1317 5182/64/1317 5181/80/1317
f 5183/81/1318 5184/66/1318 5174/82/1318 5173/83/1318
f 5177/41/1319 5178/63/1319 5186/64/1319 5185/65/1319
f 5187/25/1320 5188/66/1320 5166/84/1320 5165/15/1320
f 5192/85/1321 5189/86/1321 5178/67/1321 5177/42/1321
f 5191/87/1322 5186/88/1322 5178/89/1322 5189/90/1322
f 5185/68/1323 5190/91/1323 5192/92/1323 5177/16/1323
f 5185/65/1324 5186/64/1324 5191/93/1324 5190/94/1324
f 5206/95/1325 5202/96/1325 5204/97/1325 5207/98/1325
f 5207/98/1326 5204/97/1326 5203/99/1326 5205/100/1326
f 5209/101/1327 5199/102/1327 5201/103/1327 5210/104/1327
f 5210/104/1328 5201/103/1328 5200/105/1328 5208/106/1328
f 5197/107/1329 5206/108/1329 5207/109/1329 5198/110/1329
f 5198/110/1329 5207/109/1329 5205/111/1329 5196/112/1329
f 5194/113/1330 5209/114/1330 5210/115/1330 5195/116/1330
f 5195/116/1331 5210/115/1331 5208/117/1331 5193/118/1331
f 5215/119/1323 5200/120/1323 5201/121/1323 5216/122/1323
f 5216/122/1323 5201/121/1323 5199/123/1323 5214/124/1323
f 5212/125/1323 5203/126/1323 5204/127/1323 5213/128/1323
f 5213/128/1323 5204/127/1323 5202/129/1323 5211/130/1323
f 5193/131/1324 5215/132/1324 5216/133/1324 5195/134/1324
f 5195/134/1324 5216/133/1324 5214/135/1324 5194/136/1324
f 5196/137/1324 5212/138/1324 5213/139/1324 5198/140/1324
f 5198/140/1324 5213/139/1324 5211/141/1324 5197/142/1324
f 5190/94/1324 5191/93/1324 5194/136/1324 5214/135/1324
f 5194/113/1332 5191/87/1332 5189/90/1332 5209/114/1332
f 5215/132/1324 5193/131/1324 5197/142/1324 5211/141/1324
f 5197/107/1329 5193/118/1329 5208/117/1329 5206/108/1329
f 5188/66/1329 5196/112/1329 5205/111/1329 5166/84/1329
f 5212/138/1324 5196/137/1324 5188/66/1324 5187/25/1324
f 5190/91/1323 5214/124/1323 5199/123/1323 5192/92/1323
f 5202/96/1333 5206/95/1333 5208/106/1333 5200/105/1333
f 5199/102/1334 5209/101/1334 5189/86/1334 5192/85/1334
f 5215/119/1323 5211/130/1323 5202/129/1323 5200/120/1323
f 5165/15/1333 5166/84/1333 5205/100/1333 5203/99/1333
f 5212/125/1323 5187/25/1323 5165/15/1323 5203/126/1323
f 5221/143/1335 5226/144/1335 5228/145/1335 5222/146/1335
f 5222/146/1336 5228/145/1336 5227/147/1336 5220/148/1336
f 5218/149/1337 5223/150/1337 5225/151/1337 5219/152/1337
f 5219/152/1337 5225/151/1337 5224/153/1337 5217/154/1337
f 5226/155/1338 5224/156/1338 5225/157/1338 5228/158/1338
f 5228/158/1339 5225/157/1339 5223/159/1339 5227/160/1339
f 5220/161/1340 5218/162/1340 5219/163/1340 5222/164/1340
f 5222/164/1340 5219/163/1340 5217/165/1340 5221/166/1340
f 5167/65/1340 5168/64/1340 5221/166/1340 5217/165/1340
f 5167/68/1337 5217/154/1337 5224/153/1337 5165/16/1337
f 5221/143/1341 5168/88/1341 5166/167/1341 5226/144/1341
f 5224/156/1342 5226/155/1342 5166/67/1342 5165/42/1342
f 5233/168/1343 5238/169/1343 5240/170/1343 5234/171/1343
f 5234/171/1344 5240/170/1344 5239/172/1344 5232/173/1344
f 5230/174/1337 5235/175/1337 5237/176/1337 5231/177/1337
f 5231/177/1337 5237/176/1337 5236/178/1337 5229/179/1337
f 5238/180/1345 5236/181/1345 5237/182/1345 5240/183/1345
f 5240/183/1346 5237/182/1346 5235/184/1346 5239/185/1346
f 5232/186/1340 5230/187/1340 5231/188/1340 5234/189/1340
f 5234/189/1340 5231/188/1340 5229/190/1340 5233/191/1340
f 5230/174/1337 5171/73/1337 5169/75/1337 5235/175/1337
f 5218/149/1337 5229/179/1337 5236/178/1337 5223/150/1337
f 5230/187/1340 5232/186/1340 5172/66/1340 5171/73/1340
f 5218/162/1340 5220/161/1340 5233/191/1340 5229/190/1340
f 5172/66/1341 5232/173/1341 5239/172/1341 5170/74/1341
f 5233/168/1341 5220/148/1341 5227/147/1341 5238/169/1341
f 5169/75/1342 5170/74/1342 5239/185/1342 5235/184/1342
f 5236/181/1342 5238/180/1342 5227/160/1342 5223/159/1342
f 5248/192/1347 5250/193/1347 5252/194/1347 5249/195/1347
f 5249/195/1348 5252/194/1348 5251/196/1348 5247/197/1348
f 5245/198/1349 5241/199/1349 5243/200/1349 5246/201/1349
f 5246/201/1349 5243/200/1349 5242/202/1349 5244/203/1349
f 5250/204/1350 5242/205/1350 5243/206/1350 5252/207/1350
f 5252/207/1351 5243/206/1351 5241/208/1351 5251/209/1351
f 5247/210/1352 5245/211/1352 5246/212/1352 5249/213/1352
f 5249/213/1352 5246/212/1352 5244/214/1352 5248/215/1352
f 5173/83/1353 5174/82/1353 5251/209/1353 5241/208/1353
f 5245/198/1349 5183/81/1349 5173/83/1349 5241/199/1349
f 5245/211/1352 5247/210/1352 5184/66/1352 5183/81/1352
f 5184/66/1354 5247/197/1354 5251/196/1354 5174/82/1354
f 5260/216/1355 5262/217/1355 5264/218/1355 5261/219/1355
f 5261/219/1356 5264/218/1356 5263/220/1356 5259/221/1356
f 5257/222/1349 5253/223/1349 5255/224/1349 5258/225/1349
f 5258/225/1349 5255/224/1349 5254/226/1349 5256/227/1349
f 5262/228/1353 5254/229/1353 5255/230/1353 5264/231/1353
f 5264/231/1353 5255/230/1353 5253/232/1353 5263/233/1353
f 5259/234/1352 5257/235/1352 5258/236/1352 5261/164/1352
f 5261/164/1352 5258/236/1352 5256/237/1352 5260/238/1352
f 5181/68/1349 5256/227/1349 5254/226/1349 5169/16/1349
f 5257/222/1349 5244/203/1349 5242/202/1349 5253/223/1349
f 5254/229/1353 5262/228/1353 5170/239/1353 5169/42/1353
f 5242/205/1353 5250/204/1353 5263/233/1353 5253/232/1353
f 5181/80/1352 5182/64/1352 5260/238/1352 5256/237/1352
f 5257/235/1352 5259/234/1352 5248/215/1352 5244/214/1352
f 5260/216/1354 5182/88/1354 5170/240/1354 5262/217/1354
f 5248/192/1354 5259/221/1354 5263/220/1354 5250/193/1354
f 5269/241/1357 5274/242/1357 5276/243/1357 5270/219/1357
f 5270/219/1358 5276/243/1358 5275/244/1358 5268/245/1358
f 5266/246/1359 5271/247/1359 5273/248/1359 5267/249/1359
f 5267/249/1360 5273/248/1360 5272/250/1360 5265/251/1360
f 5274/252/1361 5272/253/1361 5273/254/1361 5276/255/1361
f 5276/255/1362 5273/254/1362 5271/256/1362 5275/257/1362
f 5268/258/1363 5266/259/1363 5267/163/1363 5270/164/1363
f 5270/164/1363 5267/163/1363 5265/260/1363 5269/261/1363
f 5175/65/1363 5176/64/1363 5269/261/1363 5265/260/1363
f 5175/262/1360 5265/251/1360 5272/250/1360 5173/263/1360
f 5269/241/1364 5176/88/1364 5174/240/1364 5274/242/1364
f 5272/253/1365 5274/252/1365 5174/264/1365 5173/265/1365
f 5281/266/1366 5286/267/1366 5288/268/1366 5282/269/1366
f 5282/269/1367 5288/268/1367 5287/270/1367 5280/271/1367
f 5278/272/1368 5283/273/1368 5285/274/1368 5279/275/1368
f 5279/275/1369 5285/274/1369 5284/276/1369 5277/277/1369
f 5286/278/1370 5284/279/1370 5285/280/1370 5288/281/1370
f 5288/281/1371 5285/280/1371 5283/282/1371 5287/283/1371
f 5280/284/1363 5278/285/1363 5279/286/1363 5282/287/1363
f 5282/287/1363 5279/286/1363 5277/288/1363 5281/289/1363
f 5278/272/1372 5179/55/1372 5177/78/1372 5283/273/1372
f 5266/246/1373 5277/277/1373 5284/276/1373 5271/247/1373
f 5278/285/1363 5280/284/1363 5180/76/1363 5179/55/1363
f 5266/259/1363 5268/258/1363 5281/289/1363 5277/288/1363
f 5180/76/1374 5280/271/1374 5287/270/1374 5178/77/1374
f 5281/266/1375 5268/245/1375 5275/244/1375 5286/267/1375
f 5177/78/1376 5178/77/1376 5287/283/1376 5283/282/1376
f 5284/279/1377 5286/278/1377 5275/257/1377 5271/256/1377
f 5289/41/1378 5290/63/1378 5292/64/1378 5291/65/1378
f 5295/73/1379 5296/66/1379 5294/74/1379 5293/75/1379
f 5297/41/1380 5298/63/1380 5300/64/1380 5299/65/1380
f 5303/55/1381 5304/76/1381 5302/77/1381 5301/78/1381
f 5293/79/1382 5294/63/1382 5306/64/1382 5305/80/1382
f 5307/81/1383 5308/66/1383 5298/82/1383 5297/83/1383
f 5301/41/1384 5302/63/1384 5310/64/1384 5309/65/1384
f 5311/25/1385 5312/66/1385 5290/84/1385 5289/15/1385
f 5316/85/1386 5313/86/1386 5302/67/1386 5301/42/1386
f 5315/87/1387 5310/88/1387 5302/89/1387 5313/90/1387
f 5309/68/1388 5314/91/1388 5316/92/1388 5301/16/1388
f 5309/65/1363 5310/64/1363 5315/93/1363 5314/94/1363
f 5330/95/1389 5326/96/1389 5328/97/1389 5331/98/1389
f 5331/98/1390 5328/97/1390 5327/99/1390 5329/100/1390
f 5333/101/1391 5323/102/1391 5325/103/1391 5334/104/1391
f 5334/104/1392 5325/103/1392 5324/105/1392 5332/106/1392
f 5321/107/1393 5330/108/1393 5331/109/1393 5322/110/1393
f 5322/110/1393 5331/109/1393 5329/111/1393 5320/112/1393
f 5318/113/1394 5333/114/1394 5334/115/1394 5319/116/1394
f 5319/116/1395 5334/115/1395 5332/117/1395 5317/118/1395
f 5339/119/1388 5324/120/1388 5325/121/1388 5340/122/1388
f 5340/122/1388 5325/121/1388 5323/123/1388 5338/124/1388
f 5336/125/1388 5327/126/1388 5328/127/1388 5337/128/1388
f 5337/128/1388 5328/127/1388 5326/129/1388 5335/130/1388
f 5317/131/1363 5339/132/1363 5340/133/1363 5319/134/1363
f 5319/134/1363 5340/133/1363 5338/135/1363 5318/136/1363
f 5320/137/1363 5336/138/1363 5337/139/1363 5322/140/1363
f 5322/140/1363 5337/139/1363 5335/141/1363 5321/142/1363
f 5314/94/1363 5315/93/1363 5318/136/1363 5338/135/1363
f 5318/113/1396 5315/87/1396 5313/90/1396 5333/114/1396
f 5339/132/1363 5317/131/1363 5321/142/1363 5335/141/1363
f 5321/107/1393 5317/118/1393 5332/117/1393 5330/108/1393
f 5312/66/1393 5320/112/1393 5329/111/1393 5290/84/1393
f 5336/138/1363 5320/137/1363 5312/66/1363 5311/25/1363
f 5314/91/1388 5338/124/1388 5323/123/1388 5316/92/1388
f 5326/96/1397 5330/95/1397 5332/106/1397 5324/105/1397
f 5323/102/1398 5333/101/1398 5313/86/1398 5316/85/1398
f 5339/119/1388 5335/130/1388 5326/129/1388 5324/120/1388
f 5289/15/1397 5290/84/1397 5329/100/1397 5327/99/1397
f 5336/125/1388 5311/25/1388 5289/15/1388 5327/126/1388
f 5345/143/1399 5350/144/1399 5352/145/1399 5346/146/1399
f 5346/146/1400 5352/145/1400 5351/147/1400 5344/148/1400
f 5342/149/1323 5347/150/1323 5349/151/1323 5343/152/1323
f 5343/152/1323 5349/151/1323 5348/153/1323 5341/154/1323
f 5350/155/1401 5348/156/1401 5349/157/1401 5352/158/1401
f 5352/158/1402 5349/157/1402 5347/159/1402 5351/160/1402
f 5344/161/1324 5342/162/1324 5343/163/1324 5346/164/1324
f 5346/164/1324 5343/163/1324 5341/165/1324 5345/166/1324
f 5291/65/1324 5292/64/1324 5345/166/1324 5341/165/1324
f 5291/68/1323 5341/154/1323 5348/153/1323 5289/16/1323
f 5345/143/1329 5292/88/1329 5290/167/1329 5350/144/1329
f 5348/156/1333 5350/155/1333 5290/67/1333 5289/42/1333
f 5357/168/1403 5362/169/1403 5364/170/1403 5358/171/1403
f 5358/171/1404 5364/170/1404 5363/172/1404 5356/173/1404
f 5354/174/1323 5359/175/1323 5361/176/1323 5355/177/1323
f 5355/177/1323 5361/176/1323 5360/178/1323 5353/179/1323
f 5362/180/1405 5360/181/1405 5361/182/1405 5364/183/1405
f 5364/183/1406 5361/182/1406 5359/184/1406 5363/185/1406
f 5356/186/1324 5354/187/1324 5355/188/1324 5358/189/1324
f 5358/189/1324 5355/188/1324 5353/190/1324 5357/191/1324
f 5354/174/1323 5295/73/1323 5293/75/1323 5359/175/1323
f 5342/149/1323 5353/179/1323 5360/178/1323 5347/150/1323
f 5354/187/1324 5356/186/1324 5296/66/1324 5295/73/1324
f 5342/162/1324 5344/161/1324 5357/191/1324 5353/190/1324
f 5296/66/1329 5356/173/1329 5363/172/1329 5294/74/1329
f 5357/168/1329 5344/148/1329 5351/147/1329 5362/169/1329
f 5293/75/1333 5294/74/1333 5363/185/1333 5359/184/1333
f 5360/181/1333 5362/180/1333 5351/160/1333 5347/159/1333
f 5372/192/1407 5374/193/1407 5376/194/1407 5373/195/1407
f 5373/195/1408 5376/194/1408 5375/196/1408 5371/197/1408
f 5369/198/1409 5365/199/1409 5367/200/1409 5370/201/1409
f 5370/201/1409 5367/200/1409 5366/202/1409 5368/203/1409
f 5374/204/1410 5366/205/1410 5367/206/1410 5376/207/1410
f 5376/207/1411 5367/206/1411 5365/208/1411 5375/209/1411
f 5371/210/1340 5369/211/1340 5370/212/1340 5373/213/1340
f 5373/213/1340 5370/212/1340 5368/214/1340 5372/215/1340
f 5297/83/1412 5298/82/1412 5375/209/1412 5365/208/1412
f 5369/198/1409 5307/81/1409 5297/83/1409 5365/199/1409
f 5369/211/1340 5371/210/1340 5308/66/1340 5307/81/1340
f 5308/66/1341 5371/197/1341 5375/196/1341 5298/82/1341
f 5384/216/1413 5386/217/1413 5388/218/1413 5385/219/1413
f 5385/219/1414 5388/218/1414 5387/220/1414 5383/221/1414
f 5381/222/1409 5377/223/1409 5379/224/1409 5382/225/1409
f 5382/225/1409 5379/224/1409 5378/226/1409 5380/227/1409
f 5386/228/1412 5378/229/1412 5379/230/1412 5388/231/1412
f 5388/231/1412 5379/230/1412 5377/232/1412 5387/233/1412
f 5383/234/1340 5381/235/1340 5382/236/1340 5385/164/1340
f 5385/164/1340 5382/236/1340 5380/237/1340 5384/238/1340
f 5305/68/1409 5380/227/1409 5378/226/1409 5293/16/1409
f 5381/222/1409 5368/203/1409 5366/202/1409 5377/223/1409
f 5378/229/1412 5386/228/1412 5294/239/1412 5293/42/1412
f 5366/205/1412 5374/204/1412 5387/233/1412 5377/232/1412
f 5305/80/1340 5306/64/1340 5384/238/1340 5380/237/1340
f 5381/235/1340 5383/234/1340 5372/215/1340 5368/214/1340
f 5384/216/1341 5306/88/1341 5294/240/1341 5386/217/1341
f 5372/192/1341 5383/221/1341 5387/220/1341 5374/193/1341
f 5393/241/1415 5398/242/1415 5400/243/1415 5394/219/1415
f 5394/219/1416 5400/243/1416 5399/244/1416 5392/245/1416
f 5390/246/1417 5395/247/1417 5397/248/1417 5391/249/1417
f 5391/249/1349 5397/248/1349 5396/250/1349 5389/251/1349
f 5398/252/1418 5396/253/1418 5397/254/1418 5400/255/1418
f 5400/255/1419 5397/254/1419 5395/256/1419 5399/257/1419
f 5392/258/1352 5390/259/1352 5391/163/1352 5394/164/1352
f 5394/164/1352 5391/163/1352 5389/260/1352 5393/261/1352
f 5299/65/1352 5300/64/1352 5393/261/1352 5389/260/1352
f 5299/262/1349 5389/251/1349 5396/250/1349 5297/263/1349
f 5393/241/1420 5300/88/1420 5298/240/1420 5398/242/1420
f 5396/253/1421 5398/252/1421 5298/264/1421 5297/265/1421
f 5405/266/1422 5410/267/1422 5412/268/1422 5406/269/1422
f 5406/269/1423 5412/268/1423 5411/270/1423 5404/271/1423
f 5402/272/1424 5407/273/1424 5409/274/1424 5403/275/1424
f 5403/275/1425 5409/274/1425 5408/276/1425 5401/277/1425
f 5410/278/1426 5408/279/1426 5409/280/1426 5412/281/1426
f 5412/281/1427 5409/280/1427 5407/282/1427 5411/283/1427
f 5404/284/1352 5402/285/1352 5403/286/1352 5406/287/1352
f 5406/287/1352 5403/286/1352 5401/288/1352 5405/289/1352
f 5402/272/1428 5303/55/1428 5301/78/1428 5407/273/1428
f 5390/246/1429 5401/277/1429 5408/276/1429 5395/247/1429
f 5402/285/1352 5404/284/1352 5304/76/1352 5303/55/1352
f 5390/259/1352 5392/258/1352 5405/289/1352 5401/288/1352
f 5304/76/1430 5404/271/1430 5411/270/1430 5302/77/1430
f 5405/266/1431 5392/245/1431 5399/244/1431 5410/267/1431
f 5301/78/1432 5302/77/1432 5411/283/1432 5407/282/1432
f 5408/279/1433 5410/278/1433 5399/257/1433 5395/256/1433
