o M_Brickwall_T2
v -4.393280 0.477910 -4.462622
v -4.530009 0.608680 -4.460962
v -4.638712 0.587323 -4.467017
v -4.638712 0.472423 -4.467017
v -4.638712 0.608680 -4.699396
v -4.638712 0.481230 -4.721917
v -4.420953 0.487394 -4.721917
v -4.362800 0.620464 -4.721917
v -4.224928 0.625120 -4.721917
v -4.224928 0.489449 -4.721917
v -4.246724 0.608680 -4.433513
v -4.224928 0.481230 -4.449872
v -4.420953 0.349376 -4.467017
v -4.420953 0.353779 -4.721917
v -4.224928 0.353779 -4.721917
v -4.224928 0.353779 -4.467017
v -4.354519 0.608680 -4.437393
v -4.623719 0.609080 -4.721917
v -4.473952 0.601567 -4.457038
v -4.473952 0.613439 -4.721917
v -4.638712 0.348247 -4.467017
v -4.638712 0.353779 -4.721917
v -4.442688 0.353779 -4.721917
v -4.515118 0.338942 -4.467017
v -4.431820 0.353779 -4.721917
v -4.431820 0.344972 -4.467017
v -4.442688 0.483285 -4.721917
v -4.431820 0.485340 -4.721917
v -4.274190 0.480676 -4.457102
v -4.389004 0.478194 -4.462202
v -4.038765 0.769034 -4.706984
v -4.106826 0.904383 -4.712311
v -3.998124 0.883025 -4.706256
v -3.998124 0.768125 -4.706256
v -3.998124 0.904383 -4.473876
v -3.998124 0.776932 -4.451355
v -4.215882 0.783097 -4.451355
v -4.274035 0.916166 -4.451355
v -4.411907 0.920822 -4.451355
v -4.411907 0.785152 -4.451355
v -4.390112 0.904383 -4.672709
v -4.411907 0.776932 -4.723400
v -4.215882 0.645078 -4.706256
v -4.215882 0.649482 -4.451355
v -4.411907 0.649482 -4.451355
v -4.411907 0.649482 -4.706256
v -4.282316 0.904383 -4.668829
v -4.013116 0.904783 -4.451355
v -4.162883 0.898923 -4.692395
v -4.162883 0.909142 -4.451355
v -3.998124 0.643950 -4.706256
v -3.998124 0.649482 -4.451355
v -4.194148 0.649482 -4.451355
v -4.121717 0.634644 -4.706256
v -4.205015 0.649482 -4.451355
v -4.205015 0.640675 -4.706256
v -4.194148 0.778987 -4.451355
v -4.205015 0.781042 -4.451355
v -4.362646 0.776379 -4.716170
v -4.106058 0.770599 -4.708299
v -4.611979 1.086137 -4.727389
v -4.611979 0.971237 -4.727389
v -4.611979 0.949879 -4.495009
v -4.611979 1.077329 -4.472488
v -4.394220 1.071165 -4.472488
v -4.336067 0.938096 -4.472488
v -4.198195 0.933440 -4.472488
v -4.198195 1.069110 -4.472488
v -4.219990 0.949879 -4.760893
v -4.198195 1.077330 -4.744533
v -4.394220 1.209183 -4.727389
v -4.394220 1.204780 -4.472488
v -4.198195 1.204780 -4.472488
v -4.198195 1.204780 -4.727389
v -4.327786 0.949879 -4.757013
v -4.611979 1.204780 -4.472488
v -4.405087 1.204780 -4.472488
v -4.405087 1.213587 -4.727389
v -4.611979 1.210312 -4.727389
v -4.447219 0.945120 -4.472488
v -4.447219 0.956993 -4.737368
v -4.405087 1.073220 -4.472488
v -4.362271 1.080365 -4.732204
v -4.247457 1.077883 -4.737304
v -3.888654 1.072598 -4.462622
v -4.049405 1.203368 -4.460962
v -4.177204 1.182011 -4.467017
v -4.177204 1.067111 -4.467017
v -4.177204 1.203368 -4.699396
v -4.177204 1.075918 -4.721917
v -3.921189 1.082083 -4.721917
v -3.852820 1.215152 -4.721917
v -3.690727 1.219808 -4.721917
v -3.690727 1.084138 -4.721917
v -3.716351 1.203368 -4.433513
v -3.690727 1.075918 -4.449872
v -3.921189 0.944064 -4.467017
v -3.921189 0.948468 -4.721917
v -3.690727 0.948468 -4.721917
v -3.690727 0.948468 -4.467017
v -3.843084 1.203368 -4.437393
v -4.159577 1.203769 -4.721917
v -3.983499 1.196255 -4.457038
v -3.983499 1.208127 -4.721917
v -4.177204 0.942936 -4.467017
v -4.177204 0.948468 -4.721917
v -3.946742 0.948468 -4.721917
v -4.031898 0.933630 -4.467017
v -3.933965 0.948468 -4.721917
v -3.933965 0.939661 -4.467017
v -3.946742 1.077973 -4.721917
v -3.933965 1.080028 -4.721917
v -3.748642 1.075365 -4.457102
v -3.883627 1.072882 -4.462202
v -4.128017 0.461909 -4.452447
v -4.033806 0.597257 -4.447120
v -4.184274 0.575900 -4.453175
v -4.184274 0.461000 -4.453175
v -4.184275 0.597257 -4.685555
v -4.184275 0.469807 -4.708076
v -3.882848 0.475972 -4.708076
v -3.802351 0.609041 -4.708076
v -3.611506 0.613697 -4.708076
v -3.611506 0.478027 -4.708076
v -3.641675 0.597257 -4.486722
v -3.611506 0.469807 -4.436031
v -3.882848 0.337953 -4.453175
v -3.882848 0.342357 -4.708076
v -3.611506 0.342357 -4.708076
v -3.611506 0.342357 -4.453175
v -3.790889 0.597257 -4.490602
v -4.163521 0.597658 -4.708076
v -3.956210 0.591798 -4.467035
v -3.956210 0.602016 -4.708076
v -4.184274 0.336824 -4.453175
v -4.184275 0.342357 -4.708076
v -3.912933 0.342357 -4.708076
v -4.013194 0.327519 -4.453175
v -3.897891 0.342357 -4.708076
v -3.897891 0.333550 -4.453175
v -3.912933 0.471862 -4.708076
v -3.897891 0.473917 -4.708076
v -3.679695 0.469254 -4.443261
v -4.034870 0.463474 -4.451132
v -3.967058 0.784880 -4.727389
v -3.967058 0.669980 -4.727389
v -3.967058 0.648623 -4.495009
v -3.967058 0.776073 -4.472488
v -3.614804 0.769908 -4.472488
v -3.520735 0.636839 -4.472488
v -3.297709 0.632183 -4.472488
v -3.297709 0.767853 -4.472488
v -3.332965 0.648623 -4.760893
v -3.297709 0.776073 -4.744533
v -3.614804 0.907927 -4.727389
v -3.614804 0.903523 -4.472488
v -3.297709 0.903523 -4.472488
v -3.297709 0.903523 -4.727389
v -3.507339 0.648623 -4.757013
v -3.967058 0.903523 -4.472488
v -3.632384 0.903523 -4.472488
v -3.632384 0.912330 -4.727389
v -3.967058 0.909055 -4.727389
v -3.700537 0.643863 -4.472488
v -3.700537 0.655736 -4.737368
v -3.632384 0.771963 -4.472488
v -3.563123 0.779109 -4.732204
v -3.377396 0.776626 -4.737304
v -3.053805 0.768629 -4.462622
v -2.887460 0.637858 -4.460962
v -2.755212 0.659216 -4.467017
v -2.755212 0.774116 -4.467017
v -2.755212 0.637858 -4.699396
v -2.755212 0.765309 -4.721917
v -3.020138 0.759144 -4.721917
v -3.090886 0.626075 -4.721917
v -3.258621 0.621419 -4.721917
v -3.258621 0.757089 -4.721917
v -3.232105 0.637858 -4.433513
v -3.258621 0.765309 -4.449872
v -3.020138 0.897163 -4.467017
v -3.020138 0.892759 -4.721917
v -3.258621 0.892759 -4.721917
v -3.258621 0.892759 -4.467017
v -3.100961 0.637858 -4.437393
v -2.773453 0.637458 -4.721917
v -2.955659 0.644972 -4.457038
v -2.955659 0.633099 -4.721917
v -2.755212 0.898291 -4.467017
v -2.755212 0.892759 -4.721917
v -2.993695 0.892759 -4.721917
v -2.905576 0.907596 -4.467017
v -3.006917 0.892759 -4.721917
v -3.006917 0.901566 -4.467017
v -2.993695 0.763254 -4.721917
v -3.006917 0.761199 -4.721917
v -3.198690 0.765862 -4.457102
v -3.059007 0.768344 -4.462202
v -3.586301 0.569064 -4.582560
v -3.586301 0.569064 -4.697460
v -3.586301 0.336684 -4.718818
v -3.586301 0.314163 -4.591368
v -3.242366 0.314163 -4.597532
v -3.150518 0.314163 -4.730601
v -2.932760 0.314164 -4.735257
v -2.932760 0.314164 -4.599587
v -2.967183 0.602568 -4.718818
v -2.932760 0.586208 -4.591368
v -3.242366 0.569064 -4.459513
v -3.242366 0.314163 -4.463917
v -2.932760 0.314164 -4.463917
v -2.932760 0.569064 -4.463917
v -3.137439 0.598688 -4.718818
v -3.586301 0.314163 -4.463917
v -3.259530 0.314163 -4.463917
v -3.259530 0.569064 -4.455110
v -3.586301 0.569064 -4.458385
v -3.326074 0.314163 -4.723577
v -3.326074 0.579043 -4.711704
v -3.259530 0.314163 -4.595477
v -3.191905 0.573879 -4.588332
v -3.010565 0.578979 -4.590814
v -3.100967 1.182982 -4.604257
v -3.199644 1.188309 -4.468908
v -3.042045 1.182255 -4.490266
v -3.042045 1.182255 -4.605165
v -3.042045 0.949875 -4.468908
v -3.042045 0.927354 -4.596359
v -3.357756 0.927354 -4.590194
v -3.442067 0.927354 -4.457125
v -3.641957 0.927354 -4.452469
v -3.641957 0.927354 -4.588139
v -3.610358 1.148707 -4.468908
v -3.641957 1.199398 -4.596359
v -3.357756 1.182255 -4.728212
v -3.357756 0.927354 -4.723809
v -3.641957 0.927354 -4.723809
v -3.641957 1.182255 -4.723809
v -3.454073 1.144827 -4.468908
v -3.063782 0.927354 -4.468508
v -3.280917 1.168394 -4.474368
v -3.280917 0.927354 -4.464149
v -3.042045 1.182255 -4.729341
v -3.042045 0.927354 -4.723809
v -3.326245 0.927354 -4.723809
v -3.221233 1.182255 -4.738647
v -3.342000 0.927354 -4.723809
v -3.342000 1.182255 -4.732616
v -3.326245 0.927354 -4.594304
v -3.342000 0.927354 -4.592249
v -3.570536 1.192169 -4.596912
v -3.198530 1.184298 -4.602692
v -1.572840 0.767795 -4.706984
v -1.671517 0.903143 -4.712311
v -1.513917 0.881786 -4.706256
v -1.513917 0.766886 -4.706256
v -1.513917 0.903143 -4.473876
v -1.513917 0.775693 -4.451355
v -1.829629 0.781858 -4.451355
v -1.913940 0.914927 -4.451355
v -2.113829 0.919583 -4.451355
v -2.113829 0.783913 -4.451355
v -2.082230 0.903143 -4.672709
v -2.113829 0.775693 -4.723400
v -1.829629 0.643839 -4.706256
v -1.829629 0.648243 -4.451355
v -2.113829 0.648243 -4.451355
v -2.113829 0.648243 -4.706256
v -1.925946 0.903143 -4.668829
v -1.535655 0.903544 -4.451355
v -1.752790 0.897684 -4.692395
v -1.752790 0.907902 -4.451355
v -1.513917 0.642711 -4.706256
v -1.513917 0.648243 -4.451355
v -1.798118 0.648243 -4.451355
v -1.693106 0.633405 -4.706256
v -1.813873 0.648243 -4.451355
v -1.813873 0.639436 -4.706256
v -1.798118 0.777748 -4.451355
v -1.813873 0.779803 -4.451355
v -2.042409 0.775140 -4.716170
v -1.670402 0.769360 -4.708299
v -3.019926 0.972677 -4.583244
v -3.019926 0.972677 -4.468344
v -3.019926 1.205057 -4.446987
v -3.019926 1.227578 -4.574437
v -2.667672 1.227578 -4.568272
v -2.573602 1.227578 -4.435203
v -2.350576 1.227578 -4.430547
v -2.350576 1.227578 -4.566217
v -2.385833 0.939173 -4.446987
v -2.350576 0.955533 -4.574437
v -2.667672 0.972677 -4.706291
v -2.667672 1.227578 -4.701888
v -2.350576 1.227578 -4.701888
v -2.350576 0.972677 -4.701888
v -2.560207 0.943053 -4.446987
v -3.019926 1.227578 -4.701888
v -2.685251 1.227578 -4.701888
v -2.685251 0.972677 -4.710694
v -3.019926 0.972677 -4.707419
v -2.753405 1.227578 -4.442227
v -2.753405 0.962699 -4.454100
v -2.685251 1.227578 -4.570327
v -2.615990 0.967862 -4.577472
v -2.430263 0.962762 -4.574990
v -2.012895 1.068490 -4.462622
v -2.179241 1.199260 -4.460962
v -2.311488 1.177903 -4.467017
v -2.311488 1.063003 -4.467017
v -2.311488 1.199260 -4.699396
v -2.311488 1.071810 -4.721917
v -2.046563 1.077975 -4.721917
v -1.975814 1.211044 -4.721917
v -1.808079 1.215700 -4.721917
v -1.808079 1.080030 -4.721917
v -1.834595 1.199260 -4.433513
v -1.808079 1.071810 -4.449872
v -2.046563 0.939956 -4.467017
v -2.046563 0.944360 -4.721917
v -1.808079 0.944360 -4.721917
v -1.808079 0.944360 -4.467017
v -1.965739 1.199260 -4.437393
v -2.293248 1.199661 -4.721917
v -2.111041 1.192147 -4.457038
v -2.111041 1.204020 -4.721917
v -2.311488 0.938828 -4.467017
v -2.311488 0.944360 -4.721917
v -2.073005 0.944360 -4.721917
v -2.161124 0.929522 -4.467017
v -2.059784 0.944360 -4.721917
v -2.059784 0.935553 -4.467017
v -2.073005 1.073865 -4.721917
v -2.059784 1.075920 -4.721917
v -1.868011 1.071257 -4.457102
v -2.007693 1.068774 -4.462202
v -2.847824 0.461322 -4.448997
v -2.749148 0.596670 -4.443670
v -2.906747 0.575313 -4.449725
v -2.906747 0.460413 -4.449725
v -2.906747 0.596670 -4.682105
v -2.906747 0.469220 -4.704626
v -2.591036 0.475384 -4.704626
v -2.506725 0.608454 -4.704626
v -2.306835 0.613109 -4.704626
v -2.306835 0.477439 -4.704626
v -2.338434 0.596670 -4.483272
v -2.306835 0.469220 -4.432581
v -2.591036 0.337366 -4.449725
v -2.591036 0.341769 -4.704626
v -2.306835 0.341769 -4.704626
v -2.306835 0.341769 -4.449725
v -2.494719 0.596670 -4.487152
v -2.885010 0.597071 -4.704626
v -2.667875 0.591211 -4.463585
v -2.667875 0.601429 -4.704626
v -2.906747 0.336237 -4.449725
v -2.906747 0.341769 -4.704626
v -2.622547 0.341769 -4.704626
v -2.727559 0.326932 -4.449725
v -2.606791 0.341769 -4.704626
v -2.606791 0.332962 -4.449725
v -2.622547 0.471275 -4.704626
v -2.606791 0.473329 -4.704626
v -2.378256 0.468666 -4.439811
v -2.750262 0.462887 -4.447682
v -2.284716 0.491448 -4.727389
v -2.284716 0.376548 -4.727389
v -2.284716 0.355191 -4.495009
v -2.284716 0.482641 -4.472488
v -1.932462 0.476476 -4.472488
v -1.838392 0.343407 -4.472488
v -1.615366 0.338751 -4.472488
v -1.615366 0.474421 -4.472488
v -1.650623 0.355191 -4.760893
v -1.615366 0.482641 -4.744533
v -1.932462 0.614495 -4.727389
v -1.932462 0.610092 -4.472488
v -1.615366 0.610092 -4.472488
v -1.615366 0.610092 -4.727389
v -1.824997 0.355191 -4.757013
v -2.284716 0.610092 -4.472488
v -1.950041 0.610092 -4.472488
v -1.950041 0.618898 -4.727389
v -2.284716 0.615624 -4.727389
v -2.018195 0.350432 -4.472488
v -2.018195 0.362304 -4.737368
v -1.950041 0.478531 -4.472488
v -1.880780 0.485677 -4.732204
v -1.695053 0.483194 -4.737304
v -2.200604 0.778608 -4.443763
v -2.294816 0.643259 -4.438436
v -2.144348 0.664616 -4.444490
v -2.144348 0.779516 -4.444490
v -2.144348 0.643259 -4.676870
v -2.144348 0.770709 -4.699391
v -2.445775 0.764545 -4.699391
v -2.526271 0.631476 -4.699391
v -2.717116 0.626820 -4.699391
v -2.717116 0.762490 -4.699391
v -2.686947 0.643259 -4.478038
v -2.717116 0.770710 -4.427347
v -2.445775 0.902563 -4.444490
v -2.445775 0.898160 -4.699391
v -2.717116 0.898160 -4.699391
v -2.717116 0.898160 -4.444490
v -2.537734 0.643259 -4.481918
v -2.165101 0.642859 -4.699391
v -2.372412 0.648719 -4.458351
v -2.372412 0.638500 -4.699391
v -2.144348 0.903692 -4.444490
v -2.144347 0.898160 -4.699391
v -2.415689 0.898160 -4.699391
v -2.315428 0.912997 -4.444490
v -2.430732 0.898160 -4.699391
v -2.430732 0.906967 -4.444490
v -2.415689 0.768654 -4.699391
v -2.430732 0.766600 -4.699391
v -2.648927 0.771263 -4.434577
v -2.293753 0.777042 -4.442448
v -1.183787 0.760387 -4.462622
v -1.350133 0.891157 -4.460962
v -1.482380 0.869799 -4.467017
v -1.482380 0.754900 -4.467017
v -1.482380 0.891157 -4.699396
v -1.482380 0.763707 -4.721917
v -1.217455 0.769871 -4.721917
v -1.146706 0.902941 -4.721917
v -0.978971 0.907596 -4.721917
v -0.978971 0.771926 -4.721917
v -1.005487 0.891157 -4.433513
v -0.978971 0.763707 -4.449872
v -1.217455 0.631853 -4.467017
v -1.217455 0.636256 -4.721917
v -0.978971 0.636256 -4.721917
v -0.978971 0.636256 -4.467017
v -1.136631 0.891157 -4.437393
v -1.464140 0.891557 -4.721917
v -1.281933 0.884044 -4.457038
v -1.281933 0.895916 -4.721917
v -1.482380 0.630724 -4.467017
v -1.482380 0.636256 -4.721917
v -1.243897 0.636256 -4.721917
v -1.332016 0.621419 -4.467017
v -1.230676 0.636256 -4.721917
v -1.230676 0.627449 -4.467017
v -1.243897 0.765762 -4.721917
v -1.230676 0.767816 -4.721917
v -1.038903 0.763153 -4.457102
v -1.178585 0.760671 -4.462202
v -1.246479 1.080256 -4.452570
v -1.345155 0.944907 -4.447243
v -1.187556 0.966264 -4.453298
v -1.187556 1.081164 -4.453298
v -1.187556 0.944907 -4.685678
v -1.187556 1.072357 -4.708199
v -1.503268 1.066192 -4.708199
v -1.587578 0.933123 -4.708199
v -1.787468 0.928467 -4.708199
v -1.787468 1.064137 -4.708199
v -1.755869 0.944907 -4.486845
v -1.787468 1.072357 -4.436154
v -1.503268 1.204211 -4.453298
v -1.503268 1.199808 -4.708199
v -1.787468 1.199807 -4.708199
v -1.787468 1.199807 -4.453298
v -1.599584 0.944907 -4.490725
v -1.209293 0.944506 -4.708199
v -1.426429 0.950366 -4.467158
v -1.426429 0.940148 -4.708199
v -1.187556 1.205340 -4.453298
v -1.187556 1.199808 -4.708199
v -1.471757 1.199808 -4.708199
v -1.366745 1.214645 -4.453298
v -1.487512 1.199808 -4.708199
v -1.487512 1.208614 -4.453298
v -1.471756 1.070302 -4.708199
v -1.487512 1.068247 -4.708199
v -1.716048 1.072910 -4.443384
v -1.344041 1.078690 -4.451255
v -1.536037 0.479307 -4.706984
v -1.441825 0.343959 -4.712311
v -1.592294 0.365316 -4.706256
v -1.592294 0.480216 -4.706256
v -1.592294 0.343959 -4.473876
v -1.592294 0.471409 -4.451355
v -1.290867 0.465244 -4.451355
v -1.210371 0.332175 -4.451355
v -1.019526 0.327519 -4.451355
v -1.019525 0.463189 -4.451355
v -1.049695 0.343959 -4.672709
v -1.019525 0.471409 -4.723400
v -1.290867 0.603263 -4.706256
v -1.290867 0.598859 -4.451355
v -1.019525 0.598859 -4.451355
v -1.019525 0.598859 -4.706256
v -1.198908 0.343959 -4.668829
v -1.571540 0.343558 -4.451355
v -1.364229 0.349418 -4.692395
v -1.364229 0.339200 -4.451355
v -1.592294 0.604392 -4.706256
v -1.592294 0.598860 -4.451355
v -1.320952 0.598859 -4.451355
v -1.421213 0.613697 -4.706256
v -1.305910 0.598859 -4.451355
v -1.305910 0.607666 -4.706256
v -1.320952 0.469354 -4.451355
v -1.305910 0.467299 -4.451355
v -1.087714 0.471962 -4.716170
v -1.442889 0.477742 -4.708299
v -0.340778 0.448758 -4.727389
v -0.340778 0.563657 -4.727389
v -0.340778 0.585015 -4.495009
v -0.340778 0.457565 -4.472488
v -0.684713 0.463730 -4.472488
v -0.776561 0.596799 -4.472488
v -0.994320 0.601455 -4.472488
v -0.994320 0.465785 -4.472488
v -0.959896 0.585015 -4.760893
v -0.994320 0.457565 -4.744533
v -0.684713 0.325711 -4.727389
v -0.684713 0.330114 -4.472488
v -0.994320 0.330114 -4.472488
v -0.994320 0.330114 -4.727389
v -0.789641 0.585015 -4.757013
v -0.340778 0.330114 -4.472488
v -0.667549 0.330114 -4.472488
v -0.667549 0.321307 -4.727389
v -0.340778 0.324582 -4.727389
v -0.601005 0.589774 -4.472488
v -0.601005 0.577902 -4.737368
v -0.667549 0.461675 -4.472488
v -0.735175 0.454529 -4.732204
v -0.916515 0.457011 -4.737304
v -0.876087 1.072598 -4.462622
v -1.036838 1.203368 -4.460962
v -1.164638 1.182011 -4.467017
v -1.164638 1.067111 -4.467017
v -1.164638 1.203368 -4.699396
v -1.164638 1.075918 -4.721917
v -0.908622 1.082083 -4.721917
v -0.840253 1.215152 -4.721917
v -0.678160 1.219808 -4.721917
v -0.678160 1.084138 -4.721917
v -0.703784 1.203368 -4.433513
v -0.678160 1.075918 -4.449872
v -0.908622 0.944064 -4.467017
v -0.908622 0.948468 -4.721917
v -0.678160 0.948468 -4.721917
v -0.678160 0.948468 -4.467017
v -0.830517 1.203368 -4.437393
v -1.147011 1.203769 -4.721917
v -0.970932 1.196255 -4.457038
v -0.970932 1.208127 -4.721917
v -1.164638 0.942936 -4.467017
v -1.164638 0.948468 -4.721917
v -0.934175 0.948468 -4.721917
v -1.019331 0.933630 -4.467017
v -0.921399 0.948468 -4.721917
v -0.921399 0.939661 -4.467017
v -0.934175 1.077973 -4.721917
v -0.921399 1.080028 -4.721917
v -0.736076 1.075365 -4.457102
v -0.871060 1.072882 -4.462202
v -0.088401 1.062857 -4.706984
v -0.187078 1.198205 -4.712311
v -0.029478 1.176848 -4.706256
v -0.029478 1.061948 -4.706256
v -0.029478 1.198205 -4.473876
v -0.029478 1.070755 -4.451355
v -0.345190 1.076920 -4.451355
v -0.429501 1.209989 -4.451355
v -0.629390 1.214645 -4.451355
v -0.629390 1.078975 -4.451355
v -0.597792 1.198205 -4.672709
v -0.629390 1.070755 -4.723400
v -0.345190 0.938901 -4.706256
v -0.345190 0.943305 -4.451355
v -0.629390 0.943305 -4.451355
v -0.629390 0.943305 -4.706256
v -0.441507 1.198205 -4.668829
v -0.051216 1.198606 -4.451355
v -0.268351 1.192746 -4.692395
v -0.268351 1.202965 -4.451355
v -0.029478 0.937773 -4.706256
v -0.029478 0.943305 -4.451355
v -0.313679 0.943305 -4.451355
v -0.208667 0.928467 -4.706256
v -0.329434 0.943305 -4.451355
v -0.329434 0.934498 -4.706256
v -0.313679 1.072810 -4.451355
v -0.329434 1.074865 -4.451355
v -0.557970 1.070202 -4.716170
v -0.185964 1.064422 -4.708299
v -0.654639 0.760387 -4.462622
v -0.820985 0.891157 -4.460962
v -0.953232 0.869799 -4.467017
v -0.953232 0.754900 -4.467017
v -0.953232 0.891157 -4.699396
v -0.953232 0.763707 -4.721917
v -0.688307 0.769871 -4.721917
v -0.617558 0.902941 -4.721917
v -0.449823 0.907596 -4.721917
v -0.449823 0.771926 -4.721917
v -0.476339 0.891157 -4.433513
v -0.449823 0.763707 -4.449872
v -0.688307 0.631853 -4.467017
v -0.688307 0.636256 -4.721917
v -0.449823 0.636256 -4.721917
v -0.449823 0.636256 -4.467017
v -0.607483 0.891157 -4.437393
v -0.934992 0.891557 -4.721917
v -0.752785 0.884044 -4.457038
v -0.752785 0.895916 -4.721917
v -0.953232 0.630724 -4.467017
v -0.953232 0.636256 -4.721917
v -0.714749 0.636256 -4.721917
v -0.802868 0.621419 -4.467017
v -0.701528 0.636256 -4.721917
v -0.701528 0.627449 -4.467017
v -0.714749 0.765762 -4.721917
v -0.701528 0.767816 -4.721917
v -0.509755 0.763153 -4.457102
v -0.649438 0.760671 -4.462202
v -0.355470 0.761209 -4.446120
v -0.261258 0.896558 -4.440793
v -0.411727 0.875200 -4.446847
v -0.411727 0.760301 -4.446847
v -0.411727 0.896558 -4.679227
v -0.411727 0.769107 -4.701748
v -0.110300 0.775272 -4.701748
v -0.029804 0.908341 -4.701748
v 0.161041 0.912997 -4.701748
v 0.161041 0.777327 -4.701748
v 0.130872 0.896558 -4.480395
v 0.161041 0.769107 -4.429704
v -0.110300 0.637254 -4.446847
v -0.110300 0.641657 -4.701748
v 0.161041 0.641657 -4.701748
v 0.161041 0.641657 -4.446847
v -0.018341 0.896558 -4.484275
v -0.390973 0.896958 -4.701748
v -0.183663 0.891098 -4.460708
v -0.183663 0.901317 -4.701748
v -0.411727 0.636125 -4.446847
v -0.411727 0.641657 -4.701748
v -0.140386 0.641657 -4.701748
v -0.240646 0.626820 -4.446847
v -0.125343 0.641657 -4.701748
v -0.125343 0.632850 -4.446847
v -0.140386 0.771162 -4.701748
v -0.125343 0.773217 -4.701748
v 0.092852 0.768554 -4.436934
v -0.262322 0.762774 -4.444805
v 2.153864 0.470908 -4.727389
v 2.153864 0.356008 -4.727389
v 2.153864 0.334651 -4.495009
v 2.153864 0.462101 -4.472488
v 2.506118 0.455936 -4.472488
v 2.600188 0.322867 -4.472488
v 2.823214 0.318211 -4.472488
v 2.823214 0.453881 -4.472488
v 2.787957 0.334651 -4.760893
v 2.823214 0.462101 -4.744533
v 2.506118 0.593955 -4.727389
v 2.506118 0.589551 -4.472488
v 2.823214 0.589551 -4.472488
v 2.823214 0.589551 -4.727389
v 2.613583 0.334651 -4.757013
v 2.153864 0.589551 -4.472488
v 2.488539 0.589551 -4.472488
v 2.488539 0.598358 -4.727389
v 2.153864 0.595083 -4.727389
v 2.420385 0.329891 -4.472488
v 2.420385 0.341764 -4.737368
v 2.488539 0.457991 -4.472488
v 2.557800 0.465137 -4.732204
v 2.743527 0.462654 -4.737304
v 1.282931 0.446415 -4.462622
v 1.116585 0.577185 -4.460962
v 0.984338 0.555827 -4.467017
v 0.984338 0.440928 -4.467017
v 0.984338 0.577185 -4.699396
v 0.984338 0.449734 -4.721917
v 1.249263 0.455899 -4.721917
v 1.320012 0.588968 -4.721917
v 1.487747 0.593624 -4.721917
v 1.487747 0.457954 -4.721917
v 1.461231 0.577185 -4.433513
v 1.487747 0.449734 -4.449872
v 1.249263 0.317881 -4.467017
v 1.249263 0.322284 -4.721917
v 1.487747 0.322284 -4.721917
v 1.487747 0.322284 -4.467017
v 1.330087 0.577185 -4.437393
v 1.002578 0.577585 -4.721917
v 1.184785 0.570071 -4.457038
v 1.184785 0.581944 -4.721917
v 0.984338 0.316752 -4.467017
v 0.984338 0.322284 -4.721917
v 1.222821 0.322284 -4.721917
v 1.134702 0.307447 -4.467017
v 1.236042 0.322284 -4.721917
v 1.236042 0.313477 -4.467017
v 1.222821 0.451789 -4.721917
v 1.236042 0.453844 -4.721917
v 1.427815 0.449181 -4.457102
v 1.288133 0.446699 -4.462202
v 0.055977 1.072626 -4.706984
v 0.154653 0.937277 -4.712311
v -0.002946 0.958635 -4.706256
v -0.002946 1.073535 -4.706256
v -0.002946 0.937278 -4.473876
v -0.002946 1.064728 -4.451355
v 0.312766 1.058563 -4.451355
v 0.397076 0.925494 -4.451355
v 0.596966 0.920838 -4.451355
v 0.596966 1.056508 -4.451355
v 0.565367 0.937277 -4.672709
v 0.596966 1.064728 -4.723400
v 0.312766 1.196582 -4.706256
v 0.312766 1.192178 -4.451355
v 0.596966 1.192178 -4.451355
v 0.596966 1.192178 -4.706256
v 0.409083 0.937277 -4.668829
v 0.018792 0.936877 -4.451355
v 0.235927 0.942737 -4.692395
v 0.235927 0.932518 -4.451355
v -0.002946 1.197710 -4.706256
v -0.002946 1.192178 -4.451355
v 0.281255 1.192178 -4.451355
v 0.176243 1.207016 -4.706256
v 0.297010 1.192178 -4.451355
v 0.297010 1.200985 -4.706256
v 0.281255 1.062673 -4.451355
v 0.297010 1.060618 -4.451355
v 0.525546 1.065281 -4.716170
v 0.153539 1.071061 -4.708299
v 0.619085 1.085354 -4.727389
v 0.619085 0.970454 -4.727389
v 0.619085 0.949097 -4.495009
v 0.619085 1.076547 -4.472488
v 0.971339 1.070382 -4.472488
v 1.065409 0.937313 -4.472488
v 1.288435 0.932657 -4.472488
v 1.288435 1.068327 -4.472488
v 1.253179 0.949097 -4.760893
v 1.288435 1.076547 -4.744533
v 0.971339 1.208401 -4.727389
v 0.971339 1.203998 -4.472488
v 1.288435 1.203998 -4.472488
v 1.288435 1.203998 -4.727389
v 1.078804 0.949097 -4.757013
v 0.619085 1.203998 -4.472488
v 0.953760 1.203998 -4.472488
v 0.953760 1.212805 -4.727389
v 0.619085 1.209530 -4.727389
v 0.885606 0.944338 -4.472488
v 0.885606 0.956210 -4.737368
v 0.953760 1.072437 -4.472488
v 1.023021 1.079583 -4.732204
v 1.208748 1.077101 -4.737304
v 0.701320 0.763819 -4.421289
v 0.607108 0.628470 -4.415962
v 0.757577 0.649828 -4.422017
v 0.757577 0.764727 -4.422017
v 0.757577 0.628470 -4.654397
v 0.757577 0.755921 -4.676918
v 0.456150 0.749756 -4.676918
v 0.375654 0.616687 -4.676918
v 0.184808 0.612031 -4.676918
v 0.184809 0.747701 -4.676918
v 0.214977 0.628470 -4.455564
v 0.184808 0.755921 -4.404873
v 0.456150 0.887774 -4.422017
v 0.456150 0.883371 -4.676918
v 0.184809 0.883371 -4.676918
v 0.184809 0.883371 -4.422017
v 0.364191 0.628470 -4.459444
v 0.736823 0.628070 -4.676918
v 0.529512 0.633930 -4.435878
v 0.529512 0.623711 -4.676918
v 0.757577 0.888903 -4.422017
v 0.757577 0.883371 -4.676918
v 0.486235 0.883371 -4.676918
v 0.586496 0.898208 -4.422017
v 0.471193 0.883371 -4.676918
v 0.471193 0.892178 -4.422017
v 0.486235 0.753866 -4.676918
v 0.471193 0.751811 -4.676918
v 0.252997 0.756474 -4.412103
v 0.608172 0.762254 -4.419974
v 1.436324 0.733269 -4.727389
v 1.436324 0.848169 -4.727389
v 1.436324 0.869527 -4.495009
v 1.436324 0.742076 -4.472488
v 1.092389 0.748241 -4.472488
v 1.000541 0.881310 -4.472488
v 0.782782 0.885966 -4.472488
v 0.782782 0.750296 -4.472488
v 0.817206 0.869527 -4.760893
v 0.782782 0.742076 -4.744533
v 1.092389 0.610222 -4.727389
v 1.092389 0.614626 -4.472488
v 0.782782 0.614626 -4.472488
v 0.782782 0.614626 -4.727389
v 0.987462 0.869527 -4.757013
v 1.436324 0.614626 -4.472488
v 1.109553 0.614626 -4.472488
v 1.109553 0.605819 -4.727389
v 1.436324 0.609094 -4.727389
v 1.176097 0.874286 -4.472488
v 1.176097 0.862413 -4.737368
v 1.109553 0.746186 -4.472488
v 1.041927 0.739041 -4.732204
v 0.860587 0.741523 -4.737304
v 1.611827 1.072598 -4.462622
v 1.451076 1.203368 -4.460962
v 1.323277 1.182011 -4.467017
v 1.323277 1.067111 -4.467017
v 1.323277 1.203368 -4.699396
v 1.323277 1.075918 -4.721917
v 1.579292 1.082083 -4.721917
v 1.647661 1.215152 -4.721917
v 1.809754 1.219808 -4.721917
v 1.809754 1.084138 -4.721917
v 1.784131 1.203368 -4.433513
v 1.809754 1.075918 -4.449872
v 1.579292 0.944064 -4.467017
v 1.579292 0.948468 -4.721917
v 1.809754 0.948468 -4.721917
v 1.809754 0.948468 -4.467017
v 1.657397 1.203368 -4.437393
v 1.340904 1.203769 -4.721917
v 1.516982 1.196255 -4.457038
v 1.516982 1.208127 -4.721917
v 1.323277 0.942936 -4.467017
v 1.323277 0.948468 -4.721917
v 1.553739 0.948468 -4.721917
v 1.468583 0.933630 -4.467017
v 1.566516 0.948468 -4.721917
v 1.566516 0.939661 -4.467017
v 1.553739 1.077973 -4.721917
v 1.566516 1.080028 -4.721917
v 1.751838 1.075365 -4.457102
v 1.616854 1.072882 -4.462202
v 2.906657 0.768629 -4.692808
v 2.740311 0.637858 -4.694468
v 2.608063 0.659216 -4.688414
v 2.608063 0.774116 -4.688414
v 2.608063 0.637858 -4.456034
v 2.608063 0.765309 -4.433513
v 2.872989 0.759144 -4.433513
v 2.943737 0.626075 -4.433513
v 3.111472 0.621419 -4.433513
v 3.111472 0.757089 -4.433513
v 3.084957 0.637858 -4.721917
v 3.111472 0.765309 -4.705557
v 2.872989 0.897163 -4.688414
v 2.872989 0.892759 -4.433513
v 3.111472 0.892759 -4.433513
v 3.111472 0.892759 -4.688414
v 2.953812 0.637858 -4.718037
v 2.626303 0.637458 -4.433513
v 2.808510 0.644972 -4.698392
v 2.808510 0.633099 -4.433513
v 2.608063 0.898291 -4.688414
v 2.608063 0.892759 -4.433513
v 2.846546 0.892759 -4.433513
v 2.758427 0.907597 -4.688414
v 2.859768 0.892759 -4.433513
v 2.859768 0.901566 -4.688414
v 2.846546 0.763254 -4.433513
v 2.859768 0.761199 -4.433513
v 3.051541 0.765862 -4.698328
v 2.911858 0.768344 -4.693228
v 4.166043 0.467974 -4.727389
v 4.166043 0.353074 -4.727389
v 4.166043 0.331716 -4.495009
v 4.166043 0.459167 -4.472488
v 4.509978 0.453002 -4.472488
v 4.601826 0.319933 -4.472488
v 4.819584 0.315277 -4.472488
v 4.819584 0.450947 -4.472488
v 4.785161 0.331716 -4.760893
v 4.819584 0.459167 -4.744533
v 4.509978 0.591021 -4.727389
v 4.509978 0.586617 -4.472488
v 4.819584 0.586617 -4.472488
v 4.819584 0.586617 -4.727389
v 4.614905 0.331716 -4.757013
v 4.166043 0.586617 -4.472488
v 4.492814 0.586617 -4.472488
v 4.492814 0.595424 -4.727389
v 4.166043 0.592149 -4.727389
v 4.426270 0.326957 -4.472488
v 4.426270 0.338830 -4.737368
v 4.492814 0.455057 -4.472488
v 4.560439 0.462202 -4.732204
v 4.741779 0.459720 -4.737304
v 2.911169 0.461909 -4.469160
v 3.005381 0.597257 -4.463833
v 2.854912 0.575900 -4.469888
v 2.854912 0.461000 -4.469888
v 2.854912 0.597257 -4.702268
v 2.854912 0.469807 -4.724789
v 3.156339 0.475972 -4.724789
v 3.236835 0.609041 -4.724789
v 3.427681 0.613697 -4.724789
v 3.427681 0.478027 -4.724789
v 3.397512 0.597257 -4.503435
v 3.427681 0.469807 -4.452744
v 3.156339 0.337953 -4.469888
v 3.156339 0.342356 -4.724789
v 3.427681 0.342356 -4.724789
v 3.427681 0.342356 -4.469888
v 3.248299 0.597257 -4.507315
v 2.875666 0.597658 -4.724789
v 3.082977 0.591798 -4.483748
v 3.082977 0.602016 -4.724789
v 2.854912 0.336825 -4.469888
v 2.854912 0.342357 -4.724789
v 3.126254 0.342356 -4.724789
v 3.025993 0.327519 -4.469888
v 3.141297 0.342356 -4.724789
v 3.141297 0.333550 -4.469888
v 3.126254 0.471862 -4.724789
v 3.141297 0.473917 -4.724789
v 3.359493 0.469254 -4.459974
v 3.004317 0.463474 -4.467845
v 3.652916 0.761209 -4.706984
v 3.558704 0.896558 -4.712311
v 3.709173 0.875200 -4.706256
v 3.709173 0.760300 -4.706256
v 3.709173 0.896558 -4.473876
v 3.709173 0.769107 -4.451355
v 3.407746 0.775272 -4.451355
v 3.327250 0.908341 -4.451355
v 3.136404 0.912997 -4.451355
v 3.136404 0.777327 -4.451355
v 3.166573 0.896558 -4.672709
v 3.136404 0.769107 -4.723400
v 3.407746 0.637253 -4.706256
v 3.407746 0.641657 -4.451355
v 3.136404 0.641657 -4.451355
v 3.136404 0.641657 -4.706256
v 3.315787 0.896558 -4.668829
v 3.688420 0.896958 -4.451355
v 3.481108 0.891098 -4.692395
v 3.481108 0.901317 -4.451355
v 3.709173 0.636125 -4.706256
v 3.709173 0.641657 -4.451355
v 3.437831 0.641657 -4.451355
v 3.538092 0.626820 -4.706256
v 3.422789 0.641657 -4.451355
v 3.422789 0.632850 -4.706256
v 3.437831 0.771162 -4.451355
v 3.422789 0.773217 -4.451355
v 3.204593 0.768554 -4.716170
v 3.559768 0.762774 -4.708299
v 4.122953 0.451692 -4.727389
v 4.122953 0.566592 -4.727389
v 4.122953 0.587949 -4.495009
v 4.122953 0.460499 -4.472488
v 3.770699 0.466664 -4.472488
v 3.676629 0.599733 -4.472488
v 3.453604 0.604389 -4.472488
v 3.453604 0.468719 -4.472488
v 3.488860 0.587949 -4.760893
v 3.453604 0.460499 -4.744533
v 3.770699 0.328645 -4.727389
v 3.770699 0.333048 -4.472488
v 3.453604 0.333049 -4.472488
v 3.453604 0.333048 -4.727389
v 3.663234 0.587949 -4.757013
v 4.122953 0.333048 -4.472488
v 3.788278 0.333048 -4.472488
v 3.788278 0.324242 -4.727389
v 4.122953 0.327516 -4.727389
v 3.856432 0.592708 -4.472488
v 3.856432 0.580836 -4.737368
v 3.788278 0.464609 -4.472488
v 3.719017 0.457463 -4.732204
v 3.533290 0.459946 -4.737304
v 4.400409 0.752486 -4.467783
v 4.400409 0.637586 -4.467783
v 4.400409 0.616228 -4.700163
v 4.400409 0.743679 -4.722684
v 4.056474 0.737514 -4.722684
v 3.964626 0.604444 -4.722684
v 3.746867 0.599788 -4.722684
v 3.746867 0.735458 -4.722684
v 3.781291 0.616228 -4.434280
v 3.746867 0.743678 -4.450639
v 4.056474 0.875532 -4.467783
v 4.056474 0.871129 -4.722684
v 3.746867 0.871129 -4.722684
v 3.746867 0.871129 -4.467783
v 3.951547 0.616228 -4.438159
v 4.400409 0.871129 -4.722684
v 4.073638 0.871129 -4.722684
v 4.073638 0.879936 -4.467783
v 4.400409 0.876661 -4.467783
v 4.140182 0.611469 -4.722684
v 4.140182 0.623342 -4.457805
v 4.073638 0.739569 -4.722684
v 4.006013 0.746714 -4.462968
v 3.824673 0.744232 -4.457869
v 4.228988 1.061448 -4.462622
v 4.062642 1.192218 -4.460962
v 3.930394 1.170861 -4.467017
v 3.930394 1.055961 -4.467017
v 3.930394 1.192218 -4.699396
v 3.930394 1.064768 -4.721917
v 4.195320 1.070932 -4.721917
v 4.266068 1.204002 -4.721917
v 4.433804 1.208658 -4.721917
v 4.433804 1.072987 -4.721917
v 4.407288 1.192218 -4.433513
v 4.433804 1.064768 -4.449872
v 4.195320 0.932914 -4.467017
v 4.195320 0.937317 -4.721917
v 4.433804 0.937317 -4.721917
v 4.433804 0.937317 -4.467017
v 4.276144 1.192218 -4.437393
v 3.948635 1.192618 -4.721917
v 4.130842 1.185105 -4.457038
v 4.130842 1.196977 -4.721917
v 3.930394 0.931785 -4.467017
v 3.930394 0.937317 -4.721917
v 4.168878 0.937317 -4.721917
v 4.080758 0.922480 -4.467017
v 4.182099 0.937317 -4.721917
v 4.182099 0.928510 -4.467017
v 4.168878 1.066823 -4.721917
v 4.182099 1.068877 -4.721917
v 4.373872 1.064214 -4.457102
v 4.234190 1.061732 -4.462202
v 2.517967 0.778608 -4.441321
v 2.423756 0.643259 -4.435994
v 2.574224 0.664617 -4.442049
v 2.574224 0.779516 -4.442049
v 2.574224 0.643259 -4.674429
v 2.574224 0.770710 -4.696950
v 2.272798 0.764545 -4.696950
v 2.192302 0.631476 -4.696950
v 2.001456 0.626820 -4.696950
v 2.001456 0.762490 -4.696950
v 2.031625 0.643259 -4.475596
v 2.001456 0.770709 -4.424905
v 2.272798 0.902563 -4.442049
v 2.272798 0.898160 -4.696950
v 2.001456 0.898160 -4.696950
v 2.001456 0.898160 -4.442049
v 2.180839 0.643259 -4.479476
v 2.553471 0.642859 -4.696950
v 2.346159 0.648719 -4.455910
v 2.346159 0.638500 -4.696950
v 2.574224 0.903692 -4.442049
v 2.574224 0.898160 -4.696950
v 2.302883 0.898160 -4.696950
v 2.403143 0.912997 -4.442049
v 2.287840 0.898160 -4.696950
v 2.287840 0.906967 -4.442049
v 2.302883 0.768655 -4.696950
v 2.287840 0.766600 -4.696950
v 2.069645 0.771263 -4.432135
v 2.424819 0.777042 -4.440006
v 3.233759 1.085354 -4.727389
v 3.233759 0.970454 -4.727389
v 3.233759 0.949097 -4.495009
v 3.233759 1.076547 -4.472488
v 3.586013 1.070382 -4.472488
v 3.680083 0.937313 -4.472488
v 3.903109 0.932657 -4.472488
v 3.903109 1.068327 -4.472488
v 3.867852 0.949097 -4.760893
v 3.903109 1.076547 -4.744533
v 3.586013 1.208401 -4.727389
v 3.586013 1.203998 -4.472488
v 3.903109 1.203998 -4.472488
v 3.903109 1.203998 -4.727389
v 3.693479 0.949097 -4.757013
v 3.233759 1.203998 -4.472488
v 3.568434 1.203998 -4.472488
v 3.568434 1.212805 -4.727389
v 3.233759 1.209530 -4.727389
v 3.500280 0.944338 -4.472488
v 3.500280 0.956210 -4.737368
v 3.568434 1.072437 -4.472488
v 3.637695 1.079583 -4.732204
v 3.823422 1.077101 -4.737304
v 2.061867 0.450171 -4.706984
v 1.963191 0.585520 -4.712311
v 2.120790 0.564162 -4.706256
v 2.120790 0.449262 -4.706256
v 2.120790 0.585520 -4.473876
v 2.120790 0.458069 -4.451355
v 1.805079 0.464234 -4.451355
v 1.720768 0.597303 -4.451355
v 1.520878 0.601959 -4.451355
v 1.520878 0.466289 -4.451355
v 1.552477 0.585520 -4.672709
v 1.520878 0.458069 -4.723400
v 1.805079 0.326215 -4.706256
v 1.805079 0.330619 -4.451355
v 1.520878 0.330619 -4.451355
v 1.520878 0.330619 -4.706256
v 1.708762 0.585520 -4.668829
v 2.099053 0.585920 -4.451355
v 1.881917 0.580060 -4.692395
v 1.881917 0.590279 -4.451355
v 2.120790 0.325087 -4.706256
v 2.120790 0.330619 -4.451355
v 1.836589 0.330619 -4.451355
v 1.941602 0.315782 -4.706256
v 1.820834 0.330619 -4.451355
v 1.820834 0.321812 -4.706256
v 1.836589 0.460124 -4.451355
v 1.820834 0.462179 -4.451355
v 1.592298 0.457516 -4.716170
v 1.964305 0.451736 -4.708299
v 0.285747 0.470321 -4.727389
v 0.285747 0.355421 -4.727389
v 0.285747 0.334064 -4.495009
v 0.285747 0.461514 -4.472488
v 0.638001 0.455349 -4.472488
v 0.732070 0.322280 -4.472488
v 0.955097 0.317624 -4.472488
v 0.955097 0.453294 -4.472488
v 0.919840 0.334064 -4.760893
v 0.955097 0.461514 -4.744533
v 0.638001 0.593368 -4.727389
v 0.638001 0.588964 -4.472488
v 0.955097 0.588964 -4.472488
v 0.955097 0.588964 -4.727389
v 0.745466 0.334064 -4.757013
v 0.285747 0.588964 -4.472488
v 0.620422 0.588964 -4.472488
v 0.620422 0.597771 -4.727389
v 0.285747 0.594496 -4.727389
v 0.552268 0.329304 -4.472488
v 0.552268 0.341177 -4.737368
v 0.620422 0.457404 -4.472488
v 0.689683 0.464550 -4.732204
v 0.875410 0.462067 -4.737304
v 0.196726 0.463865 -4.706984
v 0.102515 0.599213 -4.712311
v 0.252983 0.577856 -4.706256
v 0.252983 0.462956 -4.706256
v 0.252983 0.599213 -4.473876
v 0.252983 0.471763 -4.451355
v -0.048444 0.477928 -4.451355
v -0.128940 0.610997 -4.451355
v -0.319785 0.615653 -4.451355
v -0.319785 0.479983 -4.451355
v -0.289616 0.599213 -4.672709
v -0.319785 0.471763 -4.723400
v -0.048444 0.339909 -4.706256
v -0.048444 0.344313 -4.451355
v -0.319785 0.344313 -4.451355
v -0.319785 0.344313 -4.706256
v -0.140403 0.599213 -4.668829
v 0.232229 0.599614 -4.451355
v 0.024919 0.593754 -4.692395
v 0.024919 0.603973 -4.451355
v 0.252983 0.338781 -4.706256
v 0.252983 0.344313 -4.451355
v -0.018358 0.344313 -4.451355
v 0.081902 0.329475 -4.706256
v -0.033401 0.344313 -4.451355
v -0.033401 0.335506 -4.706256
v -0.018358 0.473818 -4.451355
v -0.033401 0.475873 -4.451355
v -0.251596 0.471210 -4.716170
v 0.103578 0.465430 -4.708299
v 1.676136 0.761586 -4.462622
v 1.836887 0.630816 -4.460962
v 1.964686 0.652173 -4.467017
v 1.964686 0.767073 -4.467017
v 1.964686 0.630816 -4.699396
v 1.964686 0.758266 -4.721917
v 1.708671 0.752101 -4.721917
v 1.640302 0.619032 -4.721917
v 1.478209 0.614376 -4.721917
v 1.478209 0.750046 -4.721917
v 1.503833 0.630816 -4.433513
v 1.478209 0.758266 -4.449872
v 1.708671 0.890120 -4.467017
v 1.708671 0.885717 -4.721917
v 1.478209 0.885717 -4.721917
v 1.478209 0.885717 -4.467017
v 1.630566 0.630816 -4.437393
v 1.947059 0.630415 -4.721917
v 1.770981 0.637929 -4.457038
v 1.770981 0.626057 -4.721917
v 1.964686 0.891248 -4.467017
v 1.964686 0.885716 -4.721917
v 1.734224 0.885717 -4.721917
v 1.819380 0.900554 -4.467017
v 1.721448 0.885717 -4.721917
v 1.721448 0.894523 -4.467017
v 1.734224 0.756211 -4.721917
v 1.721448 0.754156 -4.721917
v 1.536124 0.758819 -4.457102
v 1.671109 0.761302 -4.462202
v 2.061486 1.080840 -4.462622
v 2.227832 0.950070 -4.460962
v 2.360080 0.971427 -4.467017
v 2.360080 1.086327 -4.467017
v 2.360080 0.950070 -4.699396
v 2.360080 1.077520 -4.721917
v 2.095154 1.071356 -4.721917
v 2.024405 0.938286 -4.721917
v 1.856671 0.933630 -4.721917
v 1.856671 1.069301 -4.721917
v 1.883186 0.950070 -4.433513
v 1.856671 1.077520 -4.449872
v 2.095154 1.209374 -4.467017
v 2.095154 1.204971 -4.721917
v 1.856671 1.204971 -4.721917
v 1.856671 1.204971 -4.467017
v 2.014331 0.950070 -4.437393
v 2.341839 0.949669 -4.721917
v 2.159632 0.957183 -4.457038
v 2.159632 0.945311 -4.721917
v 2.360080 1.210503 -4.467017
v 2.360080 1.204970 -4.721917
v 2.121596 1.204971 -4.721917
v 2.209716 1.219808 -4.467017
v 2.108375 1.204971 -4.721917
v 2.108375 1.213778 -4.467017
v 2.121596 1.075465 -4.721917
v 2.108375 1.073410 -4.721917
v 1.916602 1.078074 -4.457102
v 2.056285 1.080556 -4.462202
v 3.091961 1.073421 -4.706984
v 2.967460 1.208769 -4.712311
v 3.166304 1.187412 -4.706256
v 3.166304 1.072512 -4.706256
v 3.166304 1.208769 -4.473876
v 3.166304 1.081319 -4.451355
v 2.767969 1.087484 -4.451355
v 2.661594 1.220553 -4.451355
v 2.409393 1.225209 -4.451355
v 2.409393 1.089539 -4.451355
v 2.449260 1.208769 -4.672709
v 2.409393 1.081319 -4.723400
v 2.767969 0.949465 -4.706256
v 2.767969 0.953868 -4.451355
v 2.409393 0.953868 -4.451355
v 2.409393 0.953868 -4.706256
v 2.646445 1.208769 -4.668829
v 3.138878 1.209170 -4.451355
v 2.864917 1.203310 -4.692395
v 2.864917 1.213528 -4.451355
v 3.166304 0.948336 -4.706256
v 3.166304 0.953868 -4.451355
v 2.807727 0.953868 -4.451355
v 2.940222 0.939031 -4.706256
v 2.787848 0.953868 -4.451355
v 2.787848 0.945062 -4.706256
v 2.807727 1.083374 -4.451355
v 2.787848 1.085429 -4.451355
v 2.499504 1.080765 -4.716170
v 2.968866 1.074986 -4.708299
vt 0.500000 0.094241
vt 0.625000 0.205853
vt 0.605407 0.250000
vt 0.500000 0.250000
vt 0.636044 0.488956
vt 0.500000 0.500000
vt 0.500000 0.687500
vt 0.625000 0.713818
vt 0.625000 0.750000
vt 0.500000 0.750000
vt 0.624957 0.999326
vt 0.500000 1.000000
vt 0.125000 0.687500
vt 0.375000 0.687500
vt 0.375000 0.750000
vt 0.125000 0.750000
vt 0.875000 0.715991
vt 0.875000 0.744280
vt 0.875034 0.499926
vt 0.875000 0.544147
vt 0.625000 0.506089
vt 0.875000 0.625000
vt 0.625000 0.625000
vt 0.125736 0.500088
vt 0.375000 0.500000
vt 0.375000 0.562500
vt 0.125000 0.539406
vt 0.375000 0.625000
vt 0.125000 0.625000
vt 0.500000 0.562500
vt 0.500000 0.625000
vt 0.500000 0.000000
vt 0.625000 0.005720
vt 0.625000 0.034009
vt 0.500000 0.015706
vt 0.625000 0.125000
vt 0.500000 0.086170
vt 0.375000 0.125000
vt 0.375000 0.210594
vt 0.375000 0.062500
vt 0.375000 0.000000
vt 0.375000 1.000000
vt 0.386084 0.250000
vt 0.500000 0.224208
vt 0.625000 0.205853
vt 0.605407 0.250000
vt 0.500000 0.250000
vt 0.636044 0.488956
vt 0.500000 0.687500
vt 0.125000 0.687500
vt 0.375000 0.750000
vt 0.875034 0.499926
vt 0.625000 0.506089
vt 0.840176 0.625000
vt 0.375000 0.500000
vt 0.500000 0.562500
vt 0.500000 0.015706
vt 0.626865 0.129043
vt 0.500000 0.179777
vt 0.375000 0.210594
vt 0.375000 0.062500
vt 0.375000 1.000000
vn -0.0278 -0.0222 0.9994
vn -1.0000 -0.0000 -0.0000
vn -0.0000 -0.0000 -1.0000
vn 0.9959 0.0799 0.0422
vn 0.0112 -0.9999 -0.0086
vn -0.0197 0.9986 0.0487
vn -0.1631 0.9838 0.0744
vn 0.0130 0.9997 0.0210
vn -0.0649 0.9969 0.0439
vn -0.0291 -0.9986 -0.0440
vn 0.0639 -0.9973 -0.0372
vn 0.1985 -0.9798 -0.0254
vn -0.1063 0.0125 -0.9943
vn -0.0690 -0.1665 0.9836
vn -0.0972 -0.1611 0.9822
vn -0.0826 -0.0986 0.9917
vn -0.0025 -0.0323 0.9995
vn -0.0390 -0.0277 0.9989
vn -0.0276 -0.0885 0.9957
vn 1.0000 -0.0000 -0.0000
vn -0.0120 -0.0111 0.9999
vn 0.0440 -0.0093 -0.9990
vn -0.0000 -0.0000 1.0000
vn -0.9946 0.0917 -0.0485
vn -0.0112 -0.9999 0.0086
vn 0.0199 0.9978 -0.0636
vn 0.1631 0.9838 -0.0744
vn -0.0073 0.9998 -0.0198
vn 0.0490 0.9976 -0.0488
vn 0.0291 -0.9986 0.0440
vn -0.0639 -0.9973 0.0372
vn -0.1985 -0.9798 0.0254
vn 0.1063 0.0125 0.9943
vn 0.0677 0.3338 -0.9402
vn -0.0332 0.2423 -0.9696
vn -0.1481 -0.0305 -0.9885
vn 0.0079 -0.0159 -0.9998
vn 0.0278 -0.0406 -0.9988
vn 0.0276 -0.0885 -0.9957
vn 0.0047 -0.0043 -1.0000
vn 0.9959 -0.0799 -0.0422
vn 0.0112 0.9999 0.0086
vn -0.0197 -0.9986 -0.0487
vn -0.0079 0.9996 0.0281
vn -0.0649 -0.9969 -0.0439
vn 0.1985 0.9798 0.0254
vn -0.0340 0.0338 -0.9989
vn -0.0690 0.1665 -0.9836
vn -0.0972 0.1611 -0.9822
vn -0.0621 -0.0774 0.9951
vn -0.0390 0.0277 -0.9989
vn -0.0276 0.0885 -0.9957
vn -0.0104 0.0170 -0.9998
vn -0.0549 -0.9963 -0.0666
vn -0.0237 -0.0222 0.9995
vn 0.9944 0.0938 0.0496
vn 0.0096 -0.9999 -0.0086
vn -0.0168 0.9987 0.0487
vn -0.1393 0.9874 0.0747
vn 0.0110 0.9997 0.0210
vn -0.0552 0.9975 0.0439
vn -0.0247 -0.9987 -0.0440
vn 0.0544 -0.9978 -0.0372
vn 0.1698 -0.9852 -0.0255
vn -0.0905 0.0125 -0.9958
vn -0.0587 -0.1666 0.9843
vn -0.0827 -0.1613 0.9834
vn -0.0703 -0.0987 0.9926
vn -0.0021 -0.0323 0.9995
vn -0.0332 -0.0277 0.9991
vn -0.0234 -0.0885 0.9958
vn -0.0102 -0.0111 0.9999
vn -0.0318 -0.0093 0.9995
vn 0.9897 0.1264 0.0668
vn 0.0081 -0.9999 -0.0086
vn -0.0144 0.9979 0.0636
vn -0.1186 0.9901 0.0749
vn 0.0052 0.9998 0.0198
vn -0.0354 0.9982 0.0488
vn -0.0210 -0.9988 -0.0440
vn 0.0462 -0.9982 -0.0372
vn 0.1448 -0.9891 -0.0256
vn -0.0770 0.0125 -0.9970
vn -0.0489 0.3341 0.9413
vn 0.0240 0.2424 0.9699
vn 0.1076 -0.0307 0.9937
vn -0.0057 -0.0159 0.9999
vn -0.0201 -0.0406 0.9990
vn -0.0199 -0.0885 0.9959
vn -0.0034 -0.0043 1.0000
vn 0.9894 -0.1283 -0.0679
vn 0.0069 0.9999 0.0086
vn -0.0122 -0.9987 -0.0487
vn -0.0049 0.9996 0.0281
vn -0.0402 -0.9982 -0.0440
vn 0.1242 0.9919 0.0257
vn -0.0210 0.0338 -0.9992
vn -0.0427 0.1667 -0.9851
vn -0.0602 0.1615 -0.9850
vn -0.0385 -0.0775 0.9962
vn -0.0241 0.0277 -0.9993
vn -0.0170 0.0885 -0.9959
vn -0.0065 0.0170 -0.9998
vn -0.0340 -0.9972 -0.0666
vn 0.0229 0.0222 0.9995
vn -0.9940 -0.0970 0.0513
vn -0.0092 0.9999 -0.0086
vn 0.0162 -0.9987 0.0487
vn 0.1347 -0.9881 0.0747
vn -0.0107 -0.9997 0.0210
vn 0.0534 -0.9976 0.0439
vn 0.0239 0.9987 -0.0440
vn -0.0525 0.9979 -0.0372
vn -0.1642 0.9861 -0.0256
vn 0.0875 -0.0125 -0.9961
vn 0.0568 0.1666 0.9844
vn 0.0800 0.1613 0.9837
vn 0.0679 0.0988 0.9928
vn 0.0020 0.0323 0.9995
vn 0.0321 0.0277 0.9991
vn 0.0227 0.0885 0.9958
vn 0.0099 0.0111 0.9999
vn -0.0000 -1.0000 -0.0000
vn 0.9899 0.0663 -0.1254
vn 0.0071 -0.0086 0.9999
vn -0.0125 0.0487 -0.9987
vn -0.0050 -0.0281 0.9996
vn -0.0411 0.0440 -0.9982
vn 0.1272 -0.0257 0.9915
vn -0.0215 0.9992 0.0338
vn -0.0437 0.9850 0.1667
vn -0.0617 0.9849 0.1615
vn -0.0394 -0.9962 -0.0775
vn -0.0247 0.9993 0.0277
vn -0.0175 0.9959 0.0885
vn -0.0066 0.9998 0.0170
vn -0.0348 0.0666 -0.9972
vn 0.0304 0.9995 -0.0093
vn -0.9888 0.0699 0.1322
vn -0.0077 -0.0086 -0.9999
vn 0.0137 0.0636 0.9979
vn 0.1133 0.0749 0.9907
vn -0.0050 0.0198 0.9998
vn 0.0338 0.0488 0.9982
vn 0.0201 -0.0440 -0.9988
vn -0.0441 -0.0372 -0.9983
vn -0.1384 -0.0257 -0.9901
vn 0.0735 -0.9972 0.0125
vn 0.0467 0.9414 0.3342
vn -0.0229 0.9699 0.2424
vn -0.1027 0.9942 -0.0307
vn 0.0055 0.9999 -0.0159
vn 0.0192 0.9990 -0.0406
vn 0.0190 0.9959 -0.0885
vn 0.0032 1.0000 -0.0043
vn 0.0304 -0.0093 -0.9995
vn -0.9888 0.1322 -0.0699
vn -0.0077 -0.9999 0.0086
vn 0.0137 0.9979 -0.0636
vn 0.1133 0.9907 -0.0749
vn -0.0050 0.9998 -0.0198
vn 0.0338 0.9982 -0.0488
vn 0.0201 -0.9988 0.0440
vn -0.0441 -0.9983 0.0372
vn -0.1384 -0.9901 0.0257
vn 0.0735 0.0125 0.9972
vn 0.0467 0.3342 -0.9414
vn -0.0229 0.2424 -0.9699
vn -0.1027 -0.0307 -0.9942
vn 0.0055 -0.0159 -0.9999
vn 0.0192 -0.0406 -0.9990
vn 0.0190 -0.0885 -0.9959
vn 0.0032 -0.0043 -1.0000
vn -0.0000 1.0000 -0.0000
vn 0.9894 -0.0679 0.1284
vn 0.0069 0.0086 -0.9999
vn -0.0122 -0.0487 0.9987
vn -0.0049 0.0281 -0.9996
vn -0.0402 -0.0440 0.9982
vn 0.1242 0.0257 -0.9919
vn -0.0210 -0.9992 -0.0338
vn -0.0427 -0.9851 -0.1667
vn -0.0602 -0.9850 -0.1615
vn -0.0385 0.9962 0.0775
vn -0.0241 -0.9993 -0.0277
vn -0.0170 -0.9959 -0.0885
vn -0.0065 -0.9998 -0.0170
vn -0.0340 -0.0666 0.9972
vn -0.0229 -0.0222 0.9995
vn 0.9940 0.0970 0.0513
vn 0.0092 -0.9999 -0.0086
vn -0.0162 0.9987 0.0487
vn -0.1347 0.9881 0.0747
vn 0.0107 0.9997 0.0210
vn -0.0534 0.9976 0.0439
vn -0.0239 -0.9987 -0.0440
vn 0.0525 -0.9979 -0.0372
vn 0.1642 -0.9861 -0.0256
vn -0.0875 0.0125 -0.9961
vn -0.0568 -0.1666 0.9844
vn -0.0800 -0.1613 0.9837
vn -0.0679 -0.0988 0.9928
vn -0.0020 -0.0323 0.9995
vn -0.0321 -0.0277 0.9991
vn -0.0227 -0.0885 0.9958
vn -0.0099 -0.0111 0.9999
vn -0.0304 -0.0093 0.9995
vn 0.9888 0.1322 0.0699
vn 0.0077 -0.9999 -0.0086
vn -0.0137 0.9979 0.0636
vn -0.1133 0.9907 0.0749
vn 0.0050 0.9998 0.0198
vn -0.0338 0.9982 0.0488
vn -0.0201 -0.9988 -0.0440
vn 0.0441 -0.9983 -0.0372
vn 0.1384 -0.9901 -0.0257
vn -0.0735 0.0125 -0.9972
vn -0.0467 0.3342 0.9414
vn 0.0229 0.2424 0.9699
vn 0.1027 -0.0307 0.9942
vn -0.0055 -0.0159 0.9999
vn -0.0192 -0.0406 0.9990
vn -0.0190 -0.0885 0.9959
vn -0.0032 -0.0043 1.0000
vn 0.9894 -0.1284 -0.0679
vn 0.0318 0.0093 0.9995
vn -0.9897 -0.1264 0.0668
vn -0.0081 0.9999 -0.0086
vn 0.0144 -0.9979 0.0636
vn 0.1186 -0.9901 0.0749
vn -0.0052 -0.9998 0.0198
vn 0.0354 -0.9982 0.0488
vn 0.0210 0.9988 -0.0440
vn -0.0462 0.9982 -0.0372
vn -0.1448 0.9891 -0.0256
vn 0.0770 -0.0125 -0.9970
vn 0.0489 -0.3341 0.9413
vn -0.0240 -0.2424 0.9699
vn -0.1076 0.0307 0.9937
vn 0.0057 0.0159 0.9999
vn 0.0201 0.0406 0.9990
vn 0.0199 0.0885 0.9959
vn 0.0034 0.0043 1.0000
vn 0.0304 0.0093 0.9995
vn -0.9888 -0.1322 0.0699
vn -0.0077 0.9999 -0.0086
vn 0.0137 -0.9979 0.0636
vn 0.1133 -0.9907 0.0749
vn -0.0050 -0.9998 0.0198
vn 0.0338 -0.9982 0.0488
vn 0.0201 0.9988 -0.0440
vn -0.0441 0.9983 -0.0372
vn -0.1384 0.9901 -0.0257
vn 0.0735 -0.0125 -0.9972
vn 0.0467 -0.3342 0.9414
vn -0.0229 -0.2424 0.9699
vn -0.1027 0.0307 0.9942
vn 0.0055 0.0159 0.9999
vn 0.0192 0.0406 0.9990
vn 0.0190 0.0885 0.9959
vn 0.0032 0.0043 1.0000
vn -0.0318 0.0093 -0.9995
vn 0.9897 -0.1264 -0.0668
vn 0.0081 0.9999 0.0086
vn -0.0144 -0.9979 -0.0636
vn -0.1186 -0.9901 -0.0749
vn 0.0052 -0.9998 -0.0198
vn -0.0354 -0.9982 -0.0488
vn -0.0210 0.9988 0.0440
vn 0.0462 0.9982 0.0372
vn 0.1448 0.9891 0.0256
vn -0.0770 -0.0125 0.9970
vn -0.0489 -0.3341 -0.9413
vn 0.0240 -0.2424 -0.9699
vn 0.1076 0.0307 -0.9937
vn -0.0057 0.0159 -0.9999
vn -0.0201 0.0406 -0.9990
vn -0.0199 0.0885 -0.9959
vn -0.0034 0.0043 -1.0000
vn -0.9899 0.1254 -0.0663
vn -0.0071 -0.9999 0.0086
vn 0.0125 0.9987 -0.0487
vn 0.0050 -0.9996 0.0281
vn 0.0411 0.9982 -0.0440
vn -0.1272 -0.9915 0.0257
vn 0.0215 -0.0338 -0.9992
vn 0.0437 -0.1667 -0.9850
vn 0.0617 -0.1615 -0.9849
vn 0.0394 0.0775 0.9962
vn 0.0247 -0.0277 -0.9993
vn 0.0175 -0.0885 -0.9959
vn 0.0066 -0.0170 -0.9998
vn 0.0348 0.9972 -0.0666
vn -0.0304 0.0093 -0.9995
vn 0.9888 -0.1322 -0.0699
vn 0.0077 0.9999 0.0086
vn -0.0137 -0.9979 -0.0636
vn -0.1133 -0.9907 -0.0749
vn 0.0050 -0.9998 -0.0198
vn -0.0338 -0.9982 -0.0488
vn -0.0201 0.9988 0.0440
vn 0.0441 0.9983 0.0372
vn 0.1384 0.9901 0.0257
vn -0.0735 -0.0125 0.9972
vn -0.0467 -0.3342 -0.9414
vn 0.0229 -0.2424 -0.9699
vn 0.1027 0.0307 -0.9942
vn -0.0055 0.0159 -0.9999
vn -0.0192 0.0406 -0.9990
vn -0.0190 0.0885 -0.9959
vn -0.0032 0.0043 -1.0000
vn -0.0229 0.0222 -0.9995
vn 0.9940 -0.0970 -0.0513
vn 0.0092 0.9999 0.0086
vn -0.0162 -0.9987 -0.0487
vn -0.1347 -0.9881 -0.0747
vn 0.0107 -0.9997 -0.0210
vn -0.0534 -0.9976 -0.0439
vn -0.0239 0.9987 0.0440
vn 0.0525 0.9979 0.0372
vn 0.1642 0.9861 0.0256
vn -0.0875 -0.0125 0.9961
vn -0.0568 0.1666 -0.9844
vn -0.0800 0.1613 -0.9837
vn -0.0679 0.0988 -0.9928
vn -0.0020 0.0323 -0.9995
vn -0.0321 0.0277 -0.9991
vn -0.0227 0.0885 -0.9958
vn -0.0099 0.0111 -0.9999
vn 0.9899 -0.1254 -0.0663
vn 0.0071 0.9999 0.0086
vn -0.0125 -0.9987 -0.0487
vn -0.0050 0.9996 0.0281
vn -0.0411 -0.9982 -0.0440
vn 0.1272 0.9915 0.0257
vn -0.0215 0.0338 -0.9992
vn -0.0437 0.1667 -0.9850
vn -0.0617 0.1615 -0.9849
vn -0.0394 -0.0775 0.9962
vn -0.0247 0.0277 -0.9993
vn -0.0175 0.0885 -0.9959
vn -0.0066 0.0170 -0.9998
vn -0.0348 -0.9972 -0.0666
vn 0.0318 -0.0093 -0.9995
vn -0.9897 0.1264 -0.0668
vn -0.0081 -0.9999 0.0086
vn 0.0144 0.9979 -0.0636
vn 0.1186 0.9901 -0.0749
vn -0.0052 0.9998 -0.0198
vn 0.0354 0.9982 -0.0488
vn 0.0210 -0.9988 0.0440
vn -0.0462 -0.9982 0.0372
vn -0.1448 -0.9891 0.0256
vn 0.0770 0.0125 0.9970
vn 0.0489 0.3341 -0.9413
vn -0.0240 0.2424 -0.9699
vn -0.1076 -0.0307 -0.9937
vn 0.0057 -0.0159 -0.9999
vn 0.0201 -0.0406 -0.9990
vn 0.0199 -0.0885 -0.9959
vn 0.0034 -0.0043 -1.0000
vn -0.9894 0.1284 -0.0679
vn -0.0069 -0.9999 0.0086
vn 0.0122 0.9987 -0.0487
vn 0.0049 -0.9996 0.0281
vn 0.0402 0.9982 -0.0440
vn -0.1242 -0.9919 0.0257
vn 0.0210 -0.0338 -0.9992
vn 0.0427 -0.1667 -0.9851
vn 0.0602 -0.1615 -0.9850
vn 0.0385 0.0775 0.9962
vn 0.0241 -0.0277 -0.9993
vn 0.0170 -0.0885 -0.9959
vn 0.0065 -0.0170 -0.9998
vn 0.0340 0.9972 -0.0666
vn -0.9899 -0.1254 0.0663
vn -0.0071 0.9999 -0.0086
vn 0.0125 -0.9987 0.0487
vn 0.0050 0.9996 -0.0281
vn 0.0411 -0.9982 0.0440
vn -0.1272 0.9915 -0.0257
vn 0.0215 0.0338 0.9992
vn 0.0437 0.1667 0.9850
vn 0.0617 0.1615 0.9849
vn 0.0394 -0.0775 -0.9962
vn 0.0247 0.0277 0.9993
vn 0.0175 0.0885 0.9959
vn 0.0066 0.0170 0.9998
vn 0.0348 -0.9972 0.0666
vn 0.0237 0.0222 0.9995
vn -0.9944 -0.0938 0.0496
vn -0.0096 0.9999 -0.0086
vn 0.0168 -0.9987 0.0487
vn 0.1393 -0.9874 0.0747
vn -0.0110 -0.9997 0.0210
vn 0.0552 -0.9975 0.0439
vn 0.0247 0.9987 -0.0440
vn -0.0544 0.9978 -0.0372
vn -0.1698 0.9852 -0.0255
vn 0.0905 -0.0125 -0.9958
vn 0.0587 0.1666 0.9843
vn 0.0827 0.1613 0.9834
vn 0.0703 0.0987 0.9926
vn 0.0021 0.0323 0.9995
vn 0.0332 0.0277 0.9991
vn 0.0234 0.0885 0.9958
vn 0.0102 0.0111 0.9999
vn 0.0241 -0.0093 -0.9997
vn -0.9823 0.1657 -0.0877
vn -0.0061 -0.9999 0.0086
vn 0.0109 0.9979 -0.0636
vn 0.0900 0.9931 -0.0751
vn -0.0040 0.9998 -0.0198
vn 0.0268 0.9984 -0.0488
vn 0.0159 -0.9989 0.0440
vn -0.0350 -0.9987 0.0372
vn -0.1100 -0.9936 0.0257
vn 0.0583 0.0125 0.9982
vn 0.0371 0.3343 -0.9417
vn -0.0182 0.2424 -0.9700
vn -0.0816 -0.0307 -0.9962
vn 0.0043 -0.0159 -0.9999
vn 0.0152 -0.0406 -0.9991
vn 0.0151 -0.0885 -0.9960
vn 0.0025 -0.0043 -1.0000
f 1/1/1 2/2/1 3/3/1 4/4/1
f 4/4/2 3/3/2 5/5/2 6/6/2
f 7/7/3 8/8/3 9/9/3 10/10/3
f 10/10/4 9/9/4 11/11/4 12/12/4
f 13/13/5 14/14/5 15/15/5 16/16/5
f 8/8/6 17/17/6 11/18/6 9/9/6
f 5/5/7 3/19/7 2/20/7 18/21/7
f 18/21/8 2/20/8 19/22/8 20/23/8
f 20/23/9 19/22/9 17/17/9 8/8/9
f 21/24/10 22/25/10 23/26/10 24/27/10
f 24/27/11 23/26/11 25/28/11 26/29/11
f 26/29/12 25/28/12 14/14/12 13/13/12
f 6/6/13 5/5/13 18/21/13 27/30/13
f 27/30/3 18/21/3 20/23/3 28/31/3
f 28/31/3 20/23/3 8/8/3 7/7/3
f 12/32/14 11/33/14 17/34/14 29/35/14
f 29/35/15 17/34/15 19/36/15 30/37/15
f 30/37/16 19/36/16 2/2/16 1/1/16
f 26/38/17 30/37/17 1/1/17 24/39/17
f 13/40/18 29/35/18 30/37/18 26/38/18
f 16/41/19 12/32/19 29/35/19 13/40/19
f 25/28/3 28/31/3 7/7/3 14/14/3
f 23/26/3 27/30/3 28/31/3 25/28/3
f 22/25/3 6/6/3 27/30/3 23/26/3
f 15/15/20 10/10/20 12/12/20 16/42/20
f 14/14/3 7/7/3 10/10/3 15/15/3
f 21/43/2 4/4/2 6/6/2 22/25/2
f 24/39/21 1/1/21 4/4/21 21/43/21
f 31/44/22 32/45/22 33/46/22 34/47/22
f 34/47/20 33/46/20 35/48/20 36/6/20
f 37/49/23 38/8/23 39/9/23 40/10/23
f 40/10/24 39/9/24 41/11/24 42/12/24
f 43/50/25 44/14/25 45/51/25 46/16/25
f 38/8/26 47/17/26 41/18/26 39/9/26
f 35/48/27 33/52/27 32/20/27 48/53/27
f 48/53/28 32/20/28 49/54/28 50/23/28
f 50/23/29 49/54/29 47/17/29 38/8/29
f 51/24/30 52/55/30 53/26/30 54/27/30
f 54/27/31 53/26/31 55/28/31 56/29/31
f 56/29/32 55/28/32 44/14/32 43/50/32
f 36/6/33 35/48/33 48/53/33 57/56/33
f 57/56/23 48/53/23 50/23/23 58/31/23
f 58/31/23 50/23/23 38/8/23 37/49/23
f 42/32/34 41/33/34 47/34/34 59/57/34
f 59/57/35 47/34/35 49/58/35 60/59/35
f 60/59/36 49/58/36 32/45/36 31/44/36
f 56/38/37 60/59/37 31/44/37 54/60/37
f 43/61/38 59/57/38 60/59/38 56/38/38
f 46/41/39 42/32/39 59/57/39 43/61/39
f 55/28/23 58/31/23 37/49/23 44/14/23
f 53/26/23 57/56/23 58/31/23 55/28/23
f 52/55/23 36/6/23 57/56/23 53/26/23
f 45/51/2 40/10/2 42/12/2 46/62/2
f 44/14/23 37/49/23 40/10/23 45/51/23
f 51/43/20 34/47/20 36/6/20 52/55/20
f 54/60/40 31/44/40 34/47/40 51/43/40
f 61/4/2 62/3/2 63/5/2 64/6/2
f 65/7/23 66/8/23 67/9/23 68/10/23
f 68/10/41 67/9/41 69/11/41 70/12/41
f 71/13/42 72/14/42 73/15/42 74/16/42
f 66/8/43 75/17/43 69/18/43 67/9/43
f 76/25/44 77/28/44 78/29/44 79/24/44
f 80/23/45 81/22/45 75/17/45 66/8/45
f 76/25/23 64/6/23 82/31/23 77/28/23
f 78/29/46 77/28/46 72/14/46 71/13/46
f 83/37/47 81/36/47 62/3/47 61/4/47
f 82/31/23 80/23/23 66/8/23 65/7/23
f 70/32/48 69/33/48 75/34/48 84/35/48
f 84/35/49 75/34/49 81/36/49 83/37/49
f 63/5/50 80/23/50 82/31/50 64/6/50
f 71/40/51 84/35/51 83/37/51 78/38/51
f 74/41/52 70/32/52 84/35/52 71/40/52
f 77/28/23 82/31/23 65/7/23 72/14/23
f 83/37/53 61/4/53 79/43/53 78/38/53
f 73/15/20 68/10/20 70/12/20 74/42/20
f 72/14/23 65/7/23 68/10/23 73/15/23
f 79/43/2 61/4/2 64/6/2 76/25/2
f 62/19/54 81/22/54 80/23/54 63/5/54
f 85/1/55 86/2/55 87/3/55 88/4/55
f 88/4/2 87/3/2 89/5/2 90/6/2
f 91/7/3 92/8/3 93/9/3 94/10/3
f 94/10/56 93/9/56 95/11/56 96/12/56
f 97/13/57 98/14/57 99/15/57 100/16/57
f 92/8/58 101/17/58 95/18/58 93/9/58
f 89/5/59 87/19/59 86/20/59 102/21/59
f 102/21/60 86/20/60 103/22/60 104/23/60
f 104/23/61 103/22/61 101/17/61 92/8/61
f 105/24/62 106/25/62 107/26/62 108/27/62
f 108/27/63 107/26/63 109/28/63 110/29/63
f 110/29/64 109/28/64 98/14/64 97/13/64
f 90/6/65 89/5/65 102/21/65 111/30/65
f 111/30/3 102/21/3 104/23/3 112/31/3
f 112/31/3 104/23/3 92/8/3 91/7/3
f 96/32/66 95/33/66 101/34/66 113/35/66
f 113/35/67 101/34/67 103/36/67 114/37/67
f 114/37/68 103/36/68 86/2/68 85/1/68
f 110/38/69 114/37/69 85/1/69 108/39/69
f 97/40/70 113/35/70 114/37/70 110/38/70
f 100/41/71 96/32/71 113/35/71 97/40/71
f 109/28/3 112/31/3 91/7/3 98/14/3
f 107/26/3 111/30/3 112/31/3 109/28/3
f 106/25/3 90/6/3 111/30/3 107/26/3
f 99/15/20 94/10/20 96/12/20 100/42/20
f 98/14/3 91/7/3 94/10/3 99/15/3
f 105/43/2 88/4/2 90/6/2 106/25/2
f 108/39/72 85/1/72 88/4/72 105/43/72
f 115/44/73 116/45/73 117/46/73 118/47/73
f 118/47/2 117/46/2 119/48/2 120/6/2
f 121/49/3 122/8/3 123/9/3 124/10/3
f 124/10/74 123/9/74 125/11/74 126/12/74
f 127/50/75 128/14/75 129/51/75 130/16/75
f 122/8/76 131/17/76 125/18/76 123/9/76
f 119/48/77 117/52/77 116/20/77 132/53/77
f 132/53/78 116/20/78 133/54/78 134/23/78
f 134/23/79 133/54/79 131/17/79 122/8/79
f 135/24/80 136/55/80 137/26/80 138/27/80
f 138/27/81 137/26/81 139/28/81 140/29/81
f 140/29/82 139/28/82 128/14/82 127/50/82
f 120/6/83 119/48/83 132/53/83 141/56/83
f 141/56/3 132/53/3 134/23/3 142/31/3
f 142/31/3 134/23/3 122/8/3 121/49/3
f 126/32/84 125/33/84 131/34/84 143/57/84
f 143/57/85 131/34/85 133/58/85 144/59/85
f 144/59/86 133/58/86 116/45/86 115/44/86
f 140/38/87 144/59/87 115/44/87 138/60/87
f 127/61/88 143/57/88 144/59/88 140/38/88
f 130/41/89 126/32/89 143/57/89 127/61/89
f 139/28/3 142/31/3 121/49/3 128/14/3
f 137/26/3 141/56/3 142/31/3 139/28/3
f 136/55/3 120/6/3 141/56/3 137/26/3
f 129/51/20 124/10/20 126/12/20 130/62/20
f 128/14/3 121/49/3 124/10/3 129/51/3
f 135/43/2 118/47/2 120/6/2 136/55/2
f 138/60/90 115/44/90 118/47/90 135/43/90
f 145/4/2 146/3/2 147/5/2 148/6/2
f 149/7/23 150/8/23 151/9/23 152/10/23
f 152/10/91 151/9/91 153/11/91 154/12/91
f 155/13/92 156/14/92 157/15/92 158/16/92
f 150/8/93 159/17/93 153/18/93 151/9/93
f 160/25/94 161/28/94 162/29/94 163/24/94
f 164/23/95 165/22/95 159/17/95 150/8/95
f 160/25/23 148/6/23 166/31/23 161/28/23
f 162/29/96 161/28/96 156/14/96 155/13/96
f 167/37/97 165/36/97 146/3/97 145/4/97
f 166/31/23 164/23/23 150/8/23 149/7/23
f 154/32/98 153/33/98 159/34/98 168/35/98
f 168/35/99 159/34/99 165/36/99 167/37/99
f 147/5/100 164/23/100 166/31/100 148/6/100
f 155/40/101 168/35/101 167/37/101 162/38/101
f 158/41/102 154/32/102 168/35/102 155/40/102
f 161/28/23 166/31/23 149/7/23 156/14/23
f 167/37/103 145/4/103 163/43/103 162/38/103
f 157/15/20 152/10/20 154/12/20 158/42/20
f 156/14/23 149/7/23 152/10/23 157/15/23
f 163/43/2 145/4/2 148/6/2 160/25/2
f 146/19/104 165/22/104 164/23/104 147/5/104
f 169/1/105 170/2/105 171/3/105 172/4/105
f 172/4/20 171/3/20 173/5/20 174/6/20
f 175/7/3 176/8/3 177/9/3 178/10/3
f 178/10/106 177/9/106 179/11/106 180/12/106
f 181/13/107 182/14/107 183/15/107 184/16/107
f 176/8/108 185/17/108 179/18/108 177/9/108
f 173/5/109 171/19/109 170/20/109 186/21/109
f 186/21/110 170/20/110 187/22/110 188/23/110
f 188/23/111 187/22/111 185/17/111 176/8/111
f 189/24/112 190/25/112 191/26/112 192/27/112
f 192/27/113 191/26/113 193/28/113 194/29/113
f 194/29/114 193/28/114 182/14/114 181/13/114
f 174/6/115 173/5/115 186/21/115 195/30/115
f 195/30/3 186/21/3 188/23/3 196/31/3
f 196/31/3 188/23/3 176/8/3 175/7/3
f 180/32/116 179/33/116 185/34/116 197/35/116
f 197/35/117 185/34/117 187/36/117 198/37/117
f 198/37/118 187/36/118 170/2/118 169/1/118
f 194/38/119 198/37/119 169/1/119 192/39/119
f 181/40/120 197/35/120 198/37/120 194/38/120
f 184/41/121 180/32/121 197/35/121 181/40/121
f 193/28/3 196/31/3 175/7/3 182/14/3
f 191/26/3 195/30/3 196/31/3 193/28/3
f 190/25/3 174/6/3 195/30/3 191/26/3
f 183/15/2 178/10/2 180/12/2 184/42/2
f 182/14/3 175/7/3 178/10/3 183/15/3
f 189/43/20 172/4/20 174/6/20 190/25/20
f 192/39/122 169/1/122 172/4/122 189/43/122
f 199/4/2 200/3/2 201/5/2 202/6/2
f 203/7/123 204/8/123 205/9/123 206/10/123
f 206/10/124 205/9/124 207/11/124 208/12/124
f 209/13/125 210/14/125 211/15/125 212/16/125
f 204/8/126 213/17/126 207/18/126 205/9/126
f 214/25/127 215/28/127 216/29/127 217/24/127
f 218/23/128 219/22/128 213/17/128 204/8/128
f 214/25/123 202/6/123 220/31/123 215/28/123
f 216/29/129 215/28/129 210/14/129 209/13/129
f 221/37/130 219/36/130 200/3/130 199/4/130
f 220/31/123 218/23/123 204/8/123 203/7/123
f 208/32/131 207/33/131 213/34/131 222/35/131
f 222/35/132 213/34/132 219/36/132 221/37/132
f 201/5/133 218/23/133 220/31/133 202/6/133
f 209/40/134 222/35/134 221/37/134 216/38/134
f 212/41/135 208/32/135 222/35/135 209/40/135
f 215/28/123 220/31/123 203/7/123 210/14/123
f 221/37/136 199/4/136 217/43/136 216/38/136
f 211/15/20 206/10/20 208/12/20 212/42/20
f 210/14/123 203/7/123 206/10/123 211/15/123
f 217/43/2 199/4/2 202/6/2 214/25/2
f 200/19/137 219/22/137 218/23/137 201/5/137
f 223/44/138 224/45/138 225/46/138 226/47/138
f 226/47/20 225/46/20 227/48/20 228/6/20
f 229/49/123 230/8/123 231/9/123 232/10/123
f 232/10/139 231/9/139 233/11/139 234/12/139
f 235/50/140 236/14/140 237/51/140 238/16/140
f 230/8/141 239/17/141 233/18/141 231/9/141
f 227/48/142 225/52/142 224/20/142 240/53/142
f 240/53/143 224/20/143 241/54/143 242/23/143
f 242/23/144 241/54/144 239/17/144 230/8/144
f 243/24/145 244/55/145 245/26/145 246/27/145
f 246/27/146 245/26/146 247/28/146 248/29/146
f 248/29/147 247/28/147 236/14/147 235/50/147
f 228/6/148 227/48/148 240/53/148 249/56/148
f 249/56/123 240/53/123 242/23/123 250/31/123
f 250/31/123 242/23/123 230/8/123 229/49/123
f 234/32/149 233/33/149 239/34/149 251/57/149
f 251/57/150 239/34/150 241/58/150 252/59/150
f 252/59/151 241/58/151 224/45/151 223/44/151
f 248/38/152 252/59/152 223/44/152 246/60/152
f 235/61/153 251/57/153 252/59/153 248/38/153
f 238/41/154 234/32/154 251/57/154 235/61/154
f 247/28/123 250/31/123 229/49/123 236/14/123
f 245/26/123 249/56/123 250/31/123 247/28/123
f 244/55/123 228/6/123 249/56/123 245/26/123
f 237/51/2 232/10/2 234/12/2 238/62/2
f 236/14/123 229/49/123 232/10/123 237/51/123
f 243/43/20 226/47/20 228/6/20 244/55/20
f 246/60/155 223/44/155 226/47/155 243/43/155
f 253/44/156 254/45/156 255/46/156 256/47/156
f 256/47/20 255/46/20 257/48/20 258/6/20
f 259/49/23 260/8/23 261/9/23 262/10/23
f 262/10/157 261/9/157 263/11/157 264/12/157
f 265/50/158 266/14/158 267/51/158 268/16/158
f 260/8/159 269/17/159 263/18/159 261/9/159
f 257/48/160 255/52/160 254/20/160 270/53/160
f 270/53/161 254/20/161 271/54/161 272/23/161
f 272/23/162 271/54/162 269/17/162 260/8/162
f 273/24/163 274/55/163 275/26/163 276/27/163
f 276/27/164 275/26/164 277/28/164 278/29/164
f 278/29/165 277/28/165 266/14/165 265/50/165
f 258/6/166 257/48/166 270/53/166 279/56/166
f 279/56/23 270/53/23 272/23/23 280/31/23
f 280/31/23 272/23/23 260/8/23 259/49/23
f 264/32/167 263/33/167 269/34/167 281/57/167
f 281/57/168 269/34/168 271/58/168 282/59/168
f 282/59/169 271/58/169 254/45/169 253/44/169
f 278/38/170 282/59/170 253/44/170 276/60/170
f 265/61/171 281/57/171 282/59/171 278/38/171
f 268/41/172 264/32/172 281/57/172 265/61/172
f 277/28/23 280/31/23 259/49/23 266/14/23
f 275/26/23 279/56/23 280/31/23 277/28/23
f 274/55/23 258/6/23 279/56/23 275/26/23
f 267/51/2 262/10/2 264/12/2 268/62/2
f 266/14/23 259/49/23 262/10/23 267/51/23
f 273/43/20 256/47/20 258/6/20 274/55/20
f 276/60/173 253/44/173 256/47/173 273/43/173
f 283/4/2 284/3/2 285/5/2 286/6/2
f 287/7/174 288/8/174 289/9/174 290/10/174
f 290/10/175 289/9/175 291/11/175 292/12/175
f 293/13/176 294/14/176 295/15/176 296/16/176
f 288/8/177 297/17/177 291/18/177 289/9/177
f 298/25/178 299/28/178 300/29/178 301/24/178
f 302/23/179 303/22/179 297/17/179 288/8/179
f 298/25/174 286/6/174 304/31/174 299/28/174
f 300/29/180 299/28/180 294/14/180 293/13/180
f 305/37/181 303/36/181 284/3/181 283/4/181
f 304/31/174 302/23/174 288/8/174 287/7/174
f 292/32/182 291/33/182 297/34/182 306/35/182
f 306/35/183 297/34/183 303/36/183 305/37/183
f 285/5/184 302/23/184 304/31/184 286/6/184
f 293/40/185 306/35/185 305/37/185 300/38/185
f 296/41/186 292/32/186 306/35/186 293/40/186
f 299/28/174 304/31/174 287/7/174 294/14/174
f 305/37/187 283/4/187 301/43/187 300/38/187
f 295/15/20 290/10/20 292/12/20 296/42/20
f 294/14/174 287/7/174 290/10/174 295/15/174
f 301/43/2 283/4/2 286/6/2 298/25/2
f 284/19/188 303/22/188 302/23/188 285/5/188
f 307/1/189 308/2/189 309/3/189 310/4/189
f 310/4/2 309/3/2 311/5/2 312/6/2
f 313/7/3 314/8/3 315/9/3 316/10/3
f 316/10/190 315/9/190 317/11/190 318/12/190
f 319/13/191 320/14/191 321/15/191 322/16/191
f 314/8/192 323/17/192 317/18/192 315/9/192
f 311/5/193 309/19/193 308/20/193 324/21/193
f 324/21/194 308/20/194 325/22/194 326/23/194
f 326/23/195 325/22/195 323/17/195 314/8/195
f 327/24/196 328/25/196 329/26/196 330/27/196
f 330/27/197 329/26/197 331/28/197 332/29/197
f 332/29/198 331/28/198 320/14/198 319/13/198
f 312/6/199 311/5/199 324/21/199 333/30/199
f 333/30/3 324/21/3 326/23/3 334/31/3
f 334/31/3 326/23/3 314/8/3 313/7/3
f 318/32/200 317/33/200 323/34/200 335/35/200
f 335/35/201 323/34/201 325/36/201 336/37/201
f 336/37/202 325/36/202 308/2/202 307/1/202
f 332/38/203 336/37/203 307/1/203 330/39/203
f 319/40/204 335/35/204 336/37/204 332/38/204
f 322/41/205 318/32/205 335/35/205 319/40/205
f 331/28/3 334/31/3 313/7/3 320/14/3
f 329/26/3 333/30/3 334/31/3 331/28/3
f 328/25/3 312/6/3 333/30/3 329/26/3
f 321/15/20 316/10/20 318/12/20 322/42/20
f 320/14/3 313/7/3 316/10/3 321/15/3
f 327/43/2 310/4/2 312/6/2 328/25/2
f 330/39/206 307/1/206 310/4/206 327/43/206
f 337/44/207 338/45/207 339/46/207 340/47/207
f 340/47/2 339/46/2 341/48/2 342/6/2
f 343/49/3 344/8/3 345/9/3 346/10/3
f 346/10/208 345/9/208 347/11/208 348/12/208
f 349/50/209 350/14/209 351/51/209 352/16/209
f 344/8/210 353/17/210 347/18/210 345/9/210
f 341/48/211 339/52/211 338/20/211 354/53/211
f 354/53/212 338/20/212 355/54/212 356/23/212
f 356/23/213 355/54/213 353/17/213 344/8/213
f 357/24/214 358/55/214 359/26/214 360/27/214
f 360/27/215 359/26/215 361/28/215 362/29/215
f 362/29/216 361/28/216 350/14/216 349/50/216
f 342/6/217 341/48/217 354/53/217 363/56/217
f 363/56/3 354/53/3 356/23/3 364/31/3
f 364/31/3 356/23/3 344/8/3 343/49/3
f 348/32/218 347/33/218 353/34/218 365/57/218
f 365/57/219 353/34/219 355/58/219 366/59/219
f 366/59/220 355/58/220 338/45/220 337/44/220
f 362/38/221 366/59/221 337/44/221 360/60/221
f 349/61/222 365/57/222 366/59/222 362/38/222
f 352/41/223 348/32/223 365/57/223 349/61/223
f 361/28/3 364/31/3 343/49/3 350/14/3
f 359/26/3 363/56/3 364/31/3 361/28/3
f 358/55/3 342/6/3 363/56/3 359/26/3
f 351/51/20 346/10/20 348/12/20 352/62/20
f 350/14/3 343/49/3 346/10/3 351/51/3
f 357/43/2 340/47/2 342/6/2 358/55/2
f 360/60/224 337/44/224 340/47/224 357/43/224
f 367/4/2 368/3/2 369/5/2 370/6/2
f 371/7/23 372/8/23 373/9/23 374/10/23
f 374/10/225 373/9/225 375/11/225 376/12/225
f 377/13/92 378/14/92 379/15/92 380/16/92
f 372/8/93 381/17/93 375/18/93 373/9/93
f 382/25/94 383/28/94 384/29/94 385/24/94
f 386/23/95 387/22/95 381/17/95 372/8/95
f 382/25/23 370/6/23 388/31/23 383/28/23
f 384/29/96 383/28/96 378/14/96 377/13/96
f 389/37/97 387/36/97 368/3/97 367/4/97
f 388/31/23 386/23/23 372/8/23 371/7/23
f 376/32/98 375/33/98 381/34/98 390/35/98
f 390/35/99 381/34/99 387/36/99 389/37/99
f 369/5/100 386/23/100 388/31/100 370/6/100
f 377/40/101 390/35/101 389/37/101 384/38/101
f 380/41/102 376/32/102 390/35/102 377/40/102
f 383/28/23 388/31/23 371/7/23 378/14/23
f 389/37/103 367/4/103 385/43/103 384/38/103
f 379/15/20 374/10/20 376/12/20 380/42/20
f 378/14/23 371/7/23 374/10/23 379/15/23
f 385/43/2 367/4/2 370/6/2 382/25/2
f 368/19/104 387/22/104 386/23/104 369/5/104
f 391/44/226 392/45/226 393/46/226 394/47/226
f 394/47/20 393/46/20 395/48/20 396/6/20
f 397/49/3 398/8/3 399/9/3 400/10/3
f 400/10/227 399/9/227 401/11/227 402/12/227
f 403/50/228 404/14/228 405/51/228 406/16/228
f 398/8/229 407/17/229 401/18/229 399/9/229
f 395/48/230 393/52/230 392/20/230 408/53/230
f 408/53/231 392/20/231 409/54/231 410/23/231
f 410/23/232 409/54/232 407/17/232 398/8/232
f 411/24/233 412/55/233 413/26/233 414/27/233
f 414/27/234 413/26/234 415/28/234 416/29/234
f 416/29/235 415/28/235 404/14/235 403/50/235
f 396/6/236 395/48/236 408/53/236 417/56/236
f 417/56/3 408/53/3 410/23/3 418/31/3
f 418/31/3 410/23/3 398/8/3 397/49/3
f 402/32/237 401/33/237 407/34/237 419/57/237
f 419/57/238 407/34/238 409/58/238 420/59/238
f 420/59/239 409/58/239 392/45/239 391/44/239
f 416/38/240 420/59/240 391/44/240 414/60/240
f 403/61/241 419/57/241 420/59/241 416/38/241
f 406/41/242 402/32/242 419/57/242 403/61/242
f 415/28/3 418/31/3 397/49/3 404/14/3
f 413/26/3 417/56/3 418/31/3 415/28/3
f 412/55/3 396/6/3 417/56/3 413/26/3
f 405/51/2 400/10/2 402/12/2 406/62/2
f 404/14/3 397/49/3 400/10/3 405/51/3
f 411/43/20 394/47/20 396/6/20 412/55/20
f 414/60/243 391/44/243 394/47/243 411/43/243
f 421/1/189 422/2/189 423/3/189 424/4/189
f 424/4/2 423/3/2 425/5/2 426/6/2
f 427/7/3 428/8/3 429/9/3 430/10/3
f 430/10/190 429/9/190 431/11/190 432/12/190
f 433/13/191 434/14/191 435/15/191 436/16/191
f 428/8/192 437/17/192 431/18/192 429/9/192
f 425/5/193 423/19/193 422/20/193 438/21/193
f 438/21/194 422/20/194 439/22/194 440/23/194
f 440/23/195 439/22/195 437/17/195 428/8/195
f 441/24/196 442/25/196 443/26/196 444/27/196
f 444/27/197 443/26/197 445/28/197 446/29/197
f 446/29/198 445/28/198 434/14/198 433/13/198
f 426/6/199 425/5/199 438/21/199 447/30/199
f 447/30/3 438/21/3 440/23/3 448/31/3
f 448/31/3 440/23/3 428/8/3 427/7/3
f 432/32/200 431/33/200 437/34/200 449/35/200
f 449/35/201 437/34/201 439/36/201 450/37/201
f 450/37/202 439/36/202 422/2/202 421/1/202
f 446/38/203 450/37/203 421/1/203 444/39/203
f 433/40/204 449/35/204 450/37/204 446/38/204
f 436/41/205 432/32/205 449/35/205 433/40/205
f 445/28/3 448/31/3 427/7/3 434/14/3
f 443/26/3 447/30/3 448/31/3 445/28/3
f 442/25/3 426/6/3 447/30/3 443/26/3
f 435/15/20 430/10/20 432/12/20 436/42/20
f 434/14/3 427/7/3 430/10/3 435/15/3
f 441/43/2 424/4/2 426/6/2 442/25/2
f 444/39/206 421/1/206 424/4/206 441/43/206
f 451/44/244 452/45/244 453/46/244 454/47/244
f 454/47/20 453/46/20 455/48/20 456/6/20
f 457/49/3 458/8/3 459/9/3 460/10/3
f 460/10/245 459/9/245 461/11/245 462/12/245
f 463/50/246 464/14/246 465/51/246 466/16/246
f 458/8/247 467/17/247 461/18/247 459/9/247
f 455/48/248 453/52/248 452/20/248 468/53/248
f 468/53/249 452/20/249 469/54/249 470/23/249
f 470/23/250 469/54/250 467/17/250 458/8/250
f 471/24/251 472/55/251 473/26/251 474/27/251
f 474/27/252 473/26/252 475/28/252 476/29/252
f 476/29/253 475/28/253 464/14/253 463/50/253
f 456/6/254 455/48/254 468/53/254 477/56/254
f 477/56/3 468/53/3 470/23/3 478/31/3
f 478/31/3 470/23/3 458/8/3 457/49/3
f 462/32/255 461/33/255 467/34/255 479/57/255
f 479/57/256 467/34/256 469/58/256 480/59/256
f 480/59/257 469/58/257 452/45/257 451/44/257
f 476/38/258 480/59/258 451/44/258 474/60/258
f 463/61/259 479/57/259 480/59/259 476/38/259
f 466/41/260 462/32/260 479/57/260 463/61/260
f 475/28/3 478/31/3 457/49/3 464/14/3
f 473/26/3 477/56/3 478/31/3 475/28/3
f 472/55/3 456/6/3 477/56/3 473/26/3
f 465/51/2 460/10/2 462/12/2 466/62/2
f 464/14/3 457/49/3 460/10/3 465/51/3
f 471/43/20 454/47/20 456/6/20 472/55/20
f 474/60/261 451/44/261 454/47/261 471/43/261
f 481/44/262 482/45/262 483/46/262 484/47/262
f 484/47/2 483/46/2 485/48/2 486/6/2
f 487/49/23 488/8/23 489/9/23 490/10/23
f 490/10/263 489/9/263 491/11/263 492/12/263
f 493/50/264 494/14/264 495/51/264 496/16/264
f 488/8/265 497/17/265 491/18/265 489/9/265
f 485/48/266 483/52/266 482/20/266 498/53/266
f 498/53/267 482/20/267 499/54/267 500/23/267
f 500/23/268 499/54/268 497/17/268 488/8/268
f 501/24/269 502/55/269 503/26/269 504/27/269
f 504/27/270 503/26/270 505/28/270 506/29/270
f 506/29/271 505/28/271 494/14/271 493/50/271
f 486/6/272 485/48/272 498/53/272 507/56/272
f 507/56/23 498/53/23 500/23/23 508/31/23
f 508/31/23 500/23/23 488/8/23 487/49/23
f 492/32/273 491/33/273 497/34/273 509/57/273
f 509/57/274 497/34/274 499/58/274 510/59/274
f 510/59/275 499/58/275 482/45/275 481/44/275
f 506/38/276 510/59/276 481/44/276 504/60/276
f 493/61/277 509/57/277 510/59/277 506/38/277
f 496/41/278 492/32/278 509/57/278 493/61/278
f 505/28/23 508/31/23 487/49/23 494/14/23
f 503/26/23 507/56/23 508/31/23 505/28/23
f 502/55/23 486/6/23 507/56/23 503/26/23
f 495/51/20 490/10/20 492/12/20 496/62/20
f 494/14/23 487/49/23 490/10/23 495/51/23
f 501/43/2 484/47/2 486/6/2 502/55/2
f 504/60/279 481/44/279 484/47/279 501/43/279
f 511/4/20 512/3/20 513/5/20 514/6/20
f 515/7/23 516/8/23 517/9/23 518/10/23
f 518/10/280 517/9/280 519/11/280 520/12/280
f 521/13/281 522/14/281 523/15/281 524/16/281
f 516/8/282 525/17/282 519/18/282 517/9/282
f 526/25/283 527/28/283 528/29/283 529/24/283
f 530/23/284 531/22/284 525/17/284 516/8/284
f 526/25/23 514/6/23 532/31/23 527/28/23
f 528/29/285 527/28/285 522/14/285 521/13/285
f 533/37/286 531/36/286 512/3/286 511/4/286
f 532/31/23 530/23/23 516/8/23 515/7/23
f 520/32/287 519/33/287 525/34/287 534/35/287
f 534/35/288 525/34/288 531/36/288 533/37/288
f 513/5/289 530/23/289 532/31/289 514/6/289
f 521/40/290 534/35/290 533/37/290 528/38/290
f 524/41/291 520/32/291 534/35/291 521/40/291
f 527/28/23 532/31/23 515/7/23 522/14/23
f 533/37/292 511/4/292 529/43/292 528/38/292
f 523/15/2 518/10/2 520/12/2 524/42/2
f 522/14/23 515/7/23 518/10/23 523/15/23
f 529/43/20 511/4/20 514/6/20 526/25/20
f 512/19/293 531/22/293 530/23/293 513/5/293
f 535/1/55 536/2/55 537/3/55 538/4/55
f 538/4/2 537/3/2 539/5/2 540/6/2
f 541/7/3 542/8/3 543/9/3 544/10/3
f 544/10/56 543/9/56 545/11/56 546/12/56
f 547/13/57 548/14/57 549/15/57 550/16/57
f 542/8/58 551/17/58 545/18/58 543/9/58
f 539/5/59 537/19/59 536/20/59 552/21/59
f 552/21/60 536/20/60 553/22/60 554/23/60
f 554/23/61 553/22/61 551/17/61 542/8/61
f 555/24/62 556/25/62 557/26/62 558/27/62
f 558/27/63 557/26/63 559/28/63 560/29/63
f 560/29/64 559/28/64 548/14/64 547/13/64
f 540/6/65 539/5/65 552/21/65 561/30/65
f 561/30/3 552/21/3 554/23/3 562/31/3
f 562/31/3 554/23/3 542/8/3 541/7/3
f 546/32/66 545/33/66 551/34/66 563/35/66
f 563/35/67 551/34/67 553/36/67 564/37/67
f 564/37/68 553/36/68 536/2/68 535/1/68
f 560/38/69 564/37/69 535/1/69 558/39/69
f 547/40/70 563/35/70 564/37/70 560/38/70
f 550/41/71 546/32/71 563/35/71 547/40/71
f 559/28/3 562/31/3 541/7/3 548/14/3
f 557/26/3 561/30/3 562/31/3 559/28/3
f 556/25/3 540/6/3 561/30/3 557/26/3
f 549/15/20 544/10/20 546/12/20 550/42/20
f 548/14/3 541/7/3 544/10/3 549/15/3
f 555/43/2 538/4/2 540/6/2 556/25/2
f 558/39/72 535/1/72 538/4/72 555/43/72
f 565/44/156 566/45/156 567/46/156 568/47/156
f 568/47/20 567/46/20 569/48/20 570/6/20
f 571/49/23 572/8/23 573/9/23 574/10/23
f 574/10/157 573/9/157 575/11/157 576/12/157
f 577/50/158 578/14/158 579/51/158 580/16/158
f 572/8/159 581/17/159 575/18/159 573/9/159
f 569/48/160 567/52/160 566/20/160 582/53/160
f 582/53/161 566/20/161 583/54/161 584/23/161
f 584/23/162 583/54/162 581/17/162 572/8/162
f 585/24/163 586/55/163 587/26/163 588/27/163
f 588/27/164 587/26/164 589/28/164 590/29/164
f 590/29/165 589/28/165 578/14/165 577/50/165
f 570/6/166 569/48/166 582/53/166 591/56/166
f 591/56/23 582/53/23 584/23/23 592/31/23
f 592/31/23 584/23/23 572/8/23 571/49/23
f 576/32/167 575/33/167 581/34/167 593/57/167
f 593/57/168 581/34/168 583/58/168 594/59/168
f 594/59/169 583/58/169 566/45/169 565/44/169
f 590/38/170 594/59/170 565/44/170 588/60/170
f 577/61/171 593/57/171 594/59/171 590/38/171
f 580/41/172 576/32/172 593/57/172 577/61/172
f 589/28/23 592/31/23 571/49/23 578/14/23
f 587/26/23 591/56/23 592/31/23 589/28/23
f 586/55/23 570/6/23 591/56/23 587/26/23
f 579/51/2 574/10/2 576/12/2 580/62/2
f 578/14/23 571/49/23 574/10/23 579/51/23
f 585/43/20 568/47/20 570/6/20 586/55/20
f 588/60/173 565/44/173 568/47/173 585/43/173
f 595/1/189 596/2/189 597/3/189 598/4/189
f 598/4/2 597/3/2 599/5/2 600/6/2
f 601/7/3 602/8/3 603/9/3 604/10/3
f 604/10/190 603/9/190 605/11/190 606/12/190
f 607/13/191 608/14/191 609/15/191 610/16/191
f 602/8/192 611/17/192 605/18/192 603/9/192
f 599/5/193 597/19/193 596/20/193 612/21/193
f 612/21/194 596/20/194 613/22/194 614/23/194
f 614/23/195 613/22/195 611/17/195 602/8/195
f 615/24/196 616/25/196 617/26/196 618/27/196
f 618/27/197 617/26/197 619/28/197 620/29/197
f 620/29/198 619/28/198 608/14/198 607/13/198
f 600/6/199 599/5/199 612/21/199 621/30/199
f 621/30/3 612/21/3 614/23/3 622/31/3
f 622/31/3 614/23/3 602/8/3 601/7/3
f 606/32/200 605/33/200 611/34/200 623/35/200
f 623/35/201 611/34/201 613/36/201 624/37/201
f 624/37/202 613/36/202 596/2/202 595/1/202
f 620/38/203 624/37/203 595/1/203 618/39/203
f 607/40/204 623/35/204 624/37/204 620/38/204
f 610/41/205 606/32/205 623/35/205 607/40/205
f 619/28/3 622/31/3 601/7/3 608/14/3
f 617/26/3 621/30/3 622/31/3 619/28/3
f 616/25/3 600/6/3 621/30/3 617/26/3
f 609/15/20 604/10/20 606/12/20 610/42/20
f 608/14/3 601/7/3 604/10/3 609/15/3
f 615/43/2 598/4/2 600/6/2 616/25/2
f 618/39/206 595/1/206 598/4/206 615/43/206
f 625/44/73 626/45/73 627/46/73 628/47/73
f 628/47/2 627/46/2 629/48/2 630/6/2
f 631/49/3 632/8/3 633/9/3 634/10/3
f 634/10/74 633/9/74 635/11/74 636/12/74
f 637/50/75 638/14/75 639/51/75 640/16/75
f 632/8/76 641/17/76 635/18/76 633/9/76
f 629/48/77 627/52/77 626/20/77 642/53/77
f 642/53/78 626/20/78 643/54/78 644/23/78
f 644/23/79 643/54/79 641/17/79 632/8/79
f 645/24/80 646/55/80 647/26/80 648/27/80
f 648/27/81 647/26/81 649/28/81 650/29/81
f 650/29/82 649/28/82 638/14/82 637/50/82
f 630/6/83 629/48/83 642/53/83 651/56/83
f 651/56/3 642/53/3 644/23/3 652/31/3
f 652/31/3 644/23/3 632/8/3 631/49/3
f 636/32/84 635/33/84 641/34/84 653/57/84
f 653/57/85 641/34/85 643/58/85 654/59/85
f 654/59/86 643/58/86 626/45/86 625/44/86
f 650/38/87 654/59/87 625/44/87 648/60/87
f 637/61/88 653/57/88 654/59/88 650/38/88
f 640/41/89 636/32/89 653/57/89 637/61/89
f 649/28/3 652/31/3 631/49/3 638/14/3
f 647/26/3 651/56/3 652/31/3 649/28/3
f 646/55/3 630/6/3 651/56/3 647/26/3
f 639/51/20 634/10/20 636/12/20 640/62/20
f 638/14/3 631/49/3 634/10/3 639/51/3
f 645/43/2 628/47/2 630/6/2 646/55/2
f 648/60/90 625/44/90 628/47/90 645/43/90
f 655/4/2 656/3/2 657/5/2 658/6/2
f 659/7/23 660/8/23 661/9/23 662/10/23
f 662/10/225 661/9/225 663/11/225 664/12/225
f 665/13/92 666/14/92 667/15/92 668/16/92
f 660/8/93 669/17/93 663/18/93 661/9/93
f 670/25/94 671/28/94 672/29/94 673/24/94
f 674/23/95 675/22/95 669/17/95 660/8/95
f 670/25/23 658/6/23 676/31/23 671/28/23
f 672/29/96 671/28/96 666/14/96 665/13/96
f 677/37/97 675/36/97 656/3/97 655/4/97
f 676/31/23 674/23/23 660/8/23 659/7/23
f 664/32/98 663/33/98 669/34/98 678/35/98
f 678/35/99 669/34/99 675/36/99 677/37/99
f 657/5/100 674/23/100 676/31/100 658/6/100
f 665/40/101 678/35/101 677/37/101 672/38/101
f 668/41/102 664/32/102 678/35/102 665/40/102
f 671/28/23 676/31/23 659/7/23 666/14/23
f 677/37/103 655/4/103 673/43/103 672/38/103
f 667/15/20 662/10/20 664/12/20 668/42/20
f 666/14/23 659/7/23 662/10/23 667/15/23
f 673/43/2 655/4/2 658/6/2 670/25/2
f 656/19/104 675/22/104 674/23/104 657/5/104
f 679/1/189 680/2/189 681/3/189 682/4/189
f 682/4/2 681/3/2 683/5/2 684/6/2
f 685/7/3 686/8/3 687/9/3 688/10/3
f 688/10/190 687/9/190 689/11/190 690/12/190
f 691/13/191 692/14/191 693/15/191 694/16/191
f 686/8/192 695/17/192 689/18/192 687/9/192
f 683/5/193 681/19/193 680/20/193 696/21/193
f 696/21/194 680/20/194 697/22/194 698/23/194
f 698/23/195 697/22/195 695/17/195 686/8/195
f 699/24/196 700/25/196 701/26/196 702/27/196
f 702/27/197 701/26/197 703/28/197 704/29/197
f 704/29/198 703/28/198 692/14/198 691/13/198
f 684/6/199 683/5/199 696/21/199 705/30/199
f 705/30/3 696/21/3 698/23/3 706/31/3
f 706/31/3 698/23/3 686/8/3 685/7/3
f 690/32/200 689/33/200 695/34/200 707/35/200
f 707/35/201 695/34/201 697/36/201 708/37/201
f 708/37/202 697/36/202 680/2/202 679/1/202
f 704/38/203 708/37/203 679/1/203 702/39/203
f 691/40/204 707/35/204 708/37/204 704/38/204
f 694/41/205 690/32/205 707/35/205 691/40/205
f 703/28/3 706/31/3 685/7/3 692/14/3
f 701/26/3 705/30/3 706/31/3 703/28/3
f 700/25/3 684/6/3 705/30/3 701/26/3
f 693/15/20 688/10/20 690/12/20 694/42/20
f 692/14/3 685/7/3 688/10/3 693/15/3
f 699/43/2 682/4/2 684/6/2 700/25/2
f 702/39/206 679/1/206 682/4/206 699/43/206
f 709/44/294 710/45/294 711/46/294 712/47/294
f 712/47/2 711/46/2 713/48/2 714/6/2
f 715/49/23 716/8/23 717/9/23 718/10/23
f 718/10/295 717/9/295 719/11/295 720/12/295
f 721/50/296 722/14/296 723/51/296 724/16/296
f 716/8/297 725/17/297 719/18/297 717/9/297
f 713/48/298 711/52/298 710/20/298 726/53/298
f 726/53/299 710/20/299 727/54/299 728/23/299
f 728/23/300 727/54/300 725/17/300 716/8/300
f 729/24/301 730/55/301 731/26/301 732/27/301
f 732/27/302 731/26/302 733/28/302 734/29/302
f 734/29/303 733/28/303 722/14/303 721/50/303
f 714/6/304 713/48/304 726/53/304 735/56/304
f 735/56/23 726/53/23 728/23/23 736/31/23
f 736/31/23 728/23/23 716/8/23 715/49/23
f 720/32/305 719/33/305 725/34/305 737/57/305
f 737/57/306 725/34/306 727/58/306 738/59/306
f 738/59/307 727/58/307 710/45/307 709/44/307
f 734/38/308 738/59/308 709/44/308 732/60/308
f 721/61/309 737/57/309 738/59/309 734/38/309
f 724/41/310 720/32/310 737/57/310 721/61/310
f 733/28/23 736/31/23 715/49/23 722/14/23
f 731/26/23 735/56/23 736/31/23 733/28/23
f 730/55/23 714/6/23 735/56/23 731/26/23
f 723/51/20 718/10/20 720/12/20 724/62/20
f 722/14/23 715/49/23 718/10/23 723/51/23
f 729/43/2 712/47/2 714/6/2 730/55/2
f 732/60/311 709/44/311 712/47/311 729/43/311
f 739/4/2 740/3/2 741/5/2 742/6/2
f 743/7/23 744/8/23 745/9/23 746/10/23
f 746/10/225 745/9/225 747/11/225 748/12/225
f 749/13/92 750/14/92 751/15/92 752/16/92
f 744/8/93 753/17/93 747/18/93 745/9/93
f 754/25/94 755/28/94 756/29/94 757/24/94
f 758/23/95 759/22/95 753/17/95 744/8/95
f 754/25/23 742/6/23 760/31/23 755/28/23
f 756/29/96 755/28/96 750/14/96 749/13/96
f 761/37/97 759/36/97 740/3/97 739/4/97
f 760/31/23 758/23/23 744/8/23 743/7/23
f 748/32/98 747/33/98 753/34/98 762/35/98
f 762/35/99 753/34/99 759/36/99 761/37/99
f 741/5/100 758/23/100 760/31/100 742/6/100
f 749/40/101 762/35/101 761/37/101 756/38/101
f 752/41/102 748/32/102 762/35/102 749/40/102
f 755/28/23 760/31/23 743/7/23 750/14/23
f 761/37/103 739/4/103 757/43/103 756/38/103
f 751/15/20 746/10/20 748/12/20 752/42/20
f 750/14/23 743/7/23 746/10/23 751/15/23
f 757/43/2 739/4/2 742/6/2 754/25/2
f 740/19/104 759/22/104 758/23/104 741/5/104
f 763/44/226 764/45/226 765/46/226 766/47/226
f 766/47/20 765/46/20 767/48/20 768/6/20
f 769/49/3 770/8/3 771/9/3 772/10/3
f 772/10/227 771/9/227 773/11/227 774/12/227
f 775/50/228 776/14/228 777/51/228 778/16/228
f 770/8/229 779/17/229 773/18/229 771/9/229
f 767/48/230 765/52/230 764/20/230 780/53/230
f 780/53/231 764/20/231 781/54/231 782/23/231
f 782/23/232 781/54/232 779/17/232 770/8/232
f 783/24/233 784/55/233 785/26/233 786/27/233
f 786/27/234 785/26/234 787/28/234 788/29/234
f 788/29/235 787/28/235 776/14/235 775/50/235
f 768/6/236 767/48/236 780/53/236 789/56/236
f 789/56/3 780/53/3 782/23/3 790/31/3
f 790/31/3 782/23/3 770/8/3 769/49/3
f 774/32/237 773/33/237 779/34/237 791/57/237
f 791/57/238 779/34/238 781/58/238 792/59/238
f 792/59/239 781/58/239 764/45/239 763/44/239
f 788/38/240 792/59/240 763/44/240 786/60/240
f 775/61/241 791/57/241 792/59/241 788/38/241
f 778/41/242 774/32/242 791/57/242 775/61/242
f 787/28/3 790/31/3 769/49/3 776/14/3
f 785/26/3 789/56/3 790/31/3 787/28/3
f 784/55/3 768/6/3 789/56/3 785/26/3
f 777/51/2 772/10/2 774/12/2 778/62/2
f 776/14/3 769/49/3 772/10/3 777/51/3
f 783/43/20 766/47/20 768/6/20 784/55/20
f 786/60/243 763/44/243 766/47/243 783/43/243
f 793/4/20 794/3/20 795/5/20 796/6/20
f 797/7/23 798/8/23 799/9/23 800/10/23
f 800/10/280 799/9/280 801/11/280 802/12/280
f 803/13/281 804/14/281 805/15/281 806/16/281
f 798/8/282 807/17/282 801/18/282 799/9/282
f 808/25/283 809/28/283 810/29/283 811/24/283
f 812/23/284 813/22/284 807/17/284 798/8/284
f 808/25/23 796/6/23 814/31/23 809/28/23
f 810/29/285 809/28/285 804/14/285 803/13/285
f 815/37/286 813/36/286 794/3/286 793/4/286
f 814/31/23 812/23/23 798/8/23 797/7/23
f 802/32/287 801/33/287 807/34/287 816/35/287
f 816/35/288 807/34/288 813/36/288 815/37/288
f 795/5/289 812/23/289 814/31/289 796/6/289
f 803/40/290 816/35/290 815/37/290 810/38/290
f 806/41/291 802/32/291 816/35/291 803/40/291
f 809/28/23 814/31/23 797/7/23 804/14/23
f 815/37/292 793/4/292 811/43/292 810/38/292
f 805/15/2 800/10/2 802/12/2 806/42/2
f 804/14/23 797/7/23 800/10/23 805/15/23
f 811/43/20 793/4/20 796/6/20 808/25/20
f 794/19/293 813/22/293 812/23/293 795/5/293
f 817/1/55 818/2/55 819/3/55 820/4/55
f 820/4/2 819/3/2 821/5/2 822/6/2
f 823/7/3 824/8/3 825/9/3 826/10/3
f 826/10/56 825/9/56 827/11/56 828/12/56
f 829/13/57 830/14/57 831/15/57 832/16/57
f 824/8/58 833/17/58 827/18/58 825/9/58
f 821/5/59 819/19/59 818/20/59 834/21/59
f 834/21/60 818/20/60 835/22/60 836/23/60
f 836/23/61 835/22/61 833/17/61 824/8/61
f 837/24/62 838/25/62 839/26/62 840/27/62
f 840/27/63 839/26/63 841/28/63 842/29/63
f 842/29/64 841/28/64 830/14/64 829/13/64
f 822/6/65 821/5/65 834/21/65 843/30/65
f 843/30/3 834/21/3 836/23/3 844/31/3
f 844/31/3 836/23/3 824/8/3 823/7/3
f 828/32/66 827/33/66 833/34/66 845/35/66
f 845/35/67 833/34/67 835/36/67 846/37/67
f 846/37/68 835/36/68 818/2/68 817/1/68
f 842/38/69 846/37/69 817/1/69 840/39/69
f 829/40/70 845/35/70 846/37/70 842/38/70
f 832/41/71 828/32/71 845/35/71 829/40/71
f 841/28/3 844/31/3 823/7/3 830/14/3
f 839/26/3 843/30/3 844/31/3 841/28/3
f 838/25/3 822/6/3 843/30/3 839/26/3
f 831/15/20 826/10/20 828/12/20 832/42/20
f 830/14/3 823/7/3 826/10/3 831/15/3
f 837/43/2 820/4/2 822/6/2 838/25/2
f 840/39/72 817/1/72 820/4/72 837/43/72
f 847/1/312 848/2/312 849/3/312 850/4/312
f 850/4/2 849/3/2 851/5/2 852/6/2
f 853/7/23 854/8/23 855/9/23 856/10/23
f 856/10/313 855/9/313 857/11/313 858/12/313
f 859/13/314 860/14/314 861/15/314 862/16/314
f 854/8/315 863/17/315 857/18/315 855/9/315
f 851/5/316 849/19/316 848/20/316 864/21/316
f 864/21/317 848/20/317 865/22/317 866/23/317
f 866/23/318 865/22/318 863/17/318 854/8/318
f 867/24/319 868/25/319 869/26/319 870/27/319
f 870/27/320 869/26/320 871/28/320 872/29/320
f 872/29/321 871/28/321 860/14/321 859/13/321
f 852/6/322 851/5/322 864/21/322 873/30/322
f 873/30/23 864/21/23 866/23/23 874/31/23
f 874/31/23 866/23/23 854/8/23 853/7/23
f 858/32/323 857/33/323 863/34/323 875/35/323
f 875/35/324 863/34/324 865/36/324 876/37/324
f 876/37/325 865/36/325 848/2/325 847/1/325
f 872/38/326 876/37/326 847/1/326 870/39/326
f 859/40/327 875/35/327 876/37/327 872/38/327
f 862/41/328 858/32/328 875/35/328 859/40/328
f 871/28/23 874/31/23 853/7/23 860/14/23
f 869/26/23 873/30/23 874/31/23 871/28/23
f 868/25/23 852/6/23 873/30/23 869/26/23
f 861/15/20 856/10/20 858/12/20 862/42/20
f 860/14/23 853/7/23 856/10/23 861/15/23
f 867/43/2 850/4/2 852/6/2 868/25/2
f 870/39/329 847/1/329 850/4/329 867/43/329
f 877/4/2 878/3/2 879/5/2 880/6/2
f 881/7/23 882/8/23 883/9/23 884/10/23
f 884/10/330 883/9/330 885/11/330 886/12/330
f 887/13/331 888/14/331 889/15/331 890/16/331
f 882/8/332 891/17/332 885/18/332 883/9/332
f 892/25/333 893/28/333 894/29/333 895/24/333
f 896/23/334 897/22/334 891/17/334 882/8/334
f 892/25/23 880/6/23 898/31/23 893/28/23
f 894/29/335 893/28/335 888/14/335 887/13/335
f 899/37/336 897/36/336 878/3/336 877/4/336
f 898/31/23 896/23/23 882/8/23 881/7/23
f 886/32/337 885/33/337 891/34/337 900/35/337
f 900/35/338 891/34/338 897/36/338 899/37/338
f 879/5/339 896/23/339 898/31/339 880/6/339
f 887/40/340 900/35/340 899/37/340 894/38/340
f 890/41/341 886/32/341 900/35/341 887/40/341
f 893/28/23 898/31/23 881/7/23 888/14/23
f 899/37/342 877/4/342 895/43/342 894/38/342
f 889/15/20 884/10/20 886/12/20 890/42/20
f 888/14/23 881/7/23 884/10/23 889/15/23
f 895/43/2 877/4/2 880/6/2 892/25/2
f 878/19/343 897/22/343 896/23/343 879/5/343
f 901/44/73 902/45/73 903/46/73 904/47/73
f 904/47/2 903/46/2 905/48/2 906/6/2
f 907/49/3 908/8/3 909/9/3 910/10/3
f 910/10/74 909/9/74 911/11/74 912/12/74
f 913/50/75 914/14/75 915/51/75 916/16/75
f 908/8/76 917/17/76 911/18/76 909/9/76
f 905/48/77 903/52/77 902/20/77 918/53/77
f 918/53/78 902/20/78 919/54/78 920/23/78
f 920/23/79 919/54/79 917/17/79 908/8/79
f 921/24/80 922/55/80 923/26/80 924/27/80
f 924/27/81 923/26/81 925/28/81 926/29/81
f 926/29/82 925/28/82 914/14/82 913/50/82
f 906/6/83 905/48/83 918/53/83 927/56/83
f 927/56/3 918/53/3 920/23/3 928/31/3
f 928/31/3 920/23/3 908/8/3 907/49/3
f 912/32/84 911/33/84 917/34/84 929/57/84
f 929/57/85 917/34/85 919/58/85 930/59/85
f 930/59/86 919/58/86 902/45/86 901/44/86
f 926/38/87 930/59/87 901/44/87 924/60/87
f 913/61/88 929/57/88 930/59/88 926/38/88
f 916/41/89 912/32/89 929/57/89 913/61/89
f 925/28/3 928/31/3 907/49/3 914/14/3
f 923/26/3 927/56/3 928/31/3 925/28/3
f 922/55/3 906/6/3 927/56/3 923/26/3
f 915/51/20 910/10/20 912/12/20 916/62/20
f 914/14/3 907/49/3 910/10/3 915/51/3
f 921/43/2 904/47/2 906/6/2 922/55/2
f 924/60/90 901/44/90 904/47/90 921/43/90
f 931/44/344 932/45/344 933/46/344 934/47/344
f 934/47/20 933/46/20 935/48/20 936/6/20
f 937/49/23 938/8/23 939/9/23 940/10/23
f 940/10/345 939/9/345 941/11/345 942/12/345
f 943/50/346 944/14/346 945/51/346 946/16/346
f 938/8/347 947/17/347 941/18/347 939/9/347
f 935/48/348 933/52/348 932/20/348 948/53/348
f 948/53/349 932/20/349 949/54/349 950/23/349
f 950/23/350 949/54/350 947/17/350 938/8/350
f 951/24/351 952/55/351 953/26/351 954/27/351
f 954/27/352 953/26/352 955/28/352 956/29/352
f 956/29/353 955/28/353 944/14/353 943/50/353
f 936/6/354 935/48/354 948/53/354 957/56/354
f 957/56/23 948/53/23 950/23/23 958/31/23
f 958/31/23 950/23/23 938/8/23 937/49/23
f 942/32/355 941/33/355 947/34/355 959/57/355
f 959/57/356 947/34/356 949/58/356 960/59/356
f 960/59/357 949/58/357 932/45/357 931/44/357
f 956/38/358 960/59/358 931/44/358 954/60/358
f 943/61/359 959/57/359 960/59/359 956/38/359
f 946/41/360 942/32/360 959/57/360 943/61/360
f 955/28/23 958/31/23 937/49/23 944/14/23
f 953/26/23 957/56/23 958/31/23 955/28/23
f 952/55/23 936/6/23 957/56/23 953/26/23
f 945/51/2 940/10/2 942/12/2 946/62/2
f 944/14/23 937/49/23 940/10/23 945/51/23
f 951/43/20 934/47/20 936/6/20 952/55/20
f 954/60/361 931/44/361 934/47/361 951/43/361
f 961/4/20 962/3/20 963/5/20 964/6/20
f 965/7/23 966/8/23 967/9/23 968/10/23
f 968/10/362 967/9/362 969/11/362 970/12/362
f 971/13/363 972/14/363 973/15/363 974/16/363
f 966/8/364 975/17/364 969/18/364 967/9/364
f 976/25/365 977/28/365 978/29/365 979/24/365
f 980/23/366 981/22/366 975/17/366 966/8/366
f 976/25/23 964/6/23 982/31/23 977/28/23
f 978/29/367 977/28/367 972/14/367 971/13/367
f 983/37/368 981/36/368 962/3/368 961/4/368
f 982/31/23 980/23/23 966/8/23 965/7/23
f 970/32/369 969/33/369 975/34/369 984/35/369
f 984/35/370 975/34/370 981/36/370 983/37/370
f 963/5/371 980/23/371 982/31/371 964/6/371
f 971/40/372 984/35/372 983/37/372 978/38/372
f 974/41/373 970/32/373 984/35/373 971/40/373
f 977/28/23 982/31/23 965/7/23 972/14/23
f 983/37/374 961/4/374 979/43/374 978/38/374
f 973/15/2 968/10/2 970/12/2 974/42/2
f 972/14/23 965/7/23 968/10/23 973/15/23
f 979/43/20 961/4/20 964/6/20 976/25/20
f 962/19/375 981/22/375 980/23/375 963/5/375
f 985/4/20 986/3/20 987/5/20 988/6/20
f 989/7/3 990/8/3 991/9/3 992/10/3
f 992/10/376 991/9/376 993/11/376 994/12/376
f 995/13/377 996/14/377 997/15/377 998/16/377
f 990/8/378 999/17/378 993/18/378 991/9/378
f 1000/25/379 1001/28/379 1002/29/379 1003/24/379
f 1004/23/380 1005/22/380 999/17/380 990/8/380
f 1000/25/3 988/6/3 1006/31/3 1001/28/3
f 1002/29/381 1001/28/381 996/14/381 995/13/381
f 1007/37/382 1005/36/382 986/3/382 985/4/382
f 1006/31/3 1004/23/3 990/8/3 989/7/3
f 994/32/383 993/33/383 999/34/383 1008/35/383
f 1008/35/384 999/34/384 1005/36/384 1007/37/384
f 987/5/385 1004/23/385 1006/31/385 988/6/385
f 995/40/386 1008/35/386 1007/37/386 1002/38/386
f 998/41/387 994/32/387 1008/35/387 995/40/387
f 1001/28/3 1006/31/3 989/7/3 996/14/3
f 1007/37/388 985/4/388 1003/43/388 1002/38/388
f 997/15/2 992/10/2 994/12/2 998/42/2
f 996/14/3 989/7/3 992/10/3 997/15/3
f 1003/43/20 985/4/20 988/6/20 1000/25/20
f 986/19/389 1005/22/389 1004/23/389 987/5/389
f 1009/1/189 1010/2/189 1011/3/189 1012/4/189
f 1012/4/2 1011/3/2 1013/5/2 1014/6/2
f 1015/7/3 1016/8/3 1017/9/3 1018/10/3
f 1018/10/190 1017/9/190 1019/11/190 1020/12/190
f 1021/13/191 1022/14/191 1023/15/191 1024/16/191
f 1016/8/192 1025/17/192 1019/18/192 1017/9/192
f 1013/5/193 1011/19/193 1010/20/193 1026/21/193
f 1026/21/194 1010/20/194 1027/22/194 1028/23/194
f 1028/23/195 1027/22/195 1025/17/195 1016/8/195
f 1029/24/196 1030/25/196 1031/26/196 1032/27/196
f 1032/27/197 1031/26/197 1033/28/197 1034/29/197
f 1034/29/198 1033/28/198 1022/14/198 1021/13/198
f 1014/6/199 1013/5/199 1026/21/199 1035/30/199
f 1035/30/3 1026/21/3 1028/23/3 1036/31/3
f 1036/31/3 1028/23/3 1016/8/3 1015/7/3
f 1020/32/200 1019/33/200 1025/34/200 1037/35/200
f 1037/35/201 1025/34/201 1027/36/201 1038/37/201
f 1038/37/202 1027/36/202 1010/2/202 1009/1/202
f 1034/38/203 1038/37/203 1009/1/203 1032/39/203
f 1021/40/204 1037/35/204 1038/37/204 1034/38/204
f 1024/41/205 1020/32/205 1037/35/205 1021/40/205
f 1033/28/3 1036/31/3 1015/7/3 1022/14/3
f 1031/26/3 1035/30/3 1036/31/3 1033/28/3
f 1030/25/3 1014/6/3 1035/30/3 1031/26/3
f 1023/15/20 1018/10/20 1020/12/20 1024/42/20
f 1022/14/3 1015/7/3 1018/10/3 1023/15/3
f 1029/43/2 1012/4/2 1014/6/2 1030/25/2
f 1032/39/206 1009/1/206 1012/4/206 1029/43/206
f 1039/44/226 1040/45/226 1041/46/226 1042/47/226
f 1042/47/20 1041/46/20 1043/48/20 1044/6/20
f 1045/49/3 1046/8/3 1047/9/3 1048/10/3
f 1048/10/227 1047/9/227 1049/11/227 1050/12/227
f 1051/50/228 1052/14/228 1053/51/228 1054/16/228
f 1046/8/229 1055/17/229 1049/18/229 1047/9/229
f 1043/48/230 1041/52/230 1040/20/230 1056/53/230
f 1056/53/231 1040/20/231 1057/54/231 1058/23/231
f 1058/23/232 1057/54/232 1055/17/232 1046/8/232
f 1059/24/233 1060/55/233 1061/26/233 1062/27/233
f 1062/27/234 1061/26/234 1063/28/234 1064/29/234
f 1064/29/235 1063/28/235 1052/14/235 1051/50/235
f 1044/6/236 1043/48/236 1056/53/236 1065/56/236
f 1065/56/3 1056/53/3 1058/23/3 1066/31/3
f 1066/31/3 1058/23/3 1046/8/3 1045/49/3
f 1050/32/237 1049/33/237 1055/34/237 1067/57/237
f 1067/57/238 1055/34/238 1057/58/238 1068/59/238
f 1068/59/239 1057/58/239 1040/45/239 1039/44/239
f 1064/38/240 1068/59/240 1039/44/240 1062/60/240
f 1051/61/241 1067/57/241 1068/59/241 1064/38/241
f 1054/41/242 1050/32/242 1067/57/242 1051/61/242
f 1063/28/3 1066/31/3 1045/49/3 1052/14/3
f 1061/26/3 1065/56/3 1066/31/3 1063/28/3
f 1060/55/3 1044/6/3 1065/56/3 1061/26/3
f 1053/51/2 1048/10/2 1050/12/2 1054/62/2
f 1052/14/3 1045/49/3 1048/10/3 1053/51/3
f 1059/43/20 1042/47/20 1044/6/20 1060/55/20
f 1062/60/243 1039/44/243 1042/47/243 1059/43/243
f 1069/4/2 1070/3/2 1071/5/2 1072/6/2
f 1073/7/23 1074/8/23 1075/9/23 1076/10/23
f 1076/10/225 1075/9/225 1077/11/225 1078/12/225
f 1079/13/92 1080/14/92 1081/15/92 1082/16/92
f 1074/8/93 1083/17/93 1077/18/93 1075/9/93
f 1084/25/94 1085/28/94 1086/29/94 1087/24/94
f 1088/23/95 1089/22/95 1083/17/95 1074/8/95
f 1084/25/23 1072/6/23 1090/31/23 1085/28/23
f 1086/29/96 1085/28/96 1080/14/96 1079/13/96
f 1091/37/97 1089/36/97 1070/3/97 1069/4/97
f 1090/31/23 1088/23/23 1074/8/23 1073/7/23
f 1078/32/98 1077/33/98 1083/34/98 1092/35/98
f 1092/35/99 1083/34/99 1089/36/99 1091/37/99
f 1071/5/100 1088/23/100 1090/31/100 1072/6/100
f 1079/40/101 1092/35/101 1091/37/101 1086/38/101
f 1082/41/102 1078/32/102 1092/35/102 1079/40/102
f 1085/28/23 1090/31/23 1073/7/23 1080/14/23
f 1091/37/103 1069/4/103 1087/43/103 1086/38/103
f 1081/15/20 1076/10/20 1078/12/20 1082/42/20
f 1080/14/23 1073/7/23 1076/10/23 1081/15/23
f 1087/43/2 1069/4/2 1072/6/2 1084/25/2
f 1070/19/104 1089/22/104 1088/23/104 1071/5/104
f 1093/44/156 1094/45/156 1095/46/156 1096/47/156
f 1096/47/20 1095/46/20 1097/48/20 1098/6/20
f 1099/49/23 1100/8/23 1101/9/23 1102/10/23
f 1102/10/157 1101/9/157 1103/11/157 1104/12/157
f 1105/50/158 1106/14/158 1107/51/158 1108/16/158
f 1100/8/159 1109/17/159 1103/18/159 1101/9/159
f 1097/48/160 1095/52/160 1094/20/160 1110/53/160
f 1110/53/161 1094/20/161 1111/54/161 1112/23/161
f 1112/23/162 1111/54/162 1109/17/162 1100/8/162
f 1113/24/163 1114/55/163 1115/26/163 1116/27/163
f 1116/27/164 1115/26/164 1117/28/164 1118/29/164
f 1118/29/165 1117/28/165 1106/14/165 1105/50/165
f 1098/6/166 1097/48/166 1110/53/166 1119/56/166
f 1119/56/23 1110/53/23 1112/23/23 1120/31/23
f 1120/31/23 1112/23/23 1100/8/23 1099/49/23
f 1104/32/167 1103/33/167 1109/34/167 1121/57/167
f 1121/57/168 1109/34/168 1111/58/168 1122/59/168
f 1122/59/169 1111/58/169 1094/45/169 1093/44/169
f 1118/38/170 1122/59/170 1093/44/170 1116/60/170
f 1105/61/171 1121/57/171 1122/59/171 1118/38/171
f 1108/41/172 1104/32/172 1121/57/172 1105/61/172
f 1117/28/23 1120/31/23 1099/49/23 1106/14/23
f 1115/26/23 1119/56/23 1120/31/23 1117/28/23
f 1114/55/23 1098/6/23 1119/56/23 1115/26/23
f 1107/51/2 1102/10/2 1104/12/2 1108/62/2
f 1106/14/23 1099/49/23 1102/10/23 1107/51/23
f 1113/43/20 1096/47/20 1098/6/20 1114/55/20
f 1116/60/173 1093/44/173 1096/47/173 1113/43/173
f 1123/4/2 1124/3/2 1125/5/2 1126/6/2
f 1127/7/23 1128/8/23 1129/9/23 1130/10/23
f 1130/10/225 1129/9/225 1131/11/225 1132/12/225
f 1133/13/92 1134/14/92 1135/15/92 1136/16/92
f 1128/8/93 1137/17/93 1131/18/93 1129/9/93
f 1138/25/94 1139/28/94 1140/29/94 1141/24/94
f 1142/23/95 1143/22/95 1137/17/95 1128/8/95
f 1138/25/23 1126/6/23 1144/31/23 1139/28/23
f 1140/29/96 1139/28/96 1134/14/96 1133/13/96
f 1145/37/97 1143/36/97 1124/3/97 1123/4/97
f 1144/31/23 1142/23/23 1128/8/23 1127/7/23
f 1132/32/98 1131/33/98 1137/34/98 1146/35/98
f 1146/35/99 1137/34/99 1143/36/99 1145/37/99
f 1125/5/100 1142/23/100 1144/31/100 1126/6/100
f 1133/40/101 1146/35/101 1145/37/101 1140/38/101
f 1136/41/102 1132/32/102 1146/35/102 1133/40/102
f 1139/28/23 1144/31/23 1127/7/23 1134/14/23
f 1145/37/103 1123/4/103 1141/43/103 1140/38/103
f 1135/15/20 1130/10/20 1132/12/20 1136/42/20
f 1134/14/23 1127/7/23 1130/10/23 1135/15/23
f 1141/43/2 1123/4/2 1126/6/2 1138/25/2
f 1124/19/104 1143/22/104 1142/23/104 1125/5/104
f 1147/44/344 1148/45/344 1149/46/344 1150/47/344
f 1150/47/20 1149/46/20 1151/48/20 1152/6/20
f 1153/49/23 1154/8/23 1155/9/23 1156/10/23
f 1156/10/345 1155/9/345 1157/11/345 1158/12/345
f 1159/50/346 1160/14/346 1161/51/346 1162/16/346
f 1154/8/347 1163/17/347 1157/18/347 1155/9/347
f 1151/48/348 1149/52/348 1148/20/348 1164/53/348
f 1164/53/349 1148/20/349 1165/54/349 1166/23/349
f 1166/23/350 1165/54/350 1163/17/350 1154/8/350
f 1167/24/351 1168/55/351 1169/26/351 1170/27/351
f 1170/27/352 1169/26/352 1171/28/352 1172/29/352
f 1172/29/353 1171/28/353 1160/14/353 1159/50/353
f 1152/6/354 1151/48/354 1164/53/354 1173/56/354
f 1173/56/23 1164/53/23 1166/23/23 1174/31/23
f 1174/31/23 1166/23/23 1154/8/23 1153/49/23
f 1158/32/355 1157/33/355 1163/34/355 1175/57/355
f 1175/57/356 1163/34/356 1165/58/356 1176/59/356
f 1176/59/357 1165/58/357 1148/45/357 1147/44/357
f 1172/38/358 1176/59/358 1147/44/358 1170/60/358
f 1159/61/359 1175/57/359 1176/59/359 1172/38/359
f 1162/41/360 1158/32/360 1175/57/360 1159/61/360
f 1171/28/23 1174/31/23 1153/49/23 1160/14/23
f 1169/26/23 1173/56/23 1174/31/23 1171/28/23
f 1168/55/23 1152/6/23 1173/56/23 1169/26/23
f 1161/51/2 1156/10/2 1158/12/2 1162/62/2
f 1160/14/23 1153/49/23 1156/10/23 1161/51/23
f 1167/43/20 1150/47/20 1152/6/20 1168/55/20
f 1170/60/361 1147/44/361 1150/47/361 1167/43/361
f 1177/1/390 1178/2/390 1179/3/390 1180/4/390
f 1180/4/20 1179/3/20 1181/5/20 1182/6/20
f 1183/7/3 1184/8/3 1185/9/3 1186/10/3
f 1186/10/391 1185/9/391 1187/11/391 1188/12/391
f 1189/13/392 1190/14/392 1191/15/392 1192/16/392
f 1184/8/393 1193/17/393 1187/18/393 1185/9/393
f 1181/5/394 1179/19/394 1178/20/394 1194/21/394
f 1194/21/395 1178/20/395 1195/22/395 1196/23/395
f 1196/23/396 1195/22/396 1193/17/396 1184/8/396
f 1197/24/397 1198/25/397 1199/26/397 1200/27/397
f 1200/27/398 1199/26/398 1201/28/398 1202/29/398
f 1202/29/399 1201/28/399 1190/14/399 1189/13/399
f 1182/6/400 1181/5/400 1194/21/400 1203/30/400
f 1203/30/3 1194/21/3 1196/23/3 1204/31/3
f 1204/31/3 1196/23/3 1184/8/3 1183/7/3
f 1188/32/401 1187/33/401 1193/34/401 1205/35/401
f 1205/35/402 1193/34/402 1195/36/402 1206/37/402
f 1206/37/403 1195/36/403 1178/2/403 1177/1/403
f 1202/38/404 1206/37/404 1177/1/404 1200/39/404
f 1189/40/405 1205/35/405 1206/37/405 1202/38/405
f 1192/41/406 1188/32/406 1205/35/406 1189/40/406
f 1201/28/3 1204/31/3 1183/7/3 1190/14/3
f 1199/26/3 1203/30/3 1204/31/3 1201/28/3
f 1198/25/3 1182/6/3 1203/30/3 1199/26/3
f 1191/15/2 1186/10/2 1188/12/2 1192/42/2
f 1190/14/3 1183/7/3 1186/10/3 1191/15/3
f 1197/43/20 1180/4/20 1182/6/20 1198/25/20
f 1200/39/407 1177/1/407 1180/4/407 1197/43/407
f 1207/1/105 1208/2/105 1209/3/105 1210/4/105
f 1210/4/20 1209/3/20 1211/5/20 1212/6/20
f 1213/7/3 1214/8/3 1215/9/3 1216/10/3
f 1216/10/106 1215/9/106 1217/11/106 1218/12/106
f 1219/13/107 1220/14/107 1221/15/107 1222/16/107
f 1214/8/108 1223/17/108 1217/18/108 1215/9/108
f 1211/5/109 1209/19/109 1208/20/109 1224/21/109
f 1224/21/110 1208/20/110 1225/22/110 1226/23/110
f 1226/23/111 1225/22/111 1223/17/111 1214/8/111
f 1227/24/112 1228/25/112 1229/26/112 1230/27/112
f 1230/27/113 1229/26/113 1231/28/113 1232/29/113
f 1232/29/114 1231/28/114 1220/14/114 1219/13/114
f 1212/6/115 1211/5/115 1224/21/115 1233/30/115
f 1233/30/3 1224/21/3 1226/23/3 1234/31/3
f 1234/31/3 1226/23/3 1214/8/3 1213/7/3
f 1218/32/116 1217/33/116 1223/34/116 1235/35/116
f 1235/35/117 1223/34/117 1225/36/117 1236/37/117
f 1236/37/118 1225/36/118 1208/2/118 1207/1/118
f 1232/38/119 1236/37/119 1207/1/119 1230/39/119
f 1219/40/120 1235/35/120 1236/37/120 1232/38/120
f 1222/41/121 1218/32/121 1235/35/121 1219/40/121
f 1231/28/3 1234/31/3 1213/7/3 1220/14/3
f 1229/26/3 1233/30/3 1234/31/3 1231/28/3
f 1228/25/3 1212/6/3 1233/30/3 1229/26/3
f 1221/15/2 1216/10/2 1218/12/2 1222/42/2
f 1220/14/3 1213/7/3 1216/10/3 1221/15/3
f 1227/43/20 1210/4/20 1212/6/20 1228/25/20
f 1230/39/122 1207/1/122 1210/4/122 1227/43/122
f 1237/44/408 1238/45/408 1239/46/408 1240/47/408
f 1240/47/20 1239/46/20 1241/48/20 1242/6/20
f 1243/49/23 1244/8/23 1245/9/23 1246/10/23
f 1246/10/409 1245/9/409 1247/11/409 1248/12/409
f 1249/50/410 1250/14/410 1251/51/410 1252/16/410
f 1244/8/411 1253/17/411 1247/18/411 1245/9/411
f 1241/48/412 1239/52/412 1238/20/412 1254/53/412
f 1254/53/413 1238/20/413 1255/54/413 1256/23/413
f 1256/23/414 1255/54/414 1253/17/414 1244/8/414
f 1257/24/415 1258/55/415 1259/26/415 1260/27/415
f 1260/27/416 1259/26/416 1261/28/416 1262/29/416
f 1262/29/417 1261/28/417 1250/14/417 1249/50/417
f 1242/6/418 1241/48/418 1254/53/418 1263/56/418
f 1263/56/23 1254/53/23 1256/23/23 1264/31/23
f 1264/31/23 1256/23/23 1244/8/23 1243/49/23
f 1248/32/419 1247/33/419 1253/34/419 1265/57/419
f 1265/57/420 1253/34/420 1255/58/420 1266/59/420
f 1266/59/421 1255/58/421 1238/45/421 1237/44/421
f 1262/38/422 1266/59/422 1237/44/422 1260/60/422
f 1249/61/423 1265/57/423 1266/59/423 1262/38/423
f 1252/41/424 1248/32/424 1265/57/424 1249/61/424
f 1261/28/23 1264/31/23 1243/49/23 1250/14/23
f 1259/26/23 1263/56/23 1264/31/23 1261/28/23
f 1258/55/23 1242/6/23 1263/56/23 1259/26/23
f 1251/51/2 1246/10/2 1248/12/2 1252/62/2
f 1250/14/23 1243/49/23 1246/10/23 1251/51/23
f 1257/43/20 1240/47/20 1242/6/20 1258/55/20
f 1260/60/425 1237/44/425 1240/47/425 1257/43/425
